time,waverider1.Hs__m,waverider1.Te__s,wec_power__W,waverider1.H1/3__m,waverider1.H1/10__m,waverider1.HTmax__m,waverider1.Havg__m,waverider1.Hsms__m,waverider1.NumberOfWaves,waverider1.THmax__s,waverider1.Tavg__s,waverider1.Tmax__s,is_interpolated
2026-03-01 00:00:00+00:00,,,153290.38977740743,,,,,,,,,,0
2026-03-01 00:30:00+00:00,,,169121.92074888636,,,,,,,,,,0
2026-03-01 01:00:00+00:00,,,160171.48979200955,,,,,,,,,,0
2026-03-01 01:30:00+00:00,,,176143.11321531257,,,,,,,,,,0
2026-03-01 02:00:00+00:00,,,202751.89069224303,,,,,,,,,,0
2026-03-01 02:30:00+00:00,,,187198.86367493443,,,,,,,,,,0
2026-03-01 03:00:00+00:00,,,175735.5464420759,,,,,,,,,,0
2026-03-01 03:30:00+00:00,,,170218.3098187813,,,,,,,,,,0
2026-03-01 04:00:00+00:00,,,164866.330931055,,,,,,,,,,0
2026-03-01 04:30:00+00:00,,,164679.2155592507,,,,,,,,,,0
2026-03-01 05:00:00+00:00,,,161435.38707562405,,,,,,,,,,0
2026-03-01 05:30:00+00:00,,,167958.94907105828,,,,,,,,,,0
2026-03-01 06:00:00+00:00,,,171529.6789703954,,,,,,,,,,0
2026-03-01 06:30:00+00:00,,,170841.71969780486,,,,,,,,,,0
2026-03-01 07:00:00+00:00,,,174383.39106425206,,,,,,,,,,0
2026-03-01 07:30:00+00:00,,,166973.59600722254,,,,,,,,,,0
2026-03-01 08:00:00+00:00,,,167013.5843637657,,,,,,,,,,0
2026-03-01 08:30:00+00:00,,,163833.08558157083,,,,,,,,,,0
2026-03-01 09:00:00+00:00,,,180022.39626173384,,,,,,,,,,0
2026-03-01 09:30:00+00:00,,,190318.53897605135,,,,,,,,,,0
2026-03-01 10:00:00+00:00,,,159783.12820465007,,,,,,,,,,0
2026-03-01 10:30:00+00:00,,,141168.81953649534,,,,,,,,,,0
2026-03-01 11:00:00+00:00,,,144561.88789169354,,,,,,,,,,0
2026-03-01 11:30:00+00:00,,,154195.2378823429,,,,,,,,,,0
2026-03-01 12:00:00+00:00,,,166264.92961716044,,,,,,,,,,0
2026-03-01 12:30:00+00:00,,,158264.80002033754,,,,,,,,,,0
2026-03-01 13:00:00+00:00,,,154542.02979572653,,,,,,,,,,0
2026-03-01 13:30:00+00:00,,,157370.92163800378,,,,,,,,,,0
2026-03-01 14:00:00+00:00,,,171045.23473323014,,,,,,,,,,0
2026-03-01 14:30:00+00:00,,,176254.9793534008,,,,,,,,,,0
2026-03-01 15:00:00+00:00,,,168366.30479037197,,,,,,,,,,0
2026-03-01 15:30:00+00:00,,,147997.68000663936,,,,,,,,,,0
2026-03-01 16:00:00+00:00,,,139256.99077984548,,,,,,,,,,0
2026-03-01 16:30:00+00:00,,,145804.56603503562,,,,,,,,,,0
2026-03-01 17:00:00+00:00,,,153350.71451421682,,,,,,,,,,0
2026-03-01 17:30:00+00:00,,,156716.13097629012,,,,,,,,,,0
2026-03-01 18:00:00+00:00,,,153561.1098996688,,,,,,,,,,0
2026-03-01 18:30:00+00:00,,,147134.87277472002,,,,,,,,,,0
2026-03-01 19:00:00+00:00,,,145704.96838274307,,,,,,,,,,0
2026-03-01 19:30:00+00:00,,,152209.62697613006,,,,,,,,,,0
2026-03-01 20:00:00+00:00,,,165726.26414806198,,,,,,,,,,0
2026-03-01 20:30:00+00:00,,,150970.7841663173,,,,,,,,,,0
2026-03-01 21:00:00+00:00,,,164302.26533252027,,,,,,,,,,0
2026-03-01 21:30:00+00:00,,,175247.04108220644,,,,,,,,,,0
2026-03-01 22:00:00+00:00,,,164213.19558056945,,,,,,,,,,0
2026-03-01 22:30:00+00:00,,,149402.733728944,,,,,,,,,,0
2026-03-01 23:00:00+00:00,,,159306.8272299796,,,,,,,,,,0
2026-03-01 23:30:00+00:00,,,162688.55751995626,,,,,,,,,,0
2026-03-02 00:00:00+00:00,,,175156.53929573472,,,,,,,,,,0
2026-03-02 00:30:00+00:00,,,160892.4224122453,,,,,,,,,,0
2026-03-02 01:00:00+00:00,,,162337.83803645617,,,,,,,,,,0
2026-03-02 01:30:00+00:00,,,168263.76904504967,,,,,,,,,,0
2026-03-02 02:00:00+00:00,,,175127.39752007247,,,,,,,,,,0
2026-03-02 02:30:00+00:00,,,169111.3121152505,,,,,,,,,,0
2026-03-02 03:00:00+00:00,,,150354.77155037437,,,,,,,,,,0
2026-03-02 03:30:00+00:00,,,151541.85192871728,,,,,,,,,,0
2026-03-02 04:00:00+00:00,,,162257.5977338844,,,,,,,,,,0
2026-03-02 04:30:00+00:00,,,155076.723173159,,,,,,,,,,0
2026-03-02 05:00:00+00:00,,,159445.54923690745,,,,,,,,,,0
2026-03-02 05:30:00+00:00,,,145942.9744250885,,,,,,,,,,0
2026-03-02 06:00:00+00:00,,,150710.47124267765,,,,,,,,,,0
2026-03-02 06:30:00+00:00,2.37,7.44,172368.7779524459,2.22,2.75,0.88,1.44,2.26,259.0,6.0200000000000005,6.12,13.69,0
2026-03-02 07:00:00+00:00,2.4,7.28,172192.42445517812,2.18,2.67,1.8,1.44,2.24,275.0,6.890000000000001,5.74,12.37,0
2026-03-02 07:30:00+00:00,2.4,7.41,171032.2482031301,2.28,2.83,1.93,1.44,2.28,272.0,5.92,5.8,12.49,0
2026-03-02 08:00:00+00:00,2.57,7.58,156506.29112367876,2.37,2.94,1.51,1.5,2.38,268.0,8.03,5.93,12.2,0
2026-03-02 08:30:00+00:00,2.54,7.44,152363.09230915256,2.36,2.96,2.37,1.57,2.44,265.0,7.85,5.96,11.67,0
2026-03-02 09:00:00+00:00,2.66,7.34,157821.42124331917,2.52,3.01,1.48,1.61,2.53,269.0,7.28,5.89,12.11,0
2026-03-02 09:30:00+00:00,2.69,7.66,165792.54323326334,2.57,3.18,1.68,1.63,2.58,256.0,6.13,6.18,13.17,0
2026-03-02 10:00:00+00:00,2.63,7.53,160591.9364473005,2.5,3.08,1.28,1.61,2.54,264.0,8.620000000000001,6.01,13.86,0
2026-03-02 10:30:00+00:00,2.8000000000000003,7.95,158702.64083323002,2.67,3.34,1.11,1.68,2.66,259.0,9.07,6.1000000000000005,13.13,0
2026-03-02 11:00:00+00:00,2.78,7.75,150664.69254279885,2.59,3.26,1.66,1.66,2.63,264.0,7.27,5.99,12.68,0
2026-03-02 11:30:00+00:00,2.71,7.640000000000001,156860.59323619277,2.58,3.24,1.59,1.63,2.6,264.0,9.51,6.0,13.82,0
2026-03-02 12:00:00+00:00,2.82,7.88,146520.79336255163,2.69,3.27,1.27,1.73,2.71,254.0,9.85,6.22,13.74,0
2026-03-02 12:30:00+00:00,2.65,8.08,147858.22597056287,2.56,3.17,1.68,1.56,2.53,259.0,9.37,6.11,14.52,0
2026-03-02 13:00:00+00:00,2.78,7.91,148652.48827669848,2.63,3.1,1.37,1.67,2.65,243.0,9.56,6.5200000000000005,14.89,0
2026-03-02 13:30:00+00:00,2.77,8.14,164362.30715182432,2.65,3.28,1.43,1.69,2.65,234.0,8.82,6.7700000000000005,12.41,0
2026-03-02 14:00:00+00:00,2.69,8.24,154151.27480262925,2.48,3.02,1.63,1.6,2.51,249.0,8.59,6.37,14.45,0
2026-03-02 14:30:00+00:00,2.71,8.3,144147.9547917519,2.59,3.24,2.74,1.63,2.59,237.0,7.4,6.7,13.33,0
2026-03-02 15:00:00+00:00,2.57,8.39,161098.43932295806,2.48,3.0700000000000003,2.95,1.54,2.45,237.0,7.03,6.67,13.52,0
2026-03-02 15:30:00+00:00,2.48,8.26,163755.37339522614,2.21,2.82,1.35,1.41,2.23,247.0,7.84,6.390000000000001,13.75,0
2026-03-02 16:00:00+00:00,2.75,8.64,145680.34733487235,2.6,3.33,1.27,1.68,2.64,223.0,7.67,7.12,15.83,0
2026-03-02 16:30:00+00:00,2.49,8.36,131805.01823364303,2.36,2.89,2.13,1.56,2.43,229.0,9.11,6.91,13.75,0
2026-03-02 17:00:00+00:00,2.5,8.540000000000001,129539.09267460767,2.42,2.94,1.23,1.55,2.45,226.0,10.94,7.0,14.55,0
2026-03-02 17:30:00+00:00,2.53,9.0,153868.83305005278,2.45,3.09,1.02,1.49,2.41,218.0,8.65,7.22,13.9,0
2026-03-02 18:00:00+00:00,2.35,8.88,149890.24285588847,2.18,2.86,1.3,1.36,2.19,230.0,9.78,6.87,15.06,0
2026-03-02 18:30:00+00:00,2.49,9.01,163637.56428614652,2.32,2.9,1.44,1.47,2.33,220.0,8.17,7.19,13.62,0
2026-03-02 19:00:00+00:00,2.29,8.97,136712.36488424303,2.21,2.8000000000000003,1.02,1.35,2.18,231.0,9.28,6.86,15.13,0
2026-03-02 19:30:00+00:00,2.37,8.99,136968.74964589407,2.28,2.85,1.28,1.41,2.27,226.0,10.26,6.99,14.11,0
2026-03-02 20:00:00+00:00,2.21,8.950000000000001,133987.17183754174,2.16,2.69,1.24,1.31,2.11,229.0,9.78,6.9,14.12,0
2026-03-02 20:30:00+00:00,2.52,9.15,137354.80280631146,2.43,2.94,1.93,1.57,2.47,201.0,9.65,7.85,12.82,0
2026-03-02 21:00:00+00:00,2.37,9.14,146250.10068913698,2.25,2.94,1.9,1.38,2.24,213.0,9.24,7.45,13.75,0
2026-03-02 21:30:00+00:00,2.37,9.15,160931.5201936781,2.24,2.82,1.59,1.45,2.28,204.0,8.98,7.78,13.99,0
2026-03-02 22:00:00+00:00,2.48,9.28,176027.28187918916,2.3000000000000003,3.03,0.93,1.4,2.27,212.0,8.92,7.46,15.88,0
2026-03-02 22:30:00+00:00,2.57,9.52,177051.79005530133,2.48,2.99,2.37,1.62,2.53,186.0,8.15,8.48,13.35,0
2026-03-02 23:00:00+00:00,2.56,9.41,186744.2893025604,2.45,3.0700000000000003,1.26,1.49,2.41,202.0,11.01,7.84,14.5,0
2026-03-02 23:30:00+00:00,2.48,9.4,163305.23178714365,2.32,2.91,2.39,1.51,2.38,202.0,9.84,7.81,13.43,0
2026-03-03 00:00:00+00:00,2.41,9.55,171544.33955911602,2.26,2.83,1.16,1.3,2.16,218.0,10.46,7.23,14.01,0
2026-03-03 00:30:00+00:00,2.84,9.82,163444.97071301457,2.77,3.54,1.37,1.65,2.71,202.0,9.39,7.84,13.81,0
2026-03-03 01:00:00+00:00,2.69,9.46,166911.06783997687,2.59,3.18,1.25,1.63,2.6,195.0,10.32,8.120000000000001,14.48,0
2026-03-03 01:30:00+00:00,2.64,9.7,175194.64605667724,2.5500000000000003,3.08,2.05,1.53,2.5,212.0,9.89,7.45,14.7,0
2026-03-03 02:00:00+00:00,2.72,10.01,163855.15143094835,2.62,3.37,1.13,1.53,2.53,200.0,9.62,7.9,15.22,0
2026-03-03 02:30:00+00:00,3.13,10.15,148432.61886958694,2.99,3.74,1.89,1.83,2.95,186.0,10.05,8.52,14.14,0
2026-03-03 03:00:00+00:00,2.73,10.02,150028.64917705275,2.68,3.23,1.8,1.7,2.69,180.0,8.27,8.77,14.37,0
2026-03-03 03:30:00+00:00,3.19,10.4,153622.52704858233,3.13,3.83,2.0,1.93,3.11,179.0,11.35,8.84,14.73,0
2026-03-03 04:00:00+00:00,2.92,10.23,150846.2087694834,2.79,3.37,1.12,1.76,2.8000000000000003,179.0,9.33,8.83,16.51,0
2026-03-03 04:30:00+00:00,3.13,10.52,162824.0665277638,2.98,3.8,1.44,1.85,2.98,176.0,10.88,9.0,15.11,0
2026-03-03 05:00:00+00:00,3.35,10.85,148054.61460246745,3.29,4.0,1.42,2.06,3.28,170.0,10.51,9.27,15.8,0
2026-03-03 05:30:00+00:00,3.37,11.01,146174.4083954284,3.26,4.14,1.33,2.0,3.23,175.0,11.41,9.01,16.92,0
2026-03-03 06:00:00+00:00,3.36,11.34,170100.66568298574,3.3200000000000003,4.25,2.32,2.03,3.28,168.0,11.39,9.42,17.95,0
2026-03-03 06:30:00+00:00,3.54,11.47,157178.78915071202,3.36,4.0600000000000005,3.04,2.09,3.34,167.0,13.63,9.43,17.29,0
2026-03-03 07:00:00+00:00,3.97,11.86,166992.18316009644,3.75,4.57,1.77,2.44,3.84,153.0,12.48,10.39,18.44,0
2026-03-03 07:30:00+00:00,3.98,12.1,163984.78003987842,3.8,4.61,4.2,2.49,3.89,147.0,12.16,10.72,18.15,0
2026-03-03 08:00:00+00:00,4.13,12.39,170066.02880159434,4.21,5.12,3.37,2.5500000000000003,4.12,150.0,12.66,10.55,16.6,0
2026-03-03 08:30:00+00:00,4.01,12.16,186730.43830059248,3.86,4.7,2.41,2.48,3.89,148.0,12.81,10.65,16.68,0
2026-03-03 09:00:00+00:00,4.11,12.68,183675.82028448483,4.16,5.26,2.22,2.46,4.04,149.0,13.91,10.59,18.04,0
2026-03-03 09:30:00+00:00,4.0200000000000005,12.25,178128.53652234684,3.8,4.82,1.6,2.37,3.81,156.0,12.94,10.08,17.61,0
2026-03-03 10:00:00+00:00,4.2,12.64,160993.9237352226,4.13,5.34,1.46,2.56,4.13,146.0,15.11,10.85,18.13,0
2026-03-03 10:30:00+00:00,4.199243892581844,12.636227201138038,160018.54926698664,4.128935201774897,5.339406659586211,1.4628898033836306,2.559520047385202,4.129108057086332,146.0041209021298,15.09410608139003,10.849614738266196,18.127490729776948,1
2026-03-03 11:00:00+00:00,4.1969378373544615,12.625290860133111,152111.7583174727,4.125727350922758,5.337500553119909,1.4712665752171923,2.5580611720154693,4.126402730906066,146.01753792156083,15.04803383630544,10.848383160261985,18.120110488590257,1
2026-03-03 11:30:00+00:00,4.193025234858475,12.607764060356653,147722.39753777176,4.120356263178342,5.334092552763696,1.4846913580246912,2.5555948476027974,4.121839775300313,146.04183252785535,14.974197530864197,10.84619157678317,18.108080630663594,1
2026-03-03 12:00:00+00:00,4.187449485634513,12.584219885180104,154364.2335497692,4.112801754276409,5.32899353068017,1.5027251943301325,2.5520925478591776,4.115374944110181,146.07858619057566,14.875011431184271,10.842926298625557,18.09162251022065,1
2026-03-03 12:30:00+00:00,,,148997.02606244094,,,,,,,,,,0
2026-03-03 13:00:00+00:00,,,171493.80668245506,,,,,,,,,,0
2026-03-03 13:30:00+00:00,,,165664.3184001742,,,,,,,,,,0
2026-03-03 14:00:00+00:00,,,162852.12225286584,,,,,,,,,,0
2026-03-03 14:30:00+00:00,,,171879.5908286958,,,,,,,,,,0
2026-03-03 15:00:00+00:00,,,168179.86683643248,,,,,,,,,,0
2026-03-03 15:30:00+00:00,,,160587.9810504304,,,,,,,,,,0
2026-03-03 16:00:00+00:00,,,163966.8528514529,,,,,,,,,,0
2026-03-03 16:30:00+00:00,,,144928.93142973247,,,,,,,,,,0
2026-03-03 17:00:00+00:00,,,137374.3838014272,,,,,,,,,,0
2026-03-03 17:30:00+00:00,,,156839.92330502125,,,,,,,,,,0
2026-03-03 18:00:00+00:00,,,144228.48596126618,,,,,,,,,,0
2026-03-03 18:30:00+00:00,,,131646.66013637793,,,,,,,,,,0
2026-03-03 19:00:00+00:00,,,138293.00246956508,,,,,,,,,,0
2026-03-03 19:30:00+00:00,,,145984.71234329464,,,,,,,,,,0
2026-03-03 20:00:00+00:00,,,155979.59413974668,,,,,,,,,,0
2026-03-03 20:30:00+00:00,,,190341.86893323867,,,,,,,,,,0
2026-03-03 21:00:00+00:00,,,173661.64467481087,,,,,,,,,,0
2026-03-03 21:30:00+00:00,3.690235091095291,11.755780114819895,163876.9938234648,3.527570992439143,4.659277959161321,2.1372748056698674,2.250773576802069,3.5723393991410894,151.24748102105013,11.384988568815732,10.425677383077753,17.23194946120358,1
2026-03-03 22:00:00+00:00,3.63951052084311,11.732235939643347,158422.2809411266,3.472109364686002,4.5806416566774715,2.1553086419753087,2.2205612499581786,3.5185453628963335,151.86552442037356,11.285802469135804,10.3770634784629,17.17341047740754,1
2026-03-03 22:30:00+00:00,3.585934215216084,11.71470913986689,176782.63682971138,3.4140404462052585,4.496342647880901,2.1687334247828076,2.188713895735208,3.461920281730494,152.52923773693146,11.21196616369456,10.324988405881118,17.115091669792477,1
2026-03-03 23:00:00+00:00,3.529449574754839,11.703772798861962,150512.73181249065,3.3533440527316722,4.406191804934211,2.1771101966163697,2.1552029878451506,3.4024199094846796,153.24020244028617,11.16589391860997,10.269338476128219,17.057214392582072,1
2026-03-03 23:30:00+00:00,3.47,11.7,152686.47469369715,3.29,4.3100000000000005,2.18,2.12,3.34,154.0,11.15,10.21,17.0,0
2026-03-04 00:00:00+00:00,3.29,11.71,160100.46240810936,3.14,3.67,1.98,2.02,3.17,160.0,13.62,9.84,16.93,0
2026-03-04 00:30:00+00:00,3.3200000000000003,11.73,148347.2114950251,3.19,4.07,1.59,1.94,3.15,164.0,11.86,9.62,18.02,0
2026-03-04 01:00:00+00:00,2.96,11.12,170170.74398765396,2.79,3.43,2.39,1.76,2.82,174.0,12.32,9.06,17.63,0
2026-03-04 01:30:00+00:00,2.9,11.1,157905.0221556107,2.74,3.43,2.87,1.72,2.74,175.0,10.33,9.06,15.22,0
2026-03-04 02:00:00+00:00,3.24,11.13,146911.05818778632,3.01,3.79,1.61,1.99,3.11,170.0,12.46,9.34,16.78,0
2026-03-04 02:30:00+00:00,3.09,11.3,158623.32714957313,3.0,3.74,2.21,1.87,3.0,170.0,12.07,9.28,16.44,0
2026-03-04 03:00:00+00:00,3.21,11.36,180598.4163813664,3.12,3.72,1.65,1.91,3.06,173.0,12.83,9.14,17.18,0
2026-03-04 03:30:00+00:00,2.83,10.93,163005.41582797695,2.7,3.39,1.78,1.77,2.77,174.0,12.43,9.12,15.85,0
2026-03-04 04:00:00+00:00,2.74,10.8,184059.30500708,2.63,3.17,2.54,1.75,2.72,172.0,10.57,9.13,14.7,0
2026-03-04 04:30:00+00:00,2.38,10.2,186526.5961502164,2.26,2.93,1.5,1.36,2.21,210.0,11.43,7.56,15.42,0
2026-03-04 05:00:00+00:00,2.61,10.64,173224.4567818867,2.49,3.12,1.85,1.53,2.46,190.0,11.38,8.32,15.52,0
2026-03-04 05:30:00+00:00,2.54,10.61,167605.9783651771,2.45,3.0700000000000003,2.02,1.57,2.48,175.0,10.77,9.0,15.61,0
2026-03-04 06:00:00+00:00,2.35,10.6,164250.43524706387,2.27,2.82,2.37,1.42,2.26,187.0,10.8,8.45,15.04,0
2026-03-04 06:30:00+00:00,2.12,10.43,167661.52380923,2.01,2.42,1.05,1.27,2.02,195.0,10.94,8.120000000000001,16.34,0
2026-03-04 07:00:00+00:00,2.16,10.28,172126.0621984233,2.07,2.73,1.65,1.29,2.07,192.0,11.66,8.23,16.35,0
2026-03-04 07:30:00+00:00,2.48,10.92,174225.71864137682,2.37,2.97,1.46,1.47,2.37,177.0,10.95,8.93,16.55,0
2026-03-04 08:00:00+00:00,2.27,10.43,166713.7688470886,2.14,2.78,1.35,1.28,2.1,197.0,11.38,8.05,15.97,0
2026-03-04 08:30:00+00:00,2.53,10.94,167695.79531683846,2.5,2.96,1.82,1.58,2.52,167.0,10.31,9.44,14.96,0
2026-03-04 09:00:00+00:00,2.2,9.94,165162.1490395417,2.09,2.53,1.65,1.3,2.07,199.0,11.47,7.930000000000001,14.91,0
2026-03-04 09:30:00+00:00,2.28,10.16,173813.2140924139,2.22,2.72,1.45,1.42,2.25,184.0,9.41,8.61,14.22,0
2026-03-04 10:00:00+00:00,2.21,9.96,168821.23955019895,2.12,2.69,1.55,1.34,2.13,193.0,11.28,8.2,14.47,0
2026-03-04 10:30:00+00:00,2.26,10.26,161454.25869462345,2.23,2.7,1.29,1.39,2.21,181.0,9.27,8.71,16.07,0
2026-03-04 11:00:00+00:00,2.0,9.77,158307.19653322082,1.95,2.51,0.92,1.19,1.93,198.0,10.35,7.94,14.31,0
2026-03-04 11:30:00+00:00,2.21,10.1,177692.5204241802,2.13,2.62,1.1,1.35,2.14,191.0,9.09,8.25,14.6,0
2026-03-04 12:00:00+00:00,2.26,9.9,184867.11276876985,2.22,2.68,1.22,1.32,2.16,205.0,10.25,7.72,15.8,0
2026-03-04 12:30:00+00:00,2.1,9.58,185642.0425910504,2.05,2.56,1.05,1.25,2.02,214.0,10.53,7.41,13.48,0
2026-03-04 13:00:00+00:00,2.35,9.88,189519.4751548757,2.26,2.93,1.68,1.35,2.21,206.0,10.48,7.68,13.96,0
2026-03-04 13:30:00+00:00,2.0,9.47,174887.47822678115,1.93,2.49,0.95,1.16,1.9,222.0,10.84,7.11,13.33,0
2026-03-04 14:00:00+00:00,2.18,9.46,184030.72216905732,2.08,2.61,1.82,1.27,2.05,215.0,8.66,7.35,13.94,0
2026-03-04 14:30:00+00:00,2.01,9.27,168308.0427523308,1.84,2.21,1.19,1.18,1.85,227.0,10.47,6.99,13.79,0
2026-03-04 15:00:00+00:00,1.86,9.16,158720.54913647135,1.77,2.29,0.99,1.03,1.71,246.0,10.13,6.42,14.03,0
2026-03-04 15:30:00+00:00,1.93,9.01,164201.18364293317,1.8,2.33,0.93,1.1,1.77,241.0,10.2,6.55,16.06,0
2026-03-04 16:00:00+00:00,1.95,8.9,164619.45295221324,1.84,2.32,1.69,1.12,1.82,249.0,10.84,6.3500000000000005,14.56,0
2026-03-04 16:30:00+00:00,1.87,8.61,174035.21276865707,1.75,2.28,1.77,1.04,1.7,270.0,8.71,5.88,14.55,0
2026-03-04 17:00:00+00:00,2.1,8.89,167371.2380123964,1.88,2.37,1.64,1.13,1.84,261.0,8.21,6.04,13.27,0
2026-03-04 17:30:00+00:00,1.85,8.51,188445.1533969123,1.68,2.16,1.14,1.02,1.64,278.0,7.0,5.69,13.83,0
2026-03-04 18:00:00+00:00,1.91,8.78,172102.17145855786,1.82,2.3000000000000003,1.55,1.11,1.79,257.0,9.86,6.140000000000001,13.27,0
2026-03-04 18:30:00+00:00,1.72,8.32,171516.18001149257,1.59,1.99,1.54,0.99,1.58,282.0,9.91,5.6000000000000005,12.65,0
2026-03-04 19:00:00+00:00,1.82,8.34,181197.7952227632,1.73,2.22,1.5,1.06,1.71,270.0,10.92,5.8500000000000005,13.16,0
2026-03-04 19:30:00+00:00,1.73,8.09,164971.46141806126,1.64,2.05,1.72,1.01,1.62,281.0,8.86,5.63,12.31,0
2026-03-04 20:00:00+00:00,1.72,7.99,180313.10637912108,1.57,1.97,1.12,0.96,1.55,291.0,9.04,5.43,14.07,0
2026-03-04 20:30:00+00:00,1.68,8.19,182854.6418777317,1.54,1.92,1.14,0.96,1.53,275.0,10.26,5.76,13.07,0
2026-03-04 21:00:00+00:00,1.7,8.25,200846.2046118063,1.61,2.03,1.55,0.96,1.57,271.0,9.49,5.82,13.03,0
2026-03-04 21:30:00+00:00,1.69,8.44,175818.2519354833,1.53,1.87,0.98,0.96,1.53,270.0,8.870000000000001,5.87,13.67,0
2026-03-04 22:00:00+00:00,1.69,8.16,159731.5350788381,1.54,1.92,0.92,0.98,1.55,261.0,8.040000000000001,6.05,12.65,0
2026-03-04 22:30:00+00:00,1.66,8.17,147088.33850916615,1.55,1.94,1.32,0.96,1.53,259.0,9.46,6.1000000000000005,12.58,0
2026-03-04 23:00:00+00:00,1.57,8.13,156676.7711297095,1.49,1.9,1.02,0.9,1.46,266.0,8.91,5.94,11.99,0
2026-03-04 23:30:00+00:00,1.66,8.41,196450.45741626644,1.62,2.01,0.72,1.0,1.6,246.0,9.43,6.45,13.38,0
2026-03-05 00:00:00+00:00,1.5,8.08,206230.61474905873,1.42,1.79,1.28,0.88,1.41,265.0,6.22,5.98,12.93,1
2026-03-05 00:30:00+00:00,1.54,8.51,216010.77208185103,1.47,1.81,1.37,0.93,1.47,250.0,9.11,6.3500000000000005,12.27,0
2026-03-05 01:00:00+00:00,1.45,8.03,211577.5239857055,1.43,1.72,0.99,0.91,1.43,251.0,9.82,6.3100000000000005,13.0,0
2026-03-05 01:30:00+00:00,1.54,8.09,202509.71311740263,1.45,1.8,1.62,0.88,1.42,271.0,8.11,5.84,11.51,0
2026-03-05 02:00:00+00:00,1.41,8.18,187227.88667495525,1.32,1.64,1.14,0.8300000000000001,1.32,262.0,8.88,6.04,14.36,0
2026-03-05 02:30:00+00:00,1.43,8.19,197386.60996727023,1.31,1.68,1.21,0.79,1.28,282.0,9.09,5.63,12.93,0
2026-03-05 03:00:00+00:00,1.45,8.41,186982.8849529143,1.35,1.66,1.01,0.86,1.36,249.0,6.55,6.34,13.14,0
2026-03-05 03:30:00+00:00,1.41,8.3,181911.9148700404,1.36,1.67,1.45,0.85,1.35,256.0,9.29,6.16,12.31,0
2026-03-05 04:00:00+00:00,1.48,8.43,180809.80590806276,1.4,1.8,0.86,0.85,1.38,255.0,9.08,6.18,13.8,0
2026-03-05 04:30:00+00:00,1.41,8.5,198847.66531407504,1.35,1.69,1.01,0.8300000000000001,1.33,260.0,11.47,6.09,13.62,0
2026-03-05 05:00:00+00:00,1.31,8.370000000000001,178456.6401914007,1.2,1.5,1.48,0.73,1.18,268.0,8.76,5.89,13.27,0
2026-03-05 05:30:00+00:00,1.47,8.870000000000001,179197.37478671272,1.4,1.69,1.13,0.85,1.37,242.0,11.0,6.5200000000000005,14.34,0
2026-03-05 06:00:00+00:00,1.37,8.56,174734.86617236238,1.3,1.6,1.13,0.79,1.27,257.0,8.38,6.17,13.32,0
2026-03-05 06:30:00+00:00,1.5,9.22,180727.08208970563,1.4,1.73,1.01,0.84,1.37,238.0,10.3,6.65,14.94,0
2026-03-05 07:00:00+00:00,1.27,8.84,197540.3946532082,1.25,1.52,0.87,0.79,1.26,226.0,9.74,7.01,13.31,0
2026-03-05 07:30:00+00:00,1.38,9.16,172047.6411141345,1.31,1.62,1.12,0.86,1.34,211.0,9.81,7.47,13.76,0
2026-03-05 08:00:00+00:00,1.5,9.38,160109.98681376514,1.44,1.73,0.84,0.91,1.45,210.0,7.84,7.51,13.74,0
2026-03-05 08:30:00+00:00,1.49,9.24,174333.8574457776,1.4,1.73,1.03,0.89,1.41,214.0,10.77,7.42,12.99,0
2026-03-05 09:00:00+00:00,1.39,9.05,170038.77343089177,1.35,1.69,1.52,0.8200000000000001,1.32,230.0,10.13,6.87,13.29,0
2026-03-05 09:30:00+00:00,1.47,9.08,178058.1275998463,1.4,1.68,0.8,0.88,1.41,224.0,11.0,7.09,13.42,0
2026-03-05 10:00:00+00:00,1.54,9.29,178814.00474713385,1.5,1.93,1.5,0.9,1.47,224.0,10.11,7.0600000000000005,12.89,0
2026-03-05 10:30:00+00:00,1.46,9.08,181008.8943519689,1.41,1.71,0.95,0.92,1.43,206.0,9.89,7.65,14.51,0
2026-03-05 11:00:00+00:00,1.51,9.31,177838.7981992649,1.42,1.79,1.43,0.88,1.41,219.0,9.74,7.21,13.87,0
2026-03-05 11:30:00+00:00,1.48,9.04,188029.03031797332,1.45,1.83,1.36,0.88,1.42,226.0,9.63,7.0,13.24,0
2026-03-05 12:00:00+00:00,1.57,8.82,174047.20409273615,1.48,1.85,0.99,0.86,1.42,273.0,10.41,5.79,13.11,0
2026-03-05 12:30:00+00:00,1.58,7.32,180391.78218826075,1.44,1.85,1.21,0.9,1.43,330.0,10.83,4.8100000000000005,12.35,0
2026-03-05 13:00:00+00:00,1.94,6.4,175562.43129542124,1.75,2.16,1.89,1.12,1.77,357.0,4.99,4.45,11.11,0
2026-03-05 13:30:00+00:00,2.35,6.23,177483.3371825846,2.18,2.75,0.9,1.38,2.19,339.0,6.36,4.68,11.58,0
2026-03-05 14:00:00+00:00,2.51,6.63,172597.25114503028,2.38,2.91,1.67,1.49,2.37,307.0,6.8500000000000005,5.16,11.5,0
2026-03-05 14:30:00+00:00,2.34,6.51,171106.68672416068,2.22,2.78,1.58,1.39,2.22,315.0,7.05,5.03,11.6,0
2026-03-05 15:00:00+00:00,2.23,6.68,169448.87458901483,2.09,2.65,1.4,1.31,2.09,308.0,7.59,5.16,12.64,0
2026-03-05 15:30:00+00:00,2.41,6.8500000000000005,167476.43697474594,2.26,2.77,1.79,1.41,2.26,298.0,6.7700000000000005,5.32,11.61,0
2026-03-05 16:00:00+00:00,2.42,7.3,172706.80264868258,2.25,2.72,1.88,1.45,2.28,282.0,8.69,5.62,13.17,0
2026-03-05 16:30:00+00:00,2.45,7.48,171585.05263646512,2.32,2.79,1.36,1.49,2.34,269.0,6.82,5.9,13.32,0
2026-03-05 17:00:00+00:00,2.94,7.95,159706.7920170588,2.91,3.68,1.98,1.81,2.91,246.0,8.44,6.46,11.83,0
2026-03-05 17:30:00+00:00,3.14,7.88,152072.58577392358,3.0,3.6,2.36,1.89,3.01,246.0,8.77,6.44,11.24,0
2026-03-05 18:00:00+00:00,3.29,8.040000000000001,166275.79566202898,3.15,3.81,2.94,1.99,3.15,246.0,9.29,6.44,11.97,0
2026-03-05 18:30:00+00:00,3.18,8.07,173040.24332484446,3.04,3.74,2.77,1.87,3.01,255.0,8.16,6.22,12.07,0
2026-03-05 19:00:00+00:00,3.21,8.05,171334.6932633213,3.0500000000000003,3.84,1.72,1.93,3.0700000000000003,247.0,9.14,6.41,13.92,0
2026-03-05 19:30:00+00:00,3.15,8.34,181371.37081237548,3.06,3.77,2.89,1.82,2.98,251.0,9.15,6.33,12.95,0
2026-03-05 20:00:00+00:00,3.06,8.55,187127.7965095159,2.86,3.68,1.53,1.76,2.83,245.0,11.12,6.43,12.56,0
2026-03-05 20:30:00+00:00,3.33,8.68,183833.7927296245,3.15,3.83,2.14,2.0,3.17,225.0,8.38,7.03,12.8,0
2026-03-05 21:00:00+00:00,3.25,8.88,190943.31707809528,3.15,3.87,2.15,1.92,3.11,233.0,9.51,6.8,12.92,0
2026-03-05 21:30:00+00:00,3.37,9.09,172463.3656801192,3.2,3.94,2.08,1.97,3.17,228.0,10.93,6.91,13.41,0
2026-03-05 22:00:00+00:00,3.72,9.21,169184.36359293637,3.46,4.53,1.77,2.02,3.34,233.0,10.37,6.78,18.42,0
2026-03-05 22:30:00+00:00,3.78,9.26,166048.4745324556,3.48,4.59,1.27,2.04,3.37,237.0,9.96,6.68,14.59,0
2026-03-05 23:00:00+00:00,4.17,9.56,177513.55829538737,3.91,4.63,2.06,2.54,3.99,200.0,9.11,7.88,14.27,0
2026-03-05 23:30:00+00:00,3.79,9.28,179841.27719260746,3.5700000000000003,4.49,3.94,2.23,3.5700000000000003,218.0,8.13,7.23,14.55,0
2026-03-06 00:00:00+00:00,4.01,9.55,183670.77097988816,3.82,4.66,2.22,2.38,3.82,213.0,8.61,7.41,14.08,0
2026-03-06 00:30:00+00:00,4.14,9.54,187909.0663262188,3.95,4.8100000000000005,2.48,2.47,3.95,212.0,9.49,7.42,15.39,0
2026-03-06 01:00:00+00:00,4.01,9.85,181680.1638586321,3.8,4.94,3.25,2.27,3.73,221.0,11.25,7.16,15.91,0
2026-03-06 01:30:00+00:00,4.14,10.0,178307.22744532698,3.9,4.82,5.64,2.42,3.88,210.0,10.96,7.5,15.77,0
2026-03-06 02:00:00+00:00,3.86,9.9,180253.4981170421,3.66,4.61,3.94,2.36,3.73,202.0,10.81,7.82,14.86,0
2026-03-06 02:30:00+00:00,4.44,10.29,189150.9495079358,4.14,5.23,4.62,2.61,4.19,197.0,9.64,8.02,15.84,0
2026-03-06 03:00:00+00:00,4.53,10.29,197742.701296166,4.08,5.3500000000000005,5.9,2.46,4.0200000000000005,208.0,11.24,7.56,16.69,0
2026-03-06 03:30:00+00:00,4.28,10.08,188978.1890098932,4.01,5.05,2.49,2.47,3.97,207.0,10.56,7.67,14.37,0
2026-03-06 04:00:00+00:00,4.14,10.18,196797.3989720088,3.94,4.7700000000000005,3.34,2.49,3.93,203.0,9.3,7.8,14.72,0
2026-03-06 04:30:00+00:00,4.65,10.66,174779.17747825154,4.54,5.78,3.6,2.77,4.48,191.0,13.76,8.28,15.59,0
2026-03-06 05:00:00+00:00,4.65,10.85,172955.7536481738,4.37,5.36,4.0200000000000005,2.64,4.3,196.0,9.74,8.08,16.42,0
2026-03-06 05:30:00+00:00,4.24,10.29,168302.79816560744,4.0600000000000005,5.01,2.62,2.6,4.13,197.0,10.95,8.040000000000001,16.66,0
2026-03-06 06:00:00+00:00,4.21,10.79,177790.97118838833,3.88,5.09,2.77,2.35,3.84,205.0,11.0,7.68,16.82,0
2026-03-06 06:30:00+00:00,4.0200000000000005,10.51,172861.81589330858,3.9,4.99,2.1,2.32,3.81,198.0,11.3,7.99,16.55,0
2026-03-06 07:00:00+00:00,4.11,10.78,156211.71860542175,3.99,5.15,2.86,2.44,3.98,193.0,10.24,8.15,17.78,0
2026-03-06 07:30:00+00:00,4.17,10.57,187112.68329952637,3.87,4.86,3.02,2.42,3.88,194.0,11.83,8.13,15.6,0
2026-03-06 08:00:00+00:00,3.95,10.38,184588.6999966975,3.68,4.65,2.87,2.18,3.59,211.0,10.93,7.5,14.84,0
2026-03-06 08:30:00+00:00,3.49,10.45,207223.13194645388,3.3200000000000003,4.23,2.61,2.02,3.26,211.0,11.82,7.46,15.21,0
2026-03-06 09:00:00+00:00,3.53,10.34,177787.6461824061,3.37,4.17,1.78,2.13,3.39,203.0,10.28,7.77,16.68,0
2026-03-06 09:30:00+00:00,3.54,10.32,171557.03692218685,3.34,4.11,3.44,2.02,3.27,214.0,13.52,7.4,15.86,0
2026-03-06 10:00:00+00:00,3.66,10.54,195288.74501036564,3.35,4.3100000000000005,2.67,2.1,3.37,206.0,12.34,7.7,16.23,0
2026-03-06 10:30:00+00:00,3.73,10.66,183762.2460469826,3.4,4.24,4.21,1.99,3.27,218.0,12.64,7.29,15.89,0
2026-03-06 11:00:00+00:00,3.47,10.31,189156.85659872365,3.27,4.0200000000000005,2.34,2.06,3.28,203.0,9.88,7.76,17.02,0
2026-03-06 11:30:00+00:00,3.27,10.01,164030.15407503012,3.15,3.91,3.02,1.93,3.1,214.0,10.5,7.37,16.61,0
2026-03-06 12:00:00+00:00,3.25,10.15,192425.58885179533,3.04,3.77,3.2,1.76,2.92,231.0,11.77,6.82,16.17,0
2026-03-06 12:30:00+00:00,3.58,10.29,191668.30833751376,3.31,4.12,2.22,2.02,3.25,219.0,11.91,7.2,15.93,0
2026-03-06 13:00:00+00:00,3.5700000000000003,10.2,178917.37575410056,3.29,4.38,2.76,2.0,3.25,218.0,11.07,7.26,16.19,0
2026-03-06 13:30:00+00:00,3.42,10.28,177218.3720140833,3.08,3.97,2.44,1.94,3.11,223.0,12.29,7.1000000000000005,16.1,0
2026-03-06 14:00:00+00:00,3.21,9.82,174561.84760043217,2.94,3.73,2.91,1.82,2.92,234.0,9.57,6.74,14.65,0
2026-03-06 14:30:00+00:00,3.3200000000000003,9.96,184234.51544174756,3.12,3.92,2.44,1.91,3.0700000000000003,224.0,11.5,7.03,14.48,0
2026-03-06 15:00:00+00:00,3.45,9.76,182661.725643756,3.24,4.07,2.35,2.04,3.23,217.0,9.0,7.27,16.87,0
2026-03-06 15:30:00+00:00,3.34,9.38,175266.98144922705,3.03,3.75,3.1,1.92,3.03,239.0,11.47,6.62,14.33,0
2026-03-06 16:00:00+00:00,3.35,9.34,187649.2890090908,3.0500000000000003,3.88,3.51,1.89,3.04,238.0,11.31,6.65,13.78,0
2026-03-06 16:30:00+00:00,3.38,9.72,185016.4063134891,3.08,3.91,2.8000000000000003,1.9,3.0700000000000003,238.0,10.22,6.65,15.78,0
2026-03-06 17:00:00+00:00,3.31,9.44,181776.7510823687,2.95,3.75,3.65,1.83,2.93,250.0,12.4,6.33,14.81,0
2026-03-06 17:30:00+00:00,3.29,9.3,187596.56957612943,3.13,4.03,3.83,1.99,3.16,232.0,10.74,6.8500000000000005,15.81,0
2026-03-06 18:00:00+00:00,3.42,9.58,191661.7702802568,3.14,3.93,2.09,1.94,3.11,234.0,11.6,6.7700000000000005,14.66,0
2026-03-06 18:30:00+00:00,3.36,9.18,184929.9549632388,3.0700000000000003,3.74,4.08,1.91,3.0500000000000003,241.0,11.94,6.53,15.06,0
2026-03-06 19:00:00+00:00,3.51,9.91,192175.90312444227,3.3000000000000003,4.34,2.73,2.0,3.25,227.0,11.24,6.96,17.51,0
2026-03-06 19:30:00+00:00,3.44,10.1,197202.85992642568,3.24,3.99,1.74,2.05,3.27,212.0,11.95,7.47,15.64,0
2026-03-06 20:00:00+00:00,3.27,9.84,209824.4517129784,3.08,3.89,1.77,1.88,3.04,220.0,8.59,7.17,15.39,0
2026-03-06 20:30:00+00:00,3.31,9.72,192205.44179921912,3.11,4.13,3.0700000000000003,1.88,3.0700000000000003,225.0,11.64,7.0200000000000005,15.86,0
2026-03-06 21:00:00+00:00,3.26,10.58,179791.9905875278,3.01,3.7,2.75,1.88,3.01,210.0,11.01,7.54,15.54,0
2026-03-06 21:30:00+00:00,3.3000000000000003,10.47,182628.1952615641,3.14,3.92,2.43,2.02,3.17,198.0,12.63,8.01,16.55,0
2026-03-06 22:00:00+00:00,3.22,10.66,192301.32040867297,3.02,3.75,2.19,1.88,3.0,209.0,12.88,7.59,16.11,0
2026-03-06 22:30:00+00:00,2.99,9.94,187825.09797854332,2.81,3.5700000000000003,2.12,1.69,2.75,228.0,10.32,6.91,16.51,0
2026-03-06 23:00:00+00:00,3.0700000000000003,10.16,187808.07454500807,2.92,3.72,2.6,1.77,2.86,211.0,9.48,7.44,16.02,0
2026-03-06 23:30:00+00:00,2.73,10.2,203950.79769248504,2.51,3.28,1.39,1.45,2.41,245.0,11.81,6.46,15.78,0
2026-03-07 00:00:00+00:00,2.83,10.53,197137.9382506701,2.64,3.37,2.86,1.57,2.56,221.0,13.12,7.16,15.95,0
2026-03-07 00:30:00+00:00,2.74,10.42,177260.78480050346,2.54,3.23,2.32,1.58,2.53,211.0,10.01,7.51,15.15,0
2026-03-07 01:00:00+00:00,2.97,11.45,180010.92379015847,2.74,3.47,1.74,1.64,2.67,203.0,12.34,7.8,15.82,0
2026-03-07 01:30:00+00:00,2.59,10.76,177433.73260394967,2.45,3.0700000000000003,1.29,1.42,2.35,215.0,11.28,7.36,17.23,0
2026-03-07 02:00:00+00:00,2.78,10.96,164108.00040498376,2.62,3.28,1.72,1.6,2.59,201.0,13.43,7.85,16.82,0
2026-03-07 02:30:00+00:00,2.81,11.46,170602.7272364438,2.7,3.45,3.11,1.58,2.6,202.0,13.19,7.83,15.93,0
2026-03-07 03:00:00+00:00,2.68,11.2,186707.53984758025,2.41,3.13,1.95,1.42,2.36,207.0,11.38,7.61,18.17,0
2026-03-07 03:30:00+00:00,2.51,10.86,181388.2983291665,2.35,3.08,1.67,1.4,2.3000000000000003,213.0,13.65,7.42,15.33,0
2026-03-07 04:00:00+00:00,2.62,11.21,208224.49800128263,2.59,3.2,1.34,1.62,2.59,181.0,11.19,8.74,17.0,0
2026-03-07 04:30:00+00:00,2.51,11.05,201287.9271812628,2.47,3.14,1.55,1.53,2.45,193.0,13.26,8.14,15.09,0
2026-03-07 05:00:00+00:00,2.56,11.03,198523.8213264048,2.46,3.06,2.9,1.51,2.43,197.0,11.29,8.040000000000001,16.68,0
2026-03-07 05:30:00+00:00,2.84,11.45,191850.9913711289,2.67,3.3200000000000003,1.59,1.57,2.57,189.0,13.34,8.31,18.98,0
2026-03-07 06:00:00+00:00,2.4,11.07,193579.35858474244,2.26,2.88,1.81,1.4,2.25,194.0,12.88,8.15,16.52,0
2026-03-07 06:30:00+00:00,2.66,11.14,212436.6520212273,2.46,3.1,3.11,1.44,2.37,212.0,13.31,7.44,15.0,0
2026-03-07 07:00:00+00:00,2.5500000000000003,11.29,214903.69095366303,2.37,3.0700000000000003,1.75,1.41,2.32,210.0,12.96,7.55,16.4,0
2026-03-07 07:30:00+00:00,2.36,11.1,225396.7514010945,2.24,2.75,1.49,1.37,2.2,196.0,13.26,8.11,15.68,0
2026-03-07 08:00:00+00:00,2.46,11.34,200111.0257030796,2.41,2.95,1.74,1.48,2.39,189.0,12.47,8.38,15.98,0
2026-03-07 08:30:00+00:00,2.45,11.12,205694.338915086,2.36,2.98,2.33,1.4,2.29,206.0,11.56,7.65,15.22,0
2026-03-07 09:00:00+00:00,2.3000000000000003,10.63,204063.9694584367,2.16,2.66,1.85,1.32,2.14,208.0,10.55,7.59,15.82,0
2026-03-07 09:30:00+00:00,2.23,10.81,220078.5187092252,2.04,2.57,2.45,1.22,1.99,217.0,10.94,7.28,15.5,0
2026-03-07 10:00:00+00:00,2.54,11.36,233453.88846699143,2.34,2.88,1.23,1.42,2.3000000000000003,196.0,12.69,8.08,17.19,0
2026-03-07 10:30:00+00:00,2.49,11.52,231558.018702276,2.34,2.96,1.84,1.36,2.26,194.0,12.24,8.17,16.97,0
2026-03-07 11:00:00+00:00,2.58,11.67,197227.52198905635,2.48,3.21,1.51,1.48,2.41,185.0,12.01,8.52,15.14,0
2026-03-07 11:30:00+00:00,2.35,11.0,180675.8384524133,2.23,2.73,2.02,1.4,2.23,194.0,10.74,8.17,15.36,0
2026-03-07 12:00:00+00:00,2.25,10.9,191039.85628039195,2.1,2.65,1.19,1.29,2.09,204.0,12.22,7.75,16.03,0
2026-03-07 12:30:00+00:00,2.25,10.71,206771.8771426233,2.03,2.67,2.15,1.22,1.99,229.0,12.24,6.890000000000001,15.28,0
2026-03-07 13:00:00+00:00,2.39,11.05,205827.8618781826,2.32,2.93,2.17,1.33,2.2,216.0,13.53,7.35,15.18,0
2026-03-07 13:30:00+00:00,2.53,10.7,209869.71477932853,2.5,3.0,2.6,1.54,2.47,196.0,11.23,8.0,15.59,0
2026-03-07 14:00:00+00:00,2.82,11.54,206285.6113757042,2.66,3.3200000000000003,2.46,1.6,2.6,203.0,14.06,7.75,16.77,0
2026-03-07 14:30:00+00:00,2.47,10.05,211841.2030005743,2.28,2.83,1.77,1.41,2.25,235.0,12.51,6.74,15.66,0
2026-03-07 15:00:00+00:00,2.5500000000000003,10.31,221291.57272633503,2.31,2.89,2.07,1.4,2.27,240.0,14.08,6.57,15.36,0
2026-03-07 15:30:00+00:00,2.66,10.4,210934.5349138552,2.57,3.33,1.48,1.5,2.49,226.0,10.63,7.0200000000000005,17.14,0
2026-03-07 16:00:00+00:00,2.52,10.01,211799.0356345386,2.32,2.89,1.77,1.45,2.31,234.0,12.71,6.75,16.29,0
2026-03-07 16:30:00+00:00,2.51,10.14,227644.85893267652,2.18,2.68,2.4,1.32,2.14,262.0,12.01,6.04,16.11,0
2026-03-07 17:00:00+00:00,2.56,10.13,226767.61741209772,2.35,3.03,2.61,1.44,2.32,244.0,12.31,6.48,15.31,0
2026-03-07 17:30:00+00:00,2.75,10.74,227260.1843814264,2.54,3.26,2.77,1.55,2.5,217.0,13.23,7.22,15.83,0
2026-03-07 18:00:00+00:00,2.69,10.38,225095.3681222381,2.41,3.15,2.09,1.46,2.38,237.0,11.72,6.68,18.35,0
2026-03-07 18:30:00+00:00,2.87,10.62,209669.1540454661,2.73,3.38,2.37,1.61,2.63,226.0,12.47,7.01,16.16,0
2026-03-07 19:00:00+00:00,2.86,11.1,222564.55776774703,2.65,3.3200000000000003,2.35,1.61,2.61,216.0,13.42,7.3,17.36,0
2026-03-07 19:30:00+00:00,2.72,10.88,213494.2410773236,2.43,3.08,2.62,1.49,2.41,226.0,12.25,7.0,16.03,0
2026-03-07 20:00:00+00:00,2.88,11.12,214168.0184554072,2.68,3.51,2.7,1.55,2.57,219.0,13.16,7.22,15.91,0
2026-03-07 20:30:00+00:00,2.83,11.1,196182.62395067685,2.62,3.23,1.87,1.59,2.58,203.0,11.07,7.75,18.23,0
2026-03-07 21:00:00+00:00,2.7,11.09,211276.15000948173,2.53,3.12,2.27,1.56,2.5,203.0,11.52,7.77,17.32,0
2026-03-07 21:30:00+00:00,2.74,11.13,206240.05896438516,2.56,3.38,2.06,1.54,2.51,201.0,10.12,7.84,18.08,0
2026-03-07 22:00:00+00:00,2.56,10.73,200560.24745365555,2.41,3.01,1.47,1.46,2.36,210.0,12.59,7.56,16.37,0
2026-03-07 22:30:00+00:00,2.63,11.07,210440.77979257496,2.39,2.8000000000000003,1.78,1.56,2.44,184.0,11.27,8.56,17.52,0
2026-03-07 23:00:00+00:00,2.66,11.29,213351.81146010687,2.53,3.04,2.2,1.58,2.52,186.0,12.13,8.46,15.9,0
2026-03-07 23:30:00+00:00,2.49,11.06,216618.7814091681,2.32,3.06,1.96,1.4,2.28,198.0,12.36,7.96,15.87,0
2026-03-08 00:00:00+00:00,2.7,11.66,208505.342709866,2.61,3.41,1.53,1.56,2.58,178.0,13.95,8.870000000000001,16.21,0
2026-03-08 00:30:00+00:00,2.68,11.56,198869.55330646783,2.52,3.24,1.49,1.51,2.46,182.0,13.97,8.71,17.53,0
2026-03-08 01:00:00+00:00,2.5500000000000003,11.61,199084.29872970187,2.5500000000000003,3.11,1.18,1.54,2.49,174.0,13.59,9.09,16.57,0
2026-03-08 01:30:00+00:00,2.45,11.09,199154.63991139017,2.36,2.89,1.89,1.42,2.3000000000000003,191.0,11.97,8.290000000000001,16.1,0
2026-03-08 02:00:00+00:00,2.89,11.66,198397.4629045754,2.79,3.64,1.21,1.65,2.72,176.0,12.58,8.98,15.98,0
2026-03-08 02:30:00+00:00,2.73,11.63,200246.97044819983,2.61,3.23,1.32,1.51,2.5,184.0,12.18,8.58,16.35,0
2026-03-08 03:00:00+00:00,2.57,11.12,195322.4003626947,2.58,3.25,1.44,1.56,2.54,181.0,10.95,8.73,15.72,0
2026-03-08 03:30:00+00:00,2.57,11.18,179817.89349143542,2.51,3.09,1.88,1.55,2.48,175.0,11.83,9.01,15.49,0
2026-03-08 04:00:00+00:00,2.77,11.45,200535.7303468976,2.58,3.27,1.71,1.53,2.52,179.0,11.71,8.8,17.23,0
2026-03-08 04:30:00+00:00,2.6,11.31,207342.99707673644,2.47,3.13,1.38,1.48,2.42,177.0,11.82,8.88,15.46,0
2026-03-08 05:00:00+00:00,2.47,11.12,179473.43319948652,2.3000000000000003,2.95,1.59,1.4,2.28,189.0,12.83,8.370000000000001,16.64,0
2026-03-08 05:30:00+00:00,2.61,11.34,188484.48576258987,2.61,3.24,2.35,1.54,2.53,179.0,12.48,8.86,15.88,0
2026-03-08 06:00:00+00:00,2.64,11.57,197336.26851607792,2.6,3.25,1.11,1.59,2.56,169.0,12.96,9.37,17.16,0
2026-03-08 06:30:00+00:00,2.68,11.47,192437.7234474785,2.49,3.0700000000000003,2.22,1.57,2.49,167.0,11.75,9.46,16.330000000000002,0
2026-03-08 07:00:00+00:00,2.36,11.15,194192.06655758165,2.44,2.99,1.85,1.51,2.42,166.0,11.63,9.52,16.3,0
2026-03-08 07:30:00+00:00,2.86,11.75,194882.93794662523,2.81,3.52,2.27,1.79,2.85,156.0,12.52,10.08,16.81,0
2026-03-08 08:00:00+00:00,2.69,11.56,213896.12700802943,2.62,3.26,1.14,1.64,2.62,163.0,11.1,9.72,17.03,0
2026-03-08 08:30:00+00:00,2.68,11.43,198059.9627942823,2.52,3.1,1.56,1.58,2.52,169.0,12.23,9.34,17.39,0
2026-03-08 09:00:00+00:00,2.65,11.57,188472.3913360108,2.5,3.14,1.3,1.48,2.43,177.0,11.15,8.93,16.0,0
2026-03-08 09:30:00+00:00,2.54,11.45,183461.9934919427,2.42,3.15,1.91,1.45,2.39,176.0,11.88,8.97,16.55,0
2026-03-08 10:00:00+00:00,2.51,11.14,194072.16069378649,2.4,2.9,1.26,1.54,2.43,171.0,13.21,9.27,16.34,0
2026-03-08 10:30:00+00:00,2.82,12.16,205588.2717745309,2.78,3.44,2.43,1.65,2.71,159.0,12.23,9.87,16.37,0
2026-03-08 11:00:00+00:00,2.44,11.6,222043.61020551104,2.32,3.01,1.3,1.43,2.31,172.0,12.91,9.22,19.63,0
2026-03-08 11:30:00+00:00,2.67,11.9,224190.07463650493,2.57,3.3000000000000003,1.09,1.56,2.53,163.0,11.3,9.67,21.16,0
2026-03-08 12:00:00+00:00,2.43,11.44,225064.69177572904,2.39,3.02,1.62,1.4,2.31,181.0,10.8,8.73,16.98,0
2026-03-08 12:30:00+00:00,2.56,11.62,219768.5783787213,2.43,2.97,2.04,1.45,2.38,183.0,12.02,8.63,15.89,0
2026-03-08 13:00:00+00:00,2.41,11.44,184436.42676125315,2.38,3.01,2.16,1.44,2.34,181.0,10.9,8.71,18.1,0
2026-03-08 13:30:00+00:00,2.65,11.95,192849.52654276023,2.49,3.2,2.13,1.49,2.43,173.0,11.5,9.12,16.75,0
2026-03-08 14:00:00+00:00,2.42,11.23,180484.55891784595,2.3000000000000003,2.9,1.85,1.4,2.27,181.0,10.11,8.73,16.57,0
2026-03-08 14:30:00+00:00,2.54,11.68,178563.40482802285,2.52,3.12,2.11,1.47,2.44,179.0,12.05,8.82,17.31,0
2026-03-08 15:00:00+00:00,2.62,11.65,199257.43841330483,2.53,3.17,1.72,1.56,2.53,174.0,11.36,9.1,15.85,0
2026-03-08 15:30:00+00:00,2.56,12.19,201223.4150280046,2.41,3.12,1.92,1.39,2.31,189.0,14.94,8.34,18.4,0
2026-03-08 16:00:00+00:00,2.54,11.68,204314.32285942053,2.42,3.04,1.91,1.46,2.37,190.0,10.9,8.36,18.42,0
2026-03-08 16:30:00+00:00,2.75,11.96,194922.12649114485,2.66,3.31,1.77,1.62,2.61,183.0,12.16,8.67,18.79,0
2026-03-08 17:00:00+00:00,2.88,12.07,179689.7227894487,2.82,3.5700000000000003,1.93,1.68,2.74,185.0,12.78,8.540000000000001,19.2,0
2026-03-08 17:30:00+00:00,2.88,12.23,199875.12286427477,2.67,3.61,2.37,1.61,2.63,184.0,14.94,8.56,19.16,0
2026-03-08 18:00:00+00:00,2.68,11.79,189959.14007626244,2.5500000000000003,3.28,2.89,1.47,2.44,209.0,12.37,7.59,15.86,0
2026-03-08 18:30:00+00:00,2.82,12.31,182457.9103955311,2.66,3.58,2.08,1.5,2.54,198.0,12.4,7.97,19.38,0
2026-03-08 19:00:00+00:00,2.67,12.53,182253.886281909,2.5,3.41,2.22,1.48,2.45,196.0,14.9,8.1,19.79,0
2026-03-08 19:30:00+00:00,2.98,12.54,194128.2126543172,2.79,3.36,1.75,1.63,2.7,176.0,12.21,8.91,18.7,0
2026-03-08 20:00:00+00:00,2.93,12.52,180813.7699341693,2.83,3.56,2.49,1.67,2.76,166.0,11.46,9.43,17.19,0
2026-03-08 20:30:00+00:00,3.26,13.33,181375.9535753913,3.0700000000000003,3.85,2.64,1.86,3.03,153.0,12.98,10.35,18.34,0
2026-03-08 21:00:00+00:00,2.8000000000000003,12.64,188689.381702138,2.76,3.61,1.8,1.63,2.69,164.0,13.38,9.62,16.51,0
2026-03-08 21:30:00+00:00,2.79,12.51,213194.6464459508,2.76,3.31,1.53,1.74,2.76,150.0,14.38,10.5,18.19,0
2026-03-08 22:00:00+00:00,2.78,12.61,201581.4754055593,2.6,3.22,1.88,1.6,2.57,162.0,12.41,9.73,17.32,0
2026-03-08 22:30:00+00:00,2.88,12.33,190513.38728888045,2.79,3.5700000000000003,1.9,1.71,2.77,152.0,13.57,10.37,19.01,0
2026-03-08 23:00:00+00:00,2.63,12.35,198074.4412960873,2.51,3.15,1.44,1.55,2.48,157.0,14.19,10.07,17.53,0
2026-03-08 23:30:00+00:00,2.94,12.69,199999.58602690947,2.79,3.42,2.16,1.76,2.79,151.0,13.59,10.44,17.73,0
2026-03-09 00:00:00+00:00,2.71,12.12,184206.36823158627,2.66,3.27,2.08,1.73,2.71,149.0,10.67,10.61,18.86,0
2026-03-09 00:30:00+00:00,2.85,12.47,180209.5226762461,2.84,3.63,1.61,1.72,2.79,153.0,13.29,10.32,19.55,0
2026-03-09 01:00:00+00:00,2.5500000000000003,11.89,175489.91958863422,2.46,3.01,2.6,1.61,2.51,152.0,12.67,10.36,16.96,0
2026-03-09 01:30:00+00:00,2.86,12.26,174907.59760008127,2.74,3.26,1.99,1.61,2.64,160.0,11.72,9.86,17.25,0
2026-03-09 02:00:00+00:00,2.51,12.02,184724.70872790497,2.4,2.99,1.8,1.5,2.4,159.0,12.41,9.91,16.92,0
2026-03-09 02:30:00+00:00,2.78,12.06,172448.35993568954,2.63,3.24,1.64,1.63,2.63,164.0,12.97,9.6,16.29,0
2026-03-09 03:00:00+00:00,2.74,12.23,175232.2105656507,2.62,3.41,1.96,1.63,2.62,157.0,13.19,10.05,18.34,0
2026-03-09 03:30:00+00:00,2.26,11.72,175269.22279639874,2.19,2.8000000000000003,1.1,1.34,2.18,173.0,12.61,9.13,18.41,0
2026-03-09 04:00:00+00:00,2.38,11.66,183273.69684032115,2.24,2.79,1.34,1.41,2.27,178.0,11.82,8.9,15.95,0
2026-03-09 04:30:00+00:00,2.64,11.83,203892.38091796188,2.46,3.13,2.27,1.44,2.39,190.0,11.42,8.33,17.240000000000002,0
2026-03-09 05:00:00+00:00,2.54,11.62,228131.7999242085,2.48,3.03,1.46,1.51,2.44,181.0,11.89,8.69,17.25,0
2026-03-09 05:30:00+00:00,2.42,11.28,207980.3124045866,2.34,2.96,1.44,1.34,2.24,199.0,11.43,7.88,16.97,0
2026-03-09 06:00:00+00:00,2.36,11.39,197298.00664041573,2.24,2.9,2.32,1.36,2.22,190.0,13.54,8.35,17.42,0
2026-03-09 06:30:00+00:00,2.68,11.63,201481.3981527693,2.53,3.1,1.93,1.62,2.56,174.0,11.27,9.08,16.0,0
2026-03-09 07:00:00+00:00,2.61,11.31,197728.1948220152,2.4,3.14,2.64,1.43,2.34,209.0,12.47,7.59,16.32,0
2026-03-09 07:30:00+00:00,2.54,10.26,193970.63102856127,2.39,2.97,1.75,1.42,2.33,232.0,13.38,6.83,16.56,0
2026-03-09 08:00:00+00:00,2.69,10.24,196511.8390563852,2.41,3.04,1.82,1.51,2.41,237.0,10.19,6.68,15.88,0
2026-03-09 08:30:00+00:00,3.03,10.2,196931.8501496875,2.76,3.41,1.57,1.7,2.73,227.0,6.73,6.98,15.87,0
2026-03-09 09:00:00+00:00,2.9,9.32,200458.8106354308,2.65,3.3200000000000003,2.33,1.68,2.67,239.0,8.98,6.63,17.29,0
2026-03-09 09:30:00+00:00,2.96,9.96,194339.686875577,2.73,3.54,2.39,1.67,2.7,230.0,12.9,6.82,14.74,0
2026-03-09 10:00:00+00:00,2.97,9.41,215947.5949213996,2.78,3.33,3.01,1.75,2.77,231.0,13.24,6.87,15.22,0
2026-03-09 10:30:00+00:00,2.9,9.52,219803.21601358592,2.75,3.49,1.51,1.73,2.76,223.0,8.57,7.09,15.22,0
2026-03-09 11:00:00+00:00,2.97,9.19,200627.50378081904,2.69,3.37,2.01,1.71,2.71,242.0,13.48,6.53,14.61,0
2026-03-09 11:30:00+00:00,3.06,9.7,194764.1233512999,2.9,3.52,2.64,1.86,2.91,222.0,12.69,7.13,16.13,0
2026-03-09 12:00:00+00:00,2.85,9.13,195027.3956953552,2.62,3.28,2.27,1.68,2.65,233.0,8.290000000000001,6.8100000000000005,14.35,0
2026-03-09 12:30:00+00:00,3.03,9.29,178271.2681433672,2.8000000000000003,3.42,1.74,1.82,2.84,233.0,9.28,6.78,15.61,0
2026-03-09 13:00:00+00:00,2.68,9.02,190354.17750832773,2.47,3.13,2.17,1.55,2.47,241.0,8.08,6.57,15.83,0
2026-03-09 13:30:00+00:00,2.87,9.0,188082.48558897525,2.71,3.34,2.57,1.72,2.72,228.0,11.98,6.92,14.95,0
2026-03-09 14:00:00+00:00,2.95,9.53,221859.7398584133,2.76,3.49,2.4,1.72,2.75,218.0,12.47,7.23,15.26,0
2026-03-09 14:30:00+00:00,3.02,9.77,203100.8825739869,2.84,3.46,1.89,1.79,2.86,207.0,11.3,7.62,16.1,0
2026-03-09 15:00:00+00:00,3.03,9.36,179503.17248519676,2.85,3.54,1.81,1.83,2.89,213.0,8.56,7.44,14.41,0
2026-03-09 15:30:00+00:00,3.26,9.37,190184.61408365515,3.0500000000000003,3.88,2.6,1.97,3.1,207.0,9.65,7.66,13.75,0
2026-03-09 16:00:00+00:00,3.0500000000000003,9.16,189439.4924543752,2.96,3.64,1.73,1.88,2.97,218.0,9.0,7.28,13.76,0
2026-03-09 16:30:00+00:00,3.42,9.93,177650.35811800737,3.25,4.07,1.61,2.03,3.25,201.0,9.81,7.86,15.75,0
2026-03-09 17:00:00+00:00,3.11,9.45,181465.53352531025,2.99,3.71,2.03,1.9,3.02,205.0,9.71,7.69,14.68,0
2026-03-09 17:30:00+00:00,3.18,9.4,194559.9573768465,3.04,3.67,2.05,2.0,3.12,199.0,8.5,7.96,15.65,0
2026-03-09 18:00:00+00:00,3.41,9.49,212013.2393454396,3.22,3.86,3.38,2.13,3.31,201.0,8.25,7.87,14.86,0
2026-03-09 18:30:00+00:00,3.29,9.39,191453.14270253453,3.09,3.83,2.07,1.97,3.12,210.0,8.620000000000001,7.52,15.41,0
2026-03-09 19:00:00+00:00,3.24,9.2,203913.1630737603,3.16,3.85,1.92,1.99,3.16,206.0,10.22,7.65,15.39,0
2026-03-09 19:30:00+00:00,3.42,9.52,202333.18511347956,3.28,4.18,1.92,2.04,3.27,208.0,10.18,7.6,15.73,0
2026-03-09 20:00:00+00:00,3.8,9.78,189984.0108247028,3.64,4.54,2.11,2.2,3.58,204.0,11.45,7.78,13.84,0
2026-03-09 20:30:00+00:00,3.5500000000000003,9.1,192099.94779738417,3.41,4.37,2.26,2.15,3.43,213.0,8.45,7.42,15.21,0
2026-03-09 21:00:00+00:00,3.81,9.69,189779.3807757232,3.63,4.5600000000000005,1.73,2.25,3.59,202.0,10.65,7.82,16.48,0
2026-03-09 21:30:00+00:00,3.64,9.68,213556.561701946,3.48,4.3500000000000005,3.53,2.1,3.41,207.0,8.43,7.65,13.84,0
2026-03-09 22:00:00+00:00,3.49,9.41,222860.52620942853,3.37,4.03,2.08,2.13,3.36,209.0,11.24,7.58,14.14,0
2026-03-09 22:30:00+00:00,3.5,9.82,207506.03641553747,3.34,4.2700000000000005,2.24,1.98,3.26,210.0,9.89,7.5,15.17,0
2026-03-09 23:00:00+00:00,3.63,10.02,224355.8002676797,3.46,4.45,3.21,2.14,3.45,200.0,12.57,7.9,15.26,0
2026-03-09 23:30:00+00:00,3.5700000000000003,9.93,214232.40032484915,3.4,4.28,3.31,2.16,3.42,192.0,9.79,8.18,15.96,0
2026-03-10 00:00:00+00:00,3.5500000000000003,10.09,199297.4382424321,3.35,4.13,2.5,2.03,3.29,204.0,9.95,7.78,14.7,0
2026-03-10 00:30:00+00:00,3.38,9.66,206675.81904612464,3.17,4.0200000000000005,1.61,1.96,3.15,205.0,9.55,7.68,15.42,0
2026-03-10 01:00:00+00:00,3.48,10.1,203843.1640317263,3.33,4.2700000000000005,1.65,2.0,3.27,203.0,10.12,7.78,15.07,0
2026-03-10 01:30:00+00:00,3.37,9.51,207086.21732318943,3.21,4.04,2.7,1.97,3.18,214.0,11.17,7.42,15.17,0
2026-03-10 02:00:00+00:00,3.45,9.63,198957.48878067857,3.23,3.91,1.88,2.08,3.26,199.0,8.91,7.91,15.05,0
2026-03-10 02:30:00+00:00,3.58,10.03,195447.75773395516,3.4,4.29,2.35,2.02,3.31,207.0,10.6,7.62,14.95,0
2026-03-10 03:00:00+00:00,3.68,9.94,191762.17637609845,3.5700000000000003,4.46,2.12,2.19,3.52,197.0,10.74,8.02,15.51,0
2026-03-10 03:30:00+00:00,3.38,9.79,198108.85822440425,3.22,3.96,2.01,2.02,3.22,204.0,12.46,7.75,14.86,0
2026-03-10 04:00:00+00:00,3.56,9.64,186786.99994118928,3.36,4.37,1.61,2.07,3.33,212.0,9.85,7.49,15.42,0
2026-03-10 04:30:00+00:00,3.41,9.81,194875.66412362503,3.15,4.0,2.53,1.97,3.14,215.0,10.9,7.35,15.71,0
2026-03-10 05:00:00+00:00,3.23,9.88,174145.2823761271,3.04,3.64,2.19,1.88,3.01,212.0,10.75,7.45,14.89,0
2026-03-10 05:30:00+00:00,3.49,9.98,188643.40916255693,3.23,3.88,3.3200000000000003,2.12,3.31,195.0,9.53,8.14,14.82,0
2026-03-10 06:00:00+00:00,3.19,10.06,186839.9171548485,2.99,3.67,2.28,1.9,3.0,201.0,10.13,7.85,15.3,0
2026-03-10 06:30:00+00:00,3.38,9.93,173334.0528344483,3.13,3.93,2.49,1.96,3.15,208.0,11.65,7.57,16.44,0
2026-03-10 07:00:00+00:00,3.45,10.26,201216.05751345932,3.26,4.13,1.74,2.02,3.24,201.0,9.2,7.87,16.48,0
2026-03-10 07:30:00+00:00,3.36,10.0,196522.8601490593,3.08,4.13,2.5,1.95,3.12,211.0,11.09,7.5,14.51,0
2026-03-10 08:00:00+00:00,3.35,10.22,190731.40263164364,3.22,3.96,2.31,2.04,3.24,194.0,10.95,8.15,15.6,0
2026-03-10 08:30:00+00:00,3.0700000000000003,9.96,192124.59080153707,2.8000000000000003,3.54,1.61,1.74,2.78,218.0,11.73,7.23,14.94,0
2026-03-10 09:00:00+00:00,3.24,10.43,191548.6618323629,2.99,3.68,2.98,1.87,2.98,198.0,10.17,7.96,14.55,0
2026-03-10 09:30:00+00:00,3.18,10.24,177567.21785747336,3.04,3.84,1.84,1.91,3.0500000000000003,195.0,9.55,8.09,16.97,0
2026-03-10 10:00:00+00:00,2.77,9.55,181965.9263171396,2.61,3.33,3.14,1.61,2.59,225.0,9.25,6.97,14.8,0
2026-03-10 10:30:00+00:00,2.83,9.85,184822.00890188088,2.49,3.15,1.33,1.55,2.5,221.0,10.44,7.12,15.21,0
2026-03-10 11:00:00+00:00,2.92,10.2,193033.56376689093,2.65,3.45,1.9,1.66,2.66,212.0,11.64,7.43,15.87,0
2026-03-10 11:30:00+00:00,2.6,9.95,188123.84104434797,2.34,2.92,2.09,1.45,2.32,223.0,9.18,7.05,15.8,0
2026-03-10 12:00:00+00:00,2.81,10.02,172734.27233290105,2.65,3.25,2.52,1.66,2.67,206.0,11.27,7.7,14.92,0
2026-03-10 12:30:00+00:00,2.75,10.16,187970.8947419857,2.69,3.37,2.18,1.68,2.69,200.0,9.36,7.92,14.99,0
2026-03-10 13:00:00+00:00,2.79,10.1,193381.6006075908,2.64,3.25,2.94,1.61,2.6,213.0,9.81,7.45,15.15,0
2026-03-10 13:30:00+00:00,2.66,10.17,189540.28602538325,2.53,3.19,2.16,1.49,2.45,224.0,10.7,7.07,14.63,0
2026-03-10 14:00:00+00:00,2.65,10.0,194284.0719776358,2.58,3.28,1.96,1.54,2.5,221.0,10.56,7.140000000000001,16.87,0
2026-03-10 14:30:00+00:00,2.8000000000000003,10.42,179026.37689171266,2.58,3.17,2.53,1.54,2.52,220.0,11.9,7.17,15.29,0
2026-03-10 15:00:00+00:00,2.69,10.25,181875.8138197852,2.52,3.2,1.8,1.53,2.49,215.0,10.73,7.35,14.91,0
2026-03-10 15:30:00+00:00,2.77,10.35,178861.86035391636,2.66,3.43,1.9,1.57,2.59,214.0,12.1,7.38,15.17,0
2026-03-10 16:00:00+00:00,2.48,9.92,191469.6810928897,2.34,3.04,1.48,1.41,2.29,227.0,10.81,6.99,15.19,0
2026-03-10 16:30:00+00:00,2.34,9.45,202384.43593804628,2.14,2.72,2.26,1.31,2.11,239.0,9.18,6.640000000000001,14.2,0
2026-03-10 17:00:00+00:00,2.61,9.97,205865.6578795775,2.5,3.03,2.53,1.53,2.46,220.0,10.07,7.21,15.1,0
2026-03-10 17:30:00+00:00,2.35,9.95,202350.50031157784,2.26,2.78,2.0,1.33,2.18,232.0,11.44,6.8,16.75,0
2026-03-10 18:00:00+00:00,2.44,10.16,192533.2860267935,2.34,2.87,1.57,1.4,2.28,218.0,10.99,7.27,17.17,0
2026-03-10 18:30:00+00:00,2.35,10.08,208832.4079173669,2.24,2.85,2.26,1.34,2.18,231.0,10.3,6.8500000000000005,15.22,0
2026-03-10 19:00:00+00:00,2.2,10.0,196254.62138129835,2.12,2.63,2.1,1.27,2.07,226.0,12.51,6.99,15.06,0
2026-03-10 19:30:00+00:00,2.27,10.04,196680.4672235232,2.14,2.65,1.96,1.28,2.09,225.0,11.99,7.0200000000000005,15.96,0
2026-03-10 20:00:00+00:00,2.41,10.3,206132.0337997099,2.33,2.94,2.26,1.44,2.3000000000000003,203.0,9.95,7.8,15.66,0
2026-03-10 20:30:00+00:00,2.42,10.29,201115.81069951144,2.25,2.87,2.18,1.37,2.23,208.0,9.96,7.63,15.45,0
2026-03-10 21:00:00+00:00,2.26,10.25,183236.67766959575,2.12,2.65,1.77,1.3,2.1,210.0,11.4,7.51,15.52,0
2026-03-10 21:30:00+00:00,2.22,10.5,179458.24086348427,2.1,2.6,1.11,1.31,2.1,199.0,11.27,7.91,18.48,0
2026-03-10 22:00:00+00:00,2.46,11.23,188933.96887711767,2.34,2.93,1.21,1.42,2.31,191.0,11.47,8.3,17.11,0
2026-03-10 22:30:00+00:00,2.32,11.03,204328.28578305437,2.21,2.73,1.89,1.33,2.16,198.0,11.79,7.99,15.68,0
2026-03-10 23:00:00+00:00,2.43,11.4,204391.55511035028,2.23,2.86,2.05,1.36,2.21,188.0,12.77,8.4,17.75,0
2026-03-10 23:30:00+00:00,2.26,11.62,211598.3737178643,2.23,2.78,1.65,1.34,2.18,180.0,12.28,8.78,17.71,0
2026-03-11 00:00:00+00:00,2.32,11.59,212158.93930023417,2.18,2.8000000000000003,1.26,1.35,2.16,176.0,12.9,9.02,17.05,0
2026-03-11 00:30:00+00:00,2.5,12.14,213263.324031356,2.34,3.15,1.48,1.42,2.32,168.0,12.73,9.44,17.990000000000002,0
2026-03-11 01:00:00+00:00,2.48,12.11,205647.89145780675,2.35,2.92,2.02,1.5,2.38,162.0,13.16,9.79,16.92,0
2026-03-11 01:30:00+00:00,2.54,12.01,197533.40477061,2.49,3.09,1.92,1.62,2.5500000000000003,154.0,12.66,10.26,17.2,0
2026-03-11 02:00:00+00:00,2.94,12.53,191390.3865849579,2.94,3.71,1.48,1.77,2.88,154.0,10.89,10.28,17.18,0
2026-03-11 02:30:00+00:00,2.8000000000000003,12.58,186137.98044226624,2.78,3.5,0.99,1.73,2.76,146.0,11.7,10.81,18.19,0
2026-03-11 03:00:00+00:00,2.91,12.89,180527.5552964859,2.86,3.59,2.23,1.74,2.82,149.0,12.26,10.64,16.830000000000002,0
2026-03-11 03:30:00+00:00,3.21,12.54,177373.28581835868,3.09,3.8,1.61,1.95,3.1,145.0,12.49,10.88,18.43,0
2026-03-11 04:00:00+00:00,2.81,12.44,196425.4858435004,2.7,3.31,1.65,1.75,2.76,145.0,12.53,10.89,18.47,0
2026-03-11 04:30:00+00:00,3.11,12.88,192253.5844088609,2.95,3.72,1.74,1.77,2.89,148.0,12.87,10.66,17.96,0
2026-03-11 05:00:00+00:00,3.33,12.66,193481.5832649483,3.19,3.95,1.96,1.96,3.16,146.0,13.52,10.77,17.36,0
2026-03-11 05:30:00+00:00,2.94,12.36,191991.18818903933,2.95,3.67,1.01,1.8,2.91,153.0,12.32,10.32,17.78,0
2026-03-11 06:00:00+00:00,3.33,12.57,206097.9076385634,3.15,3.79,1.82,2.02,3.19,145.0,12.77,10.94,17.67,0
2026-03-11 06:30:00+00:00,2.93,11.84,188802.0865218645,2.76,3.37,2.63,1.81,2.82,155.0,11.84,10.19,16.740000000000002,0
2026-03-11 07:00:00+00:00,3.12,12.38,213866.55357742248,3.12,4.1,3.12,1.91,3.09,149.0,12.86,10.67,17.3,0
2026-03-11 07:30:00+00:00,3.0500000000000003,12.0,192239.23009938537,2.94,3.6,1.68,1.86,2.95,154.0,11.16,10.24,18.7,0
2026-03-11 08:00:00+00:00,3.44,12.59,210444.31592189017,3.15,3.91,2.6,1.99,3.17,147.0,12.6,10.62,17.04,0
2026-03-11 08:30:00+00:00,3.06,11.77,210120.51896934264,2.89,3.74,1.12,1.76,2.86,164.0,13.25,9.56,17.71,0
2026-03-11 09:00:00+00:00,2.93,11.44,208464.6697297259,2.85,3.66,1.64,1.79,2.85,160.0,12.18,9.91,17.41,0
2026-03-11 09:30:00+00:00,2.922386346716071,11.419572859681042,220974.1036094504,2.8430994109393906,3.6387607230392156,1.63140625,1.7897519921415983,2.8441042368628575,160.02880031779662,12.103926263400359,9.90766024178832,17.4327734375,1
2026-03-11 10:00:00+00:00,2.9181057322788524,11.40776565476481,204618.08179384453,2.839172710821846,3.6262867647058825,1.60875,1.788881830199765,2.840374758047172,160.12552966101694,12.059832359694289,9.900013686131388,17.4928125,1
2026-03-11 10:30:00+00:00,2.916043587734123,11.40175800902408,191300.158162189,2.837183039327348,3.6194439338235296,1.57671875,1.7872003066245594,2.837856387554664,160.30568061440678,12.037238906234947,9.88611941149635,17.577695312499998,1
2026-03-11 11:00:00+00:00,2.915085344127659,11.398729546231623,184029.4947248001,2.8360935361358823,3.6150980392156864,1.54,1.7845182138660398,2.8355939493870532,160.58474576271186,12.025666520375504,9.865036496350365,17.675,1
2026-03-11 11:30:00+00:00,2.9141164325052373,11.39585989016021,195416.9627262473,2.8348673409274316,3.6101148897058826,1.50328125,1.7806463443742657,2.8326322675460607,160.97821769067795,12.014635819469122,9.835824019160583,17.7723046875,1
2026-03-11 12:00:00+00:00,2.912022283912635,11.39032866458262,191543.36728910723,2.8324675933819785,3.6013602941176472,1.47125,1.775395490599295,2.8280161660334073,161.50158898305082,11.99366742086897,9.797541058394161,17.8571875,1
2026-03-11 12:30:00+00:00,2.9076883293956306,11.379315493271625,177390.40360019956,2.827857433179507,3.5857000612745096,1.44859375,1.7685764449911867,2.820790468850814,162.17035222457625,11.952281941928206,9.749246692518248,17.9172265625,1
2026-03-11 13:00:00+00:00,2.9,11.36,180143.96731948742,2.82,3.56,1.44,1.76,2.81,163.0,11.88,9.69,17.94,0
2026-03-11 13:30:00+00:00,2.74,11.2,172033.45551090038,2.61,3.22,2.52,1.66,2.63,169.0,11.3,9.36,16.16,0
2026-03-11 14:00:00+00:00,2.95,11.18,178162.4569418035,2.76,3.63,3.24,1.63,2.69,183.0,14.73,8.65,16.38,0
2026-03-11 14:30:00+00:00,2.79,10.89,125145.36520607458,2.71,3.35,1.58,1.71,2.71,176.0,10.58,8.97,16.94,0
2026-03-11 15:00:00+00:00,2.6,11.35,0.0,2.53,3.0700000000000003,1.65,1.59,2.53,171.0,13.54,9.24,16.44,0
2026-03-11 15:30:00+00:00,2.54,10.97,0.0,2.46,3.17,1.2,1.49,2.42,178.0,12.01,8.88,16.76,0
2026-03-11 16:00:00+00:00,2.76,11.08,0.0,2.63,3.18,1.45,1.66,2.64,179.0,11.11,8.83,16.91,0
2026-03-11 16:30:00+00:00,2.79,11.25,0.0,2.73,3.44,2.17,1.71,2.75,171.0,11.24,9.27,16.35,0
2026-03-11 17:00:00+00:00,2.77,11.18,0.0,2.57,3.16,2.37,1.65,2.62,175.0,12.65,8.98,17.13,0
2026-03-11 17:30:00+00:00,2.59,11.03,0.0,2.45,3.13,1.95,1.48,2.41,193.0,10.25,8.23,15.5,0
2026-03-11 18:00:00+00:00,2.62,11.28,0.0,2.5500000000000003,3.12,2.35,1.52,2.47,185.0,11.34,8.540000000000001,16.71,0
2026-03-11 18:30:00+00:00,2.76,11.02,0.0,2.61,3.34,1.45,1.55,2.56,191.0,11.38,8.290000000000001,16.31,0
2026-03-11 19:00:00+00:00,2.79,11.23,0.0,2.6,3.37,3.0,1.5,2.52,202.0,12.4,7.8,16.13,0
2026-03-11 19:30:00+00:00,3.03,11.55,0.0,2.85,3.56,1.78,1.74,2.82,182.0,11.89,8.63,16.8,0
2026-03-11 20:00:00+00:00,2.66,10.9,0.0,2.52,3.06,2.71,1.54,2.47,193.0,12.93,8.18,15.78,0
2026-03-11 20:30:00+00:00,2.7,11.38,0.0,2.6,3.24,1.51,1.67,2.64,173.0,11.64,9.13,17.32,0
2026-03-11 21:00:00+00:00,3.01,11.56,0.0,2.9,3.91,2.41,1.72,2.85,180.0,13.0,8.75,17.19,0
2026-03-11 21:30:00+00:00,3.16,11.65,0.0,2.99,3.68,1.89,1.72,2.88,186.0,13.16,8.48,17.73,0
2026-03-11 22:00:00+00:00,2.81,11.66,0.0,2.65,3.37,2.66,1.56,2.57,184.0,13.35,8.53,15.89,0
2026-03-11 22:30:00+00:00,2.72,11.56,0.0,2.61,3.28,2.14,1.54,2.53,190.0,12.43,8.3,17.38,0
2026-03-11 23:00:00+00:00,2.8000000000000003,11.56,0.0,2.69,3.38,2.79,1.58,2.61,186.0,11.6,8.46,16.66,0
2026-03-11 23:30:00+00:00,2.92,11.51,0.0,2.7,3.6,1.63,1.61,2.65,185.0,12.69,8.56,15.29,0
2026-03-12 00:00:00+00:00,2.82,11.48,0.0,2.57,3.1,2.01,1.55,2.51,192.0,11.06,8.24,17.01,1
2026-03-12 00:30:00+00:00,3.1,12.26,0.0,2.93,3.78,1.81,1.78,2.9,169.0,12.56,9.29,16.06,0
2026-03-12 01:00:00+00:00,2.94,11.86,0.0,2.81,3.46,2.4,1.77,2.81,165.0,11.2,9.57,16.05,0
2026-03-12 01:30:00+00:00,3.21,12.16,0.0,3.1,3.95,2.39,1.92,3.09,161.0,12.12,9.78,17.14,0
2026-03-12 02:00:00+00:00,3.42,12.13,0.0,3.3200000000000003,4.22,1.75,2.01,3.28,156.0,12.47,10.15,16.47,0
2026-03-12 02:30:00+00:00,3.0700000000000003,11.99,0.0,2.96,3.81,1.59,1.83,2.95,161.0,12.26,9.77,16.76,0
2026-03-12 03:00:00+00:00,3.2,11.86,0.0,3.0700000000000003,3.9,1.89,1.89,3.04,161.0,14.17,9.83,19.96,0
2026-03-12 03:30:00+00:00,3.02,11.98,0.0,2.87,3.56,1.57,1.83,2.89,155.0,12.33,10.15,17.39,0
2026-03-12 04:00:00+00:00,3.3000000000000003,12.11,0.0,3.19,4.0600000000000005,2.22,2.01,3.21,149.0,12.35,10.54,17.52,0
2026-03-12 04:30:00+00:00,3.16,11.67,0.0,3.1,4.0,2.28,1.96,3.13,154.0,12.21,10.25,16.63,0
2026-03-12 05:00:00+00:00,3.28,11.8,0.0,3.27,4.19,2.4,2.06,3.29,156.0,12.21,10.17,16.93,0
2026-03-12 05:30:00+00:00,3.21,11.79,0.0,3.21,3.8,1.73,2.0,3.2,153.0,11.82,10.36,17.62,0
2026-03-12 06:00:00+00:00,2.87,11.29,0.0,2.68,3.31,1.95,1.65,2.65,172.0,12.62,9.19,16.34,0
2026-03-12 06:30:00+00:00,3.0,11.63,0.0,2.79,3.43,1.33,1.79,2.84,161.0,13.32,9.82,18.36,0
2026-03-12 07:00:00+00:00,3.15,11.67,0.0,2.98,3.72,1.88,1.82,2.94,167.0,12.05,9.45,17.88,0
2026-03-12 07:30:00+00:00,2.86,11.5,0.0,2.78,3.33,1.54,1.72,2.77,164.0,12.27,9.68,15.97,0
2026-03-12 08:00:00+00:00,2.71,11.32,0.0,2.61,3.2,1.83,1.67,2.63,164.0,11.58,9.61,17.21,0
2026-03-12 08:30:00+00:00,3.13,11.48,0.0,3.06,3.93,2.97,1.89,3.03,158.0,10.87,9.97,17.05,0
2026-03-12 09:00:00+00:00,3.06,11.4,0.0,2.91,3.69,1.68,1.83,2.93,163.0,10.91,9.64,17.73,0
2026-03-12 09:30:00+00:00,2.95,11.83,0.0,2.81,3.42,1.37,1.81,2.86,154.0,10.86,10.24,17.26,0
2026-03-12 10:00:00+00:00,2.83,11.44,0.0,2.68,3.37,1.31,1.64,2.65,168.0,11.66,9.36,17.07,0
2026-03-12 10:30:00+00:00,2.81,11.62,0.0,2.71,3.39,2.38,1.69,2.71,161.0,11.39,9.82,16.22,0
2026-03-12 11:00:00+00:00,2.68,11.49,0.0,2.58,3.09,1.74,1.59,2.56,167.0,12.37,9.41,15.84,0
2026-03-12 11:30:00+00:00,2.58,11.22,0.0,2.38,3.0700000000000003,0.99,1.44,2.34,173.0,12.35,9.11,17.27,0
2026-03-12 12:00:00+00:00,2.64,11.36,0.0,2.5500000000000003,3.26,1.51,1.61,2.5500000000000003,162.0,13.09,9.73,15.2,0
2026-03-12 12:30:00+00:00,2.35,10.87,0.0,2.28,2.79,1.4,1.49,2.34,167.0,10.93,9.48,15.94,0
2026-03-12 13:00:00+00:00,2.82,11.67,0.0,2.73,3.42,1.26,1.69,2.72,158.0,11.16,9.98,16.8,0
2026-03-12 13:30:00+00:00,2.51,11.12,0.0,2.47,3.02,1.47,1.61,2.51,160.0,10.83,9.92,15.76,0
2026-03-12 14:00:00+00:00,2.52,10.9,0.0,2.43,2.89,1.37,1.57,2.47,163.0,10.35,9.65,17.09,0
2026-03-12 14:30:00+00:00,2.35,11.08,0.0,2.22,2.87,1.71,1.34,2.18,181.0,11.7,8.74,15.25,0
2026-03-12 15:00:00+00:00,2.45,11.26,0.0,2.34,2.92,0.95,1.52,2.39,159.0,11.95,9.92,17.77,0
2026-03-12 15:30:00+00:00,2.47,10.99,0.0,2.45,3.04,1.32,1.56,2.49,162.0,10.34,9.77,17.68,0
2026-03-12 16:00:00+00:00,2.31,10.83,0.0,2.3000000000000003,2.8000000000000003,1.39,1.44,2.29,170.0,11.54,9.26,15.86,0
2026-03-12 16:30:00+00:00,2.38,11.06,0.0,2.32,2.79,1.76,1.5,2.35,158.0,9.97,9.96,15.67,0
2026-03-12 17:00:00+00:00,2.12,10.77,0.0,2.09,2.85,1.34,1.27,2.08,178.0,11.6,8.89,17.34,0
2026-03-12 17:30:00+00:00,2.11,10.38,0.0,2.1,2.66,1.45,1.3,2.08,176.0,10.11,9.02,15.23,0
2026-03-12 18:00:00+00:00,2.47,11.12,0.0,2.34,2.81,1.06,1.56,2.41,156.0,11.24,10.07,15.31,0
2026-03-12 18:30:00+00:00,2.2,10.7,0.0,2.12,2.74,1.31,1.33,2.13,174.0,11.01,9.09,17.35,0
2026-03-12 19:00:00+00:00,2.03,10.63,0.0,1.96,2.39,1.79,1.28,2.0,172.0,9.72,9.21,15.31,0
2026-03-12 19:30:00+00:00,2.13,10.84,0.0,2.02,2.59,1.07,1.22,1.99,181.0,11.26,8.76,16.01,0
2026-03-12 20:00:00+00:00,2.06,10.58,0.0,1.98,2.44,1.21,1.26,2.0,174.0,9.74,9.04,14.84,0
2026-03-12 20:30:00+00:00,2.3000000000000003,10.71,0.0,2.28,2.84,1.91,1.4,2.26,170.0,10.96,9.33,15.16,0
2026-03-12 21:00:00+00:00,2.16,10.29,0.0,2.09,2.72,1.31,1.33,2.11,175.0,10.67,9.04,14.88,0
2026-03-12 21:30:00+00:00,2.15,10.36,0.0,2.06,2.6,1.37,1.34,2.11,175.0,9.61,9.05,14.6,0
2026-03-12 22:00:00+00:00,2.17,10.37,0.0,2.21,2.77,1.09,1.36,2.18,172.0,10.46,9.21,16.51,0
2026-03-12 22:30:00+00:00,2.15,10.46,0.0,2.1,2.63,1.09,1.29,2.08,174.0,11.67,9.12,14.8,0
2026-03-12 23:00:00+00:00,2.09,10.31,0.0,1.96,2.46,1.24,1.29,2.02,175.0,10.63,9.02,14.52,0
2026-03-12 23:30:00+00:00,2.07,10.17,0.0,1.98,2.5500000000000003,1.16,1.2,1.95,192.0,9.5,8.27,14.24,0
2026-03-13 00:00:00+00:00,2.16,10.38,0.0,2.11,2.6,0.68,1.32,2.1,176.0,10.61,8.93,16.41,0
2026-03-13 00:30:00+00:00,1.94,10.03,0.0,1.83,2.36,1.11,1.13,1.82,191.0,10.31,8.25,15.16,0
2026-03-13 01:00:00+00:00,2.03,10.18,0.0,1.87,2.26,1.12,1.15,1.84,193.0,9.45,8.16,15.18,0
2026-03-13 01:30:00+00:00,2.08,10.43,0.0,2.05,2.48,1.37,1.27,2.04,186.0,10.29,8.52,14.59,0
2026-03-13 02:00:00+00:00,1.88,9.93,0.0,1.79,2.19,1.29,1.17,1.83,183.0,9.29,8.620000000000001,14.83,0
2026-03-13 02:30:00+00:00,1.81,10.21,0.0,1.78,2.27,1.11,1.1,1.76,187.0,11.94,8.47,14.99,0
2026-03-13 03:00:00+00:00,1.84,9.88,0.0,1.85,2.26,1.04,1.18,1.86,183.0,11.18,8.65,15.18,0
2026-03-13 03:30:00+00:00,1.77,10.14,0.0,1.69,2.12,1.5,1.07,1.7,187.0,10.91,8.45,14.7,0
2026-03-13 04:00:00+00:00,1.78,10.35,0.0,1.71,2.11,1.33,1.04,1.68,197.0,11.73,8.05,13.72,0
2026-03-13 04:30:00+00:00,1.82,10.16,0.0,1.76,2.2,0.95,1.09,1.76,191.0,10.25,8.3,14.97,0
2026-03-13 05:00:00+00:00,1.72,9.88,0.0,1.71,2.2,0.9,1.05,1.69,194.0,10.82,8.15,14.38,0
2026-03-13 05:30:00+00:00,1.92,10.11,0.0,1.84,2.34,1.37,1.14,1.83,194.0,10.2,8.13,14.86,0
2026-03-13 06:00:00+00:00,1.69,9.97,0.0,1.58,2.02,1.21,0.93,1.54,220.0,10.55,7.21,15.02,0
2026-03-13 06:30:00+00:00,1.88,10.15,0.0,1.87,2.34,1.41,1.12,1.83,201.0,12.15,7.81,14.34,0
2026-03-13 07:00:00+00:00,1.83,9.77,0.0,1.76,2.26,1.34,1.03,1.7,229.0,10.25,6.92,13.82,0
2026-03-13 07:30:00+00:00,1.8,9.75,0.0,1.68,2.07,1.08,0.99,1.63,228.0,9.86,6.95,14.17,0
2026-03-13 08:00:00+00:00,1.89,9.67,0.0,1.8,2.29,2.01,1.04,1.73,236.0,11.5,6.73,14.2,0
2026-03-13 08:30:00+00:00,1.83,9.5,0.0,1.71,2.26,1.75,0.99,1.67,247.0,9.28,6.4,15.35,0
2026-03-13 09:00:00+00:00,1.97,9.77,0.0,1.89,2.38,1.86,1.11,1.83,235.0,11.63,6.75,14.3,0
2026-03-13 09:30:00+00:00,1.97,9.82,0.0,1.91,2.38,1.42,1.12,1.84,229.0,11.21,6.88,15.8,0
2026-03-13 10:00:00+00:00,1.88,9.65,0.0,1.82,2.27,2.18,1.13,1.8,233.0,10.25,6.8100000000000005,14.73,0
2026-03-13 10:30:00+00:00,2.02,9.71,0.0,1.86,2.43,1.53,1.09,1.8,246.0,9.46,6.41,15.82,0
2026-03-13 11:00:00+00:00,2.03,9.59,0.0,1.92,2.36,1.2,1.13,1.85,250.0,12.16,6.3500000000000005,14.76,0
2026-03-13 11:30:00+00:00,2.0,9.15,0.0,1.9,2.43,2.26,1.19,1.89,248.0,9.86,6.4,15.64,0
2026-03-13 12:00:00+00:00,2.0,9.55,0.0,1.89,2.44,1.39,1.14,1.85,253.0,9.72,6.25,13.99,0
2026-03-13 12:30:00+00:00,2.1,9.57,0.0,1.91,2.48,1.16,1.17,1.89,247.0,10.2,6.4,17.12,0
2026-03-13 13:00:00+00:00,2.17,9.9,0.0,2.06,2.65,1.46,1.23,2.0,241.0,11.85,6.58,14.82,0
2026-03-13 13:30:00+00:00,2.2,10.12,0.0,2.08,2.57,0.93,1.26,2.04,232.0,10.77,6.82,18.12,0
2026-03-13 14:00:00+00:00,2.33,10.19,0.0,2.14,2.61,1.41,1.33,2.13,226.0,10.65,6.99,14.96,0
2026-03-13 14:30:00+00:00,2.48,10.2,0.0,2.25,2.87,2.02,1.32,2.18,229.0,10.71,6.91,16.95,0
2026-03-13 15:00:00+00:00,2.63,10.72,0.0,2.5,3.18,2.16,1.49,2.44,213.0,10.82,7.42,18.92,0
2026-03-13 15:30:00+00:00,2.69,11.27,10530.17485006293,2.52,3.18,1.67,1.54,2.49,202.0,11.68,7.87,16.6,0
2026-03-13 16:00:00+00:00,2.72,11.31,176745.95326678077,2.47,3.2,2.47,1.47,2.41,221.0,11.61,7.18,16.15,0
2026-03-13 16:30:00+00:00,2.72,11.11,164186.84285582975,2.48,3.24,1.49,1.51,2.46,217.0,11.9,7.3,16.05,0
2026-03-13 17:00:00+00:00,2.87,11.34,21129.688973753557,2.64,3.3000000000000003,1.79,1.62,2.62,197.0,13.46,8.02,16.87,0
2026-03-13 17:30:00+00:00,2.95,11.77,0.0,2.69,3.48,1.93,1.61,2.63,197.0,11.97,8.02,18.15,0
2026-03-13 18:00:00+00:00,2.89,11.79,0.0,2.77,3.47,2.77,1.69,2.72,187.0,10.43,8.43,16.25,0
2026-03-13 18:30:00+00:00,2.89,11.85,0.0,2.73,3.33,2.47,1.75,2.77,174.0,15.33,9.12,18.03,0
2026-03-13 19:00:00+00:00,3.39,12.84,0.0,3.19,4.1,1.55,1.99,3.2,164.0,16.25,9.62,16.87,0
2026-03-13 19:30:00+00:00,3.21,12.43,0.0,3.02,3.82,2.46,1.91,3.03,165.0,16.79,9.48,18.08,0
2026-03-13 20:00:00+00:00,3.4,12.36,0.0,3.31,4.12,1.84,1.97,3.23,173.0,12.63,9.15,21.24,0
2026-03-13 20:30:00+00:00,3.47,12.86,0.0,3.18,4.15,1.6,1.96,3.17,170.0,15.71,9.31,19.76,0
2026-03-13 21:00:00+00:00,3.5700000000000003,12.95,0.0,3.44,4.32,2.71,2.18,3.48,154.0,13.97,10.26,18.76,0
2026-03-13 21:30:00+00:00,3.67,13.23,0.0,3.5500000000000003,4.5600000000000005,2.28,2.12,3.49,158.0,14.05,9.99,18.33,0
2026-03-13 22:00:00+00:00,3.83,13.34,0.0,3.73,4.4,2.85,2.29,3.69,155.0,13.79,10.2,18.65,0
2026-03-13 22:30:00+00:00,3.5500000000000003,12.84,0.0,3.33,4.2,2.66,1.99,3.25,167.0,14.68,9.42,19.0,0
2026-03-13 23:00:00+00:00,3.69,12.92,0.0,3.69,4.55,2.23,2.33,3.69,147.0,14.47,10.79,18.58,0
2026-03-13 23:30:00+00:00,4.0600000000000005,13.12,0.0,3.92,5.0,3.12,2.26,3.76,162.0,12.06,9.73,18.68,0
2026-03-14 00:00:00+00:00,3.79,12.98,0.0,3.72,4.59,1.98,2.26,3.66,157.0,14.63,10.05,19.91,0
2026-03-14 00:30:00+00:00,3.8,12.82,0.0,3.71,4.68,4.23,2.18,3.58,169.0,14.7,9.35,18.21,0
2026-03-14 01:00:00+00:00,4.34,13.02,0.0,4.17,5.43,1.93,2.49,4.09,159.0,13.91,9.91,19.51,0
2026-03-14 01:30:00+00:00,3.78,12.97,0.0,3.44,4.51,2.64,2.0,3.3200000000000003,180.0,12.97,8.790000000000001,18.9,0
2026-03-14 02:00:00+00:00,4.1,13.22,0.0,3.89,5.11,2.78,2.36,3.85,163.0,12.66,9.68,17.78,0
2026-03-14 02:30:00+00:00,4.03,12.8,0.0,3.92,4.91,2.67,2.29,3.79,171.0,13.75,9.29,20.2,0
2026-03-14 03:00:00+00:00,4.04,13.19,0.0,3.73,4.78,2.49,2.16,3.6,181.0,15.04,8.77,19.39,0
2026-03-14 03:30:00+00:00,4.24,13.11,0.0,3.79,5.3,2.6,2.21,3.71,177.0,12.47,8.89,17.96,0
2026-03-14 04:00:00+00:00,3.91,12.75,0.0,3.75,4.61,3.14,2.31,3.72,165.0,14.55,9.58,18.44,0
2026-03-14 04:30:00+00:00,4.12,12.97,0.0,3.8,4.68,3.74,2.31,3.74,170.0,14.34,9.28,17.43,0
2026-03-14 05:00:00+00:00,4.44,13.17,0.0,4.19,5.25,2.23,2.58,4.16,154.0,12.47,10.28,20.4,0
2026-03-14 05:30:00+00:00,3.84,12.67,0.0,3.69,4.68,3.34,2.26,3.65,166.0,15.62,9.57,17.75,0
2026-03-14 06:00:00+00:00,3.99,12.64,0.0,3.76,4.74,2.53,2.23,3.66,177.0,14.07,8.96,17.91,0
2026-03-14 06:30:00+00:00,3.77,12.64,0.0,3.61,4.63,2.63,2.25,3.62,169.0,14.49,9.33,17.85,0
2026-03-14 07:00:00+00:00,3.99,12.82,0.0,3.79,4.67,2.74,2.24,3.66,170.0,14.49,9.28,17.650000000000002,0
2026-03-14 07:30:00+00:00,4.07,13.08,0.0,3.81,4.76,2.48,2.44,3.86,149.0,15.55,10.56,18.33,0
2026-03-14 08:00:00+00:00,3.66,12.52,0.0,3.53,4.43,2.4,2.17,3.51,161.0,12.47,9.74,20.56,0
2026-03-14 08:30:00+00:00,3.69,12.65,0.0,3.49,4.11,2.63,2.22,3.5,160.0,13.57,9.92,19.29,0
2026-03-14 09:00:00+00:00,3.88,12.58,0.0,3.67,4.5600000000000005,1.53,2.22,3.62,165.0,14.6,9.59,20.08,0
2026-03-14 09:30:00+00:00,4.07,13.1,0.0,4.09,4.96,1.48,2.5,4.0,150.0,14.82,10.53,19.73,0
2026-03-14 10:00:00+00:00,3.66,12.23,0.0,3.52,4.3,3.21,2.12,3.45,172.0,14.44,9.19,17.45,0
2026-03-14 10:30:00+00:00,3.617390149644383,12.225378169051774,0.0,3.4764990161051,4.247959072787624,3.2099560439227135,2.0951440092216065,3.4088391091137855,172.0925024871354,14.342954548822306,9.185064750015618,17.450006680350523,1
2026-03-14 11:00:00+00:00,3.576449986784062,12.22095051304441,0.0,3.4346358976113662,4.197669831810204,3.209818472705991,2.0712727974057112,3.369288715564444,172.18111124809496,14.249789041237957,9.180337169074338,17.450031058363898,1
2026-03-14 11:30:00+00:00,3.5371439046174764,12.216712822266489,0.0,3.3943767003125505,4.149098446583905,3.20957873187254,2.0483654161643834,3.3313147233826204,172.26591076441701,14.160416737362768,9.175812752626246,17.450079639482844,1
2026-03-14 12:00:00+00:00,3.4994362963430654,12.21266088700659,0.0,3.355687480002404,4.102211086624893,3.2092282669450674,2.0264009171096915,3.2948830365989603,172.34698551763992,14.074750897312555,9.171486996121423,17.45015892915006,1
2026-03-14 12:30:00+00:00,,,0.0,,,,,,,,,,0
2026-03-14 13:00:00+00:00,,,0.0,,,,,,,,,,0
2026-03-14 13:30:00+00:00,,,0.0,,,,,,,,,,0
2026-03-14 14:00:00+00:00,,,0.0,,,,,,,,,,0
2026-03-14 14:30:00+00:00,,,0.0,,,,,,,,,,0
2026-03-14 15:00:00+00:00,,,0.0,,,,,,,,,,0
2026-03-14 15:30:00+00:00,,,0.0,,,,,,,,,,0
2026-03-14 16:00:00+00:00,,,0.0,,,,,,,,,,0
2026-03-14 16:30:00+00:00,,,0.0,,,,,,,,,,0
2026-03-14 17:00:00+00:00,,,0.0,,,,,,,,,,0
2026-03-14 17:30:00+00:00,,,0.0,,,,,,,,,,0
2026-03-14 18:00:00+00:00,,,0.0,,,,,,,,,,0
2026-03-14 18:30:00+00:00,,,0.0,,,,,,,,,,0
2026-03-14 19:00:00+00:00,,,0.0,,,,,,,,,,0
2026-03-14 19:30:00+00:00,,,0.0,,,,,,,,,,0
2026-03-14 20:00:00+00:00,,,0.0,,,,,,,,,,0
2026-03-14 20:30:00+00:00,,,0.0,,,,,,,,,,0
2026-03-14 21:00:00+00:00,,,0.0,,,,,,,,,,0
2026-03-14 21:30:00+00:00,,,0.0,,,,,,,,,,0
2026-03-14 22:00:00+00:00,,,0.0,,,,,,,,,,0
2026-03-14 22:30:00+00:00,,,0.0,,,,,,,,,,0
2026-03-14 23:00:00+00:00,,,0.0,,,,,,,,,,0
2026-03-14 23:30:00+00:00,,,0.0,,,,,,,,,,0
2026-03-15 00:00:00+00:00,,,0.0,,,,,,,,,,0
2026-03-15 00:30:00+00:00,,,0.0,,,,,,,,,,0
2026-03-15 01:00:00+00:00,,,0.0,,,,,,,,,,0
2026-03-15 01:30:00+00:00,,,0.0,,,,,,,,,,0
2026-03-15 02:00:00+00:00,,,0.0,,,,,,,,,,0
2026-03-15 02:30:00+00:00,,,0.0,,,,,,,,,,0
2026-03-15 03:00:00+00:00,,,0.0,,,,,,,,,,0
2026-03-15 03:30:00+00:00,,,0.0,,,,,,,,,,0
2026-03-15 04:00:00+00:00,,,0.0,,,,,,,,,,0
2026-03-15 04:30:00+00:00,,,0.0,,,,,,,,,,0
2026-03-15 05:00:00+00:00,,,0.0,,,,,,,,,,0
2026-03-15 05:30:00+00:00,,,0.0,,,,,,,,,,0
2026-03-15 06:00:00+00:00,,,0.0,,,,,,,,,,0
2026-03-15 06:30:00+00:00,,,0.0,,,,,,,,,,0
2026-03-15 07:00:00+00:00,,,0.0,,,,,,,,,,0
2026-03-15 07:30:00+00:00,,,0.0,,,,,,,,,,0
2026-03-15 08:00:00+00:00,,,0.0,,,,,,,,,,0
2026-03-15 08:30:00+00:00,,,0.0,,,,,,,,,,0
2026-03-15 09:00:00+00:00,,,0.0,,,,,,,,,,0
2026-03-15 09:30:00+00:00,,,0.0,,,,,,,,,,0
2026-03-15 10:00:00+00:00,,,0.0,,,,,,,,,,0
2026-03-15 10:30:00+00:00,,,0.0,,,,,,,,,,0
2026-03-15 11:00:00+00:00,,,0.0,,,,,,,,,,0
2026-03-15 11:30:00+00:00,,,0.0,,,,,,,,,,0
2026-03-15 12:00:00+00:00,,,0.0,,,,,,,,,,0
2026-03-15 12:30:00+00:00,,,0.0,,,,,,,,,,0
2026-03-15 13:00:00+00:00,,,0.0,,,,,,,,,,0
2026-03-15 13:30:00+00:00,,,0.0,,,,,,,,,,0
2026-03-15 14:00:00+00:00,,,0.0,,,,,,,,,,0
2026-03-15 14:30:00+00:00,,,0.0,,,,,,,,,,0
2026-03-15 15:00:00+00:00,,,0.0,,,,,,,,,,0
2026-03-15 15:30:00+00:00,,,0.0,,,,,,,,,,0
2026-03-15 16:00:00+00:00,,,0.0,,,,,,,,,,0
2026-03-15 16:30:00+00:00,,,0.0,,,,,,,,,,0
2026-03-15 17:00:00+00:00,,,0.0,,,,,,,,,,0
2026-03-15 17:30:00+00:00,,,0.0,,,,,,,,,,0
2026-03-15 18:00:00+00:00,,,0.0,,,,,,,,,,0
2026-03-15 18:30:00+00:00,,,0.0,,,,,,,,,,0
2026-03-15 19:00:00+00:00,,,0.0,,,,,,,,,,0
2026-03-15 19:30:00+00:00,,,0.0,,,,,,,,,,0
2026-03-15 20:00:00+00:00,,,0.0,,,,,,,,,,0
2026-03-15 20:30:00+00:00,,,0.0,,,,,,,,,,0
2026-03-15 21:00:00+00:00,,,0.0,,,,,,,,,,0
2026-03-15 21:30:00+00:00,,,0.0,,,,,,,,,,0
2026-03-15 22:00:00+00:00,,,0.0,,,,,,,,,,0
2026-03-15 22:30:00+00:00,,,0.0,,,,,,,,,,0
2026-03-15 23:00:00+00:00,,,0.0,,,,,,,,,,0
2026-03-15 23:30:00+00:00,,,0.0,,,,,,,,,,0
2026-03-16 00:00:00+00:00,,,0.0,,,,,,,,,,0
2026-03-16 00:30:00+00:00,,,0.0,,,,,,,,,,0
2026-03-16 01:00:00+00:00,,,0.0,,,,,,,,,,0
2026-03-16 01:30:00+00:00,,,0.0,,,,,,,,,,0
2026-03-16 02:00:00+00:00,,,0.0,,,,,,,,,,0
2026-03-16 02:30:00+00:00,,,0.0,,,,,,,,,,0
2026-03-16 03:00:00+00:00,,,0.0,,,,,,,,,,0
2026-03-16 03:30:00+00:00,,,0.0,,,,,,,,,,0
2026-03-16 04:00:00+00:00,,,0.0,,,,,,,,,,0
2026-03-16 04:30:00+00:00,,,0.0,,,,,,,,,,0
2026-03-16 05:00:00+00:00,,,0.0,,,,,,,,,,0
2026-03-16 05:30:00+00:00,,,0.0,,,,,,,,,,0
2026-03-16 06:00:00+00:00,,,0.0,,,,,,,,,,0
2026-03-16 06:30:00+00:00,,,0.0,,,,,,,,,,0
2026-03-16 07:00:00+00:00,2.329124839209091,12.09714895537252,0.0,2.1767970310533205,2.65741468107999,1.8261353272237282,1.3659839605392818,2.1899671746388396,174.655741630924,11.0548818912011,9.048347494961625,18.285739780932925,1
2026-03-16 07:30:00+00:00,2.2941816231762413,12.093142974871004,0.0,2.14475738723804,2.627534427258966,1.7834053270387966,1.3458597827194216,2.157196686806044,174.73615732324396,10.959638127260089,9.044061736445066,18.313393548996753,1
2026-03-16 08:00:00+00:00,2.25770348249815,12.088952295282692,0.0,2.1113006302615585,2.5963611161278477,1.73981180875806,1.3248350289482085,2.1229680590682083,174.82028262783768,10.860467717335688,9.039578237479217,18.341650504567404,1
2026-03-16 08:30:00+00:00,2.2196548103732576,12.084572706896164,0.0,2.076392815917628,2.5638609172028035,1.6953462179042258,1.3028887508377118,2.08724719545598,174.9082020262436,10.757283921543724,9.034892493514167,18.37051715308758,1
2026-03-16 09:00:00+00:00,2.18,12.08,0.0,2.04,2.53,1.65,1.28,2.05,175.0,10.65,9.03,18.4,0
2026-03-16 09:30:00+00:00,1.98,11.86,0.0,1.92,2.47,1.22,1.15,1.87,181.0,9.81,8.73,21.22,0
2026-03-16 10:00:00+00:00,2.12,12.07,0.0,2.05,2.53,1.21,1.31,2.07,164.0,10.88,9.62,23.36,0
2026-03-16 10:30:00+00:00,2.09,13.22,0.0,1.97,2.35,2.17,1.25,1.98,165.0,12.38,9.52,19.27,0
2026-03-16 11:00:00+00:00,2.16,13.21,0.0,2.01,2.47,1.98,1.26,2.02,167.0,11.53,9.49,24.28,0
2026-03-16 11:30:00+00:00,2.26,13.58,0.0,2.21,2.68,1.54,1.3,2.13,164.0,20.21,9.59,22.37,0
2026-03-16 12:00:00+00:00,2.49,15.06,0.0,2.35,2.98,1.56,1.42,2.31,142.0,16.94,11.11,22.89,0
2026-03-16 12:30:00+00:00,2.4,14.1,0.0,2.3000000000000003,2.91,1.91,1.43,2.28,147.0,11.27,10.73,22.76,0
2026-03-16 13:00:00+00:00,2.41,14.55,0.0,2.26,2.76,2.2,1.43,2.28,142.0,19.91,11.12,21.99,0
2026-03-16 13:30:00+00:00,2.47,13.79,0.0,2.29,2.96,3.0500000000000003,1.38,2.25,163.0,19.42,9.69,20.73,0
2026-03-16 14:00:00+00:00,2.74,15.01,0.0,2.5,3.17,1.62,1.46,2.44,156.0,14.03,10.16,21.85,0
2026-03-16 14:30:00+00:00,2.7,14.59,0.0,2.57,3.28,1.57,1.54,2.53,146.0,12.58,10.81,22.97,0
2026-03-16 15:00:00+00:00,2.69,14.97,0.0,2.74,3.49,1.54,1.57,2.62,147.0,13.82,10.73,22.1,0
2026-03-16 15:30:00+00:00,3.28,15.4,0.0,3.24,4.2,2.36,1.8,3.04,144.0,18.28,10.87,20.97,0
2026-03-16 16:00:00+00:00,3.45,15.76,0.0,3.34,4.25,1.63,1.93,3.21,139.0,17.17,11.36,21.94,0
2026-03-16 16:30:00+00:00,3.11,15.35,0.0,3.0,3.86,3.02,1.81,2.95,138.0,17.37,11.41,19.21,0
2026-03-16 17:00:00+00:00,3.65,15.22,0.0,3.58,4.45,3.36,2.18,3.52,128.0,14.71,12.4,21.82,0
2026-03-16 17:30:00+00:00,3.72,15.39,0.0,3.63,4.36,3.1,2.16,3.53,126.0,12.68,12.51,20.11,0
2026-03-16 18:00:00+00:00,3.2,14.52,0.0,3.1,3.88,1.82,1.91,3.06,131.0,12.74,12.06,19.72,0
2026-03-16 18:30:00+00:00,3.47,14.79,0.0,3.46,4.18,2.22,2.17,3.48,122.0,15.13,13.02,20.24,0
2026-03-16 19:00:00+00:00,3.49,14.96,0.0,3.59,4.49,1.72,2.21,3.5500000000000003,121.0,15.51,13.07,21.25,0
2026-03-16 19:30:00+00:00,3.47,15.08,0.0,3.16,3.89,1.27,2.2,3.38,116.0,14.93,13.55,20.91,0
2026-03-16 20:00:00+00:00,3.44,14.85,0.0,3.41,4.5200000000000005,3.13,2.19,3.49,120.0,14.6,13.2,20.44,0
2026-03-16 20:30:00+00:00,3.67,14.64,0.0,3.71,4.76,2.02,2.4,3.78,118.0,15.25,13.39,21.31,0
2026-03-16 21:00:00+00:00,3.47,14.71,0.0,3.23,4.0600000000000005,2.28,2.04,3.27,127.0,14.45,12.4,19.89,0
2026-03-16 21:30:00+00:00,3.09,14.13,0.0,2.9,3.5500000000000003,3.16,1.79,2.87,140.0,14.97,11.33,19.3,0
2026-03-16 22:00:00+00:00,3.43,14.21,0.0,3.25,3.99,1.33,2.07,3.3000000000000003,129.0,12.31,12.22,23.31,0
2026-03-16 22:30:00+00:00,3.67,14.78,0.0,3.53,4.1,3.03,2.12,3.42,132.0,14.27,11.91,19.36,0
2026-03-16 23:00:00+00:00,3.43,14.71,0.0,3.21,3.77,2.65,2.05,3.24,124.0,14.18,12.66,20.14,0
2026-03-16 23:30:00+00:00,3.38,14.36,0.0,3.31,4.17,1.55,2.01,3.27,130.0,14.53,12.16,20.46,0
2026-03-17 00:00:00+00:00,3.46,14.65,0.0,3.3200000000000003,4.0200000000000005,1.97,2.08,3.3000000000000003,126.0,15.6,12.48,20.02,0
2026-03-17 00:30:00+00:00,3.18,14.58,0.0,3.04,3.91,2.65,1.91,3.09,129.0,15.01,12.18,20.46,0
2026-03-17 01:00:00+00:00,3.3200000000000003,14.43,0.0,3.13,3.99,1.07,1.97,3.15,130.0,16.15,12.15,20.97,0
2026-03-17 01:30:00+00:00,2.93,14.04,0.0,2.83,3.72,2.11,1.89,2.96,130.0,14.87,12.13,21.06,0
2026-03-17 02:00:00+00:00,3.15,14.99,0.0,3.02,3.95,1.96,1.76,2.93,134.0,14.49,11.8,22.04,0
2026-03-17 02:30:00+00:00,3.2,14.75,0.0,3.1,3.94,2.11,1.87,3.06,132.0,14.59,11.98,22.03,0
2026-03-17 03:00:00+00:00,3.11,14.51,0.0,2.97,3.62,2.11,1.94,3.0500000000000003,126.0,15.08,12.57,21.55,0
2026-03-17 03:30:00+00:00,3.15,15.03,0.0,3.11,3.73,1.39,1.91,3.08,126.0,12.77,12.41,22.14,0
2026-03-17 04:00:00+00:00,2.94,14.67,0.0,2.91,3.78,1.72,1.74,2.86,134.0,13.24,11.82,23.09,0
2026-03-17 04:30:00+00:00,3.26,14.6,0.0,3.21,4.08,2.27,1.91,3.13,132.0,15.22,11.96,21.83,0
2026-03-17 05:00:00+00:00,3.2,15.1,0.0,3.12,3.7,2.16,1.99,3.15,121.0,15.13,13.0,21.73,0
2026-03-17 05:30:00+00:00,3.0700000000000003,14.8,0.0,2.97,3.68,1.79,1.93,3.04,125.0,13.39,12.54,20.09,0
2026-03-17 06:00:00+00:00,3.5700000000000003,14.94,0.0,3.27,3.81,1.77,2.11,3.33,125.0,15.77,12.63,22.06,0
2026-03-17 06:30:00+00:00,3.4,15.0,0.0,3.27,4.03,1.87,2.02,3.27,130.0,17.22,12.14,21.48,0
2026-03-17 07:00:00+00:00,3.24,14.95,0.0,2.9,3.8,2.26,1.8,2.93,135.0,14.15,11.72,21.9,0
2026-03-17 07:30:00+00:00,3.46,14.95,0.0,3.3000000000000003,4.21,2.09,2.01,3.28,124.0,15.17,12.6,22.41,0
2026-03-17 08:00:00+00:00,3.27,14.67,0.0,3.0700000000000003,3.95,1.38,1.88,3.06,130.0,14.09,12.08,21.0,0
2026-03-17 08:30:00+00:00,3.3200000000000003,14.73,0.0,3.18,4.14,1.68,1.8,3.0500000000000003,141.0,13.96,11.19,23.47,0
2026-03-17 09:00:00+00:00,3.22,14.47,0.0,3.11,3.97,1.87,1.96,3.14,127.0,13.74,12.36,19.31,0
2026-03-17 09:30:00+00:00,2.86,14.8,0.0,2.82,3.26,1.6,1.8,2.83,127.0,14.74,12.34,20.07,0
2026-03-17 10:00:00+00:00,3.22,14.68,0.0,3.08,3.82,2.03,1.91,3.0700000000000003,132.0,15.49,11.92,19.75,0
2026-03-17 10:30:00+00:00,3.22,14.84,0.0,3.06,3.82,1.82,1.91,3.06,127.0,15.38,12.36,21.64,0
2026-03-17 11:00:00+00:00,3.03,15.05,0.0,2.81,3.5700000000000003,2.04,1.58,2.69,145.0,14.65,10.88,22.27,0
2026-03-17 11:30:00+00:00,2.98,14.52,0.0,2.93,3.69,1.4,1.77,2.89,128.0,14.82,12.37,20.94,0
2026-03-17 12:00:00+00:00,2.86,14.56,0.0,2.83,3.48,1.97,1.79,2.84,125.0,16.0,12.62,20.49,0
2026-03-17 12:30:00+00:00,2.66,14.26,0.0,2.62,3.23,1.69,1.66,2.63,129.0,14.61,12.3,22.18,0
2026-03-17 13:00:00+00:00,2.95,14.69,0.0,2.76,3.54,2.08,1.76,2.78,125.0,16.11,12.6,21.32,0
2026-03-17 13:30:00+00:00,2.65,14.41,0.0,2.56,3.22,1.84,1.51,2.48,136.0,15.57,11.64,19.25,0
2026-03-17 14:00:00+00:00,2.77,14.32,0.0,2.69,3.3200000000000003,1.07,1.68,2.68,128.0,15.18,12.38,22.52,0
2026-03-17 14:30:00+00:00,2.44,13.74,0.0,2.4,3.04,1.69,1.5,2.4,134.0,14.6,11.77,19.54,0
2026-03-17 15:00:00+00:00,2.84,14.51,0.0,2.79,3.52,2.47,1.68,2.72,130.0,15.9,12.03,19.7,0
2026-03-17 15:30:00+00:00,2.41,13.69,0.0,2.24,2.82,1.35,1.4,2.24,140.0,16.240000000000002,11.31,19.13,0
2026-03-17 16:00:00+00:00,2.56,14.33,0.0,2.54,3.29,1.61,1.67,2.63,121.0,15.45,13.08,20.64,0
2026-03-17 16:30:00+00:00,2.37,14.04,0.0,2.31,2.88,0.9,1.43,2.32,134.0,16.22,11.73,21.9,0
2026-03-17 17:00:00+00:00,2.56,14.0,0.0,2.52,3.16,1.38,1.58,2.51,133.0,13.6,11.84,21.5,0
2026-03-17 17:30:00+00:00,2.58,13.63,0.0,2.5,3.17,1.49,1.55,2.49,135.0,13.26,11.71,20.93,0
2026-03-17 18:00:00+00:00,2.57,13.86,0.0,2.49,3.15,1.58,1.5,2.45,141.0,14.08,11.23,18.71,0
2026-03-17 18:30:00+00:00,2.69,14.11,0.0,2.5500000000000003,3.31,1.34,1.51,2.49,141.0,15.53,11.24,22.37,0
2026-03-17 19:00:00+00:00,2.67,14.1,0.0,2.6,3.21,1.14,1.59,2.58,133.0,14.57,11.92,19.71,0
2026-03-17 19:30:00+00:00,2.46,13.84,0.0,2.33,2.91,1.46,1.45,2.33,137.0,14.86,11.57,20.37,0
2026-03-17 20:00:00+00:00,2.52,13.78,0.0,2.45,3.09,1.28,1.46,2.4,144.0,12.85,10.93,18.4,0
2026-03-17 20:30:00+00:00,2.59,14.1,0.0,2.56,3.09,1.81,1.65,2.6,123.0,14.49,12.76,19.0,0
2026-03-17 21:00:00+00:00,2.35,13.66,0.0,2.27,2.92,2.42,1.37,2.24,142.0,13.39,11.06,17.29,0
2026-03-17 21:30:00+00:00,2.27,13.55,0.0,2.16,2.73,1.37,1.34,2.15,143.0,15.14,10.99,17.86,0
2026-03-17 22:00:00+00:00,2.57,13.42,0.0,2.4,3.02,0.94,1.5,2.42,142.0,14.24,11.13,19.3,0
2026-03-17 22:30:00+00:00,2.42,13.38,0.0,2.29,2.89,1.34,1.37,2.25,154.0,13.81,10.22,18.97,0
2026-03-17 23:00:00+00:00,2.61,13.6,0.0,2.63,3.31,1.47,1.57,2.58,145.0,14.01,10.94,19.13,0
2026-03-17 23:30:00+00:00,2.51,13.2,0.0,2.42,3.01,1.04,1.41,2.33,153.0,13.78,10.29,20.28,0
2026-03-18 00:00:00+00:00,2.5500000000000003,13.06,0.0,2.43,2.92,1.98,1.53,2.45,149.0,13.18,10.61,17.26,0
2026-03-18 00:30:00+00:00,2.52,13.06,0.0,2.38,2.94,1.3,1.45,2.36,158.0,12.88,9.98,18.71,0
2026-03-18 01:00:00+00:00,2.39,12.85,0.0,2.34,2.96,1.52,1.38,2.27,170.0,12.63,9.2,19.1,0
2026-03-18 01:30:00+00:00,2.49,12.25,0.0,2.38,2.9,2.2,1.41,2.32,178.0,12.44,8.88,18.78,0
2026-03-18 02:00:00+00:00,2.51,11.6,0.0,2.37,2.97,1.68,1.44,2.32,197.0,14.46,8.01,16.25,0
2026-03-18 02:30:00+00:00,2.6,11.93,0.0,2.33,3.0500000000000003,2.24,1.35,2.24,208.0,13.5,7.6,16.27,0
2026-03-18 03:00:00+00:00,2.62,11.72,0.0,2.46,3.29,2.23,1.45,2.39,207.0,12.4,7.66,16.86,0
2026-03-18 03:30:00+00:00,2.64,11.84,0.0,2.46,3.08,1.75,1.44,2.38,200.0,13.59,7.890000000000001,16.47,0
2026-03-18 04:00:00+00:00,2.54,11.73,0.0,2.46,2.97,1.6,1.52,2.43,182.0,13.91,8.67,18.2,0
2026-03-18 04:30:00+00:00,2.53,11.27,0.0,2.39,2.99,2.22,1.5,2.39,196.0,12.03,8.07,16.62,0
2026-03-18 05:00:00+00:00,2.73,11.89,0.0,2.59,3.22,2.38,1.63,2.61,179.0,13.49,8.84,16.87,0
2026-03-18 05:30:00+00:00,2.72,12.31,0.0,2.66,3.42,2.78,1.56,2.58,179.0,14.34,8.870000000000001,17.27,0
2026-03-18 06:00:00+00:00,2.56,12.02,0.0,2.39,3.14,2.45,1.48,2.38,178.0,11.87,8.870000000000001,17.21,0
2026-03-18 06:30:00+00:00,2.53,12.44,0.0,2.49,3.06,1.56,1.47,2.41,170.0,12.54,9.34,19.3,0
2026-03-18 07:00:00+00:00,2.77,12.86,0.0,2.61,3.21,1.69,1.64,2.61,153.0,13.55,10.32,18.3,0
2026-03-18 07:30:00+00:00,2.91,13.35,0.0,2.8000000000000003,3.34,3.22,1.68,2.74,156.0,13.11,10.14,18.98,0
2026-03-18 08:00:00+00:00,2.85,13.64,0.0,2.83,3.44,2.21,1.79,2.82,142.0,12.71,11.14,18.96,0
2026-03-18 08:30:00+00:00,2.79,12.98,0.0,2.61,3.27,1.54,1.62,2.6,158.0,14.43,9.97,18.99,0
2026-03-18 09:00:00+00:00,3.29,13.85,0.0,3.06,3.59,2.53,1.97,3.09,137.0,14.1,11.41,19.28,0
2026-03-18 09:30:00+00:00,3.41,14.21,0.0,3.34,4.08,1.16,2.01,3.26,136.0,15.21,11.6,18.7,0
2026-03-18 10:00:00+00:00,3.45,14.05,0.0,3.3200000000000003,3.97,1.97,1.98,3.22,144.0,13.59,11.03,19.09,0
2026-03-18 10:30:00+00:00,3.7,14.3,0.0,3.63,4.61,2.5,2.25,3.64,130.0,14.4,12.22,19.69,0
2026-03-18 11:00:00+00:00,3.37,14.45,0.0,3.33,4.17,1.83,1.92,3.21,145.0,14.69,10.84,20.94,0
2026-03-18 11:30:00+00:00,3.5,14.8,0.0,3.37,4.18,3.74,2.0,3.29,145.0,15.04,10.96,20.04,0
2026-03-18 12:00:00+00:00,3.6,14.93,0.0,3.45,4.26,2.57,2.01,3.3200000000000003,149.0,14.55,10.51,21.04,0
2026-03-18 12:30:00+00:00,4.0,14.85,0.0,3.97,5.09,2.25,2.34,3.87,138.0,16.09,11.4,23.64,0
2026-03-18 13:00:00+00:00,3.66,14.77,0.0,3.58,4.36,3.33,2.1,3.44,147.0,14.73,10.79,20.74,0
2026-03-18 13:30:00+00:00,3.99,15.14,0.0,3.97,4.99,1.86,2.43,3.97,131.0,16.88,12.05,22.07,0
2026-03-18 14:00:00+00:00,4.22,15.33,0.0,4.15,5.3100000000000005,2.2,2.58,4.16,127.0,16.5,12.33,21.72,0
2026-03-18 14:30:00+00:00,3.82,15.02,0.0,3.61,4.6000000000000005,3.08,2.07,3.47,149.0,16.94,10.52,19.7,0
2026-03-18 15:00:00+00:00,4.43,15.63,0.0,4.39,5.58,1.89,2.66,4.34,125.0,15.88,12.63,21.99,0
2026-03-18 15:30:00+00:00,4.16,15.33,0.0,4.1,4.95,2.57,2.43,3.97,136.0,17.3,11.57,22.39,0
2026-03-18 16:00:00+00:00,4.58,15.69,0.0,4.39,5.25,3.21,2.9,4.49,117.0,17.240000000000002,13.52,21.75,0
2026-03-18 16:30:00+00:00,4.14,14.59,0.0,4.17,5.47,3.06,2.44,4.05,136.0,14.86,11.55,20.85,0
2026-03-18 17:00:00+00:00,3.72,14.19,0.0,3.4,4.2,2.37,2.07,3.34,147.0,13.88,10.71,20.27,0
2026-03-18 17:30:00+00:00,4.39,15.18,0.0,4.3100000000000005,5.43,3.1,2.62,4.2700000000000005,129.0,15.82,12.25,21.02,0
2026-03-18 18:00:00+00:00,3.51,14.4,0.0,3.44,4.39,2.13,2.07,3.39,140.0,15.25,11.33,20.05,0
2026-03-18 18:30:00+00:00,3.97,14.4,0.0,3.78,4.99,2.23,2.27,3.7,139.0,13.33,11.39,19.14,0
2026-03-18 19:00:00+00:00,4.03,14.62,0.0,4.0200000000000005,4.94,1.86,2.45,3.96,133.0,13.27,11.81,21.24,0
2026-03-18 19:30:00+00:00,3.78,14.63,0.0,3.65,4.82,2.46,2.11,3.53,140.0,15.92,11.26,18.91,0
2026-03-18 20:00:00+00:00,3.82,14.23,0.0,3.62,4.42,1.93,2.22,3.6,137.0,15.84,11.49,19.5,0
2026-03-18 20:30:00+00:00,3.64,14.28,0.0,3.61,4.69,3.15,2.23,3.59,131.0,14.95,12.07,20.54,0
2026-03-18 21:00:00+00:00,3.99,14.23,0.0,3.91,4.88,3.29,2.39,3.86,133.0,14.52,11.75,19.86,0
2026-03-18 21:30:00+00:00,3.71,14.48,0.0,3.5500000000000003,4.33,1.74,2.17,3.49,132.0,15.34,11.91,23.26,0
2026-03-18 22:00:00+00:00,3.64,13.68,0.0,3.52,4.3,1.77,2.24,3.5500000000000003,135.0,14.08,11.76,18.96,0
2026-03-18 22:30:00+00:00,3.7,13.85,0.0,3.3200000000000003,4.39,1.57,2.05,3.35,143.0,14.13,11.05,20.19,0
2026-03-18 23:00:00+00:00,3.84,13.86,0.0,3.5500000000000003,4.58,2.12,2.23,3.6,137.0,13.33,11.44,19.36,0
2026-03-18 23:30:00+00:00,3.65,14.18,0.0,3.6,4.49,2.66,2.2,3.5500000000000003,133.0,13.64,11.87,19.06,0
2026-03-19 00:00:00+00:00,3.09,13.93,0.0,3.02,3.82,1.72,1.88,3.01,137.0,13.28,11.53,22.54,1
2026-03-19 00:30:00+00:00,3.43,13.95,0.0,3.36,4.2,2.33,2.03,3.3000000000000003,138.0,14.6,11.45,19.66,0
2026-03-19 01:00:00+00:00,3.5,14.18,0.0,3.37,4.14,2.63,2.03,3.31,135.0,15.31,11.66,18.19,0
2026-03-19 01:30:00+00:00,3.24,13.71,0.0,3.19,4.11,2.13,1.94,3.16,134.0,13.45,11.74,20.15,0
2026-03-19 02:00:00+00:00,3.0500000000000003,13.71,0.0,2.93,3.6,2.18,1.78,2.88,143.0,12.95,11.05,19.25,0
2026-03-19 02:30:00+00:00,3.1,13.52,0.0,2.95,3.8,1.67,1.76,2.87,146.0,14.64,10.79,19.26,0
2026-03-19 03:00:00+00:00,3.23,13.81,0.0,3.11,3.94,1.83,1.88,3.04,143.0,13.17,11.06,18.4,0
2026-03-19 03:30:00+00:00,3.0500000000000003,13.86,0.0,3.06,3.81,1.89,1.84,3.0,138.0,14.47,11.45,18.48,0
2026-03-19 04:00:00+00:00,3.02,13.94,0.0,2.93,3.67,2.47,1.8,2.91,137.0,14.18,11.5,18.96,0
2026-03-19 04:30:00+00:00,3.33,14.03,0.0,3.08,3.77,2.45,2.01,3.15,131.0,14.06,11.96,17.94,0
2026-03-19 05:00:00+00:00,3.13,13.4,0.0,3.01,3.56,1.23,1.9,3.03,140.0,13.55,11.22,19.2,0
2026-03-19 05:30:00+00:00,2.75,13.17,0.0,2.69,3.38,1.89,1.65,2.67,152.0,15.04,10.41,17.98,0
2026-03-19 06:00:00+00:00,2.64,12.84,0.0,2.58,3.11,1.76,1.57,2.54,153.0,13.42,10.32,18.13,0
2026-03-19 06:30:00+00:00,2.92,13.16,0.0,2.92,3.45,2.28,1.85,2.93,139.0,14.29,11.4,18.4,0
2026-03-19 07:00:00+00:00,2.48,12.77,0.0,2.27,3.01,1.13,1.3,2.19,171.0,13.31,9.18,17.62,0
2026-03-19 07:30:00+00:00,2.93,13.15,0.0,2.87,3.49,1.65,1.87,2.97,136.0,12.06,11.61,18.85,0
2026-03-19 08:00:00+00:00,3.01,13.65,0.0,2.7,3.54,1.68,1.65,2.7,145.0,14.36,10.89,19.85,0
2026-03-19 08:30:00+00:00,2.65,13.26,0.0,2.58,3.16,1.88,1.54,2.53,154.0,13.55,10.25,19.17,0
2026-03-19 09:00:00+00:00,2.78,13.01,0.0,2.74,3.39,2.14,1.65,2.67,149.0,14.63,10.59,17.57,0
2026-03-19 09:30:00+00:00,2.72,12.71,0.0,2.52,3.02,1.75,1.57,2.5,154.0,12.68,10.26,18.79,0
2026-03-19 10:00:00+00:00,2.82,13.0,0.0,2.76,3.5,1.28,1.73,2.77,147.0,13.32,10.71,17.84,0
2026-03-19 10:30:00+00:00,2.63,12.6,0.0,2.49,3.2,1.24,1.45,2.41,165.0,13.27,9.55,17.55,0
2026-03-19 11:00:00+00:00,3.0,12.96,0.0,3.0,3.66,2.63,1.83,2.95,149.0,13.19,10.57,18.08,0
2026-03-19 11:30:00+00:00,2.84,12.55,0.0,2.73,3.25,3.03,1.76,2.75,153.0,13.04,10.28,17.14,0
2026-03-19 12:00:00+00:00,2.36,11.7,0.0,2.29,2.79,1.15,1.49,2.34,163.0,9.15,9.67,18.75,0
2026-03-19 12:30:00+00:00,2.73,11.73,0.0,2.51,3.13,1.24,1.58,2.51,166.0,14.82,9.51,16.82,0
2026-03-19 13:00:00+00:00,2.83,12.23,0.0,2.74,3.45,1.66,1.73,2.78,156.0,11.49,10.02,18.01,0
2026-03-19 13:30:00+00:00,2.3000000000000003,11.46,0.0,2.25,2.83,1.87,1.42,2.26,170.0,14.53,9.33,16.15,0
2026-03-19 14:00:00+00:00,2.78,12.25,0.0,2.57,3.3200000000000003,1.93,1.6,2.57,159.0,12.11,9.96,17.080000000000002,0
2026-03-19 14:30:00+00:00,2.61,11.94,0.0,2.53,3.39,1.19,1.61,2.58,153.0,11.12,10.31,16.82,0
2026-03-19 15:00:00+00:00,2.61,11.46,0.0,2.44,2.99,1.77,1.56,2.47,165.0,11.15,9.56,16.7,0
2026-03-19 15:30:00+00:00,2.34,11.88,0.0,2.23,2.83,1.55,1.41,2.23,161.0,13.09,9.83,17.25,0
2026-03-19 16:00:00+00:00,2.57,11.94,0.0,2.5,3.17,2.1,1.53,2.47,163.0,12.86,9.73,16.95,0
2026-03-19 16:30:00+00:00,2.32,11.95,0.0,2.27,2.82,1.42,1.42,2.27,167.0,13.09,9.48,18.08,0
2026-03-19 17:00:00+00:00,2.33,11.76,0.0,2.26,2.78,1.54,1.4,2.24,165.0,12.03,9.57,18.44,0
2026-03-19 17:30:00+00:00,2.61,12.26,0.0,2.54,3.06,2.39,1.59,2.54,159.0,12.15,9.95,17.32,0
2026-03-19 18:00:00+00:00,2.31,11.55,0.0,2.26,2.86,1.08,1.46,2.31,161.0,9.74,9.77,17.51,0
2026-03-19 18:30:00+00:00,2.54,12.16,0.0,2.35,2.86,1.9,1.49,2.35,161.0,14.35,9.78,16.78,0
2026-03-19 19:00:00+00:00,2.29,11.43,0.0,2.19,2.68,1.58,1.29,2.12,184.0,11.84,8.620000000000001,16.2,0
2026-03-19 19:30:00+00:00,2.47,11.77,0.0,2.39,3.02,1.12,1.48,2.39,168.0,13.98,9.45,17.150000000000002,0
2026-03-19 20:00:00+00:00,2.39,11.89,0.0,2.31,2.95,1.63,1.42,2.3000000000000003,163.0,11.7,9.68,17.400000000000002,0
2026-03-19 20:30:00+00:00,2.75,12.28,0.0,2.62,3.33,1.69,1.61,2.6,157.0,12.96,10.07,16.580000000000002,0
2026-03-19 21:00:00+00:00,2.27,11.53,0.0,2.09,2.51,1.19,1.33,2.1,174.0,11.76,9.08,18.23,0
2026-03-19 21:30:00+00:00,2.54,11.74,0.0,2.47,3.11,2.07,1.53,2.46,166.0,12.33,9.53,16.77,0
2026-03-19 22:00:00+00:00,2.39,11.38,0.0,2.26,2.72,1.8,1.36,2.2,185.0,13.97,8.55,16.8,0
2026-03-19 22:30:00+00:00,2.69,11.94,0.0,2.62,3.3200000000000003,2.62,1.59,2.59,171.0,10.75,9.27,16.07,0
2026-03-19 23:00:00+00:00,2.19,11.52,0.0,2.05,2.59,1.68,1.21,1.99,198.0,12.03,8.01,16.13,0
2026-03-19 23:30:00+00:00,2.32,11.16,0.0,2.24,2.73,1.31,1.29,2.13,193.0,10.74,8.2,16.89,0
2026-03-20 00:00:00+00:00,2.27,10.97,0.0,2.09,2.66,1.03,1.27,2.05,189.0,11.18,8.38,16.76,0
2026-03-20 00:30:00+00:00,2.51,11.71,0.0,2.35,2.94,2.53,1.5,2.38,167.0,12.03,9.48,16.77,0
2026-03-20 01:00:00+00:00,2.29,11.53,0.0,2.16,2.65,2.27,1.34,2.15,176.0,13.08,8.98,15.22,0
2026-03-20 01:30:00+00:00,2.06,10.97,0.0,1.96,2.47,1.91,1.21,1.94,185.0,12.29,8.55,15.37,0
2026-03-20 02:00:00+00:00,2.36,11.66,0.0,2.3000000000000003,2.94,1.2,1.39,2.26,173.0,13.36,9.17,16.71,0
2026-03-20 02:30:00+00:00,2.17,11.61,0.0,2.1,2.63,1.59,1.29,2.07,167.0,12.5,9.42,16.36,0
2026-03-20 03:00:00+00:00,2.14,10.99,0.0,2.07,2.51,1.54,1.31,2.07,171.0,10.44,9.23,16.93,0
2026-03-20 03:30:00+00:00,2.32,11.56,0.0,2.23,2.72,1.4,1.42,2.24,166.0,12.96,9.5,16.85,0
2026-03-20 04:00:00+00:00,2.27,11.25,0.0,2.14,2.73,1.24,1.29,2.11,181.0,11.46,8.76,16.25,0
2026-03-20 04:30:00+00:00,2.18,11.25,0.0,2.15,2.57,1.49,1.37,2.16,162.0,12.54,9.76,17.38,0
2026-03-20 05:00:00+00:00,2.11,11.0,0.0,2.04,2.5500000000000003,1.25,1.22,1.98,186.0,12.26,8.49,15.23,0
2026-03-20 05:30:00+00:00,1.97,10.67,0.0,1.92,2.4,0.91,1.17,1.89,185.0,11.96,8.52,15.69,0
2026-03-20 06:00:00+00:00,1.98,10.68,0.0,1.86,2.33,1.5,1.17,1.87,178.0,13.04,8.88,15.43,0
2026-03-20 06:30:00+00:00,2.18,10.58,0.0,2.09,2.61,0.8,1.32,2.09,179.0,12.01,8.86,18.89,0
2026-03-20 07:00:00+00:00,2.25,10.72,0.0,2.13,2.61,1.67,1.37,2.16,174.0,10.8,9.05,17.37,0
2026-03-20 07:30:00+00:00,2.16,10.78,0.0,2.14,2.78,0.8,1.3,2.11,182.0,11.87,8.69,16.81,0
2026-03-20 08:00:00+00:00,2.05,10.58,0.0,1.92,2.36,1.38,1.28,1.98,176.0,9.77,9.0,17.1,0
2026-03-20 08:30:00+00:00,2.16,10.48,0.0,2.11,2.64,1.12,1.35,2.13,176.0,11.43,8.96,16.3,0
2026-03-20 09:00:00+00:00,2.02,10.38,23211.36110223509,1.97,2.5,1.59,1.24,1.97,179.0,10.52,8.83,15.99,0
2026-03-20 09:30:00+00:00,2.13,10.55,0.0,2.02,2.5500000000000003,1.18,1.3,2.06,179.0,11.06,8.85,17.69,0
2026-03-20 10:00:00+00:00,1.9,10.12,0.0,1.81,2.34,1.24,1.11,1.79,192.0,8.86,8.23,15.42,0
2026-03-20 10:30:00+00:00,1.96,10.67,0.0,1.83,2.31,0.71,1.18,1.86,180.0,9.01,8.8,16.73,0
2026-03-20 11:00:00+00:00,1.86,10.27,0.0,1.79,2.25,0.81,1.13,1.8,184.0,9.35,8.620000000000001,17.05,0
2026-03-20 11:30:00+00:00,1.99,10.45,0.0,1.97,2.35,0.8,1.27,1.99,169.0,12.15,9.34,17.47,0
2026-03-20 12:00:00+00:00,2.05,10.88,0.0,2.06,2.53,0.6900000000000001,1.29,2.05,165.0,10.05,9.61,17.59,0
2026-03-20 12:30:00+00:00,1.9,10.58,0.0,1.82,2.22,0.8300000000000001,1.17,1.85,171.0,11.1,9.2,17.26,0
2026-03-20 13:00:00+00:00,1.75,10.75,0.0,1.75,2.23,1.05,1.11,1.76,171.0,12.24,9.25,16.22,0
2026-03-20 13:30:00+00:00,1.97,10.39,0.0,1.92,2.5,1.05,1.22,1.94,171.0,10.19,9.25,16.65,0
2026-03-20 14:00:00+00:00,1.84,10.63,0.0,1.75,2.19,1.2,1.15,1.8,168.0,9.82,9.38,14.99,0
2026-03-20 14:30:00+00:00,1.83,10.59,0.0,1.78,2.26,1.31,1.13,1.8,170.0,10.39,9.24,16.7,0
2026-03-20 15:00:00+00:00,1.77,10.87,0.0,1.71,2.24,0.75,1.08,1.73,168.0,10.85,9.38,16.25,0
2026-03-20 15:30:00+00:00,1.78,10.26,0.0,1.76,2.22,1.15,1.11,1.76,171.0,9.75,9.22,16.26,0
2026-03-20 16:00:00+00:00,1.57,10.18,0.0,1.52,1.83,0.66,0.97,1.53,183.0,9.47,8.68,15.34,0
2026-03-20 16:30:00+00:00,1.77,10.38,0.0,1.73,2.13,1.42,1.06,1.71,186.0,7.99,8.540000000000001,14.52,0
2026-03-20 17:00:00+00:00,1.51,9.87,0.0,1.45,1.82,1.0,0.93,1.47,195.0,9.17,8.1,15.07,0
2026-03-20 17:30:00+00:00,1.71,9.78,0.0,1.66,2.12,0.55,1.02,1.65,196.0,9.77,8.11,15.31,0
2026-03-20 18:00:00+00:00,1.76,10.04,0.0,1.7,2.08,1.37,1.1,1.74,185.0,9.47,8.55,16.44,0
2026-03-20 18:30:00+00:00,1.56,9.43,0.0,1.51,1.9,1.4,0.95,1.51,210.0,9.73,7.51,14.53,0
2026-03-20 19:00:00+00:00,1.76,9.94,0.0,1.73,2.19,0.8,1.09,1.74,194.0,10.38,8.09,16.13,0
2026-03-20 19:30:00+00:00,1.64,9.86,0.0,1.57,2.0,1.24,0.92,1.52,221.0,10.59,7.17,15.01,0
2026-03-20 20:00:00+00:00,1.75,9.41,0.0,1.63,1.96,1.47,1.02,1.63,216.0,10.15,7.3,14.07,0
2026-03-20 20:30:00+00:00,1.7,9.53,0.0,1.65,2.17,0.98,1.0,1.64,214.0,11.81,7.390000000000001,14.49,0
2026-03-20 21:00:00+00:00,1.58,9.35,0.0,1.53,1.91,1.23,0.93,1.5,225.0,11.91,6.97,13.62,0
2026-03-20 21:30:00+00:00,1.61,9.6,0.0,1.55,1.87,1.06,0.94,1.52,215.0,10.54,7.36,14.45,0
2026-03-20 22:00:00+00:00,1.73,9.7,0.0,1.66,2.1,1.39,1.01,1.63,214.0,10.42,7.390000000000001,15.3,0
2026-03-20 22:30:00+00:00,1.67,9.33,0.0,1.57,1.97,1.5,0.99,1.58,206.0,9.45,7.66,14.31,0
2026-03-20 23:00:00+00:00,1.79,9.71,0.0,1.75,2.08,1.21,1.12,1.77,194.0,10.53,8.14,14.33,0
2026-03-20 23:30:00+00:00,1.7,9.57,0.0,1.71,2.09,0.97,1.05,1.68,201.0,8.94,7.82,14.87,0
2026-03-21 00:00:00+00:00,1.6,9.43,0.0,1.57,2.0,0.71,0.98,1.56,211.0,9.78,7.51,15.86,0
2026-03-21 00:30:00+00:00,1.68,9.37,0.0,1.58,1.93,1.04,0.96,1.54,223.0,11.93,7.08,13.23,0
2026-03-21 01:00:00+00:00,1.62,9.66,0.0,1.53,1.95,0.73,0.94,1.51,205.0,9.4,7.68,14.8,0
2026-03-21 01:30:00+00:00,1.6,9.31,0.0,1.53,1.92,0.93,0.99,1.56,202.0,8.09,7.83,14.45,0
2026-03-21 02:00:00+00:00,1.59,9.38,0.0,1.54,1.87,0.89,0.97,1.54,198.0,8.98,7.96,16.38,0
2026-03-21 02:30:00+00:00,1.51,9.4,0.0,1.42,1.77,0.93,0.94,1.46,201.0,9.02,7.87,14.37,0
2026-03-21 03:00:00+00:00,1.48,9.4,0.0,1.44,1.73,0.96,0.93,1.46,194.0,10.73,8.17,14.03,0
2026-03-21 03:30:00+00:00,1.36,9.47,0.0,1.34,1.62,0.79,0.85,1.35,196.0,9.12,8.09,16.830000000000002,0
2026-03-21 04:00:00+00:00,1.33,9.22,0.0,1.27,1.61,1.33,0.8,1.28,212.0,9.4,7.48,14.3,0
2026-03-21 04:30:00+00:00,1.38,9.51,0.0,1.33,1.62,0.96,0.89,1.37,191.0,9.98,8.290000000000001,13.82,0
2026-03-21 05:00:00+00:00,1.45,9.37,0.0,1.41,1.78,0.52,0.89,1.42,199.0,10.25,7.96,14.92,0
2026-03-21 05:30:00+00:00,1.35,9.47,0.0,1.31,1.61,0.81,0.8300000000000001,1.32,195.0,9.14,8.1,13.94,0
2026-03-21 06:00:00+00:00,1.37,9.53,0.0,1.31,1.7,0.7000000000000001,0.8300000000000001,1.33,195.0,10.02,8.13,14.27,0
2026-03-21 06:30:00+00:00,1.27,9.23,0.0,1.21,1.51,0.75,0.76,1.21,209.0,8.28,7.6,14.6,0
2026-03-21 07:00:00+00:00,1.37,9.25,0.0,1.31,1.71,0.89,0.8200000000000001,1.32,206.0,10.19,7.65,13.29,0
2026-03-21 07:30:00+00:00,1.43,9.36,0.0,1.37,1.81,1.39,0.84,1.36,208.0,9.2,7.61,14.66,0
2026-03-21 08:00:00+00:00,1.34,9.21,0.0,1.26,1.57,0.59,0.79,1.25,214.0,9.87,7.390000000000001,14.99,0
2026-03-21 08:30:00+00:00,1.38,9.44,0.0,1.3,1.59,0.89,0.8300000000000001,1.31,199.0,9.85,7.96,12.94,0
2026-03-21 09:00:00+00:00,1.36,9.44,0.0,1.36,1.74,0.73,0.8300000000000001,1.34,202.0,11.14,7.86,14.84,0
2026-03-21 09:30:00+00:00,1.35,9.26,0.0,1.27,1.58,1.03,0.81,1.28,205.0,10.15,7.71,13.25,0
2026-03-21 10:00:00+00:00,1.46,9.46,0.0,1.43,1.66,0.78,0.93,1.45,191.0,8.83,8.28,15.08,0
2026-03-21 10:30:00+00:00,1.42,9.55,0.0,1.37,1.69,1.02,0.86,1.39,196.0,9.3,8.09,14.31,0
2026-03-21 11:00:00+00:00,1.35,9.39,0.0,1.33,1.68,0.79,0.88,1.37,189.0,8.51,8.38,14.16,0
2026-03-21 11:30:00+00:00,1.38,9.46,0.0,1.33,1.69,0.47,0.88,1.37,183.0,9.85,8.65,16.43,0
2026-03-21 12:00:00+00:00,1.32,9.3,0.0,1.29,1.69,1.04,0.78,1.27,204.0,9.41,7.73,13.34,0
2026-03-21 12:30:00+00:00,1.39,9.51,0.0,1.38,1.7,0.86,0.87,1.39,187.0,10.39,8.41,14.0,0
2026-03-21 13:00:00+00:00,1.28,9.28,0.0,1.23,1.47,0.65,0.8200000000000001,1.28,188.0,9.7,8.4,13.82,0
2026-03-21 13:30:00+00:00,1.23,9.24,0.0,1.18,1.38,0.78,0.76,1.2,196.0,11.09,8.06,13.47,0
2026-03-21 14:00:00+00:00,1.24,9.16,0.0,1.14,1.41,0.79,0.6900000000000001,1.12,225.0,9.79,6.99,12.47,0
2026-03-21 14:30:00+00:00,1.18,9.29,0.0,1.16,1.52,0.8300000000000001,0.7000000000000001,1.14,217.0,9.45,7.29,13.52,0
2026-03-21 15:00:00+00:00,1.17,8.88,0.0,1.12,1.41,0.73,0.68,1.11,233.0,8.56,6.78,13.54,0
2026-03-21 15:30:00+00:00,1.22,9.14,0.0,1.15,1.44,0.65,0.6900000000000001,1.12,237.0,9.74,6.66,12.29,0
2026-03-21 16:00:00+00:00,1.16,9.11,0.0,1.12,1.47,1.11,0.68,1.11,228.0,8.08,6.94,14.18,0
2026-03-21 16:30:00+00:00,1.2,9.2,0.0,1.18,1.44,1.04,0.73,1.17,218.0,9.73,7.22,12.84,0
2026-03-21 17:00:00+00:00,1.15,9.32,0.0,1.11,1.37,1.0,0.68,1.09,221.0,8.74,7.16,15.99,0
2026-03-21 17:30:00+00:00,1.26,9.46,0.0,1.22,1.58,0.81,0.7000000000000001,1.17,224.0,9.68,7.08,14.71,0
2026-03-21 18:00:00+00:00,1.22,9.41,0.0,1.17,1.47,1.1,0.73,1.17,207.0,10.48,7.640000000000001,13.94,0
2026-03-21 18:30:00+00:00,1.17,9.21,0.0,1.12,1.41,1.29,0.6900000000000001,1.11,215.0,9.07,7.33,12.96,0
2026-03-21 19:00:00+00:00,1.22,9.39,0.0,1.17,1.51,0.62,0.73,1.18,209.0,9.93,7.55,14.19,0
2026-03-21 19:30:00+00:00,1.22,9.41,0.0,1.21,1.49,1.03,0.76,1.2,203.0,8.36,7.81,14.58,0
2026-03-21 20:00:00+00:00,1.15,9.42,0.0,1.07,1.33,0.98,0.67,1.07,213.0,9.35,7.4,14.68,0
2026-03-21 20:30:00+00:00,1.19,9.2,0.0,1.16,1.41,0.97,0.75,1.18,200.0,8.950000000000001,7.88,16.03,0
2026-03-21 21:00:00+00:00,1.16,9.63,0.0,1.12,1.42,0.63,0.6900000000000001,1.12,209.0,8.72,7.55,14.03,0
2026-03-21 21:30:00+00:00,1.15,9.18,0.0,1.06,1.36,0.9,0.68,1.08,217.0,9.72,7.27,16.1,0
2026-03-21 22:00:00+00:00,1.2,9.45,0.0,1.13,1.33,0.56,0.71,1.13,212.0,10.92,7.44,18.52,0
2026-03-21 22:30:00+00:00,1.25,9.33,0.0,1.24,1.6,0.67,0.79,1.26,200.0,8.66,7.930000000000001,14.55,0
2026-03-21 23:00:00+00:00,1.16,9.4,67008.41705794621,1.08,1.42,1.03,0.63,1.05,244.0,10.6,6.5,14.64,0
2026-03-21 23:30:00+00:00,1.12,9.68,169344.88201246786,1.04,1.32,0.64,0.63,1.02,239.0,10.65,6.6000000000000005,14.11,0
2026-03-22 00:00:00+00:00,1.23,9.7,170926.6072442716,1.16,1.45,0.87,0.72,1.15,212.0,8.65,7.46,16.22,0
2026-03-22 00:30:00+00:00,1.22,9.82,190737.60238317383,1.16,1.5,0.96,0.71,1.15,213.0,8.82,7.45,16.77,0
2026-03-22 01:00:00+00:00,1.29,10.58,208659.49871138344,1.18,1.46,0.63,0.76,1.19,194.0,14.22,8.120000000000001,18.82,0
2026-03-22 01:30:00+00:00,1.36,10.74,194216.1123618825,1.28,1.55,1.04,0.8300000000000001,1.3,189.0,10.27,8.35,19.47,0
2026-03-22 02:00:00+00:00,1.17,10.84,183832.8414843978,1.09,1.36,0.94,0.6900000000000001,1.09,196.0,10.11,8.07,19.0,0
2026-03-22 02:30:00+00:00,1.19,11.12,192988.0839666098,1.08,1.34,0.76,0.71,1.11,192.0,8.13,8.23,19.65,0
2026-03-22 03:00:00+00:00,1.24,10.64,190537.02848246123,1.14,1.37,1.33,0.71,1.13,195.0,8.32,8.120000000000001,17.36,0
2026-03-22 03:30:00+00:00,1.24,10.91,189225.57602272983,1.2,1.46,0.8300000000000001,0.76,1.2,187.0,9.79,8.47,17.740000000000002,0
2026-03-22 04:00:00+00:00,1.31,11.26,186262.38877693957,1.26,1.51,0.92,0.78,1.24,184.0,12.29,8.57,17.01,0
2026-03-22 04:30:00+00:00,1.28,11.45,184868.88034367,1.22,1.5,0.96,0.75,1.21,183.0,13.38,8.63,17.59,0
2026-03-22 05:00:00+00:00,1.34,11.48,176335.92158233238,1.32,1.62,1.12,0.84,1.33,166.0,11.05,9.52,17.0,0
2026-03-22 05:30:00+00:00,1.32,11.2,170257.10342861072,1.25,1.59,1.06,0.78,1.26,183.0,10.82,8.620000000000001,17.67,0
2026-03-22 06:00:00+00:00,1.31,11.36,185765.37742557333,1.24,1.54,1.39,0.79,1.25,178.0,11.74,8.84,18.36,0
2026-03-22 06:30:00+00:00,1.46,11.88,170368.1578770356,1.38,1.69,1.17,0.9,1.4,166.0,11.28,9.51,18.3,0
2026-03-22 07:00:00+00:00,1.5,11.67,181078.2527015279,1.4,1.75,1.01,0.87,1.4,179.0,13.17,8.85,18.19,0
2026-03-22 07:30:00+00:00,1.47,11.55,188008.76088154555,1.33,1.7,0.68,0.85,1.35,178.0,13.28,8.88,18.92,0
2026-03-22 08:00:00+00:00,1.53,11.92,182585.4314432055,1.45,1.81,1.18,0.94,1.48,168.0,13.11,9.44,19.4,0
2026-03-22 08:30:00+00:00,1.52,11.68,170977.8380201605,1.44,1.83,0.79,0.88,1.42,181.0,12.28,8.69,18.84,0
2026-03-22 09:00:00+00:00,1.44,11.57,171166.87030163518,1.33,1.82,1.76,0.8300000000000001,1.34,185.0,13.2,8.57,17.97,0
2026-03-22 09:30:00+00:00,1.53,12.17,161147.2734525483,1.45,1.88,1.34,0.92,1.46,166.0,10.85,9.46,17.73,0
2026-03-22 10:00:00+00:00,1.5,11.51,162551.92189424683,1.44,1.83,0.97,0.91,1.45,177.0,13.02,8.97,16.98,0
2026-03-22 10:30:00+00:00,1.64,11.95,166888.1676519066,1.56,1.88,1.48,1.0,1.58,162.0,12.24,9.73,17.25,0
2026-03-22 11:00:00+00:00,1.57,12.16,167817.50610660895,1.49,1.82,1.29,0.91,1.47,171.0,10.65,9.28,16.43,0
2026-03-22 11:30:00+00:00,1.57,12.2,153001.85982601438,1.49,1.82,1.01,0.98,1.53,155.0,12.96,10.14,18.13,0
2026-03-22 12:00:00+00:00,1.66,12.3,164549.99934030572,1.64,2.07,1.07,1.05,1.65,153.0,11.65,10.33,18.39,0
2026-03-22 12:30:00+00:00,1.57,12.51,164079.46456906665,1.48,1.81,1.12,0.95,1.5,152.0,13.25,10.35,18.46,0
2026-03-22 13:00:00+00:00,1.65,12.36,170043.52973143238,1.59,1.95,0.91,0.98,1.58,162.0,12.63,9.72,17.35,0
2026-03-22 13:30:00+00:00,1.7,12.19,171414.1334484453,1.6,2.07,1.04,0.97,1.58,179.0,13.22,8.870000000000001,18.55,0
2026-03-22 14:00:00+00:00,1.7,12.34,163721.77016193804,1.63,1.94,1.1,1.0,1.62,167.0,12.45,9.41,17.93,0
2026-03-22 14:30:00+00:00,1.75,12.62,145013.12237543266,1.65,2.01,1.47,1.02,1.63,166.0,14.63,9.43,16.96,0
2026-03-22 15:00:00+00:00,1.76,12.31,158359.8870916959,1.68,2.1,1.49,0.99,1.63,175.0,13.12,9.05,17.63,0
2026-03-22 15:30:00+00:00,1.68,12.19,163937.24259175375,1.63,2.0,1.24,0.99,1.6,175.0,13.01,9.01,20.1,0
2026-03-22 16:00:00+00:00,1.74,12.16,183625.7423537466,1.67,2.15,1.34,1.02,1.66,176.0,13.74,8.99,17.45,0
2026-03-22 16:30:00+00:00,1.78,12.21,162932.16938495263,1.73,2.16,0.6900000000000001,1.05,1.7,167.0,12.59,9.47,17.53,0
2026-03-22 17:00:00+00:00,1.95,12.59,169437.1386466036,1.94,2.46,1.29,1.17,1.91,156.0,13.33,10.06,18.35,0
2026-03-22 17:30:00+00:00,1.9,12.37,171704.410350794,1.68,2.14,1.51,1.01,1.64,188.0,15.02,8.38,18.15,0
2026-03-22 18:00:00+00:00,1.92,12.11,161509.87880222307,1.79,2.27,1.38,1.11,1.78,178.0,12.83,8.86,17.7,0
2026-03-22 18:30:00+00:00,1.94,12.15,162528.74973809102,1.92,2.3000000000000003,1.75,1.16,1.87,174.0,13.87,9.11,19.54,0
2026-03-22 19:00:00+00:00,1.74,11.56,149043.4330812095,1.66,2.06,1.36,1.02,1.63,194.0,15.17,8.17,16.89,0
2026-03-22 19:30:00+00:00,1.68,11.15,158392.81701642947,1.63,2.02,1.25,1.01,1.62,188.0,9.83,8.38,17.1,0
2026-03-22 20:00:00+00:00,1.8,11.51,144599.56510138864,1.71,2.19,1.41,1.03,1.68,192.0,10.14,8.23,17.93,0
2026-03-22 20:30:00+00:00,1.9,11.93,135713.39330550467,1.78,2.29,1.2,1.06,1.74,182.0,13.89,8.66,18.36,0
2026-03-22 21:00:00+00:00,1.8,11.56,144685.35254069767,1.78,2.23,1.54,1.09,1.76,179.0,12.91,8.790000000000001,17.650000000000002,0
2026-03-22 21:30:00+00:00,2.03,12.3,143864.1024636853,1.94,2.45,2.09,1.2,1.93,167.0,11.09,9.48,17.12,0
2026-03-22 22:00:00+00:00,1.92,11.75,143551.89697882088,1.91,2.37,1.65,1.23,1.95,159.0,12.98,9.97,17.16,0
2026-03-22 22:30:00+00:00,1.81,10.94,145032.77501353985,1.74,2.15,1.36,1.05,1.7,191.0,8.52,8.25,17.650000000000002,0
2026-03-22 23:00:00+00:00,1.87,10.83,150844.03873879407,1.75,2.21,1.79,1.08,1.74,192.0,11.2,8.17,17.43,0
2026-03-22 23:30:00+00:00,1.94,11.09,146598.14328802004,1.8,2.31,1.46,1.1,1.77,199.0,12.18,7.96,16.65,0
2026-03-23 00:00:00+00:00,1.8,10.05,159331.26685687524,1.67,2.26,1.16,1.04,1.67,218.0,7.95,7.26,15.21,0
2026-03-23 00:30:00+00:00,1.86,10.5,148978.01839929505,1.78,2.37,1.04,1.08,1.75,207.0,12.14,7.67,15.95,0
2026-03-23 01:00:00+00:00,1.89,10.79,144590.8894333269,1.77,2.19,2.02,1.1,1.76,203.0,12.12,7.79,16.44,0
2026-03-23 01:30:00+00:00,1.78,10.22,143465.950633196,1.6,2.0,1.62,1.04,1.63,211.0,13.94,7.48,15.47,0
2026-03-23 02:00:00+00:00,1.96,10.59,148549.22658784917,1.87,2.31,1.05,1.18,1.87,196.0,12.13,8.07,16.5,0
2026-03-23 02:30:00+00:00,1.92,10.62,132267.65958991338,1.85,2.34,1.42,1.11,1.81,206.0,13.43,7.65,16.38,0
2026-03-23 03:00:00+00:00,1.89,10.43,142597.4524214714,1.85,2.26,1.32,1.18,1.86,196.0,12.64,8.01,16.28,0
2026-03-23 03:30:00+00:00,1.78,10.24,149960.54394113633,1.66,2.04,0.9,1.04,1.65,212.0,13.01,7.45,17.150000000000002,0
2026-03-23 04:00:00+00:00,1.86,10.73,146430.54365796247,1.77,2.18,1.79,1.09,1.75,204.0,11.7,7.77,16.47,0
2026-03-23 04:30:00+00:00,1.8,10.39,150604.01802492232,1.66,2.14,2.53,1.03,1.65,217.0,11.7,7.3,15.25,0
2026-03-23 05:00:00+00:00,1.95,11.05,147124.0668177202,1.82,2.28,1.15,1.16,1.84,190.0,13.84,8.34,16.59,0
2026-03-23 05:30:00+00:00,1.86,10.4,142602.90217100864,1.76,2.21,0.93,1.1,1.75,202.0,13.38,7.82,16.76,0
2026-03-23 06:00:00+00:00,1.91,10.52,142505.41990628533,1.75,2.18,1.93,1.08,1.73,207.0,10.99,7.6,15.04,0
2026-03-23 06:30:00+00:00,1.95,10.69,148674.8678455015,1.83,2.33,1.37,1.13,1.81,197.0,12.58,8.03,15.71,0
2026-03-23 07:00:00+00:00,1.88,10.49,148889.42132748617,1.74,2.35,1.49,1.04,1.72,212.0,11.52,7.47,16.02,0
2026-03-23 07:30:00+00:00,1.84,10.42,158108.8837269465,1.77,2.3000000000000003,1.33,1.1,1.78,196.0,10.96,8.09,16.27,0
2026-03-23 08:00:00+00:00,1.72,10.12,166067.07033039143,1.63,2.0,1.24,1.03,1.64,206.0,10.08,7.65,14.81,0
2026-03-23 08:30:00+00:00,1.84,10.31,171085.75715312187,1.81,2.37,1.48,1.06,1.75,203.0,12.64,7.78,17.59,0
2026-03-23 09:00:00+00:00,1.81,10.31,167494.93561856652,1.7,2.19,1.3,1.06,1.7,205.0,10.32,7.7,15.36,0
2026-03-23 09:30:00+00:00,1.82,10.23,165048.6678000351,1.73,2.14,0.65,1.09,1.74,198.0,12.92,8.01,17.21,0
2026-03-23 10:00:00+00:00,1.78,10.35,168310.8398481671,1.65,2.22,0.94,0.99,1.63,213.0,9.79,7.4,15.23,0
2026-03-23 10:30:00+00:00,1.7,10.55,158244.4673456961,1.59,1.95,1.37,0.98,1.58,208.0,11.35,7.6,14.58,0
2026-03-23 11:00:00+00:00,1.79,10.5,145771.10987382627,1.73,2.1,1.22,1.05,1.7,196.0,10.34,8.05,16.07,0
2026-03-23 11:30:00+00:00,1.7,10.17,145273.11512646067,1.63,1.99,1.08,1.03,1.63,199.0,12.32,7.96,16.36,0
2026-03-23 12:00:00+00:00,1.69,10.39,137129.47226308947,1.61,1.99,1.47,1.04,1.63,192.0,10.85,8.23,15.93,0
2026-03-23 12:30:00+00:00,1.67,10.1,141396.30214810008,1.62,2.13,0.78,0.99,1.6,202.0,8.33,7.86,15.11,0
2026-03-23 13:00:00+00:00,1.71,10.39,150666.87153840423,1.7,2.04,1.11,1.05,1.68,199.0,10.27,7.95,15.75,0
2026-03-23 13:30:00+00:00,1.67,10.02,160337.95030506625,1.59,1.93,1.04,0.98,1.57,214.0,11.34,7.42,15.31,0
2026-03-23 14:00:00+00:00,1.64,9.88,154111.63719208693,1.45,1.83,1.51,0.89,1.44,237.0,10.84,6.7,14.1,0
2026-03-23 14:30:00+00:00,1.68,10.06,145918.7780392439,1.63,1.99,1.01,0.98,1.59,216.0,10.98,7.35,15.29,0
2026-03-23 15:00:00+00:00,1.63,9.57,152578.6660275277,1.56,1.94,1.76,0.92,1.51,252.0,10.37,6.2700000000000005,15.07,0
2026-03-23 15:30:00+00:00,1.69,9.78,155089.5174296691,1.5,1.91,1.3,0.9,1.47,251.0,11.41,6.29,15.52,0
2026-03-23 16:00:00+00:00,1.66,9.94,146385.86579232945,1.55,1.94,1.26,0.97,1.55,230.0,11.48,6.9,15.91,0
2026-03-23 16:30:00+00:00,1.69,9.78,139382.52289469153,1.64,2.07,1.36,0.98,1.6,227.0,10.05,6.95,17.64,0
2026-03-23 17:00:00+00:00,1.68,9.98,147523.87932468357,1.56,2.0,1.49,0.95,1.54,225.0,12.16,7.0200000000000005,15.58,0
2026-03-23 17:30:00+00:00,1.56,9.68,167309.74556797653,1.49,1.87,1.34,0.91,1.47,229.0,12.29,6.890000000000001,14.97,0
2026-03-23 18:00:00+00:00,1.58,9.73,164218.66787844076,1.47,1.88,1.52,0.91,1.46,226.0,12.94,6.98,15.72,0
2026-03-23 18:30:00+00:00,1.66,9.56,155170.58117273843,1.56,1.99,1.46,0.95,1.55,225.0,11.77,7.0200000000000005,14.06,0
2026-03-23 19:00:00+00:00,1.58,9.81,159292.50484418898,1.5,1.87,1.32,0.93,1.49,216.0,11.76,7.33,16.44,0
2026-03-23 19:30:00+00:00,1.62,10.21,152576.85204081604,1.51,1.92,1.35,0.92,1.49,221.0,11.68,7.15,15.12,0
2026-03-23 20:00:00+00:00,1.52,10.07,157294.68487846645,1.39,1.81,1.43,0.87,1.39,224.0,9.7,7.0600000000000005,15.61,0
2026-03-23 20:30:00+00:00,1.45,9.82,171190.71621165072,1.36,1.7,0.8,0.85,1.37,214.0,10.15,7.41,16.42,0
2026-03-23 21:00:00+00:00,1.49,10.04,171342.36251776936,1.45,1.87,1.14,0.87,1.42,213.0,10.02,7.42,15.37,0
2026-03-23 21:30:00+00:00,1.58,10.31,187314.62483456545,1.52,1.81,0.98,0.98,1.54,190.0,10.56,8.32,16.240000000000002,0
2026-03-23 22:00:00+00:00,1.46,9.87,180427.5248329097,1.38,1.71,1.25,0.85,1.37,213.0,10.68,7.390000000000001,13.84,0
2026-03-23 22:30:00+00:00,1.43,9.87,176753.32913732927,1.4,1.76,1.08,0.84,1.36,214.0,10.44,7.41,15.06,0
2026-03-23 23:00:00+00:00,1.62,10.3,181167.56902741635,1.47,1.82,1.09,0.93,1.47,200.0,11.51,7.890000000000001,14.93,0
2026-03-23 23:30:00+00:00,1.47,9.49,152601.0546100652,1.42,1.73,1.21,0.89,1.41,218.0,10.19,7.23,15.0,0
2026-03-24 00:00:00+00:00,1.43,9.93,160397.1232265772,1.35,1.71,0.66,0.8200000000000001,1.33,218.0,10.17,7.27,15.65,0
2026-03-24 00:30:00+00:00,1.44,9.77,162379.04521690522,1.33,1.71,1.4,0.8,1.3,228.0,12.43,6.93,15.4,0
2026-03-24 01:00:00+00:00,1.54,10.34,169037.54994580906,1.51,1.83,0.89,0.96,1.51,194.0,10.68,8.120000000000001,14.54,0
2026-03-24 01:30:00+00:00,1.51,10.37,174838.24100096192,1.4,1.77,1.11,0.85,1.38,210.0,12.77,7.52,15.48,0
2026-03-24 02:00:00+00:00,1.53,10.31,181606.43420040497,1.43,1.89,1.76,0.85,1.4,220.0,10.49,7.22,15.03,0
2026-03-24 02:30:00+00:00,1.45,10.42,158503.94052210875,1.37,1.72,1.2,0.81,1.32,221.0,12.55,7.16,15.28,0
2026-03-24 03:00:00+00:00,1.41,10.57,150984.74440952606,1.32,1.63,1.19,0.8300000000000001,1.32,195.0,11.33,8.11,16.12,0
2026-03-24 03:30:00+00:00,1.4,10.29,151206.6699708694,1.34,1.63,0.61,0.8300000000000001,1.32,198.0,10.93,8.02,19.47,0
2026-03-24 04:00:00+00:00,1.4,10.48,154199.53068450504,1.35,1.75,1.2,0.85,1.36,191.0,9.95,8.25,15.4,0
2026-03-24 04:30:00+00:00,1.53,10.76,153332.2887480652,1.39,1.78,0.8300000000000001,0.85,1.38,192.0,10.08,8.24,16.240000000000002,0
2026-03-24 05:00:00+00:00,1.42,10.54,154661.57713512474,1.37,1.76,1.16,0.85,1.36,192.0,11.0,8.25,14.46,0
2026-03-24 05:30:00+00:00,1.48,10.62,167046.5022312529,1.38,1.74,0.54,0.89,1.4,180.0,9.53,8.76,15.57,0
2026-03-24 06:00:00+00:00,1.41,10.21,167351.98320072528,1.4,1.65,0.7000000000000001,0.87,1.38,192.0,10.08,8.26,14.99,0
2026-03-24 06:30:00+00:00,1.53,10.77,147455.01339505086,1.46,1.89,0.61,0.91,1.46,186.0,10.69,8.5,16.31,0
2026-03-24 07:00:00+00:00,1.62,10.62,157720.48405180807,1.55,1.93,0.81,0.96,1.54,185.0,11.95,8.55,16.36,0
2026-03-24 07:30:00+00:00,1.74,10.69,167964.62205363315,1.64,2.09,1.26,1.0,1.62,183.0,9.95,8.620000000000001,15.47,0
2026-03-24 08:00:00+00:00,1.53,10.25,165882.09891284633,1.44,1.73,0.85,0.92,1.46,180.0,9.2,8.73,17.02,0
2026-03-24 08:30:00+00:00,1.57,10.31,145609.64953440003,1.46,1.81,0.97,0.95,1.49,190.0,11.42,8.26,15.19,0
2026-03-24 09:00:00+00:00,1.65,10.64,154840.90859875255,1.59,2.08,0.78,0.99,1.59,183.0,11.97,8.66,15.51,0
2026-03-24 09:30:00+00:00,1.62,10.69,161510.8181533044,1.59,2.05,0.62,0.99,1.59,182.0,10.48,8.68,15.87,0
2026-03-24 10:00:00+00:00,1.57,10.64,148721.64935567862,1.55,1.97,0.84,0.95,1.53,179.0,11.63,8.83,17.12,0
2026-03-24 10:30:00+00:00,1.51,10.43,141412.28457792202,1.46,1.79,0.91,0.9,1.45,186.0,9.99,8.45,16.28,0
2026-03-24 11:00:00+00:00,1.48,10.71,160789.0886393348,1.45,1.82,0.92,0.89,1.43,180.0,10.71,8.76,18.71,0
2026-03-24 11:30:00+00:00,1.37,10.27,178276.3128897232,1.33,1.59,1.14,0.85,1.34,185.0,11.3,8.55,15.55,0
2026-03-24 12:00:00+00:00,1.41,10.29,171262.9497710678,1.34,1.65,0.97,0.87,1.36,182.0,12.31,8.700000000000001,14.89,0
2026-03-24 12:30:00+00:00,1.56,10.66,177965.30524091588,1.49,1.88,0.97,0.91,1.47,186.0,11.61,8.53,15.74,0
2026-03-24 13:00:00+00:00,1.43,10.71,164485.316770095,1.4,1.74,0.49,0.88,1.4,176.0,11.2,8.94,15.86,0
2026-03-24 13:30:00+00:00,1.4,10.69,154894.43806260685,1.36,1.72,0.96,0.81,1.33,203.0,12.92,7.81,16.62,0
2026-03-24 14:00:00+00:00,1.39,10.61,165405.44507912442,1.34,1.65,0.96,0.84,1.34,194.0,10.88,8.15,14.97,0
2026-03-24 14:30:00+00:00,1.38,10.63,175729.69297019226,1.31,1.66,1.36,0.78,1.28,206.0,11.68,7.67,14.29,0
2026-03-24 15:00:00+00:00,1.34,10.65,176846.5422711665,1.31,1.66,0.98,0.78,1.28,204.0,11.33,7.71,16.07,0
2026-03-24 15:30:00+00:00,1.41,10.7,168486.69688613116,1.38,1.69,0.49,0.8300000000000001,1.35,198.0,12.45,8.0,16.080000000000002,0
2026-03-24 16:00:00+00:00,1.42,10.66,166977.54420153316,1.41,1.84,0.91,0.81,1.36,202.0,11.1,7.83,14.33,0
2026-03-24 16:30:00+00:00,1.39,10.54,173293.85124077572,1.34,1.77,1.13,0.76,1.29,214.0,10.68,7.43,16.59,0
2026-03-24 17:00:00+00:00,1.26,10.33,159170.0009164033,1.23,1.58,0.78,0.73,1.2,207.0,11.6,7.62,14.78,0
2026-03-24 17:30:00+00:00,1.33,10.23,146555.0330714063,1.3,1.63,0.95,0.75,1.25,226.0,11.26,7.0,13.69,0
2026-03-24 18:00:00+00:00,1.29,10.33,148003.40022612145,1.23,1.59,0.89,0.72,1.19,219.0,10.9,7.2,17.41,0
2026-03-24 18:30:00+00:00,1.38,10.29,149253.770431902,1.29,1.64,0.75,0.76,1.25,219.0,9.82,7.23,14.12,0
2026-03-24 19:00:00+00:00,1.28,10.11,146361.5409295162,1.18,1.56,1.1,0.7000000000000001,1.15,239.0,11.45,6.62,15.12,0
2026-03-24 19:30:00+00:00,1.34,9.77,161333.78329704952,1.28,1.67,1.27,0.75,1.24,236.0,11.21,6.7,13.64,0
2026-03-24 20:00:00+00:00,1.38,9.79,148320.33500158018,1.28,1.64,0.98,0.76,1.24,248.0,10.69,6.390000000000001,13.73,0
2026-03-24 20:30:00+00:00,1.4,9.6,158504.67839822453,1.34,1.75,1.03,0.81,1.31,240.0,10.95,6.61,15.11,0
2026-03-24 21:00:00+00:00,1.44,9.52,151344.75845408585,1.27,1.73,1.06,0.77,1.25,263.0,11.78,5.99,14.31,0
2026-03-24 21:30:00+00:00,1.37,9.43,148693.06220321983,1.28,1.68,0.91,0.76,1.24,269.0,10.87,5.89,14.03,0
2026-03-24 22:00:00+00:00,1.29,9.02,133846.26850089122,1.17,1.5,1.21,0.7000000000000001,1.14,288.0,11.0,5.48,13.29,0
2026-03-24 22:30:00+00:00,1.38,9.41,139799.84188535195,1.27,1.6,1.47,0.79,1.26,256.0,11.33,6.19,14.86,0
2026-03-24 23:00:00+00:00,1.26,8.950000000000001,146284.65419288148,1.15,1.51,0.99,0.7000000000000001,1.13,273.0,9.66,5.79,13.71,0
2026-03-24 23:30:00+00:00,1.18,8.84,149503.64930301343,1.07,1.41,1.17,0.65,1.06,300.0,7.88,5.26,13.14,0
2026-03-25 00:00:00+00:00,1.3,9.11,155412.06643236234,1.2,1.6,1.25,0.71,1.17,274.0,10.33,5.76,12.79,0
2026-03-25 00:30:00+00:00,1.22,9.26,148817.59964133747,1.17,1.46,0.74,0.7000000000000001,1.14,255.0,8.23,6.19,15.7,0
2026-03-25 01:00:00+00:00,1.25,9.4,167978.22265115354,1.15,1.54,0.68,0.6900000000000001,1.13,259.0,10.14,6.11,15.14,0
2026-03-25 01:30:00+00:00,1.19,9.52,147378.4232174697,1.13,1.47,1.05,0.67,1.1,242.0,9.58,6.5,14.76,0
2026-03-25 02:00:00+00:00,1.1,9.56,148722.6783591104,1.03,1.35,0.79,0.61,1.0,246.0,11.6,6.45,13.95,0
2026-03-25 02:30:00+00:00,1.09,9.84,148689.57854562937,1.04,1.32,1.39,0.62,1.01,230.0,11.64,6.91,14.39,0
2026-03-25 03:00:00+00:00,1.17,9.47,154854.9598258459,1.04,1.32,1.17,0.64,1.03,264.0,9.79,5.97,13.92,0
2026-03-25 03:30:00+00:00,1.14,8.950000000000001,149136.691149915,0.99,1.28,1.09,0.63,0.99,293.0,9.41,5.42,13.59,0
2026-03-25 04:00:00+00:00,1.22,8.99,147394.15568883522,1.12,1.47,1.26,0.6900000000000001,1.11,262.0,10.05,6.03,15.08,0
2026-03-25 04:30:00+00:00,1.27,8.61,161250.8290881958,1.19,1.48,1.26,0.75,1.2,263.0,9.98,6.03,14.37,0
2026-03-25 05:00:00+00:00,1.3,7.72,155774.74539198092,1.25,1.54,0.95,0.8,1.25,286.0,9.24,5.54,11.94,0
2026-03-25 05:30:00+00:00,1.39,7.63,146280.01886842088,1.26,1.52,1.07,0.8300000000000001,1.3,282.0,7.61,5.63,14.97,0
2026-03-25 06:00:00+00:00,1.49,7.56,151313.10691409043,1.43,1.77,1.13,0.9,1.43,286.0,9.58,5.53,14.41,0
2026-03-25 06:30:00+00:00,1.62,7.55,146197.5237166136,1.48,1.9,1.15,0.96,1.51,284.0,7.640000000000001,5.58,13.64,0
2026-03-25 07:00:00+00:00,1.57,7.18,142832.69554754382,1.46,1.91,0.92,0.91,1.45,306.0,6.19,5.17,12.83,0
2026-03-25 07:30:00+00:00,1.65,7.5,156994.11640820184,1.49,1.82,1.28,0.99,1.55,280.0,6.26,5.64,13.35,0
2026-03-25 08:00:00+00:00,1.59,7.72,158610.93935512606,1.46,1.85,1.0,0.93,1.47,272.0,7.17,5.82,14.04,0
2026-03-25 08:30:00+00:00,1.69,7.640000000000001,165061.18486548166,1.59,1.96,1.11,1.04,1.63,260.0,5.98,6.1000000000000005,13.78,0
2026-03-25 09:00:00+00:00,1.59,7.58,159825.06866801291,1.47,1.86,1.63,0.97,1.51,268.0,6.46,5.9,12.94,0
2026-03-25 09:30:00+00:00,1.59,7.45,175007.28436313174,1.46,1.79,1.42,0.93,1.47,287.0,6.53,5.51,12.7,0
2026-03-25 10:00:00+00:00,1.68,7.96,161754.21786487917,1.55,1.92,1.55,0.99,1.56,268.0,11.56,5.92,14.7,0
2026-03-25 10:30:00+00:00,1.62,7.57,149228.82476211598,1.53,1.89,1.42,0.94,1.51,292.0,6.68,5.43,12.91,0
2026-03-25 11:00:00+00:00,1.71,7.31,154729.2898361129,1.59,2.01,1.55,1.01,1.59,299.0,6.43,5.29,12.62,0
2026-03-25 11:30:00+00:00,1.83,7.61,155204.21379789896,1.72,2.23,2.14,1.09,1.74,298.0,7.07,5.3,12.45,0
2026-03-25 12:00:00+00:00,1.84,7.2,151818.7826559717,1.71,2.08,2.03,1.09,1.72,304.0,5.87,5.21,12.55,0
2026-03-25 12:30:00+00:00,1.86,7.42,174659.4127798177,1.65,2.06,1.91,1.03,1.65,331.0,7.640000000000001,4.79,13.57,0
2026-03-25 13:00:00+00:00,1.85,7.07,165925.07327368262,1.71,2.13,2.56,1.1,1.73,319.0,6.58,4.97,13.23,0
2026-03-25 13:30:00+00:00,2.05,7.01,157330.479804833,1.91,2.39,1.3,1.23,1.93,300.0,6.03,5.29,13.7,0
2026-03-25 14:00:00+00:00,2.05,6.8500000000000005,168605.34019506673,1.9,2.39,2.11,1.22,1.93,315.0,5.36,5.03,11.8,0
2026-03-25 14:30:00+00:00,2.3000000000000003,7.2,164222.54437263068,2.11,2.7,1.48,1.36,2.14,294.0,6.94,5.4,13.51,0
2026-03-25 15:00:00+00:00,2.47,7.32,152840.19438120807,2.31,2.87,1.99,1.47,2.31,291.0,6.390000000000001,5.43,14.05,0
2026-03-25 15:30:00+00:00,2.5500000000000003,7.16,171003.2732735415,2.31,2.94,2.01,1.48,2.34,291.0,7.71,5.46,13.08,0
2026-03-25 16:00:00+00:00,2.84,7.42,170709.43564920273,2.67,3.29,2.01,1.67,2.66,275.0,7.5,5.73,13.53,0
2026-03-25 16:30:00+00:00,2.79,7.34,172123.4766083027,2.5500000000000003,3.22,2.03,1.65,2.61,279.0,6.54,5.69,12.55,0
2026-03-25 17:00:00+00:00,3.08,7.54,155656.65497081872,3.02,3.85,2.13,1.87,3.0,262.0,6.98,6.0200000000000005,13.25,0
2026-03-25 17:30:00+00:00,3.04,7.74,156622.95124780983,2.86,3.54,2.41,1.79,2.84,267.0,7.9,5.91,12.81,0
2026-03-25 18:00:00+00:00,2.77,7.71,163362.48107216042,2.61,3.29,2.96,1.63,2.61,265.0,8.15,5.99,13.04,0
2026-03-25 18:30:00+00:00,2.79,8.2,167476.15475531487,2.64,3.24,2.99,1.67,2.65,255.0,7.930000000000001,6.2,13.44,0
2026-03-25 19:00:00+00:00,2.61,7.84,168133.29771165716,2.45,3.1,2.51,1.57,2.48,265.0,7.66,5.99,12.74,0
2026-03-25 19:30:00+00:00,2.7,8.22,161933.9548870588,2.6,3.17,1.75,1.62,2.58,248.0,8.44,6.390000000000001,14.99,0
2026-03-25 20:00:00+00:00,2.56,8.4,168677.19704266987,2.42,3.0,2.72,1.53,2.44,244.0,7.6,6.5,13.72,0
2026-03-25 20:30:00+00:00,2.6,8.36,161496.9335748252,2.41,3.0500000000000003,2.33,1.5,2.41,250.0,8.47,6.3,14.49,0
2026-03-25 21:00:00+00:00,2.53,8.51,179727.34000740803,2.4,2.98,1.76,1.49,2.39,244.0,8.69,6.49,14.37,0
2026-03-25 21:30:00+00:00,2.6,9.19,174895.01864245188,2.47,3.23,2.04,1.53,2.47,227.0,11.15,6.99,14.59,0
2026-03-25 22:00:00+00:00,2.94,9.13,178662.0409205584,2.78,3.36,2.18,1.8,2.83,223.0,9.84,7.08,14.68,0
2026-03-25 22:30:00+00:00,2.92,9.13,170611.81912513298,2.69,3.3000000000000003,2.05,1.7,2.7,227.0,8.45,6.95,14.8,0
2026-03-25 23:00:00+00:00,2.97,9.11,158029.81988008702,2.82,3.51,1.61,1.78,2.82,217.0,9.04,7.3,13.53,0
2026-03-25 23:30:00+00:00,2.95,9.24,163465.0962959573,2.77,3.5700000000000003,2.36,1.66,2.71,234.0,10.11,6.76,14.34,0
2026-03-26 00:00:00+00:00,2.9,9.71,163377.44118233462,2.74,3.37,2.99,1.71,2.75,212.0,10.75,7.48,15.17,1
2026-03-26 00:30:00+00:00,2.98,9.05,163289.78606871192,2.89,3.61,1.93,1.75,2.83,225.0,10.09,7.03,14.61,0
2026-03-26 01:00:00+00:00,2.5,8.94,160256.5303222862,2.37,3.0500000000000003,1.37,1.49,2.39,231.0,8.370000000000001,6.8500000000000005,14.0,0
2026-03-26 01:30:00+00:00,2.66,8.76,168415.88284371878,2.51,3.11,1.82,1.57,2.5,231.0,9.19,6.83,13.79,0
2026-03-26 02:00:00+00:00,2.78,9.17,169719.45050988442,2.69,3.28,1.44,1.73,2.71,209.0,8.22,7.52,15.32,0
2026-03-26 02:30:00+00:00,2.75,9.58,166711.82567049333,2.63,3.19,2.56,1.66,2.64,208.0,9.7,7.62,15.22,0
2026-03-26 03:00:00+00:00,2.72,9.52,165029.47825460942,2.6,3.38,2.66,1.55,2.5500000000000003,220.0,10.01,7.17,16.07,0
2026-03-26 03:30:00+00:00,2.81,9.5,157543.98718464715,2.63,3.3000000000000003,1.38,1.63,2.61,216.0,9.61,7.35,15.78,0
2026-03-26 04:00:00+00:00,2.54,9.49,164036.75905024126,2.37,3.02,2.21,1.45,2.34,225.0,9.3,7.03,14.0,0
2026-03-26 04:30:00+00:00,2.87,9.71,164449.25093817382,2.71,3.28,1.9,1.69,2.7,206.0,9.3,7.69,15.08,0
2026-03-26 05:00:00+00:00,2.77,9.45,166269.242258275,2.62,3.23,1.47,1.67,2.64,210.0,9.39,7.56,15.4,0
2026-03-26 05:30:00+00:00,2.86,9.72,162767.11218790838,2.72,3.46,1.57,1.65,2.68,216.0,12.1,7.31,15.49,0
2026-03-26 06:00:00+00:00,2.99,9.78,175038.72626132207,2.88,3.61,2.31,1.79,2.88,209.0,9.96,7.6,14.31,0
2026-03-26 06:30:00+00:00,2.83,10.01,164940.59826799048,2.71,3.36,1.25,1.71,2.72,198.0,11.63,7.97,15.68,0
2026-03-26 07:00:00+00:00,2.75,9.78,167817.73231197303,2.62,3.22,2.04,1.65,2.62,208.0,9.67,7.62,14.01,0
2026-03-26 07:30:00+00:00,2.71,9.81,172181.5216814994,2.52,3.19,1.92,1.52,2.47,224.0,10.71,7.05,14.79,0
2026-03-26 08:00:00+00:00,2.86,10.01,166940.6226607991,2.66,3.29,1.53,1.6,2.59,223.0,12.08,7.12,14.84,0
2026-03-26 08:30:00+00:00,2.48,9.84,165248.54130574586,2.27,2.94,1.95,1.41,2.25,227.0,8.59,7.0,15.22,0
2026-03-26 09:00:00+00:00,2.68,10.07,156692.6553066478,2.62,3.25,2.36,1.59,2.58,209.0,10.34,7.56,15.54,0
2026-03-26 09:30:00+00:00,2.73,9.73,146519.24164294513,2.6,3.29,1.46,1.64,2.61,209.0,9.15,7.57,15.1,0
2026-03-26 10:00:00+00:00,2.56,9.87,137837.58695619917,2.39,2.88,1.34,1.48,2.37,215.0,7.81,7.35,16.16,0
2026-03-26 10:30:00+00:00,2.61,9.94,138144.87570149367,2.45,3.23,1.6,1.52,2.44,207.0,12.25,7.65,15.29,0
2026-03-26 11:00:00+00:00,2.66,10.06,140455.76453047022,2.52,3.29,1.92,1.54,2.49,212.0,11.39,7.4,15.6,0
2026-03-26 11:30:00+00:00,2.56,10.29,137169.5990967994,2.39,2.89,2.72,1.48,2.38,203.0,11.06,7.77,14.48,0
2026-03-26 12:00:00+00:00,2.57,9.92,131896.81006237745,2.43,2.98,1.78,1.52,2.43,205.0,13.08,7.71,16.87,0
2026-03-26 12:30:00+00:00,2.37,9.75,141003.1717122939,2.19,2.77,2.1,1.35,2.17,225.0,11.77,7.01,14.41,0
2026-03-26 13:00:00+00:00,2.18,9.2,137525.99039486985,2.02,2.47,1.54,1.27,2.02,241.0,11.37,6.55,13.85,0
2026-03-26 13:30:00+00:00,2.52,10.17,123723.19253132337,2.38,2.99,1.87,1.47,2.36,216.0,10.03,7.33,15.18,0
2026-03-26 14:00:00+00:00,2.58,9.92,118146.50798865627,2.48,3.12,1.7,1.48,2.42,219.0,11.84,7.18,15.68,0
2026-03-26 14:30:00+00:00,2.38,9.33,125087.38170643228,2.24,2.75,1.91,1.41,2.24,237.0,9.57,6.7,13.82,0
2026-03-26 15:00:00+00:00,2.39,9.03,127349.38399069036,2.23,2.85,1.86,1.4,2.23,240.0,8.61,6.58,16.64,0
2026-03-26 15:30:00+00:00,2.47,9.24,128746.0067753848,2.3000000000000003,2.88,1.64,1.41,2.27,240.0,12.11,6.58,14.67,0
2026-03-26 16:00:00+00:00,2.61,9.58,131423.23750220012,2.5,3.11,1.83,1.56,2.49,225.0,10.73,7.04,15.09,0
2026-03-26 16:30:00+00:00,2.63,9.48,131906.18653595398,2.5,3.0500000000000003,3.16,1.57,2.49,227.0,11.66,6.94,14.43,0
2026-03-26 17:00:00+00:00,2.43,9.14,133133.51322607853,2.32,2.87,2.01,1.44,2.3000000000000003,240.0,10.55,6.61,13.84,0
2026-03-26 17:30:00+00:00,2.51,9.32,134320.81807507528,2.39,2.94,1.92,1.45,2.35,237.0,11.72,6.69,14.74,0
2026-03-26 18:00:00+00:00,2.76,8.99,128757.31375292627,2.58,3.22,1.7,1.59,2.5500000000000003,242.0,7.28,6.5200000000000005,15.44,0
2026-03-26 18:30:00+00:00,2.47,9.17,125450.33310326966,2.29,2.77,2.34,1.41,2.26,244.0,8.47,6.44,13.98,0
2026-03-26 19:00:00+00:00,2.75,9.02,130025.6654007771,2.57,3.14,1.76,1.66,2.6,227.0,9.14,6.98,13.76,0
2026-03-26 19:30:00+00:00,2.68,9.27,135193.4355449037,2.51,3.15,2.66,1.62,2.56,221.0,10.57,7.16,16.6,0
2026-03-26 20:00:00+00:00,2.75,9.22,143111.9783236435,2.65,3.17,1.67,1.72,2.69,210.0,9.34,7.51,14.15,0
2026-03-26 20:30:00+00:00,2.33,8.97,153224.13725087274,2.19,2.73,1.84,1.38,2.2,233.0,11.25,6.79,14.09,0
2026-03-26 21:00:00+00:00,2.66,9.5,164449.92731161296,2.49,3.14,2.25,1.53,2.46,217.0,9.93,7.22,15.48,0
2026-03-26 21:30:00+00:00,2.53,9.65,163422.6634257065,2.5,3.11,1.74,1.49,2.42,220.0,9.97,7.16,15.47,0
2026-03-26 22:00:00+00:00,2.44,9.36,149666.21986986915,2.34,2.97,1.37,1.46,2.33,217.0,8.63,7.3,15.16,0
2026-03-26 22:30:00+00:00,2.4,9.36,150248.39583786373,2.25,2.77,1.56,1.45,2.28,221.0,11.35,7.13,16.7,0
2026-03-26 23:00:00+00:00,2.5,9.78,171209.8217535136,2.29,2.9,2.98,1.46,2.32,216.0,11.39,7.31,15.97,0
2026-03-26 23:30:00+00:00,2.62,10.2,162599.30534959977,2.47,2.94,1.69,1.54,2.45,200.0,10.59,7.9,15.94,0
2026-03-27 00:00:00+00:00,2.54,9.77,152601.88046822697,2.42,2.94,1.68,1.51,2.41,204.0,10.62,7.78,15.94,0
2026-03-27 00:30:00+00:00,2.41,9.84,163192.25139568883,2.28,2.87,1.71,1.41,2.28,207.0,8.67,7.62,14.12,0
2026-03-27 01:00:00+00:00,2.33,9.73,155809.202873104,2.2,2.74,1.52,1.4,2.21,215.0,11.29,7.36,15.18,0
2026-03-27 01:30:00+00:00,2.2,9.63,179255.57655440897,2.03,2.57,2.28,1.29,2.05,216.0,9.28,7.31,14.5,0
2026-03-27 02:00:00+00:00,2.26,9.74,169974.33149813948,2.14,2.56,1.1,1.41,2.2,197.0,11.83,8.02,15.52,0
2026-03-27 02:30:00+00:00,2.08,9.91,175400.27508242716,1.93,2.37,1.28,1.24,1.95,212.0,12.25,7.47,15.43,0
2026-03-27 03:00:00+00:00,2.11,9.91,175275.51684372505,2.02,2.6,1.43,1.27,2.03,204.0,11.51,7.78,16.17,0
2026-03-27 03:30:00+00:00,2.09,9.69,147622.82219991286,2.0,2.41,1.77,1.28,2.01,212.0,11.18,7.46,14.63,0
2026-03-27 04:00:00+00:00,2.13,10.07,156395.8554704875,2.06,2.49,1.96,1.29,2.04,200.0,11.11,7.930000000000001,16.43,0
2026-03-27 04:30:00+00:00,2.18,10.14,158212.87786600637,2.04,2.58,1.84,1.28,2.04,209.0,9.73,7.56,14.98,0
2026-03-27 05:00:00+00:00,2.27,9.99,157603.54112216216,2.17,2.77,0.91,1.37,2.18,198.0,9.11,8.0,15.88,0
2026-03-27 05:30:00+00:00,2.1,9.74,163518.02715375557,2.01,2.53,1.19,1.22,1.97,217.0,10.22,7.3,13.59,0
2026-03-27 06:00:00+00:00,2.0,9.54,167657.7137658813,1.82,2.25,1.81,1.16,1.84,216.0,9.67,7.29,15.65,0
2026-03-27 06:30:00+00:00,2.07,9.7,149825.59098992616,1.96,2.35,1.14,1.26,1.99,209.0,10.03,7.6,15.26,0
2026-03-27 07:00:00+00:00,1.96,9.17,168132.75534693498,1.82,2.21,1.1,1.14,1.81,222.0,7.62,7.09,13.91,0
2026-03-27 07:30:00+00:00,2.02,9.32,169067.8870583138,1.95,2.43,1.14,1.21,1.95,214.0,9.42,7.4,15.45,0
2026-03-27 08:00:00+00:00,2.06,9.82,155080.2543594078,2.0,2.47,1.16,1.25,2.0,204.0,10.99,7.79,14.35,0
2026-03-27 08:30:00+00:00,2.03,9.88,156781.23281902197,1.91,2.41,1.14,1.17,1.88,217.0,10.19,7.32,15.33,0
2026-03-27 09:00:00+00:00,2.07,9.75,153985.1821838939,1.99,2.47,1.29,1.26,1.99,203.0,10.21,7.75,15.17,0
2026-03-27 09:30:00+00:00,1.94,9.93,167072.54262756836,1.82,2.38,1.12,1.14,1.82,207.0,11.09,7.62,14.66,0
2026-03-27 10:00:00+00:00,2.04,10.35,162176.94646063205,1.96,2.42,1.03,1.19,1.93,198.0,11.87,8.01,15.11,0
2026-03-27 10:30:00+00:00,1.94,9.99,166164.73658111392,1.86,2.32,1.22,1.15,1.84,201.0,11.22,7.87,15.01,0
2026-03-27 11:00:00+00:00,1.85,9.81,163153.16339770707,1.78,2.17,1.54,1.11,1.77,207.0,12.74,7.65,15.32,0
2026-03-27 11:30:00+00:00,1.92,9.84,171244.02545025607,1.86,2.3000000000000003,1.16,1.16,1.86,203.0,8.33,7.76,16.45,0
2026-03-27 12:00:00+00:00,1.75,9.64,163112.79476034798,1.62,1.94,1.13,1.01,1.61,226.0,11.06,7.0,14.13,0
2026-03-27 12:30:00+00:00,1.84,9.67,170125.76322244643,1.73,2.27,1.53,1.03,1.7,237.0,10.81,6.69,14.99,0
2026-03-27 13:00:00+00:00,1.79,9.7,158714.08335048324,1.67,2.12,1.23,1.02,1.65,232.0,11.62,6.83,16.92,0
2026-03-27 13:30:00+00:00,1.8,9.52,152875.40049837294,1.71,2.15,1.91,1.02,1.66,242.0,11.43,6.5,13.38,0
2026-03-27 14:00:00+00:00,1.69,9.04,153164.1075609438,1.52,1.95,1.89,0.93,1.5,269.0,10.71,5.89,15.13,0
2026-03-27 14:30:00+00:00,1.72,9.21,153625.28086900277,1.62,2.07,0.8300000000000001,0.95,1.57,260.0,8.69,6.11,13.9,0
2026-03-27 15:00:00+00:00,1.81,9.55,143764.7889333218,1.69,2.03,0.85,1.04,1.68,235.0,10.01,6.74,14.52,0
2026-03-27 15:30:00+00:00,1.6,9.16,134770.4004388619,1.56,1.92,1.29,0.92,1.51,261.0,8.59,6.07,14.73,0
2026-03-27 16:00:00+00:00,1.63,9.14,142193.30875461578,1.52,1.94,1.54,0.92,1.49,257.0,9.19,6.17,13.55,0
2026-03-27 16:30:00+00:00,1.7,9.18,128175.380965712,1.62,2.06,1.34,1.01,1.61,241.0,10.89,6.5600000000000005,13.71,0
2026-03-27 17:00:00+00:00,1.59,8.950000000000001,141493.3883588753,1.42,1.75,1.58,0.89,1.42,272.0,11.41,5.83,13.95,0
2026-03-27 17:30:00+00:00,1.57,9.07,147209.98651697134,1.5,2.0,1.57,0.9,1.48,257.0,10.49,6.16,13.85,0
2026-03-27 18:00:00+00:00,1.58,9.32,159547.49227875358,1.5,1.86,1.62,0.92,1.48,238.0,9.0,6.63,14.3,0
2026-03-27 18:30:00+00:00,1.52,8.57,154715.72185436572,1.39,1.81,1.24,0.87,1.4,259.0,10.51,6.12,13.34,0
2026-03-27 19:00:00+00:00,1.6,8.52,138851.2136720851,1.46,1.79,1.46,0.89,1.44,282.0,10.13,5.62,13.3,0
2026-03-27 19:30:00+00:00,1.7,8.47,136824.50262005418,1.55,1.92,1.65,0.97,1.55,288.0,10.48,5.49,13.62,0
2026-03-27 20:00:00+00:00,1.75,7.78,157554.96255550985,1.62,2.04,1.93,1.01,1.62,300.0,8.44,5.28,13.12,0
2026-03-27 20:30:00+00:00,1.9,7.85,149173.84525070168,1.75,2.27,1.48,1.11,1.76,286.0,10.01,5.55,13.38,0
2026-03-27 21:00:00+00:00,1.91,7.76,145199.76477196757,1.73,2.1,1.53,1.09,1.73,297.0,7.2,5.32,12.97,0
2026-03-27 21:30:00+00:00,2.06,7.9,155454.54944730722,1.91,2.23,1.67,1.22,1.92,275.0,8.77,5.78,13.37,0
2026-03-27 22:00:00+00:00,2.01,7.85,155646.53503641856,1.88,2.35,1.6,1.2,1.9,281.0,6.93,5.64,14.48,0
2026-03-27 22:30:00+00:00,2.16,7.84,164748.69071977303,2.01,2.54,1.56,1.29,2.04,277.0,9.2,5.72,14.53,0
2026-03-27 23:00:00+00:00,2.17,7.68,152545.36281526706,2.07,2.67,1.68,1.26,2.05,286.0,6.98,5.54,13.32,0
2026-03-27 23:30:00+00:00,2.05,8.06,149491.38834939786,1.9,2.38,1.55,1.2,1.91,274.0,8.52,5.78,12.77,0
2026-03-28 00:00:00+00:00,2.07,7.91,155590.2905711944,1.92,2.43,1.9,1.21,1.93,283.0,7.42,5.61,15.04,0
2026-03-28 00:30:00+00:00,1.89,7.99,157606.56466301324,1.78,2.26,1.4,1.1,1.77,290.0,7.86,5.44,12.32,0
2026-03-28 01:00:00+00:00,1.98,8.16,161400.2620875308,1.75,2.21,1.77,1.1,1.76,293.0,6.55,5.42,13.65,0
2026-03-28 01:30:00+00:00,1.89,8.49,163244.32330735258,1.77,2.3000000000000003,2.36,1.08,1.75,280.0,5.51,5.66,16.1,0
2026-03-28 02:00:00+00:00,1.98,9.09,173641.92527900185,1.84,2.33,2.11,1.15,1.84,252.0,6.0600000000000005,6.29,20.7,0
2026-03-28 02:30:00+00:00,1.97,9.08,172597.12628320468,1.79,2.22,1.24,1.16,1.83,253.0,8.25,6.2700000000000005,14.84,0
2026-03-28 03:00:00+00:00,1.8,8.93,169678.0904173072,1.64,2.09,1.73,1.03,1.64,276.0,7.03,5.71,15.7,0
2026-03-28 03:30:00+00:00,1.81,8.84,166548.174151257,1.66,2.11,1.53,1.07,1.68,262.0,7.75,6.05,13.77,0
2026-03-28 04:00:00+00:00,1.91,9.35,159088.11352294785,1.7,2.1,2.18,1.1,1.73,263.0,12.08,6.04,14.18,0
2026-03-28 04:30:00+00:00,2.0,9.5,161143.7411347116,1.88,2.36,2.38,1.17,1.87,254.0,9.56,6.23,16.490000000000002,0
2026-03-28 05:00:00+00:00,1.94,9.73,150022.51706493346,1.77,2.25,2.17,1.13,1.79,247.0,7.49,6.42,18.89,0
2026-03-28 05:30:00+00:00,1.8,9.32,158316.5231672308,1.64,2.07,1.08,1.07,1.67,247.0,6.79,6.42,15.79,0
2026-03-28 06:00:00+00:00,1.94,10.01,157527.15190128185,1.73,2.15,1.85,1.15,1.79,239.0,8.21,6.65,18.99,0
2026-03-28 06:30:00+00:00,1.89,10.01,165980.68994533058,1.74,2.15,1.78,1.12,1.76,231.0,8.33,6.84,18.73,0
2026-03-28 07:00:00+00:00,1.82,10.21,152617.38815144027,1.62,2.03,1.55,1.03,1.63,243.0,6.37,6.5,17.580000000000002,0
2026-03-28 07:30:00+00:00,1.94,10.87,159427.13297073956,1.82,2.29,1.48,1.14,1.81,224.0,8.01,7.07,19.52,0
2026-03-28 08:00:00+00:00,1.96,11.09,147326.7969182918,1.73,2.16,2.5,1.13,1.77,228.0,13.66,6.9,19.94,0
2026-03-28 08:30:00+00:00,1.81,9.31,143712.37893133523,1.66,2.11,2.02,1.04,1.66,259.0,11.39,6.12,15.76,0
2026-03-28 09:00:00+00:00,1.94,10.39,149393.052357961,1.81,2.21,1.91,1.16,1.82,225.0,12.31,7.0,18.16,0
2026-03-28 09:30:00+00:00,2.02,11.4,159807.37542629417,1.82,2.27,1.33,1.16,1.84,221.0,15.0,7.08,20.45,0
2026-03-28 10:00:00+00:00,2.08,11.46,166917.02952603914,1.86,2.32,1.72,1.15,1.84,218.0,18.3,7.27,18.85,0
2026-03-28 10:30:00+00:00,2.06,11.32,166918.17236611844,1.84,2.23,2.21,1.15,1.82,229.0,10.19,6.88,17.75,0
2026-03-28 11:00:00+00:00,2.01,11.01,153910.87769218738,1.82,2.18,1.87,1.15,1.82,222.0,7.11,7.1000000000000005,19.93,0
2026-03-28 11:30:00+00:00,2.04,11.39,143695.61645231638,1.92,2.46,2.16,1.18,1.9,212.0,13.9,7.46,18.5,0
2026-03-28 12:00:00+00:00,2.19,12.86,142408.76746970517,1.89,2.4,1.62,1.14,1.85,211.0,13.57,7.41,20.6,0
2026-03-28 12:30:00+00:00,2.09,12.58,167283.79465781592,1.94,2.42,1.36,1.14,1.86,198.0,15.22,7.96,19.2,0
2026-03-28 13:00:00+00:00,1.98,12.36,172514.27445328556,1.73,2.32,2.36,1.04,1.7,221.0,16.490000000000002,7.15,19.35,0
2026-03-28 13:30:00+00:00,1.93,12.31,160074.79450791786,1.72,2.2,2.03,1.04,1.69,219.0,17.62,7.22,18.28,0
2026-03-28 14:00:00+00:00,2.06,12.46,172410.21808050995,1.86,2.32,2.04,1.08,1.78,223.0,14.1,7.0600000000000005,17.5,0
2026-03-28 14:30:00+00:00,1.94,11.53,167701.32036417446,1.7,2.2,2.5,1.05,1.68,250.0,9.49,6.3100000000000005,17.32,0
2026-03-28 15:00:00+00:00,2.15,11.11,162123.61376344055,1.91,2.42,2.66,1.19,1.9,256.0,14.26,6.19,17.38,0
2026-03-28 15:30:00+00:00,2.34,11.47,164270.44357020268,2.1,2.69,1.74,1.29,2.08,241.0,13.91,6.58,18.07,0
2026-03-28 16:00:00+00:00,2.26,10.71,156986.6490030971,1.97,2.42,1.82,1.24,1.97,262.0,15.71,6.0600000000000005,16.78,0
2026-03-28 16:30:00+00:00,2.18,10.63,153535.6299176906,1.92,2.5,1.87,1.19,1.92,265.0,14.48,5.93,16.69,0
2026-03-28 17:00:00+00:00,2.37,10.64,152219.75811218945,2.06,2.59,2.31,1.32,2.08,263.0,12.91,6.01,15.96,0
2026-03-28 17:30:00+00:00,2.56,10.78,151590.9745687726,2.28,2.92,1.98,1.45,2.3000000000000003,247.0,14.9,6.42,16.78,0
2026-03-28 18:00:00+00:00,2.6,9.45,149821.86421033597,2.3000000000000003,2.83,2.35,1.53,2.37,257.0,12.64,6.15,16.080000000000002,0
2026-03-28 18:30:00+00:00,2.73,9.55,167779.60381831057,2.53,3.14,2.38,1.64,2.57,243.0,15.1,6.51,17.05,0
2026-03-28 19:00:00+00:00,2.94,10.18,154106.46240825436,2.6,3.18,2.45,1.67,2.63,235.0,13.37,6.75,17.22,0
2026-03-28 19:30:00+00:00,2.8000000000000003,9.44,149656.1558654949,2.5500000000000003,3.06,1.69,1.59,2.54,249.0,10.48,6.3500000000000005,17.26,0
2026-03-28 20:00:00+00:00,2.85,9.88,171099.7217688164,2.59,3.22,3.44,1.62,2.59,236.0,7.62,6.68,16.77,0
2026-03-28 20:30:00+00:00,2.82,9.77,158817.67875368483,2.57,3.03,2.65,1.67,2.6,232.0,7.11,6.79,15.05,0
2026-03-28 21:00:00+00:00,2.83,10.1,164779.47362604126,2.63,3.35,2.67,1.63,2.62,230.0,10.86,6.890000000000001,16.61,0
2026-03-28 21:30:00+00:00,2.84,9.9,189762.20009116645,2.57,3.2,1.53,1.58,2.54,235.0,8.03,6.73,18.51,0
2026-03-28 22:00:00+00:00,2.87,10.46,170529.33063127927,2.63,3.39,2.4,1.63,2.62,226.0,13.64,7.03,16.41,0
2026-03-28 22:30:00+00:00,2.8000000000000003,10.15,175674.165188516,2.53,3.15,1.44,1.6,2.53,227.0,10.17,6.96,18.32,0
2026-03-28 23:00:00+00:00,2.62,10.24,170098.88955278986,2.39,2.85,1.9,1.56,2.42,214.0,11.97,7.390000000000001,17.740000000000002,0
2026-03-28 23:30:00+00:00,2.72,11.15,168854.46622243337,2.47,3.31,2.22,1.51,2.45,211.0,13.41,7.51,17.78,0
2026-03-29 00:00:00+00:00,2.46,10.87,166372.74467117523,2.37,3.14,3.17,1.41,2.32,224.0,11.11,7.07,17.37,0
2026-03-29 00:30:00+00:00,2.71,10.77,162921.30895751287,2.52,3.21,1.89,1.56,2.51,213.0,11.53,7.4,17.57,0
2026-03-29 01:00:00+00:00,2.67,10.99,165889.3368560339,2.45,3.12,2.04,1.48,2.41,211.0,10.21,7.46,16.9,0
2026-03-29 01:30:00+00:00,2.45,10.3,172183.12846364107,2.33,2.77,2.64,1.42,2.28,220.0,11.95,7.21,16.12,0
2026-03-29 02:00:00+00:00,2.56,10.58,171783.3756778159,2.31,2.94,2.62,1.41,2.28,225.0,10.0,7.01,16.31,0
2026-03-29 02:30:00+00:00,2.52,10.83,158371.9470157272,2.36,2.74,1.5,1.51,2.38,195.0,12.48,8.07,17.84,0
2026-03-29 03:00:00+00:00,2.4,10.47,163895.31980053554,2.2,2.64,1.62,1.39,2.2,215.0,10.7,7.36,17.42,0
2026-03-29 03:30:00+00:00,2.46,10.58,173992.37102279326,2.33,2.94,1.27,1.46,2.33,208.0,13.71,7.6,17.04,0
2026-03-29 04:00:00+00:00,2.48,11.06,169256.01068962115,2.32,2.97,2.83,1.39,2.27,204.0,9.46,7.76,15.22,0
2026-03-29 04:30:00+00:00,2.41,10.72,207232.7409292326,2.27,2.86,1.5,1.45,2.3000000000000003,202.0,13.71,7.85,16.81,0
2026-03-29 05:00:00+00:00,2.59,11.37,187381.22324040683,2.5,3.09,1.33,1.5,2.44,199.0,13.1,7.98,16.54,0
2026-03-29 05:30:00+00:00,2.7,11.18,170320.95866192,2.54,3.23,1.98,1.55,2.5,200.0,9.88,7.9,16.78,0
2026-03-29 06:00:00+00:00,2.46,11.03,170779.75705730403,2.28,2.73,2.34,1.43,2.28,201.0,12.4,7.87,16.6,0
2026-03-29 06:30:00+00:00,2.5,11.32,169819.41296312856,2.38,3.0500000000000003,2.17,1.44,2.34,194.0,11.83,8.15,18.19,0
2026-03-29 07:00:00+00:00,2.59,11.35,169743.42765428603,2.47,3.0700000000000003,2.2,1.52,2.44,195.0,13.88,8.1,17.29,0
2026-03-29 07:30:00+00:00,2.47,11.05,182949.86751111352,2.28,2.94,1.82,1.39,2.24,208.0,14.05,7.59,15.58,0
2026-03-29 08:00:00+00:00,2.47,11.2,163909.5277784282,2.25,2.89,1.5,1.45,2.29,193.0,11.57,8.16,16.27,0
2026-03-29 08:30:00+00:00,2.51,11.34,174041.64217395984,2.33,2.91,1.83,1.43,2.31,198.0,12.18,7.95,17.42,0
2026-03-29 09:00:00+00:00,2.39,11.08,178597.9304422529,2.28,2.86,2.36,1.39,2.25,199.0,13.06,7.98,17.38,0
2026-03-29 09:30:00+00:00,2.56,11.56,158603.9578595492,2.33,2.91,2.05,1.4,2.27,202.0,13.8,7.82,16.86,0
2026-03-29 10:00:00+00:00,2.3000000000000003,11.41,163501.15237157134,2.19,2.82,2.11,1.3,2.13,199.0,10.45,7.890000000000001,17.240000000000002,0
2026-03-29 10:30:00+00:00,2.37,11.14,171487.33790430383,2.26,2.74,1.26,1.4,2.25,197.0,12.34,7.94,17.09,0
2026-03-29 11:00:00+00:00,2.18,10.67,158907.34336443697,2.11,2.66,1.88,1.3,2.08,216.0,13.35,7.33,16.8,0
2026-03-29 11:30:00+00:00,2.37,10.46,156531.5437214826,2.08,2.59,2.84,1.28,2.05,238.0,9.43,6.65,15.22,0
2026-03-29 12:00:00+00:00,2.36,10.77,147792.2276355884,2.08,2.77,3.6,1.28,2.06,237.0,13.86,6.67,15.73,0
2026-03-29 12:30:00+00:00,2.51,10.56,154283.58662053125,2.24,2.93,2.18,1.39,2.24,240.0,13.12,6.61,16.91,0
2026-03-29 13:00:00+00:00,2.66,10.57,160574.0252736211,2.35,3.04,1.91,1.4,2.28,254.0,12.34,6.19,17.38,0
2026-03-29 13:30:00+00:00,2.57,9.94,158292.53911336354,2.37,2.97,1.18,1.44,2.33,252.0,13.4,6.3,16.91,0
2026-03-29 14:00:00+00:00,2.59,10.27,148933.56850969998,2.31,2.98,2.5500000000000003,1.42,2.29,252.0,10.14,6.2700000000000005,16.6,0
2026-03-29 14:30:00+00:00,2.63,10.54,157128.37880532953,2.3000000000000003,2.91,2.09,1.46,2.32,238.0,12.29,6.65,15.39,0
2026-03-29 15:00:00+00:00,2.67,10.43,131459.97719952225,2.43,3.0700000000000003,3.0,1.54,2.44,237.0,10.66,6.65,16.46,0
2026-03-29 15:30:00+00:00,2.5500000000000003,10.18,121561.3048853953,2.23,2.81,2.08,1.39,2.22,259.0,12.27,6.11,16.72,0
2026-03-29 16:00:00+00:00,2.65,10.17,137597.87171649284,2.3000000000000003,2.91,1.56,1.46,2.3000000000000003,252.0,13.49,6.3,15.38,0
2026-03-29 16:30:00+00:00,2.59,9.56,139435.87461829718,2.32,2.96,3.16,1.43,2.3000000000000003,269.0,6.69,5.88,15.39,0
2026-03-29 17:00:00+00:00,2.47,9.33,132934.55427865486,2.26,2.81,2.61,1.43,2.26,255.0,12.86,6.22,16.240000000000002,0
2026-03-29 17:30:00+00:00,2.58,9.84,135864.60072403876,2.4,3.04,2.39,1.47,2.37,253.0,12.31,6.24,16.35,0
2026-03-29 18:00:00+00:00,2.72,10.3,144222.7495876096,2.47,3.3000000000000003,3.01,1.52,2.46,244.0,14.08,6.46,16.11,0
2026-03-29 18:30:00+00:00,2.63,10.26,132168.85600864864,2.39,3.01,3.2,1.49,2.37,243.0,12.77,6.5200000000000005,15.83,0
2026-03-29 19:00:00+00:00,2.61,9.56,131596.4147922789,2.37,3.1,1.36,1.45,2.34,257.0,12.79,6.17,16.02,0
2026-03-29 19:30:00+00:00,2.6,9.69,138371.93834926418,2.33,2.93,2.72,1.47,2.35,249.0,10.9,6.3500000000000005,15.31,0
2026-03-29 20:00:00+00:00,2.52,9.89,150707.4351832866,2.27,2.86,3.12,1.48,2.33,237.0,10.4,6.65,15.63,0
2026-03-29 20:30:00+00:00,2.29,9.39,177547.7777815682,2.06,2.66,2.98,1.25,2.03,258.0,12.75,6.11,15.5,0
2026-03-29 21:00:00+00:00,2.43,10.02,169014.49016712082,2.25,2.85,3.56,1.39,2.23,241.0,14.95,6.58,15.47,0
2026-03-29 21:30:00+00:00,2.39,9.52,157443.1057438128,2.21,2.69,1.5,1.39,2.21,248.0,11.92,6.38,15.78,0
2026-03-29 22:00:00+00:00,2.51,9.85,152718.53254271045,2.28,2.91,1.85,1.39,2.25,240.0,12.87,6.59,15.31,0
2026-03-29 22:30:00+00:00,2.56,9.52,148036.26082116278,2.41,3.04,1.39,1.5,2.4,229.0,10.24,6.93,15.09,0
2026-03-29 23:00:00+00:00,2.47,8.89,178850.94731600457,2.35,2.94,1.28,1.46,2.34,245.0,8.3,6.46,14.92,0
2026-03-29 23:30:00+00:00,2.5,9.57,171736.05309593288,2.35,2.87,1.96,1.5,2.36,216.0,9.13,7.35,15.07,0
2026-03-30 00:00:00+00:00,2.36,9.09,176267.59252474477,2.21,2.75,2.5,1.39,2.22,238.0,10.78,6.63,14.56,0
2026-03-30 00:30:00+00:00,2.29,9.29,165776.34980844462,2.1,2.64,2.27,1.32,2.1,245.0,11.08,6.45,13.69,0
2026-03-30 01:00:00+00:00,2.24,9.35,174504.02912103533,2.07,2.56,1.82,1.33,2.09,231.0,11.89,6.86,14.81,0
2026-03-30 01:30:00+00:00,2.21,9.52,164100.28595364827,1.99,2.51,2.27,1.22,1.98,252.0,13.41,6.2700000000000005,15.25,0
2026-03-30 02:00:00+00:00,2.14,9.27,160600.29380401288,2.01,2.63,1.18,1.21,1.97,251.0,8.84,6.3,15.76,0
2026-03-30 02:30:00+00:00,2.08,9.43,150394.88994631762,1.89,2.28,1.86,1.23,1.92,229.0,10.84,6.93,15.13,0
2026-03-30 03:00:00+00:00,2.12,9.05,152947.2681627446,1.98,2.5,1.56,1.23,1.96,243.0,10.11,6.51,14.67,0
2026-03-30 03:30:00+00:00,1.94,8.92,163826.27519385517,1.85,2.37,1.65,1.16,1.85,241.0,9.33,6.58,15.14,0
2026-03-30 04:00:00+00:00,1.92,8.98,138501.2883554719,1.74,2.14,1.76,1.12,1.76,241.0,8.67,6.5600000000000005,13.94,0
2026-03-30 04:30:00+00:00,1.88,8.93,158892.32426863423,1.71,2.17,1.64,1.07,1.71,249.0,9.25,6.36,14.43,0
2026-03-30 05:00:00+00:00,1.82,8.9,157901.21680083263,1.74,2.15,1.19,1.07,1.72,242.0,11.48,6.51,14.05,0
2026-03-30 05:30:00+00:00,1.85,9.14,157808.2291377728,1.71,2.13,1.3,1.07,1.7,241.0,11.19,6.59,15.73,0
2026-03-30 06:00:00+00:00,1.71,9.27,155165.52722593176,1.57,1.97,1.83,0.98,1.56,242.0,10.24,6.55,14.81,0
2026-03-30 06:30:00+00:00,1.69,8.55,152209.521871693,1.59,1.95,1.43,0.99,1.59,254.0,9.29,6.23,13.7,0
2026-03-30 07:00:00+00:00,1.64,9.01,158400.76435232454,1.55,1.97,1.42,0.96,1.54,246.0,7.77,6.45,13.81,0
2026-03-30 07:30:00+00:00,1.71,9.35,166718.90229136942,1.53,2.0,1.5,0.98,1.56,242.0,7.0200000000000005,6.53,15.07,0
2026-03-30 08:00:00+00:00,1.59,9.29,155379.30842074865,1.5,1.86,1.9,0.95,1.51,228.0,10.27,6.93,13.47,0
2026-03-30 08:30:00+00:00,1.61,9.17,157548.65025152307,1.48,1.9,1.78,0.93,1.49,240.0,9.91,6.61,16.27,0
2026-03-30 09:00:00+00:00,1.72,9.54,164138.37445098418,1.6,2.07,1.71,1.01,1.61,228.0,9.98,6.91,13.72,0
2026-03-30 09:30:00+00:00,1.6,9.54,157451.4673192776,1.56,1.94,1.52,0.92,1.5,236.0,10.59,6.69,14.91,0
2026-03-30 10:00:00+00:00,1.58,9.14,164750.11327777064,1.47,1.86,1.1,0.94,1.49,227.0,10.73,6.93,13.85,0
2026-03-30 10:30:00+00:00,1.59,9.21,167095.11799851057,1.5,1.87,1.31,0.92,1.48,242.0,10.37,6.55,14.62,0
2026-03-30 11:00:00+00:00,1.59,9.38,173255.26237466538,1.5,1.95,1.27,0.92,1.49,239.0,9.67,6.63,17.240000000000002,0
2026-03-30 11:30:00+00:00,1.56,9.04,150505.54446290302,1.45,1.82,1.49,0.9,1.44,258.0,12.85,6.12,15.04,0
2026-03-30 12:00:00+00:00,1.6,9.15,145297.48653182847,1.45,1.83,0.81,0.93,1.47,256.0,7.85,6.19,15.05,0
2026-03-30 12:30:00+00:00,1.55,8.52,173304.2787418699,1.44,1.79,1.37,0.9,1.43,283.0,11.06,5.61,14.18,0
2026-03-30 13:00:00+00:00,1.62,8.86,170227.07381809357,1.5,1.89,1.4,0.93,1.48,270.0,10.14,5.8500000000000005,14.11,0
2026-03-30 13:30:00+00:00,1.69,8.8,180282.7289953403,1.55,1.92,1.18,0.95,1.53,278.0,12.49,5.68,13.97,0
2026-03-30 14:00:00+00:00,1.68,8.3,169435.86409154025,1.55,1.95,1.5,0.99,1.57,290.0,9.63,5.47,13.87,0
2026-03-30 14:30:00+00:00,1.79,8.06,167259.3367311402,1.62,2.05,1.58,1.04,1.64,294.0,6.44,5.38,13.4,0
2026-03-30 15:00:00+00:00,1.83,8.36,164294.14264936664,1.68,2.14,1.99,1.05,1.68,291.0,10.08,5.44,14.28,0
2026-03-30 15:30:00+00:00,1.83,8.42,144248.30117171767,1.64,2.07,1.61,1.04,1.65,297.0,12.36,5.3500000000000005,14.82,0
2026-03-30 16:00:00+00:00,1.97,8.48,165005.47048185676,1.8,2.19,1.47,1.17,1.83,281.0,9.6,5.64,14.65,0
2026-03-30 16:30:00+00:00,1.91,8.26,152343.0322675229,1.73,2.24,1.96,1.08,1.73,304.0,7.87,5.22,13.81,0
2026-03-30 17:00:00+00:00,2.02,8.58,153865.7667716437,1.82,2.25,1.44,1.17,1.85,275.0,11.58,5.76,16.32,0
2026-03-30 17:30:00+00:00,1.96,8.5,146239.11140234387,1.77,2.18,1.59,1.14,1.79,286.0,5.92,5.55,16.29,0
2026-03-30 18:00:00+00:00,2.1,8.5,148921.82461053197,1.93,2.34,2.0,1.21,1.92,290.0,10.41,5.46,16.61,0
2026-03-30 18:30:00+00:00,2.11,8.620000000000001,150712.83937457387,1.89,2.38,2.34,1.23,1.93,277.0,11.59,5.7,16.2,0
2026-03-30 19:00:00+00:00,2.08,8.93,159286.86713945336,1.86,2.38,1.44,1.2,1.89,279.0,10.25,5.66,15.11,0
2026-03-30 19:30:00+00:00,2.2,9.01,151829.1038141762,1.97,2.49,2.81,1.23,1.97,282.0,9.14,5.63,13.69,0
2026-03-30 20:00:00+00:00,2.22,9.56,166547.67093022683,1.98,2.45,1.72,1.29,2.01,257.0,7.51,6.17,17.81,0
2026-03-30 20:30:00+00:00,2.22,9.43,186323.4558920349,2.04,2.57,2.1,1.27,2.04,249.0,7.41,6.3,18.07,0
2026-03-30 21:00:00+00:00,2.1,9.4,169037.94362986143,1.9,2.36,2.26,1.2,1.9,263.0,6.38,6.01,16.16,0
2026-03-30 21:30:00+00:00,2.11,9.46,148241.8765402969,1.93,2.42,2.77,1.22,1.94,253.0,6.05,6.25,16.240000000000002,0
2026-03-30 22:00:00+00:00,2.05,9.86,146605.28741845407,1.86,2.4,2.04,1.17,1.87,238.0,7.1000000000000005,6.62,16.4,0
2026-03-30 22:30:00+00:00,2.13,10.16,151410.90028329703,1.93,2.47,2.23,1.23,1.94,244.0,10.2,6.51,17.51,0
2026-03-30 23:00:00+00:00,2.11,10.34,146022.06516681283,1.88,2.36,1.57,1.22,1.92,230.0,11.06,6.9,17.080000000000002,0
2026-03-30 23:30:00+00:00,2.2,10.93,138624.06673225298,2.04,2.58,2.12,1.27,2.02,218.0,15.81,7.25,18.89,0
2026-03-31 00:00:00+00:00,2.16,11.16,147022.10045480344,1.93,2.36,2.15,1.24,1.94,220.0,13.44,7.21,19.12,0
2026-03-31 00:30:00+00:00,2.32,12.18,137552.8627112802,2.07,2.57,2.34,1.29,2.06,209.0,13.81,7.54,19.13,0
2026-03-31 01:00:00+00:00,2.38,11.86,163463.56787361193,2.22,2.82,1.97,1.32,2.16,211.0,11.81,7.48,19.83,0
2026-03-31 01:30:00+00:00,2.26,11.37,177383.89036000657,2.03,2.56,2.16,1.26,2.02,217.0,9.96,7.29,18.58,0
2026-03-31 02:00:00+00:00,2.33,11.94,202117.82673999824,2.0,2.44,1.75,1.27,2.01,214.0,12.87,7.36,17.18,0
2026-03-31 02:30:00+00:00,2.28,11.73,192455.70428830944,1.99,2.49,2.45,1.25,1.99,224.0,15.66,7.09,19.62,0
2026-03-31 03:00:00+00:00,2.37,12.77,179011.85511990273,2.18,2.71,2.83,1.35,2.16,199.0,16.29,7.97,21.15,0
2026-03-31 03:30:00+00:00,2.51,13.57,185883.1627886561,2.28,2.79,2.34,1.4,2.25,189.0,15.53,8.28,20.61,0
2026-03-31 04:00:00+00:00,2.5500000000000003,13.53,176959.2305861845,2.41,3.09,1.64,1.43,2.34,190.0,14.84,8.31,22.76,0
2026-03-31 04:30:00+00:00,2.53,13.89,178464.33102461774,2.3000000000000003,2.91,2.45,1.36,2.23,194.0,16.34,8.18,20.69,0
2026-03-31 05:00:00+00:00,2.48,13.04,173568.98752779188,2.18,2.94,2.51,1.34,2.17,201.0,17.54,7.85,18.67,0
2026-03-31 05:30:00+00:00,2.88,14.67,162887.34222232868,2.74,3.37,2.43,1.65,2.67,161.0,13.35,9.78,21.93,0
2026-03-31 06:00:00+00:00,2.76,14.39,181556.9615567692,2.5500000000000003,3.29,3.08,1.47,2.45,178.0,17.18,8.81,19.95,0
2026-03-31 06:30:00+00:00,2.97,14.99,186087.5063846744,2.69,3.41,2.43,1.6,2.61,166.0,18.48,9.49,20.91,0
2026-03-31 07:00:00+00:00,2.66,13.84,178547.19801866543,2.44,3.14,1.71,1.5,2.42,175.0,15.62,8.950000000000001,19.01,0
2026-03-31 07:30:00+00:00,2.87,14.48,188961.8800163744,2.72,3.27,2.16,1.68,2.67,156.0,15.69,10.14,20.9,0
2026-03-31 08:00:00+00:00,2.96,14.05,199206.7231081493,2.81,3.53,2.88,1.66,2.72,165.0,16.61,9.56,20.01,0
2026-03-31 08:30:00+00:00,2.68,13.32,188189.73271383168,2.5,3.27,2.31,1.47,2.43,181.0,16.13,8.78,19.81,0
2026-03-31 09:00:00+00:00,2.87,14.15,193946.50401678085,2.6,3.22,1.97,1.57,2.54,167.0,17.16,9.42,18.93,0
2026-03-31 09:30:00+00:00,3.18,14.17,186016.7709307385,3.11,3.96,2.32,1.83,3.01,157.0,14.2,10.06,19.85,0
2026-03-31 10:00:00+00:00,2.91,13.96,163853.67951896036,2.61,3.38,1.85,1.58,2.58,174.0,15.92,9.08,20.8,0
2026-03-31 10:30:00+00:00,2.83,13.27,161342.4915568785,2.52,3.19,2.43,1.52,2.48,186.0,15.24,8.53,19.59,0
2026-03-31 11:00:00+00:00,2.77,13.7,171717.06941964783,2.62,3.25,2.1,1.59,2.56,165.0,16.16,9.49,20.83,0
2026-03-31 11:30:00+00:00,2.95,13.27,195332.3626268181,2.81,3.44,1.87,1.71,2.76,170.0,16.03,9.34,19.36,0
2026-03-31 12:00:00+00:00,2.94,13.37,188969.53213516215,2.58,3.38,2.65,1.55,2.5500000000000003,188.0,16.330000000000002,8.36,18.45,0
2026-03-31 12:30:00+00:00,2.77,12.53,182572.58382124556,2.52,3.27,2.87,1.54,2.48,199.0,16.18,7.91,18.55,0
2026-03-31 13:00:00+00:00,2.7,12.75,177468.15929983478,2.43,3.19,2.46,1.47,2.38,208.0,16.89,7.55,20.02,0
2026-03-31 13:30:00+00:00,3.0,12.81,188267.54736246125,2.8000000000000003,3.68,2.18,1.75,2.83,180.0,17.48,8.78,18.99,0
2026-03-31 14:00:00+00:00,2.77,12.34,177920.707247791,2.41,3.15,2.02,1.49,2.4,219.0,14.48,7.21,18.4,0
2026-03-31 14:30:00+00:00,2.93,12.5,143311.4195278162,2.65,3.4,2.37,1.64,2.63,197.0,16.5,8.040000000000001,17.88,0
2026-03-31 15:00:00+00:00,2.85,12.55,167335.40331925248,2.62,3.29,3.41,1.57,2.56,205.0,13.51,7.72,17.57,0
2026-03-31 15:30:00+00:00,2.89,13.02,172042.8131777624,2.49,3.11,2.5500000000000003,1.49,2.43,203.0,12.09,7.78,18.84,0
2026-03-31 16:00:00+00:00,2.98,13.32,168850.0631064609,2.82,3.6,3.17,1.63,2.7,185.0,14.59,8.52,17.330000000000002,0
2026-03-31 16:30:00+00:00,2.76,12.87,155386.6261516805,2.52,3.15,2.27,1.49,2.43,197.0,15.02,8.01,18.17,0
2026-03-31 17:00:00+00:00,2.95,12.66,166984.05433664602,2.65,3.54,2.49,1.55,2.58,196.0,12.75,8.03,18.88,0
2026-03-31 17:30:00+00:00,2.67,12.17,161790.74768312435,2.33,2.93,2.03,1.4,2.29,217.0,12.7,7.3,18.63,0
2026-03-31 18:00:00+00:00,2.49,11.44,167642.1914893945,2.28,2.97,1.89,1.38,2.24,222.0,16.07,7.1000000000000005,19.38,0
2026-03-31 18:30:00+00:00,2.87,12.63,163745.55754761875,2.63,3.31,2.04,1.62,2.61,190.0,15.84,8.34,19.0,0
2026-03-31 19:00:00+00:00,2.56,12.38,165735.49842343555,2.37,3.0500000000000003,2.48,1.37,2.29,208.0,14.77,7.61,17.66,0
2026-03-31 19:30:00+00:00,2.58,11.8,163195.4181708501,2.35,3.0700000000000003,2.26,1.46,2.35,208.0,12.92,7.6,19.46,0
2026-03-31 20:00:00+00:00,2.69,12.18,162983.6341453644,2.5500000000000003,3.12,1.88,1.52,2.47,189.0,13.69,8.34,18.31,0
2026-03-31 20:30:00+00:00,2.71,12.05,179219.78814035805,2.52,3.25,2.09,1.5,2.45,202.0,14.08,7.81,17.87,0
2026-03-31 21:00:00+00:00,2.56,11.85,173285.71856368618,2.52,3.23,1.88,1.52,2.46,186.0,14.24,8.52,17.8,0
2026-03-31 21:30:00+00:00,2.4,11.49,176029.4899716133,2.29,2.9,2.16,1.45,2.29,193.0,11.82,8.18,16.78,0
2026-03-31 22:00:00+00:00,2.5500000000000003,11.58,188759.05735880588,2.24,2.97,2.03,1.33,2.19,220.0,14.63,7.19,16.39,0
2026-03-31 22:30:00+00:00,2.35,11.37,176969.876918972,2.21,2.7,2.03,1.36,2.19,198.0,12.37,7.98,19.43,0
2026-03-31 23:00:00+00:00,2.45,11.5,154391.5880886656,2.33,3.0,1.41,1.38,2.27,200.0,11.02,7.91,19.25,0
2026-03-31 23:30:00+00:00,2.51,11.34,174020.6307923058,2.4,3.18,1.07,1.38,2.32,199.0,14.0,7.9,16.54,0
2026-04-01 00:00:00+00:00,2.35,11.1,172215.22789710085,2.19,2.79,1.57,1.33,2.15,201.0,12.53,7.84,17.48,0
2026-04-01 00:30:00+00:00,2.47,12.03,175495.47497625416,2.29,2.89,1.44,1.41,2.26,186.0,14.86,8.51,17.22,0
2026-04-01 01:00:00+00:00,2.51,11.87,189850.1647970184,2.35,2.84,1.12,1.47,2.35,182.0,13.71,8.67,17.06,0
2026-04-01 01:30:00+00:00,2.23,11.29,185766.2611690081,2.17,2.73,1.4,1.37,2.17,186.0,11.55,8.53,16.8,0
2026-04-01 02:00:00+00:00,2.21,11.2,195835.43658905188,2.11,2.65,1.53,1.26,2.06,199.0,12.04,7.97,16.490000000000002,0
2026-04-01 02:30:00+00:00,2.24,11.23,214630.5599412828,2.14,2.64,2.04,1.34,2.13,190.0,14.01,8.32,16.17,0
2026-04-01 03:00:00+00:00,2.19,11.56,210033.6188292696,2.09,2.74,1.56,1.27,2.07,191.0,12.06,8.31,17.830000000000002,0
2026-04-01 03:30:00+00:00,2.23,11.32,203930.83164303328,2.17,2.66,1.1,1.36,2.16,184.0,13.45,8.61,16.15,0
2026-04-01 04:00:00+00:00,2.31,11.55,191230.19176528064,2.17,2.63,1.59,1.31,2.12,185.0,13.69,8.52,16.59,0
2026-04-01 04:30:00+00:00,2.06,11.22,194114.59423943536,1.96,2.5500000000000003,1.47,1.23,1.96,186.0,14.0,8.53,17.94,0
2026-04-01 05:00:00+00:00,2.11,10.87,201962.9554528505,1.93,2.28,1.92,1.25,1.95,191.0,9.83,8.22,16.55,0
2026-04-01 05:30:00+00:00,2.16,11.58,184252.85718945815,2.06,2.6,2.08,1.28,2.04,185.0,13.3,8.55,17.0,0
2026-04-01 06:00:00+00:00,2.12,11.73,183560.2622248555,1.99,2.42,1.52,1.23,1.97,186.0,11.78,8.49,18.11,0
2026-04-01 06:30:00+00:00,2.16,12.05,183860.826800233,1.95,2.42,1.27,1.2,1.92,182.0,11.38,8.66,18.63,0
2026-04-01 07:00:00+00:00,1.86,11.36,173687.71643795932,1.78,2.34,0.97,1.08,1.76,189.0,12.77,8.33,17.53,0
2026-04-01 07:30:00+00:00,2.0,11.67,182673.19421944485,1.98,2.54,1.73,1.21,1.94,179.0,13.83,8.82,17.14,0
2026-04-01 08:00:00+00:00,1.99,11.93,183044.8172769755,1.92,2.42,1.4,1.19,1.91,175.0,12.4,9.03,18.27,0
2026-04-01 08:30:00+00:00,2.0,11.56,179910.51953045942,1.94,2.37,1.66,1.22,1.93,179.0,11.28,8.81,17.98,0
2026-04-01 09:00:00+00:00,1.92,11.18,188372.19474148555,1.84,2.32,1.38,1.18,1.86,180.0,11.12,8.8,17.7,0
2026-04-01 09:30:00+00:00,2.03,11.85,169200.12553610437,1.96,2.4,1.36,1.21,1.94,177.0,13.91,8.96,17.94,0
2026-04-01 10:00:00+00:00,2.02,12.08,160570.1070437362,1.84,2.37,1.52,1.14,1.83,179.0,12.99,8.82,17.39,0
2026-04-01 10:30:00+00:00,2.06,11.78,173014.443110502,2.0,2.4,1.27,1.21,1.94,174.0,13.64,9.08,17.400000000000002,0
2026-04-01 11:00:00+00:00,1.8,11.21,163419.2838438279,1.73,2.09,1.14,1.06,1.7,192.0,12.81,8.22,16.86,0
2026-04-01 11:30:00+00:00,1.85,11.39,158294.5785907413,1.68,2.07,1.72,0.97,1.6,213.0,10.87,7.41,15.38,0
2026-04-01 12:00:00+00:00,1.77,10.82,188795.04607964295,1.66,2.09,1.49,0.99,1.61,223.0,12.47,7.13,16.22,0
2026-04-01 12:30:00+00:00,1.76,11.42,202542.12607719575,1.63,2.12,1.47,0.97,1.59,210.0,13.02,7.54,17.09,0
2026-04-01 13:00:00+00:00,1.75,11.16,174202.867679333,1.62,1.93,1.18,0.96,1.56,219.0,11.0,7.21,17.29,0
2026-04-01 13:30:00+00:00,1.82,11.18,181917.30215913747,1.61,1.99,1.38,0.98,1.59,226.0,12.8,7.0,15.8,0
2026-04-01 14:00:00+00:00,1.53,10.38,178404.52303420965,1.4,1.83,1.23,0.84,1.37,262.0,12.51,6.04,16.29,0
2026-04-01 14:30:00+00:00,1.69,11.12,185504.81100280455,1.53,1.93,1.35,0.91,1.49,225.0,13.12,7.04,16.23,0
2026-04-01 15:00:00+00:00,1.65,10.79,189755.8594483008,1.53,2.01,2.19,0.91,1.49,231.0,13.21,6.8500000000000005,15.41,0
2026-04-01 15:30:00+00:00,1.78,10.99,183701.41711424984,1.71,2.08,0.99,1.04,1.67,204.0,11.79,7.73,15.8,0
2026-04-01 16:00:00+00:00,1.69,10.71,166992.90417310336,1.53,1.95,1.19,0.91,1.49,233.0,12.49,6.8,15.92,0
2026-04-01 16:30:00+00:00,1.67,10.57,185177.7848697952,1.46,2.0,1.89,0.89,1.45,255.0,11.72,6.15,14.69,0
2026-04-01 17:00:00+00:00,1.69,10.3,194830.0710120793,1.5,1.98,1.24,0.91,1.48,262.0,12.51,6.03,15.49,0
2026-04-01 17:30:00+00:00,1.57,10.17,202094.48417986027,1.37,1.82,1.5,0.8300000000000001,1.35,284.0,11.6,5.58,15.71,0
2026-04-01 18:00:00+00:00,1.68,10.15,171413.44887654623,1.5,2.02,1.66,0.9,1.48,266.0,12.02,5.91,14.48,0
2026-04-01 18:30:00+00:00,1.71,10.03,184110.5739911214,1.58,2.05,1.51,0.94,1.54,255.0,12.31,6.21,15.87,0
2026-04-01 19:00:00+00:00,1.68,9.37,190969.2480539569,1.45,1.9,2.22,0.89,1.43,295.0,9.23,5.37,14.6,0
2026-04-01 19:30:00+00:00,1.66,9.83,190556.05776439892,1.54,1.95,1.86,0.95,1.52,257.0,11.39,6.16,14.81,0
2026-04-01 20:00:00+00:00,1.69,10.1,175764.95563361008,1.54,1.97,1.23,0.94,1.52,251.0,9.75,6.32,15.87,0
2026-04-01 20:30:00+00:00,1.73,10.07,182568.96040652023,1.55,2.03,1.87,0.94,1.53,254.0,10.66,6.25,15.65,0
2026-04-01 21:00:00+00:00,1.66,9.11,191985.7138823993,1.54,1.91,1.37,0.97,1.54,253.0,9.36,6.23,14.83,0
2026-04-01 21:30:00+00:00,1.72,9.31,187483.76213680048,1.63,2.1,1.54,0.99,1.61,251.0,11.37,6.33,15.97,0
2026-04-01 22:00:00+00:00,1.85,9.04,174657.92445003043,1.67,2.16,1.79,1.03,1.66,254.0,11.05,6.22,14.56,0
2026-04-01 22:30:00+00:00,1.81,9.0,179180.5560903033,1.66,2.04,1.28,1.06,1.68,247.0,7.58,6.41,14.46,0
2026-04-01 23:00:00+00:00,1.8,8.82,195240.7493827789,1.66,1.98,1.2,1.06,1.66,256.0,11.7,6.21,13.81,0
2026-04-01 23:30:00+00:00,1.86,8.53,182534.5341795213,1.75,2.18,1.69,1.1,1.75,255.0,11.0,6.22,15.08,0
2026-04-02 00:00:00+00:00,1.87,8.700000000000001,186289.4540530296,1.75,2.22,1.25,1.08,1.74,264.0,10.81,6.0,16.48,1
2026-04-02 00:30:00+00:00,1.89,8.39,190044.3739265379,1.76,2.16,1.49,1.12,1.78,263.0,12.0,6.0,14.23,0
2026-04-02 01:00:00+00:00,1.95,8.39,165885.68074940908,1.74,2.21,1.46,1.08,1.74,284.0,7.37,5.59,14.45,0
2026-04-02 01:30:00+00:00,1.76,8.19,154658.91328810688,1.63,2.08,1.84,1.04,1.64,280.0,7.87,5.67,13.22,0
2026-04-02 02:00:00+00:00,1.89,7.74,187756.604743091,1.72,2.08,1.7,1.08,1.71,299.0,7.18,5.3,13.91,0
2026-04-02 02:30:00+00:00,1.89,7.78,182647.35372224744,1.73,2.15,1.61,1.11,1.75,295.0,7.12,5.39,13.62,0
2026-04-02 03:00:00+00:00,2.0,7.73,186798.1900042594,1.86,2.31,2.04,1.19,1.88,282.0,7.23,5.6000000000000005,13.56,0
2026-04-02 03:30:00+00:00,1.86,7.43,188980.62681004315,1.75,2.23,1.23,1.11,1.77,284.0,7.52,5.59,14.79,0
2026-04-02 04:00:00+00:00,1.95,8.13,205595.4892716293,1.79,2.25,1.72,1.15,1.81,266.0,6.96,5.96,15.12,0
2026-04-02 04:30:00+00:00,1.97,8.03,189794.76975934237,1.82,2.26,1.88,1.16,1.83,272.0,7.98,5.8,12.96,0
2026-04-02 05:00:00+00:00,1.83,7.74,197285.00449052497,1.73,2.14,1.3,1.12,1.76,274.0,9.38,5.79,12.3,0
2026-04-02 05:30:00+00:00,1.94,7.43,188503.3854367659,1.82,2.28,0.68,1.15,1.83,290.0,5.75,5.43,11.78,0
2026-04-02 06:00:00+00:00,1.95,7.86,183802.6796182205,1.81,2.28,1.04,1.16,1.84,267.0,5.63,5.91,14.14,0
2026-04-02 06:30:00+00:00,1.94,7.71,170324.29803361665,1.84,2.31,1.3,1.16,1.84,274.0,6.98,5.78,14.47,0
2026-04-02 07:00:00+00:00,1.89,7.94,190864.632932193,1.83,2.22,1.39,1.19,1.86,259.0,6.76,6.13,14.05,0
2026-04-02 07:30:00+00:00,1.76,8.08,192660.8736316862,1.64,2.0,1.52,1.06,1.67,258.0,7.98,6.15,13.17,0
2026-04-02 08:00:00+00:00,1.77,8.290000000000001,198025.5831696925,1.61,1.99,1.4,1.02,1.61,267.0,7.83,5.94,14.29,0
2026-04-02 08:30:00+00:00,1.69,8.25,202086.69456051957,1.56,1.87,1.15,1.01,1.59,263.0,7.91,6.0200000000000005,13.67,0
2026-04-02 09:00:00+00:00,1.74,8.58,180701.8217996448,1.6,2.07,1.31,1.0,1.6,267.0,8.61,5.93,13.54,0
2026-04-02 09:30:00+00:00,1.7,8.22,167829.63152575985,1.58,1.95,1.13,1.02,1.6,277.0,10.28,5.72,13.74,0
2026-04-02 10:00:00+00:00,1.81,7.8,161317.88365728443,1.69,2.06,1.49,1.08,1.7,289.0,5.21,5.48,13.74,0
2026-04-02 10:30:00+00:00,1.85,7.44,166552.66450404687,1.77,2.16,2.17,1.12,1.77,293.0,6.36,5.39,12.92,0
2026-04-02 11:00:00+00:00,2.01,7.43,184770.6052865872,1.85,2.25,1.5,1.18,1.86,300.0,10.59,5.2700000000000005,13.16,0
2026-04-02 11:30:00+00:00,2.01,7.36,188460.12398648943,1.79,2.19,2.0,1.15,1.81,311.0,6.67,5.1000000000000005,12.47,0
2026-04-02 12:00:00+00:00,2.0,7.03,186040.2609403656,1.86,2.29,2.62,1.18,1.86,314.0,6.2,5.04,12.11,0
2026-04-02 12:30:00+00:00,2.15,7.12,195781.92712043307,1.97,2.41,1.28,1.29,2.01,298.0,6.87,5.32,12.14,0
2026-04-02 13:00:00+00:00,2.16,6.73,185171.319723906,2.04,2.48,1.58,1.3,2.05,310.0,6.57,5.12,16.47,0
2026-04-02 13:30:00+00:00,2.25,6.8100000000000005,185630.57149517137,2.09,2.6,1.77,1.34,2.11,310.0,8.540000000000001,5.1000000000000005,12.19,0
2026-04-02 14:00:00+00:00,2.06,6.890000000000001,187799.0513969668,1.91,2.31,1.69,1.21,1.92,314.0,6.87,5.03,13.06,0
2026-04-02 14:30:00+00:00,2.24,7.0,175137.00725210432,2.15,2.65,1.48,1.35,2.15,303.0,5.19,5.23,11.43,0
2026-04-02 15:00:00+00:00,2.26,6.38,167366.0922352429,2.14,2.66,1.01,1.35,2.14,317.0,6.25,5.01,12.26,0
2026-04-02 15:30:00+00:00,2.07,6.37,166381.52893779558,1.87,2.3000000000000003,1.77,1.16,1.86,335.0,6.54,4.72,12.39,0
2026-04-02 16:00:00+00:00,1.97,6.84,184592.3595827508,1.84,2.27,1.55,1.22,1.9,303.0,5.3100000000000005,5.22,12.69,0
2026-04-02 16:30:00+00:00,2.11,7.13,170255.49755459162,1.96,2.45,1.15,1.25,1.98,297.0,10.71,5.33,13.0,0
2026-04-02 17:00:00+00:00,2.05,6.86,176083.9696599652,1.94,2.38,1.38,1.21,1.93,308.0,5.74,5.15,12.19,0
2026-04-02 17:30:00+00:00,2.05,6.7,165739.2318647118,1.86,2.27,2.82,1.22,1.9,307.0,5.93,5.15,11.49,0
2026-04-02 18:00:00+00:00,1.91,6.640000000000001,176136.96636437176,1.77,2.25,1.97,1.11,1.78,320.0,6.91,4.94,10.92,0
2026-04-02 18:30:00+00:00,1.95,6.97,168470.12430267743,1.8,2.24,1.69,1.16,1.82,314.0,6.88,5.05,13.49,0
2026-04-02 19:00:00+00:00,1.91,6.48,177746.36101132014,1.77,2.2,1.17,1.13,1.79,331.0,5.75,4.79,11.81,0
2026-04-02 19:30:00+00:00,1.81,6.95,190229.01994055408,1.66,2.08,1.89,1.06,1.68,324.0,6.21,4.91,12.06,0
2026-04-02 20:00:00+00:00,1.84,6.49,178265.26210880958,1.72,2.06,1.45,1.13,1.75,317.0,5.2700000000000005,5.01,12.95,0
2026-04-02 20:30:00+00:00,1.82,6.86,168044.55547022753,1.66,2.08,1.74,1.03,1.65,332.0,4.8500000000000005,4.78,13.17,0
2026-04-02 21:00:00+00:00,1.79,6.73,181212.0235938821,1.66,2.04,1.28,1.08,1.69,313.0,5.62,5.07,12.68,0
2026-04-02 21:30:00+00:00,1.76,6.61,179310.16321562463,1.62,1.97,1.59,1.04,1.64,327.0,9.35,4.8500000000000005,10.69,0
2026-04-02 22:00:00+00:00,1.96,6.8500000000000005,180308.20604150047,1.8,2.23,1.18,1.12,1.8,319.0,8.42,4.97,12.3,0
2026-04-02 22:30:00+00:00,1.95,6.91,195661.45547322105,1.75,2.19,1.81,1.14,1.79,311.0,8.1,5.1000000000000005,11.84,0
2026-04-02 23:00:00+00:00,1.79,6.890000000000001,215923.975240542,1.66,1.99,1.48,1.06,1.67,310.0,6.3100000000000005,5.08,12.03,0
2026-04-02 23:30:00+00:00,1.88,7.07,207596.5660820904,1.72,2.16,1.87,1.1,1.74,308.0,6.09,5.14,11.53,0
2026-04-03 00:00:00+00:00,1.75,7.1000000000000005,203910.25001886772,1.57,1.94,1.32,1.04,1.61,309.0,6.26,5.13,11.61,0
2026-04-03 00:30:00+00:00,1.76,7.19,202128.70878588324,1.59,2.03,1.03,1.03,1.62,300.0,8.28,5.2700000000000005,12.57,0
2026-04-03 01:00:00+00:00,1.65,7.23,203580.2968915986,1.57,1.99,1.64,1.0,1.57,292.0,8.96,5.41,11.72,0
2026-04-03 01:30:00+00:00,1.58,7.28,186878.9795313956,1.45,1.78,1.71,0.92,1.46,305.0,7.44,5.2,13.27,0
2026-04-03 02:00:00+00:00,1.67,7.16,195441.00180449296,1.55,1.93,1.8,0.97,1.54,312.0,7.04,5.08,11.92,0
2026-04-03 02:30:00+00:00,1.71,7.44,202940.305501512,1.57,1.97,2.06,0.99,1.58,301.0,10.77,5.25,13.12,0
2026-04-03 03:00:00+00:00,1.56,7.140000000000001,207096.6252552318,1.44,1.77,2.04,0.93,1.46,308.0,8.370000000000001,5.16,12.31,0
2026-04-03 03:30:00+00:00,1.62,7.35,199013.00701835332,1.54,1.96,1.13,0.95,1.52,304.0,7.07,5.23,12.99,0
2026-04-03 04:00:00+00:00,1.67,7.8,186777.55476058248,1.56,1.93,1.25,0.99,1.56,283.0,7.33,5.58,12.35,0
2026-04-03 04:30:00+00:00,1.64,7.76,199324.1099032584,1.56,1.93,1.05,0.99,1.56,273.0,8.49,5.7700000000000005,12.84,0
2026-04-03 05:00:00+00:00,1.58,7.640000000000001,207532.39437357016,1.48,1.85,1.22,0.91,1.46,290.0,9.42,5.46,13.27,0
2026-04-03 05:30:00+00:00,1.54,7.41,187713.7186603557,1.43,1.83,0.91,0.9,1.43,297.0,7.7,5.33,10.77,0
2026-04-03 06:00:00+00:00,1.57,8.39,189379.5957935299,1.41,1.82,2.11,0.87,1.41,270.0,10.5,5.8500000000000005,13.06,0
2026-04-03 06:30:00+00:00,1.47,7.88,179136.82106363718,1.38,1.72,1.11,0.85,1.36,279.0,8.05,5.67,12.84,0
2026-04-03 07:00:00+00:00,1.45,8.040000000000001,175265.4106788322,1.36,1.73,0.98,0.85,1.36,266.0,8.27,5.95,12.78,0
2026-04-03 07:30:00+00:00,1.48,8.39,174973.91953646,1.43,1.73,0.75,0.89,1.42,250.0,7.140000000000001,6.33,12.72,0
2026-04-03 08:00:00+00:00,1.41,7.87,184372.60629141773,1.31,1.58,1.14,0.85,1.33,265.0,6.92,5.95,12.26,0
2026-04-03 08:30:00+00:00,1.41,8.32,174947.73830693946,1.36,1.67,0.8200000000000001,0.86,1.36,255.0,10.0,6.19,14.47,0
2026-04-03 09:00:00+00:00,1.45,8.28,167568.0859649265,1.33,1.69,1.51,0.84,1.33,262.0,7.3,6.04,12.81,0
2026-04-03 09:30:00+00:00,1.44,8.35,172182.4277824791,1.36,1.75,0.86,0.84,1.35,251.0,9.33,6.29,12.76,0
2026-04-03 10:00:00+00:00,1.32,8.44,177486.79475928564,1.21,1.49,0.81,0.75,1.2,265.0,10.91,5.99,14.39,0
2026-04-03 10:30:00+00:00,1.4,8.6,168970.75453087784,1.3,1.61,1.01,0.8300000000000001,1.31,251.0,8.15,6.3100000000000005,14.23,0
2026-04-03 11:00:00+00:00,1.31,8.22,167411.28391079284,1.29,1.6,1.24,0.81,1.28,256.0,8.620000000000001,6.17,14.09,0
2026-04-03 11:30:00+00:00,1.37,8.2,170428.03986138353,1.27,1.63,1.08,0.75,1.23,295.0,9.9,5.3500000000000005,11.39,0
2026-04-03 12:00:00+00:00,1.4,8.49,158886.06604585217,1.3,1.66,1.69,0.79,1.28,280.0,9.49,5.64,13.59,0
2026-04-03 12:30:00+00:00,1.38,8.13,158639.3649157414,1.27,1.63,1.38,0.76,1.24,297.0,9.03,5.32,11.99,0
2026-04-03 13:00:00+00:00,1.39,8.34,161287.0033092291,1.31,1.66,0.93,0.8,1.28,292.0,8.370000000000001,5.43,12.45,0
2026-04-03 13:30:00+00:00,1.39,7.9,163656.64448476705,1.24,1.54,1.33,0.79,1.25,307.0,10.78,5.15,12.45,0
2026-04-03 14:00:00+00:00,1.35,7.75,168331.82582387398,1.21,1.56,1.14,0.77,1.22,324.0,9.55,4.89,14.46,0
2026-04-03 14:30:00+00:00,1.42,7.77,156817.65700931087,1.29,1.56,1.65,0.8300000000000001,1.3,309.0,6.05,5.12,14.28,0
2026-04-03 15:00:00+00:00,1.39,7.71,167170.50203926273,1.22,1.58,1.52,0.76,1.21,340.0,6.45,4.65,12.08,0
2026-04-03 15:30:00+00:00,1.4,7.85,163024.81724288748,1.28,1.64,1.26,0.8,1.27,320.0,10.64,4.96,13.14,0
2026-04-03 16:00:00+00:00,1.39,7.9,148950.8161773562,1.25,1.51,1.33,0.79,1.25,323.0,7.79,4.92,13.59,0
2026-04-03 16:30:00+00:00,1.36,7.52,155785.61347728255,1.21,1.53,1.68,0.75,1.2,343.0,10.0,4.61,12.0,0
2026-04-03 17:00:00+00:00,1.29,7.25,166456.15467260382,1.16,1.42,0.8300000000000001,0.74,1.17,352.0,9.71,4.5,14.36,0
2026-04-03 17:30:00+00:00,1.36,7.59,174623.79686808048,1.19,1.45,1.78,0.77,1.21,340.0,10.66,4.67,12.84,0
2026-04-03 18:00:00+00:00,1.38,7.85,181900.7132175225,1.19,1.5,1.29,0.78,1.22,330.0,11.13,4.8100000000000005,11.84,0
2026-04-03 18:30:00+00:00,1.45,8.51,197299.73188248216,1.33,1.66,1.59,0.8200000000000001,1.32,307.0,10.23,5.14,14.66,0
2026-04-03 19:00:00+00:00,1.42,8.15,200684.29650458464,1.26,1.6,1.79,0.8,1.27,320.0,8.68,4.95,14.63,0
2026-04-03 19:30:00+00:00,1.35,8.01,179461.34351161195,1.19,1.49,1.07,0.76,1.21,319.0,9.9,4.96,14.22,0
2026-04-03 20:00:00+00:00,1.34,8.28,197041.8992819148,1.2,1.5,1.49,0.76,1.2,316.0,10.97,5.0200000000000005,12.89,0
2026-04-03 20:30:00+00:00,1.54,9.39,209808.08578093653,1.45,1.84,1.21,0.9,1.44,263.0,10.57,6.0200000000000005,13.53,0
2026-04-03 21:00:00+00:00,1.4,9.32,214741.8792050977,1.25,1.63,0.99,0.79,1.26,276.0,11.42,5.75,15.9,0
2026-04-03 21:30:00+00:00,1.39,9.43,202441.3425542647,1.29,1.65,1.33,0.79,1.27,266.0,11.35,5.96,15.94,0
2026-04-03 22:00:00+00:00,1.35,9.2,180796.865281072,1.21,1.54,1.33,0.75,1.2,266.0,12.0,5.96,14.32,0
2026-04-03 22:30:00+00:00,1.41,9.72,181910.24595331465,1.31,1.63,1.37,0.81,1.29,242.0,10.24,6.51,15.37,0
2026-04-03 23:00:00+00:00,1.6,10.36,168006.06906252197,1.48,1.89,1.07,0.88,1.44,229.0,12.47,6.890000000000001,15.76,0
2026-04-03 23:30:00+00:00,1.4,10.09,192969.13583353648,1.32,1.67,0.84,0.8,1.29,226.0,9.66,6.97,15.28,0
2026-04-04 00:00:00+00:00,1.46,9.98,183386.40901669973,1.39,1.79,0.77,0.8300000000000001,1.36,230.0,13.12,6.890000000000001,17.55,0
2026-04-04 00:30:00+00:00,1.48,9.91,188673.5112797813,1.41,1.72,1.38,0.85,1.37,222.0,10.41,7.140000000000001,14.96,0
2026-04-04 01:00:00+00:00,1.55,10.15,188337.70857591977,1.52,1.96,1.34,0.9,1.47,213.0,9.63,7.41,15.15,0
2026-04-04 01:30:00+00:00,1.6,10.19,174531.4438229527,1.54,1.99,1.4,0.93,1.51,208.0,12.57,7.58,13.64,0
2026-04-04 02:00:00+00:00,1.65,10.41,177222.6851063824,1.57,1.96,1.23,0.97,1.57,193.0,10.81,8.15,15.46,0
2026-04-04 02:30:00+00:00,1.59,10.0,165796.47949180065,1.53,2.0,0.99,0.91,1.49,204.0,9.13,7.75,17.04,0
2026-04-04 03:00:00+00:00,1.66,10.29,189252.79512168164,1.65,2.08,1.09,1.05,1.66,185.0,10.33,8.56,14.94,0
2026-04-04 03:30:00+00:00,1.63,9.89,190108.66178323352,1.6,2.01,1.05,0.96,1.57,207.0,10.89,7.63,17.150000000000002,0
2026-04-04 04:00:00+00:00,1.81,10.17,188690.2047790901,1.75,2.1,0.8200000000000001,1.1,1.75,190.0,10.14,8.3,16.45,0
2026-04-04 04:30:00+00:00,1.81,10.11,181598.12787215508,1.74,2.16,1.25,1.07,1.72,196.0,9.2,8.040000000000001,14.94,0
2026-04-04 05:00:00+00:00,1.93,10.37,181838.9345131885,1.9,2.4,1.35,1.17,1.89,184.0,12.67,8.61,16.59,0
2026-04-04 05:30:00+00:00,2.03,10.32,180533.03487980933,1.94,2.46,1.22,1.21,1.93,186.0,11.65,8.49,15.03,0
2026-04-04 06:00:00+00:00,1.97,10.44,187062.0872504812,1.89,2.32,2.0,1.18,1.88,185.0,11.29,8.49,14.79,0
2026-04-04 06:30:00+00:00,2.05,10.72,191570.1224819384,1.98,2.4,1.34,1.25,1.99,177.0,11.09,8.93,15.29,0
2026-04-04 07:00:00+00:00,2.03,10.87,180326.4853669396,1.94,2.46,1.33,1.19,1.92,183.0,10.17,8.66,15.19,0
2026-04-04 07:30:00+00:00,2.09,10.97,174398.8230737628,2.02,2.56,1.12,1.17,1.94,185.0,11.25,8.5,16.5,0
2026-04-04 08:00:00+00:00,1.95,10.55,182370.5143945013,1.81,2.27,1.71,1.13,1.81,186.0,10.56,8.53,14.98,0
2026-04-04 08:30:00+00:00,2.21,10.81,171949.52931133032,2.08,2.48,1.52,1.34,2.11,168.0,11.25,9.41,15.09,0
2026-04-04 09:00:00+00:00,2.17,10.69,167620.83129514623,2.02,2.63,1.27,1.24,2.01,178.0,10.15,8.88,15.54,0
2026-04-04 09:30:00+00:00,2.15,10.74,172757.28977773603,2.05,2.61,1.52,1.31,2.09,173.0,11.28,9.11,15.69,0
2026-04-04 10:00:00+00:00,1.98,10.82,159578.62484675137,1.85,2.34,1.29,1.15,1.85,180.0,11.88,8.81,15.01,0
2026-04-04 10:30:00+00:00,2.05,10.73,159725.74029100008,1.99,2.44,1.25,1.26,2.0,168.0,11.51,9.46,14.74,0
2026-04-04 11:00:00+00:00,2.11,10.89,157042.98512221043,2.03,2.44,1.64,1.34,2.09,163.0,11.16,9.72,16.4,0
2026-04-04 11:30:00+00:00,2.17,10.56,158830.75220498134,2.12,2.6,1.27,1.3,2.09,174.0,10.92,9.08,14.82,0
2026-04-04 12:00:00+00:00,2.07,10.92,151124.43179236495,1.99,2.37,1.19,1.3,2.04,167.0,10.68,9.49,16.46,0
2026-04-04 12:30:00+00:00,2.02,10.87,155455.8876999432,1.98,2.42,0.9,1.27,2.0,168.0,11.61,9.41,17.150000000000002,0
2026-04-04 13:00:00+00:00,1.94,10.62,165189.5784464114,1.86,2.19,1.25,1.21,1.89,175.0,10.38,9.03,15.32,0
2026-04-04 13:30:00+00:00,2.23,11.12,161095.76648478056,2.17,2.66,1.76,1.37,2.17,168.0,11.95,9.4,15.76,0
2026-04-04 14:00:00+00:00,2.08,10.75,155185.9348346967,2.02,2.44,1.2,1.3,2.05,170.0,12.27,9.27,16.31,0
2026-04-04 14:30:00+00:00,1.98,10.74,153100.77775430217,1.89,2.37,0.86,1.15,1.85,183.0,12.22,8.65,15.89,0
2026-04-04 15:00:00+00:00,2.22,10.87,160639.54171057072,2.08,2.72,1.41,1.3,2.1,168.0,10.37,9.42,15.6,0
2026-04-04 15:30:00+00:00,2.13,10.85,166919.5358887124,2.13,2.72,1.27,1.33,2.13,165.0,11.64,9.55,16.02,0
2026-04-04 16:00:00+00:00,2.16,10.76,160623.26736376013,2.03,2.57,1.14,1.26,2.03,175.0,11.28,9.02,16.0,0
2026-04-04 16:30:00+00:00,1.99,10.65,167720.20464407763,1.96,2.41,2.07,1.2,1.93,185.0,10.97,8.53,15.8,0
2026-04-04 17:00:00+00:00,1.91,10.74,172635.68636535713,1.84,2.3000000000000003,1.43,1.1,1.8,200.0,10.05,7.87,15.92,0
2026-04-04 17:30:00+00:00,2.06,10.74,171957.26970307366,1.92,2.54,1.5,1.15,1.89,199.0,11.39,7.930000000000001,15.17,0
2026-04-04 18:00:00+00:00,2.17,10.84,176962.28002630133,2.02,2.47,1.72,1.28,2.04,183.0,11.23,8.64,16.27,0
2026-04-04 18:30:00+00:00,2.22,10.78,175409.2802148556,2.14,2.62,1.3,1.32,2.12,189.0,11.55,8.38,16.1,0
2026-04-04 19:00:00+00:00,2.21,10.38,182862.86283483155,2.09,2.68,2.19,1.18,1.98,229.0,11.71,6.93,15.54,0
2026-04-04 19:30:00+00:00,2.19,10.48,191400.69091195863,2.04,2.63,2.02,1.21,1.98,216.0,11.8,7.34,16.37,0
2026-04-04 20:00:00+00:00,2.34,10.82,200700.45719636357,2.3000000000000003,2.97,1.81,1.33,2.21,208.0,11.69,7.6,15.84,0
2026-04-04 20:30:00+00:00,2.3000000000000003,10.64,204222.325281882,2.21,2.69,1.62,1.34,2.18,207.0,11.82,7.67,16.69,0
2026-04-04 21:00:00+00:00,2.33,10.59,189297.13357579045,2.27,2.88,1.96,1.38,2.24,202.0,11.35,7.85,14.47,0
2026-04-04 21:30:00+00:00,2.28,10.59,182256.41165217973,2.12,2.64,1.38,1.27,2.07,214.0,12.34,7.4,15.55,0
2026-04-04 22:00:00+00:00,2.37,10.62,180870.98909880756,2.24,2.72,1.51,1.35,2.19,210.0,10.51,7.53,16.1,0
2026-04-04 22:30:00+00:00,2.24,10.36,177755.8059219881,2.05,2.59,2.12,1.25,2.02,229.0,9.89,6.92,16.43,0
2026-04-04 23:00:00+00:00,2.29,10.45,173146.75477571704,2.19,2.71,1.32,1.34,2.15,208.0,12.3,7.61,16.79,0
2026-04-04 23:30:00+00:00,2.27,10.35,172673.41427717332,2.17,2.68,2.13,1.38,2.18,207.0,11.31,7.65,14.88,0
2026-04-05 00:00:00+00:00,2.28,10.59,173913.41010875304,2.17,2.79,1.59,1.34,2.15,202.0,11.91,7.84,15.82,0
2026-04-05 00:30:00+00:00,2.24,10.89,155703.7351094043,2.09,2.62,2.38,1.28,2.06,209.0,10.11,7.57,15.57,0
2026-04-05 01:00:00+00:00,2.36,11.08,159646.77211261785,2.13,2.82,2.78,1.28,2.1,211.0,12.7,7.49,15.92,0
2026-04-05 01:30:00+00:00,2.28,11.3,174284.85519971474,2.24,2.83,3.02,1.32,2.17,194.0,12.5,8.11,16.32,0
2026-04-05 02:00:00+00:00,2.23,11.26,174307.4012796543,2.07,2.6,1.72,1.22,2.01,199.0,11.36,7.95,19.42,0
2026-04-05 02:30:00+00:00,2.39,11.56,165083.09154233272,2.24,2.85,1.41,1.34,2.19,190.0,13.47,8.3,17.84,0
2026-04-05 03:00:00+00:00,2.34,11.26,175510.9232215401,2.19,2.65,1.39,1.39,2.2,180.0,14.63,8.82,17.34,0
2026-04-05 03:30:00+00:00,2.31,11.57,166295.30315268796,2.17,2.65,1.15,1.34,2.15,181.0,11.38,8.74,16.13,0
2026-04-05 04:00:00+00:00,2.33,11.61,159344.46611505048,2.3000000000000003,2.94,2.25,1.34,2.21,186.0,11.48,8.540000000000001,17.2,0
2026-04-05 04:30:00+00:00,2.44,11.52,179645.294454783,2.32,2.8000000000000003,2.02,1.47,2.34,170.0,12.47,9.26,16.75,0
2026-04-05 05:00:00+00:00,2.2,11.61,171708.46129456905,2.07,2.64,1.71,1.26,2.05,186.0,12.37,8.49,17.2,0
2026-04-05 05:30:00+00:00,2.08,10.72,181404.95379785812,2.01,2.45,1.66,1.18,1.94,204.0,12.07,7.74,15.26,0
2026-04-05 06:00:00+00:00,2.32,11.54,178331.75142640318,2.24,2.82,1.75,1.42,2.26,175.0,12.98,9.05,16.39,0
2026-04-05 06:30:00+00:00,2.37,11.29,169423.30666516637,2.29,2.88,1.78,1.42,2.29,182.0,10.39,8.66,16.97,0
2026-04-05 07:00:00+00:00,2.19,11.37,166722.13121281544,2.02,2.56,1.79,1.25,2.0,191.0,10.08,8.25,17.59,0
2026-04-05 07:30:00+00:00,2.18,11.33,185489.26680176173,2.08,2.62,2.12,1.27,2.05,196.0,15.21,8.09,18.25,0
2026-04-05 08:00:00+00:00,2.48,11.76,185377.8468534701,2.44,3.14,1.82,1.43,2.37,182.0,13.88,8.67,16.51,0
2026-04-05 08:30:00+00:00,2.73,12.16,184214.43752888124,2.54,3.29,1.82,1.51,2.49,179.0,10.16,8.790000000000001,18.29,0
2026-04-05 09:00:00+00:00,2.56,11.58,176128.79251555473,2.42,3.0700000000000003,2.37,1.46,2.37,182.0,11.85,8.63,17.61,0
2026-04-05 09:30:00+00:00,2.64,12.03,190469.81099017468,2.52,3.17,2.0,1.52,2.46,178.0,11.61,8.92,18.58,0
2026-04-05 10:00:00+00:00,2.77,11.74,192503.7523225821,2.69,3.38,1.6,1.69,2.7,165.0,12.16,9.53,16.45,0
2026-04-05 10:30:00+00:00,2.56,11.72,181368.00134264745,2.43,2.99,1.54,1.54,2.45,168.0,11.69,9.42,19.74,0
2026-04-05 11:00:00+00:00,2.64,11.83,178636.06691245906,2.5500000000000003,3.18,1.18,1.57,2.53,174.0,11.84,9.08,18.0,0
2026-04-05 11:30:00+00:00,2.71,11.73,176287.9395623323,2.51,3.01,2.08,1.57,2.51,177.0,13.56,8.89,16.28,0
2026-04-05 12:00:00+00:00,2.76,11.89,172718.58606743976,2.67,3.38,2.5500000000000003,1.56,2.56,178.0,12.34,8.9,17.84,0
2026-04-05 12:30:00+00:00,2.76,11.66,181873.8576866884,2.69,3.37,1.3,1.64,2.66,173.0,12.27,9.14,17.03,0
2026-04-05 13:00:00+00:00,2.6,11.53,189565.25848338724,2.52,3.18,1.94,1.5,2.45,183.0,10.74,8.63,16.19,0
2026-04-05 13:30:00+00:00,2.66,11.83,199918.7155067092,2.57,3.26,2.71,1.53,2.51,180.0,10.48,8.8,17.73,0
2026-04-05 14:00:00+00:00,2.84,11.76,191908.1830450126,2.66,3.23,1.9,1.62,2.62,174.0,11.25,9.05,16.71,0
2026-04-05 14:30:00+00:00,2.6,11.27,164407.3100732855,2.56,3.27,1.44,1.5,2.47,187.0,12.93,8.47,16.61,0
2026-04-05 15:00:00+00:00,2.71,11.3,158216.86528558691,2.64,3.18,2.11,1.65,2.64,173.0,12.48,9.14,16.78,0
2026-04-05 15:30:00+00:00,2.86,12.19,173038.03913359586,2.77,3.53,1.39,1.67,2.74,163.0,11.92,9.72,17.73,0
2026-04-05 16:00:00+00:00,2.77,11.49,174610.9784040267,2.64,3.4,2.4,1.61,2.63,178.0,12.97,8.85,16.78,0
2026-04-05 16:30:00+00:00,2.45,10.94,168292.16595991814,2.36,2.99,2.29,1.4,2.3000000000000003,189.0,10.84,8.35,18.87,0
2026-04-05 17:00:00+00:00,3.09,11.89,190182.8497294924,2.97,3.92,1.61,1.71,2.88,178.0,13.19,8.83,17.86,0
2026-04-05 17:30:00+00:00,2.82,11.9,202903.91375597927,2.78,3.47,2.26,1.64,2.69,173.0,12.28,9.14,17.1,0
2026-04-05 18:00:00+00:00,2.56,11.28,203224.1478403213,2.43,2.99,1.3,1.46,2.37,187.0,12.12,8.45,17.68,0
2026-04-05 18:30:00+00:00,2.97,11.84,187188.6287338338,2.86,3.5,1.76,1.82,2.88,161.0,11.38,9.8,17.98,0
2026-04-05 19:00:00+00:00,2.7,11.11,203248.27478903928,2.66,3.27,1.75,1.65,2.64,176.0,11.54,8.96,16.38,0
2026-04-05 19:30:00+00:00,2.63,11.04,211493.09241275105,2.52,3.19,1.74,1.6,2.5500000000000003,174.0,10.86,9.11,16.35,0
2026-04-05 20:00:00+00:00,2.72,11.44,198657.89323114284,2.64,3.24,1.11,1.72,2.7,161.0,11.61,9.83,16.39,0
2026-04-05 20:30:00+00:00,2.72,11.65,176448.03280848946,2.67,3.1,1.49,1.68,2.69,165.0,13.02,9.59,17.51,0
2026-04-05 21:00:00+00:00,2.54,11.36,178584.41845739388,2.46,3.14,1.83,1.47,2.41,182.0,11.87,8.71,17.54,0
2026-04-05 21:30:00+00:00,2.67,11.62,189382.1421246825,2.56,3.14,2.29,1.54,2.5,176.0,12.06,8.99,17.88,0
2026-04-05 22:00:00+00:00,2.64,11.35,188404.2881882973,2.59,3.23,1.33,1.62,2.59,172.0,12.64,9.23,17.73,0
2026-04-05 22:30:00+00:00,2.67,11.6,210083.39968888328,2.63,3.41,1.02,1.54,2.54,173.0,11.12,9.15,18.16,0
2026-04-05 23:00:00+00:00,2.52,11.39,200215.7356797809,2.44,2.89,1.48,1.57,2.48,165.0,10.81,9.6,16.91,0
2026-04-05 23:30:00+00:00,2.74,11.54,197535.3818066508,2.58,3.31,2.44,1.63,2.6,162.0,13.06,9.75,16.04,0
2026-04-06 00:00:00+00:00,2.35,11.1,161348.02876471705,2.3000000000000003,3.03,1.0,1.39,2.26,177.0,11.75,8.950000000000001,18.15,0
2026-04-06 00:30:00+00:00,2.43,10.99,179617.5228630516,2.36,2.94,1.05,1.45,2.32,171.0,11.87,9.24,17.72,0
2026-04-06 01:00:00+00:00,2.74,11.32,176910.28373698486,2.59,3.09,0.97,1.65,2.61,162.0,11.64,9.68,17.81,0
2026-04-06 01:30:00+00:00,2.66,11.31,175709.40244498863,2.53,3.09,1.94,1.61,2.56,164.0,11.78,9.6,16.56,0
2026-04-06 02:00:00+00:00,2.5,11.44,192891.43151111947,2.54,3.14,1.24,1.54,2.47,165.0,10.72,9.58,17.400000000000002,0
2026-04-06 02:30:00+00:00,2.37,11.2,194071.65387598335,2.3000000000000003,2.88,1.69,1.44,2.31,172.0,12.77,9.18,17.42,0
2026-04-06 03:00:00+00:00,2.47,11.33,173847.41908774487,2.43,3.0500000000000003,1.46,1.55,2.46,161.0,11.27,9.8,17.830000000000002,0
2026-04-06 03:30:00+00:00,2.36,11.44,197097.95238752864,2.3000000000000003,2.84,1.54,1.38,2.25,172.0,11.58,9.15,17.3,0
2026-04-06 04:00:00+00:00,2.52,11.14,180005.74801939802,2.47,3.06,1.02,1.52,2.44,169.0,13.63,9.34,16.65,0
2026-04-06 04:30:00+00:00,2.42,11.28,172295.95840152816,2.34,3.0,1.82,1.51,2.38,162.0,11.68,9.75,15.91,0
2026-04-06 05:00:00+00:00,2.24,11.08,168288.63616594247,2.11,2.5500000000000003,1.29,1.4,2.17,160.0,10.57,9.85,16.79,0
2026-04-06 05:30:00+00:00,2.29,10.53,155881.61234616983,2.2,2.72,1.28,1.44,2.25,168.0,10.0,9.38,15.17,0
2026-04-06 06:00:00+00:00,2.45,11.42,170682.0411480365,2.35,3.02,1.15,1.46,2.35,162.0,11.71,9.72,18.25,0
2026-04-06 06:30:00+00:00,2.13,11.08,167560.29905684156,1.97,2.37,2.07,1.27,1.99,167.0,10.75,9.46,16.75,0
2026-04-06 07:00:00+00:00,2.39,10.89,177199.43796521507,2.29,2.89,1.46,1.41,2.27,171.0,11.22,9.19,15.11,0
2026-04-06 07:30:00+00:00,2.27,11.22,173608.5820903448,2.25,2.81,1.31,1.46,2.31,159.0,11.2,9.92,17.68,0
2026-04-06 08:00:00+00:00,2.4,11.2,171196.58214303976,2.32,2.9,1.77,1.43,2.3000000000000003,170.0,11.05,9.31,16.25,0
2026-04-06 08:30:00+00:00,2.13,10.95,170330.07731036397,2.07,2.46,1.46,1.32,2.07,168.0,10.31,9.41,16.27,0
2026-04-06 09:00:00+00:00,2.13,11.06,182407.81097652885,2.07,2.7,1.39,1.23,2.03,179.0,12.36,8.83,17.39,0
2026-04-06 09:30:00+00:00,2.22,10.94,184140.93151075504,2.12,2.59,0.89,1.41,2.18,164.0,13.34,9.66,17.43,0
2026-04-06 10:00:00+00:00,2.02,10.88,175068.62071879036,1.94,2.46,0.95,1.21,1.94,177.0,11.02,8.94,15.56,0
2026-04-06 10:30:00+00:00,2.09,10.89,167780.2616397423,2.02,2.66,0.92,1.23,2.0,178.0,11.19,8.85,16.1,0
2026-04-06 11:00:00+00:00,2.1,10.74,155669.10353055416,2.12,2.56,1.07,1.3,2.09,172.0,11.64,9.17,18.53,0
2026-04-06 11:30:00+00:00,1.91,10.89,160242.62080923034,1.84,2.31,1.24,1.12,1.81,183.0,10.54,8.66,15.44,0
2026-04-06 12:00:00+00:00,1.94,10.97,174095.18259760033,1.84,2.28,1.12,1.15,1.84,174.0,11.58,9.05,15.0,0
2026-04-06 12:30:00+00:00,1.92,10.78,172292.79573994054,1.77,2.17,1.53,1.1,1.77,184.0,10.48,8.61,15.0,0
2026-04-06 13:00:00+00:00,1.7,10.29,191818.52249403484,1.68,2.12,0.78,1.03,1.66,190.0,9.87,8.31,15.34,0
2026-04-06 13:30:00+00:00,1.92,10.94,191156.2439701466,1.92,2.41,1.42,1.17,1.89,181.0,12.28,8.72,16.01,0
2026-04-06 14:00:00+00:00,1.78,10.48,196660.49842886828,1.68,2.06,1.06,1.01,1.65,196.0,12.51,8.06,15.83,0
2026-04-06 14:30:00+00:00,1.58,10.27,199159.1078392645,1.54,2.0,0.95,0.96,1.54,191.0,12.14,8.32,16.61,0
2026-04-06 15:00:00+00:00,1.68,10.46,197922.9567536808,1.6,2.05,1.24,0.98,1.59,195.0,10.51,8.11,14.72,0
2026-04-06 15:30:00+00:00,1.65,10.49,184186.53412118152,1.55,1.94,1.09,0.97,1.55,193.0,11.29,8.22,15.21,0
2026-04-06 16:00:00+00:00,1.71,10.26,193480.36315903315,1.61,2.03,1.17,0.98,1.59,201.0,10.68,7.9,18.0,0
2026-04-06 16:30:00+00:00,1.7556047780657422,10.27139531511158,193299.5893139648,1.6535784149095658,2.0910278437331344,1.2224005514543077,0.9915036861150891,1.6243142934991508,200.89919774428517,10.692022265546397,7.904490282300024,18.07767682573846,1
2026-04-06 17:00:00+00:00,1.7969524306308164,10.304600213228532,202525.79985484676,1.6932963628232485,2.146347588312472,1.2741095804969893,1.002636978834768,1.655963353558176,200.6056527139069,10.727139579398198,7.917566379107785,18.15059918658493,1
2026-04-06 17:30:00+00:00,1.8344068765467856,10.358143123524167,195333.48889883133,1.7294684569314567,2.196413605918388,1.3250574855321207,1.0134789924325176,1.6851909155388511,200.13265751401428,10.783927717374327,7.9386361652848185,18.218916769875737,1
2026-04-06 18:00:00+00:00,1.8683320346652112,10.430552475171801,192485.80503808663,1.7624093104245995,2.2416802687312587,1.3751746649637782,1.024108841181819,1.7122407148029535,199.49350474975662,10.860962455293704,7.967107515692659,18.282779262947248,1
2026-04-06 18:30:00+00:00,,,178838.18126572864,,,,,,,,,,0
2026-04-06 19:00:00+00:00,,,193814.0233062477,,,,,,,,,,0
2026-04-06 19:30:00+00:00,,,196658.1040197792,,,,,,,,,,0
2026-04-06 20:00:00+00:00,,,193605.33779575693,,,,,,,,,,0
2026-04-06 20:30:00+00:00,,,188297.128472324,,,,,,,,,,0
2026-04-06 21:00:00+00:00,,,183576.88712638547,,,,,,,,,,0
2026-04-06 21:30:00+00:00,,,195581.5445172083,,,,,,,,,,0
2026-04-06 22:00:00+00:00,,,177281.62611758383,,,,,,,,,,0
2026-04-06 22:30:00+00:00,,,180956.79982699265,,,,,,,,,,0
2026-04-06 23:00:00+00:00,,,186505.39616208104,,,,,,,,,,0
2026-04-06 23:30:00+00:00,,,174123.76000276688,,,,,,,,,,0
2026-04-07 00:00:00+00:00,,,170790.92248252663,,,,,,,,,,0
2026-04-07 00:30:00+00:00,,,183727.1337038888,,,,,,,,,,0
2026-04-07 01:00:00+00:00,,,171255.13569313072,,,,,,,,,,0
2026-04-07 01:30:00+00:00,,,163621.26081989534,,,,,,,,,,0
2026-04-07 02:00:00+00:00,,,159947.2870225215,,,,,,,,,,0
2026-04-07 02:30:00+00:00,,,163690.35241442808,,,,,,,,,,0
2026-04-07 03:00:00+00:00,,,174423.15624107758,,,,,,,,,,0
2026-04-07 03:30:00+00:00,,,167703.00462050806,,,,,,,,,,0
2026-04-07 04:00:00+00:00,,,195441.48233916957,,,,,,,,,,0
2026-04-07 04:30:00+00:00,,,185235.7663838637,,,,,,,,,,0
2026-04-07 05:00:00+00:00,,,172036.31508006627,,,,,,,,,,0
2026-04-07 05:30:00+00:00,2.5115405978603578,13.918492474839413,156089.94688015804,2.35183686895004,3.003247605410595,2.1385058547084737,1.3920006932509161,2.2939149201888207,169.50649525024338,14.94510739529285,9.302892484307339,18.866292576666634,1
2026-04-07 06:00:00+00:00,2.5699385043064344,14.002225170928998,168086.67164616732,2.401611904804374,3.0696414073030533,2.1478051408796306,1.4212728676818323,2.341819022788085,168.86734248598572,15.080793277526325,9.33136383471518,18.868139105379505,1
2026-04-07 06:30:00+00:00,2.6339050942440254,14.068035037703416,155022.79609830823,2.456021029803873,3.142595158911857,2.1545336615492205,1.4523107341013306,2.393638746715185,168.39434728609314,15.201120155176064,9.352433620892214,18.869272727281793,1
2026-04-07 07:00:00+00:00,2.7038042865246936,14.114450504335979,158343.59540602154,2.515378857138945,3.2225632324173796,2.158621815121318,1.485193406782893,2.449617827331897,168.10080225571483,15.304663804060983,9.365509717699975,18.869843129709842,1
2026-04-07 07:30:00+00:00,2.78,14.14,172753.09857295363,2.58,3.31,2.16,1.52,2.51,168.0,15.39,9.37,18.87,0
2026-04-07 08:00:00+00:00,3.03,14.15,178341.77172221272,2.75,3.56,1.84,1.6,2.66,174.0,15.45,9.11,18.25,0
2026-04-07 08:30:00+00:00,3.3200000000000003,14.37,179736.02254496524,2.99,4.0600000000000005,3.42,1.72,2.89,179.0,15.95,8.83,20.15,0
2026-04-07 09:00:00+00:00,3.02,13.95,172941.6512137629,2.64,3.5700000000000003,3.16,1.49,2.53,209.0,16.61,7.55,19.04,0
2026-04-07 09:30:00+00:00,3.26,13.49,160469.92006938535,2.99,3.8,2.17,1.73,2.86,185.0,13.06,8.55,18.63,0
2026-04-07 10:00:00+00:00,3.9,14.04,170787.4645449253,3.64,4.36,3.76,2.19,3.56,162.0,16.66,9.71,19.96,0
2026-04-07 10:30:00+00:00,3.51,13.95,187664.1870817456,3.48,4.5600000000000005,3.01,2.02,3.37,164.0,16.1,9.69,18.66,0
2026-04-07 11:00:00+00:00,3.34,13.28,171428.7474253683,3.1,4.0,2.41,1.89,3.06,182.0,16.580000000000002,8.71,20.29,0
2026-04-07 11:30:00+00:00,3.52,13.57,174439.60821001252,3.43,4.26,2.29,2.01,3.33,165.0,13.3,9.59,18.94,0
2026-04-07 12:00:00+00:00,4.9,14.96,157753.54789569956,4.65,5.69,2.49,2.77,4.53,138.0,13.76,11.47,20.99,0
2026-04-07 12:30:00+00:00,4.26,14.82,168692.5247141121,4.16,5.15,3.38,2.38,3.97,151.0,14.78,10.38,19.15,0
2026-04-07 13:00:00+00:00,4.33,14.61,187378.62546069364,4.2,5.3100000000000005,2.76,2.5,4.11,144.0,14.51,10.99,20.09,0
2026-04-07 13:30:00+00:00,4.2,14.44,187991.2737166195,4.15,5.14,2.68,2.41,4.01,145.0,15.56,10.88,19.75,0
2026-04-07 14:00:00+00:00,4.0200000000000005,14.16,167793.7091835678,3.93,4.79,3.4,2.38,3.85,147.0,13.59,10.69,20.05,0
2026-04-07 14:30:00+00:00,3.98,14.13,177269.7155314519,3.79,4.74,3.67,2.22,3.67,160.0,14.59,9.86,19.46,0
2026-04-07 15:00:00+00:00,4.0,13.87,188140.26720261364,3.8,4.82,3.29,2.19,3.66,166.0,14.15,9.5,19.21,0
2026-04-07 15:30:00+00:00,3.95,13.36,179993.05041977673,3.75,4.71,3.48,2.19,3.63,169.0,15.44,9.39,17.7,0
2026-04-07 16:00:00+00:00,3.85,13.7,178023.80102330726,3.6,4.68,4.55,2.03,3.42,178.0,15.26,8.9,18.84,0
2026-04-07 16:30:00+00:00,3.62,12.82,186837.57064581203,3.47,4.36,2.61,2.02,3.33,181.0,12.99,8.68,18.61,0
2026-04-07 17:00:00+00:00,4.68,14.23,165139.29121415544,4.55,5.8,2.45,2.5500000000000003,4.3100000000000005,163.0,15.29,9.71,19.56,0
2026-04-07 17:30:00+00:00,4.21,13.46,164073.54999665334,3.94,4.92,2.62,2.41,3.88,162.0,15.83,9.72,20.66,0
2026-04-07 18:00:00+00:00,4.12,13.2,169295.1043116626,3.91,4.89,2.65,2.34,3.81,168.0,11.95,9.37,20.18,0
2026-04-07 18:30:00+00:00,4.19,13.21,183339.75373956736,3.56,4.71,2.89,2.14,3.5,186.0,14.07,8.46,17.67,0
2026-04-07 19:00:00+00:00,4.47,13.53,168174.2154392033,4.2,5.66,3.19,2.58,4.19,164.0,15.64,9.64,18.28,0
2026-04-07 19:30:00+00:00,4.32,12.81,175870.2828743299,4.13,5.14,3.85,2.45,4.0200000000000005,173.0,14.14,9.14,18.05,0
2026-04-07 20:00:00+00:00,3.88,12.26,183941.081949529,3.49,4.57,2.58,2.15,3.51,189.0,13.15,8.39,18.67,0
2026-04-07 20:30:00+00:00,4.22,12.76,174836.78202695245,3.97,4.9,1.93,2.45,3.94,167.0,14.45,9.46,19.09,0
2026-04-07 21:00:00+00:00,4.12,12.56,184179.77664482783,4.0600000000000005,5.2700000000000005,2.74,2.42,3.98,167.0,13.99,9.37,18.15,0
2026-04-07 21:30:00+00:00,4.3100000000000005,13.04,182836.3298182976,4.0,4.75,1.7,2.35,3.85,168.0,14.2,9.42,20.29,0
2026-04-07 22:00:00+00:00,4.1,12.61,178868.98183260777,3.88,5.09,3.12,2.25,3.79,172.0,12.1,9.21,17.26,0
2026-04-07 22:30:00+00:00,4.19,12.82,181996.7726014362,4.1,5.11,2.89,2.52,4.05,155.0,14.65,10.23,19.0,0
2026-04-07 23:00:00+00:00,4.13,12.55,189548.1590195007,3.94,4.91,3.93,2.4,3.88,163.0,14.95,9.63,18.15,0
2026-04-07 23:30:00+00:00,4.0,12.64,203319.51436451887,3.73,4.73,3.47,2.37,3.76,158.0,13.92,10.0,17.29,0
2026-04-08 00:00:00+00:00,3.93,12.01,200411.8730472775,3.73,4.62,2.64,2.44,3.8,156.0,13.38,10.13,18.21,0
2026-04-08 00:30:00+00:00,3.79,12.38,189816.02022190063,3.66,4.58,3.01,2.28,3.68,159.0,11.98,9.94,17.900000000000002,0
2026-04-08 01:00:00+00:00,4.07,12.33,173500.14574066247,3.89,4.73,2.9,2.5,3.94,152.0,11.84,10.36,19.3,0
2026-04-08 01:30:00+00:00,3.75,11.85,178443.91586585337,3.63,4.28,2.82,2.26,3.6,166.0,11.73,9.51,18.59,0
2026-04-08 02:00:00+00:00,3.74,12.31,178451.11886428524,3.69,4.38,2.5500000000000003,2.2,3.5700000000000003,165.0,12.11,9.57,17.0,0
2026-04-08 02:30:00+00:00,3.75,12.05,175987.20413247464,3.63,4.66,2.75,2.23,3.6,165.0,12.83,9.54,17.080000000000002,0
2026-04-08 03:00:00+00:00,3.84,12.41,178863.30469650126,3.63,4.55,2.51,2.19,3.5700000000000003,167.0,11.39,9.49,18.26,0
2026-04-08 03:30:00+00:00,3.53,11.71,183587.1992137618,3.42,4.05,2.57,2.13,3.41,170.0,10.99,9.28,17.7,0
2026-04-08 04:00:00+00:00,3.45,12.51,190316.11379879425,3.23,4.15,3.22,2.01,3.23,164.0,14.56,9.65,18.81,0
2026-04-08 04:30:00+00:00,3.5700000000000003,12.09,177970.29813441928,3.41,4.37,1.34,2.12,3.43,165.0,11.97,9.59,19.16,0
2026-04-08 05:00:00+00:00,3.88,12.48,165110.75687714582,3.76,4.87,2.63,2.19,3.63,167.0,13.21,9.38,18.88,0
2026-04-08 05:30:00+00:00,3.23,11.81,175868.63416675502,3.14,3.71,2.4,2.02,3.16,167.0,12.41,9.47,17.330000000000002,0
2026-04-08 06:00:00+00:00,3.44,11.87,175008.96918223036,3.34,4.3,2.43,2.09,3.35,168.0,11.32,9.46,19.03,0
2026-04-08 06:30:00+00:00,3.31,12.29,179384.373105587,3.19,4.0,2.19,1.94,3.16,164.0,12.19,9.63,19.94,0
2026-04-08 07:00:00+00:00,3.97,12.91,191517.7303992452,3.81,4.91,2.26,2.38,3.82,153.0,14.17,10.33,17.79,0
2026-04-08 07:30:00+00:00,3.6,12.33,192481.75843920777,3.44,4.16,2.89,2.19,3.47,156.0,14.2,10.11,19.46,0
2026-04-08 08:00:00+00:00,3.43,12.29,191166.6626351917,3.2,3.82,3.08,2.07,3.24,158.0,14.25,9.98,17.650000000000002,0
2026-04-08 08:30:00+00:00,3.81,12.82,186475.99937246632,3.66,4.5200000000000005,1.44,2.36,3.72,143.0,12.93,10.99,18.67,0
2026-04-08 09:00:00+00:00,3.33,12.14,180748.63771775964,3.21,3.87,3.34,2.05,3.23,155.0,12.74,10.17,19.8,0
2026-04-08 09:30:00+00:00,3.64,12.36,170531.6850515717,3.63,4.49,1.71,2.27,3.62,149.0,13.5,10.58,18.75,0
2026-04-08 10:00:00+00:00,3.46,12.09,176573.76628104912,3.41,4.48,2.72,2.01,3.31,163.0,13.88,9.61,17.32,0
2026-04-08 10:30:00+00:00,3.37,12.42,182673.5467905063,3.28,4.0200000000000005,1.27,2.05,3.27,156.0,12.73,10.17,18.4,0
2026-04-08 11:00:00+00:00,3.53,12.55,186880.41232250747,3.39,4.34,1.68,2.14,3.42,152.0,12.72,10.29,20.52,0
2026-04-08 11:30:00+00:00,3.72,12.47,160969.56684232046,3.39,4.07,2.98,2.24,3.5,153.0,11.42,10.25,17.05,0
2026-04-08 12:00:00+00:00,3.46,12.17,172258.40518030114,3.21,4.14,2.24,1.97,3.21,163.0,13.53,9.71,18.85,0
2026-04-08 12:30:00+00:00,3.52,12.05,187727.4150224492,3.31,4.09,2.13,2.2,3.42,150.0,12.49,10.48,18.7,0
2026-04-08 13:00:00+00:00,3.48,11.77,167286.6156653952,3.38,4.3500000000000005,2.17,2.08,3.35,160.0,12.64,9.86,17.44,0
2026-04-08 13:30:00+00:00,3.52,12.31,166206.1403359227,3.49,4.2700000000000005,2.96,2.24,3.54,150.0,12.5,10.57,17.68,0
2026-04-08 14:00:00+00:00,3.45,12.37,163313.5568758147,3.26,4.04,2.29,2.06,3.29,157.0,13.22,9.99,18.84,0
2026-04-08 14:30:00+00:00,3.43,12.05,156192.61161774764,3.36,4.09,1.95,2.11,3.37,160.0,11.7,9.91,18.39,0
2026-04-08 15:00:00+00:00,3.3000000000000003,12.07,158140.78108735458,3.2,4.13,1.84,1.91,3.14,166.0,13.02,9.5,16.47,0
2026-04-08 15:30:00+00:00,3.31,11.85,158783.18250171986,3.11,3.82,3.17,2.05,3.2,157.0,13.62,10.0,17.64,0
2026-04-08 16:00:00+00:00,3.65,12.19,156800.19245144905,3.45,4.3500000000000005,2.38,2.07,3.37,164.0,13.14,9.63,16.75,0
2026-04-08 16:30:00+00:00,3.29,11.8,154117.8059521587,3.04,3.84,1.71,1.91,3.04,167.0,12.3,9.45,18.12,0
2026-04-08 17:00:00+00:00,3.4,11.98,153041.26551189704,3.23,4.12,1.57,2.01,3.22,161.0,11.92,9.73,17.080000000000002,0
2026-04-08 17:30:00+00:00,3.1,11.99,156615.94061283112,3.03,3.95,1.91,1.82,2.96,170.0,12.63,9.35,17.06,0
2026-04-08 18:00:00+00:00,3.17,11.8,144093.9894774356,3.02,3.83,2.21,1.87,3.02,168.0,13.72,9.34,17.73,0
2026-04-08 18:30:00+00:00,3.24,11.7,151007.38286632972,3.15,3.95,2.54,1.88,3.09,172.0,11.34,9.21,17.88,0
2026-04-08 19:00:00+00:00,3.06,11.61,154333.0472798472,3.02,3.5700000000000003,2.9,1.95,3.0700000000000003,161.0,12.71,9.82,16.25,0
2026-04-08 19:30:00+00:00,3.12,11.4,147631.66110714988,2.96,3.74,1.69,1.86,2.97,170.0,10.37,9.27,16.13,0
2026-04-08 20:00:00+00:00,3.13,12.05,141393.93155993408,3.06,3.76,2.14,1.91,3.0700000000000003,161.0,13.1,9.77,17.89,0
2026-04-08 20:30:00+00:00,3.51,12.11,152376.54875824612,3.41,4.39,1.87,2.12,3.41,157.0,12.84,10.04,17.78,0
2026-04-08 21:00:00+00:00,2.9,11.27,143355.22732176245,2.69,3.31,2.06,1.66,2.67,179.0,12.0,8.84,16.080000000000002,0
2026-04-08 21:30:00+00:00,3.2,11.57,147758.13370916934,3.03,3.79,1.81,1.89,3.02,170.0,13.04,9.28,16.45,0
2026-04-08 22:00:00+00:00,3.03,11.48,145262.08030766578,2.93,3.68,3.1,1.78,2.88,166.0,12.38,9.55,17.2,0
2026-04-08 22:30:00+00:00,3.2,11.47,135197.63587739802,3.01,3.76,1.74,1.9,3.02,165.0,11.91,9.61,17.240000000000002,0
2026-04-08 23:00:00+00:00,2.86,11.36,139692.3443555528,2.66,3.35,1.81,1.62,2.63,177.0,12.23,8.98,15.4,0
2026-04-08 23:30:00+00:00,2.85,11.38,158205.11107774518,2.76,3.46,1.9,1.64,2.68,177.0,12.39,8.92,18.18,0
2026-04-09 00:00:00+00:00,3.26,11.77,150271.68449452776,3.16,4.07,1.57,1.97,3.16,162.0,13.26,9.75,17.45,1
2026-04-09 00:30:00+00:00,2.9,11.77,142338.25791131036,2.87,3.54,1.2,1.78,2.83,158.0,11.86,9.96,16.84,0
2026-04-09 01:00:00+00:00,2.57,11.09,148462.2404176386,2.44,2.99,1.46,1.52,2.43,177.0,10.84,8.93,17.66,0
2026-04-09 01:30:00+00:00,2.79,11.31,141954.88240597697,2.77,3.47,1.69,1.8,2.83,159.0,9.67,9.93,17.03,0
2026-04-09 02:00:00+00:00,2.71,11.0,149089.21628195344,2.57,3.18,1.66,1.65,2.61,164.0,9.46,9.57,17.57,0
2026-04-09 02:30:00+00:00,2.74,11.31,147603.9849486467,2.54,3.08,1.9,1.64,2.59,168.0,11.41,9.36,15.28,0
2026-04-09 03:00:00+00:00,2.49,11.22,143802.7846405626,2.41,3.03,2.02,1.56,2.45,162.0,11.54,9.76,16.15,0
2026-04-09 03:30:00+00:00,2.44,10.79,149036.5809639,2.33,2.73,1.17,1.44,2.3000000000000003,174.0,13.27,9.06,15.23,0
2026-04-09 04:00:00+00:00,2.49,10.91,141077.64117596054,2.36,2.8000000000000003,1.25,1.5,2.37,174.0,12.63,9.11,17.38,0
2026-04-09 04:30:00+00:00,2.54,10.99,133455.58664863984,2.43,3.0500000000000003,1.64,1.58,2.48,167.0,10.4,9.49,15.73,0
2026-04-09 05:00:00+00:00,2.57,11.27,142648.30582833395,2.49,3.1,0.8300000000000001,1.49,2.44,175.0,10.92,9.04,16.07,0
2026-04-09 05:30:00+00:00,2.2,10.7,155579.823010218,2.11,2.56,1.24,1.38,2.16,172.0,12.34,9.18,15.62,0
2026-04-09 06:00:00+00:00,2.46,11.01,152887.75911272783,2.36,2.95,1.99,1.45,2.33,177.0,11.66,8.94,15.09,0
2026-04-09 06:30:00+00:00,2.39,11.01,143680.42040675928,2.16,2.87,1.34,1.36,2.18,176.0,11.0,8.950000000000001,14.59,0
2026-04-09 07:00:00+00:00,2.32,10.83,151235.647436775,2.24,2.81,1.41,1.42,2.25,177.0,12.81,8.950000000000001,16.36,0
2026-04-09 07:30:00+00:00,2.26,10.79,151018.71021399484,2.07,2.59,1.19,1.31,2.09,179.0,11.16,8.790000000000001,15.66,0
2026-04-09 08:00:00+00:00,2.27,10.63,142607.19487176754,2.13,2.57,1.7,1.32,2.1,181.0,9.51,8.74,15.23,0
2026-04-09 08:30:00+00:00,2.12,10.32,151022.9141394642,2.11,2.71,1.13,1.27,2.08,184.0,9.79,8.57,15.75,0
2026-04-09 09:00:00+00:00,2.2,10.43,165709.54454949388,2.15,2.64,1.3,1.29,2.09,181.0,10.19,8.73,14.7,0
2026-04-09 09:30:00+00:00,2.27,10.85,165157.0049648452,2.2,2.81,1.34,1.35,2.18,176.0,10.6,8.950000000000001,16.2,0
2026-04-09 10:00:00+00:00,2.01,10.1,154548.05537940035,2.01,2.56,0.77,1.22,1.97,190.0,8.950000000000001,8.34,15.19,0
2026-04-09 10:30:00+00:00,2.08,10.08,151022.11833115283,1.99,2.42,0.74,1.24,2.0,201.0,10.49,7.85,15.67,0
2026-04-09 11:00:00+00:00,2.03,9.69,148234.13838705956,1.96,2.46,1.16,1.21,1.94,220.0,11.41,7.21,15.44,0
2026-04-09 11:30:00+00:00,2.26,9.79,149044.96078421018,2.14,2.71,2.26,1.3,2.11,229.0,10.05,6.92,15.02,0
2026-04-09 12:00:00+00:00,2.26,9.1,158370.03148630058,2.09,2.66,1.38,1.27,2.05,248.0,10.22,6.390000000000001,13.97,0
2026-04-09 12:30:00+00:00,2.37,9.06,152090.5553862623,2.27,2.99,2.32,1.33,2.19,254.0,10.32,6.25,13.58,0
2026-04-09 13:00:00+00:00,2.18,8.15,159318.8265739136,1.99,2.45,1.92,1.3,2.04,270.0,10.15,5.84,12.71,0
2026-04-09 13:30:00+00:00,2.37,8.69,148011.5652324239,2.15,2.75,3.96,1.33,2.14,270.0,10.23,5.87,14.07,0
2026-04-09 14:00:00+00:00,2.2,8.57,158668.64530637194,2.02,2.59,2.26,1.23,1.99,276.0,12.09,5.74,12.78,0
2026-04-09 14:30:00+00:00,2.29,8.07,147074.980451643,2.07,2.63,1.75,1.3,2.08,286.0,10.34,5.53,13.33,0
2026-04-09 15:00:00+00:00,2.3000000000000003,8.1,146414.54107248227,2.15,2.77,1.66,1.35,2.16,277.0,8.120000000000001,5.7,13.67,0
2026-04-09 15:30:00+00:00,2.25,7.88,136711.8178910432,2.08,2.63,1.77,1.31,2.09,283.0,8.39,5.59,13.8,0
2026-04-09 16:00:00+00:00,2.14,7.79,135170.74208239972,1.96,2.41,3.0500000000000003,1.24,1.96,284.0,6.53,5.57,13.35,0
2026-04-09 16:30:00+00:00,2.1,8.38,140339.72834457183,1.93,2.47,1.15,1.23,1.95,256.0,10.54,6.19,14.57,0
2026-04-09 17:00:00+00:00,2.11,8.2,145611.92821500244,1.99,2.47,0.86,1.22,1.97,260.0,8.24,6.1000000000000005,13.08,0
2026-04-09 17:30:00+00:00,1.94,8.08,160903.21133154797,1.82,2.3000000000000003,2.32,1.1,1.79,279.0,11.35,5.69,11.78,0
2026-04-09 18:00:00+00:00,2.01,7.92,149466.00276227508,1.88,2.33,0.93,1.16,1.87,276.0,9.65,5.73,13.33,0
2026-04-09 18:30:00+00:00,2.1,7.7,143143.2754947928,1.95,2.39,2.16,1.22,1.95,284.0,7.41,5.58,12.17,0
2026-04-09 19:00:00+00:00,2.1,7.87,151361.31019214095,2.0,2.45,1.49,1.26,2.0,263.0,8.71,5.99,12.91,0
2026-04-09 19:30:00+00:00,2.07,7.73,153993.85627471245,1.91,2.37,1.97,1.18,1.89,283.0,9.06,5.58,12.86,0
2026-04-09 20:00:00+00:00,2.19,8.06,149883.08143845096,2.1,2.58,1.54,1.37,2.15,238.0,7.23,6.65,12.87,0
2026-04-09 20:30:00+00:00,2.21,8.44,153244.9184777631,2.09,2.7,1.93,1.32,2.1,240.0,9.88,6.59,14.0,0
2026-04-09 21:00:00+00:00,2.01,8.040000000000001,153578.14859680997,1.87,2.3000000000000003,1.27,1.18,1.88,251.0,8.25,6.28,12.28,0
2026-04-09 21:30:00+00:00,1.98,8.26,149430.76167244793,1.89,2.32,1.41,1.2,1.9,242.0,9.22,6.55,12.26,0
2026-04-09 22:00:00+00:00,2.0,8.36,162729.82525276844,1.96,2.42,1.82,1.25,1.97,229.0,10.05,6.91,12.49,0
2026-04-09 22:30:00+00:00,2.21,8.25,159781.84490586544,2.04,2.54,1.29,1.34,2.11,225.0,8.17,7.0200000000000005,14.63,0
2026-04-09 23:00:00+00:00,2.15,8.27,153773.95027987138,2.06,2.61,1.22,1.33,2.1,225.0,8.86,7.03,13.8,0
2026-04-09 23:30:00+00:00,2.03,8.39,167334.6929150812,1.89,2.38,1.91,1.17,1.87,236.0,8.86,6.68,14.51,0
2026-04-10 00:00:00+00:00,2.16,8.32,165037.95281836583,2.03,2.56,2.09,1.25,2.01,233.0,9.31,6.7700000000000005,13.4,0
2026-04-10 00:30:00+00:00,2.06,8.34,159500.89756209345,1.92,2.43,1.21,1.19,1.91,246.0,7.8,6.44,14.7,0
2026-04-10 01:00:00+00:00,2.15,8.33,159016.34322511844,2.02,2.5500000000000003,1.7,1.28,2.04,238.0,7.73,6.63,12.94,0
2026-04-10 01:30:00+00:00,2.17,8.33,163257.07971046047,2.06,2.57,1.71,1.3,2.07,235.0,8.3,6.7,11.68,0
2026-04-10 02:00:00+00:00,2.27,8.46,159802.21017298612,2.17,2.64,1.12,1.37,2.18,228.0,7.82,6.95,13.61,0
2026-04-10 02:30:00+00:00,2.16,8.34,159281.22933886648,2.08,2.52,1.41,1.35,2.11,227.0,8.59,6.99,12.91,0
2026-04-10 03:00:00+00:00,2.18,8.39,164914.94220589395,2.04,2.52,2.0,1.32,2.08,232.0,10.18,6.83,13.71,0
2026-04-10 03:30:00+00:00,2.18,8.45,147391.79088118346,2.08,2.52,1.49,1.33,2.1,227.0,8.23,6.96,13.36,0
2026-04-10 04:00:00+00:00,2.04,8.66,147885.39994742797,1.96,2.48,1.39,1.19,1.92,234.0,8.46,6.76,14.67,0
2026-04-10 04:30:00+00:00,1.9,8.57,138449.34853862025,1.79,2.21,2.09,1.13,1.8,233.0,6.890000000000001,6.8,12.92,0
2026-04-10 05:00:00+00:00,1.96,8.66,154897.93152700766,1.85,2.27,1.46,1.18,1.87,223.0,9.1,7.08,13.72,0
2026-04-10 05:30:00+00:00,1.85,8.56,165967.723090138,1.76,2.25,1.02,1.12,1.77,230.0,9.02,6.890000000000001,13.93,0
2026-04-10 06:00:00+00:00,1.9,8.9,184380.4810288321,1.85,2.3000000000000003,1.83,1.17,1.85,216.0,7.04,7.34,13.48,0
2026-04-10 06:30:00+00:00,1.92,9.0,171201.53838834757,1.79,2.36,1.69,1.08,1.76,231.0,7.61,6.84,16.67,0
2026-04-10 07:00:00+00:00,1.95,9.24,168618.94706258163,1.88,2.3000000000000003,2.3000000000000003,1.19,1.89,210.0,10.03,7.51,14.54,0
2026-04-10 07:30:00+00:00,1.8,9.46,172247.33881810142,1.66,2.05,1.17,1.07,1.69,212.0,9.91,7.43,15.62,0
2026-04-10 08:00:00+00:00,1.77,9.55,189844.11547031897,1.69,2.08,1.29,1.09,1.71,212.0,6.71,7.47,17.8,0
2026-04-10 08:30:00+00:00,1.88,9.91,188562.68301439175,1.81,2.19,1.59,1.18,1.85,194.0,9.7,8.15,15.69,0
2026-04-10 09:00:00+00:00,2.05,10.23,172123.19593119863,1.91,2.39,1.62,1.18,1.9,200.0,11.78,7.9,15.06,0
2026-04-10 09:30:00+00:00,2.02,10.27,164920.8779386598,1.91,2.32,1.49,1.21,1.91,196.0,11.23,8.05,16.39,0
2026-04-10 10:00:00+00:00,2.01,10.34,183571.9088837876,1.89,2.32,1.15,1.26,1.96,183.0,10.35,8.63,18.16,0
2026-04-10 10:30:00+00:00,2.12,10.96,193512.26131991396,2.02,2.56,1.55,1.29,2.04,177.0,11.29,8.91,17.01,0
2026-04-10 11:00:00+00:00,2.05,10.63,198028.5279172468,1.98,2.45,1.31,1.24,1.97,191.0,10.68,8.3,16.21,0
2026-04-10 11:30:00+00:00,2.18,11.12,184420.79487690792,2.12,2.57,1.49,1.38,2.16,172.0,11.5,9.21,16.75,0
2026-04-10 12:00:00+00:00,2.47,11.78,181620.3251208772,2.39,2.81,1.51,1.52,2.39,167.0,9.93,9.47,17.68,0
2026-04-10 12:30:00+00:00,2.45,11.48,183799.0561318169,2.26,2.74,1.31,1.42,2.27,180.0,12.42,8.74,20.77,0
2026-04-10 13:00:00+00:00,2.33,11.17,179006.2233984849,2.24,2.74,2.27,1.33,2.18,200.0,13.81,7.890000000000001,17.09,0
2026-04-10 13:30:00+00:00,2.42,11.31,156892.67925706218,2.2,2.74,2.16,1.29,2.12,212.0,10.56,7.42,16.01,0
2026-04-10 14:00:00+00:00,2.44,11.42,172078.0817021981,2.36,2.91,1.76,1.47,2.35,185.0,9.9,8.58,16.46,0
2026-04-10 14:30:00+00:00,2.61,11.79,171094.5603366549,2.51,3.25,1.73,1.47,2.43,193.0,14.57,8.14,16.11,0
2026-04-10 15:00:00+00:00,2.62,11.74,167463.72656448063,2.28,3.1,2.3000000000000003,1.34,2.22,216.0,11.71,7.27,17.32,0
2026-04-10 15:30:00+00:00,2.5,11.65,171899.00578709578,2.24,2.87,2.34,1.34,2.18,216.0,13.77,7.31,16.46,0
2026-04-10 16:00:00+00:00,2.69,11.52,184581.3057222953,2.43,3.1,2.47,1.43,2.36,218.0,12.5,7.26,17.32,0
2026-04-10 16:30:00+00:00,2.7,10.98,172506.59039222874,2.43,3.02,1.7,1.44,2.35,223.0,10.81,7.09,17.03,0
2026-04-10 17:00:00+00:00,2.84,11.52,167202.28383457003,2.54,3.25,2.65,1.51,2.47,224.0,13.39,7.04,16.6,0
2026-04-10 17:30:00+00:00,2.82,11.17,159806.19230101292,2.62,3.27,2.77,1.61,2.59,217.0,10.43,7.28,15.83,0
2026-04-10 18:00:00+00:00,2.9,10.92,171303.2249861336,2.64,3.53,1.55,1.62,2.63,220.0,12.23,7.18,17.79,0
2026-04-10 18:30:00+00:00,3.08,11.25,149538.51369827485,2.73,3.58,2.21,1.64,2.69,224.0,13.1,7.04,16.21,0
2026-04-10 19:00:00+00:00,3.16,11.24,151355.61469769082,2.83,3.71,2.76,1.76,2.83,219.0,11.43,7.24,18.03,0
2026-04-10 19:30:00+00:00,2.9,10.54,152568.7559507393,2.73,3.5,1.93,1.68,2.71,222.0,12.6,7.1000000000000005,15.01,0
2026-04-10 20:00:00+00:00,3.31,11.1,149491.31508494855,3.14,3.84,3.46,1.93,3.11,202.0,13.3,7.84,16.54,0
2026-04-10 20:30:00+00:00,3.15,10.73,150097.93527804682,2.9,3.83,2.09,1.81,2.92,224.0,10.17,7.07,17.28,0
2026-04-10 21:00:00+00:00,3.15,10.44,154566.4354162958,2.98,3.85,2.05,1.89,2.99,215.0,11.62,7.36,15.63,0
2026-04-10 21:30:00+00:00,3.44,10.89,160989.53666659762,3.29,4.0,3.26,2.02,3.22,208.0,9.91,7.61,15.68,0
2026-04-10 22:00:00+00:00,3.49,11.03,161522.10195024917,3.19,4.01,3.08,1.95,3.14,214.0,12.75,7.4,16.54,0
2026-04-10 22:30:00+00:00,3.0500000000000003,10.31,159076.79087903912,2.85,3.64,3.5500000000000003,1.79,2.86,229.0,13.45,6.91,16.35,0
2026-04-10 23:00:00+00:00,3.29,10.92,158252.66442667216,2.95,3.73,2.84,1.86,2.96,214.0,12.58,7.36,17.0,0
2026-04-10 23:30:00+00:00,3.14,10.63,172677.66401262197,2.98,3.64,1.15,1.81,2.92,210.0,12.34,7.51,15.92,0
2026-04-11 00:00:00+00:00,3.0,10.82,173637.25731078326,2.77,3.45,2.46,1.73,2.76,210.0,11.79,7.53,15.71,0
2026-04-11 00:30:00+00:00,3.01,10.61,182055.8723574137,2.82,3.5,2.03,1.7,2.75,216.0,13.14,7.34,15.06,0
2026-04-11 01:00:00+00:00,3.0500000000000003,10.59,174342.07324498004,2.89,3.46,2.29,1.8,2.87,208.0,12.85,7.61,16.9,0
2026-04-11 01:30:00+00:00,2.98,10.32,166882.8754278843,2.82,3.5500000000000003,2.76,1.74,2.8000000000000003,224.0,13.15,7.09,16.29,0
2026-04-11 02:00:00+00:00,2.96,9.83,146174.57863423612,2.87,3.65,1.74,1.71,2.78,228.0,9.82,6.92,15.59,0
2026-04-11 02:30:00+00:00,3.23,10.53,154050.27472732103,2.92,3.8,1.7,1.75,2.85,233.0,12.29,6.8100000000000005,15.57,0
2026-04-11 03:00:00+00:00,3.17,9.86,152403.10831318196,2.92,3.73,2.62,1.8,2.9,235.0,10.88,6.74,14.55,0
2026-04-11 03:30:00+00:00,3.06,10.29,156623.22581267558,2.74,3.52,1.9,1.7,2.73,224.0,13.23,7.07,17.080000000000002,0
2026-04-11 04:00:00+00:00,2.88,10.07,158891.31501015672,2.64,3.39,2.17,1.67,2.66,227.0,12.89,6.99,14.63,0
2026-04-11 04:30:00+00:00,2.9,10.26,139459.83473675005,2.69,3.45,1.43,1.61,2.62,233.0,7.86,6.8100000000000005,16.68,0
2026-04-11 05:00:00+00:00,2.75,10.34,143778.3960079225,2.48,3.06,1.71,1.51,2.42,232.0,11.52,6.8100000000000005,16.580000000000002,0
2026-04-11 05:30:00+00:00,2.54,10.3,169750.54712743338,2.28,2.95,2.62,1.41,2.27,240.0,11.46,6.58,17.31,0
2026-04-11 06:00:00+00:00,2.69,9.88,168683.76132071216,2.52,3.31,1.39,1.47,2.43,255.0,11.4,6.18,14.81,0
2026-04-11 06:30:00+00:00,3.0,8.98,155413.2342984377,2.67,3.41,3.42,1.75,2.74,253.0,9.01,6.24,14.51,0
2026-04-11 07:00:00+00:00,2.96,8.6,148941.4387600698,2.8000000000000003,3.41,1.86,1.78,2.81,252.0,8.17,6.29,15.54,0
2026-04-11 07:30:00+00:00,3.23,8.21,134368.19014770762,2.96,3.69,2.28,1.95,3.04,255.0,6.97,6.2,15.28,0
2026-04-11 08:00:00+00:00,3.24,8.27,133998.32297767673,2.99,3.71,2.79,1.9,3.0,260.0,9.7,6.11,13.49,0
2026-04-11 08:30:00+00:00,3.14,8.78,141326.61690736472,2.89,3.64,2.8000000000000003,1.81,2.88,251.0,7.140000000000001,6.32,15.32,0
2026-04-11 09:00:00+00:00,3.26,8.9,134358.36960751153,3.01,3.73,1.54,1.87,3.0,251.0,9.13,6.3,18.47,0
2026-04-11 09:30:00+00:00,3.2,8.89,142788.32704128718,2.98,3.64,2.32,1.95,3.04,234.0,12.19,6.74,17.93,0
2026-04-11 10:00:00+00:00,3.01,8.26,160436.3130798982,2.87,3.59,2.62,1.82,2.88,252.0,7.25,6.26,14.22,0
2026-04-11 10:30:00+00:00,3.1,9.09,145887.1151127684,2.84,3.62,2.07,1.79,2.85,240.0,7.87,6.57,16.77,0
2026-04-11 11:00:00+00:00,3.01,9.31,150490.04817200327,2.81,3.51,2.14,1.77,2.82,239.0,12.46,6.65,16.11,0
2026-04-11 11:30:00+00:00,3.15,9.54,148007.6120306324,2.8000000000000003,3.4,3.11,1.77,2.81,248.0,9.14,6.36,14.15,0
2026-04-11 12:00:00+00:00,2.93,9.06,170030.34807587645,2.68,3.37,3.98,1.69,2.69,257.0,11.88,6.18,14.97,0
2026-04-11 12:30:00+00:00,3.24,9.29,153452.69315664165,2.92,3.63,2.52,1.91,3.0,237.0,10.09,6.67,16.080000000000002,0
2026-04-11 13:00:00+00:00,3.01,8.38,130240.64922668268,2.88,3.68,3.19,1.84,2.92,253.0,8.2,6.25,15.03,0
2026-04-11 13:30:00+00:00,3.06,8.700000000000001,137535.09740664618,2.83,3.56,2.23,1.78,2.84,253.0,9.94,6.26,15.95,0
2026-04-11 14:00:00+00:00,3.23,8.44,142895.5052189221,3.08,3.85,3.99,1.93,3.08,253.0,8.41,6.26,13.8,0
2026-04-11 14:30:00+00:00,3.21,8.59,156393.49382298513,3.03,3.8,2.65,1.86,3.0,255.0,8.61,6.2,16.27,0
2026-04-11 15:00:00+00:00,3.3200000000000003,8.45,154129.29473039237,3.14,3.98,1.77,1.98,3.16,248.0,7.86,6.390000000000001,15.23,0
2026-04-11 15:30:00+00:00,3.44,8.34,161855.39407953926,3.11,4.0200000000000005,2.54,1.95,3.12,265.0,8.05,5.98,12.49,0
2026-04-11 16:00:00+00:00,3.46,8.52,158683.68653249968,3.3200000000000003,4.21,2.16,2.09,3.33,241.0,7.7,6.55,14.75,0
2026-04-11 16:30:00+00:00,3.5700000000000003,8.68,154081.8775444784,3.39,4.29,4.44,2.17,3.42,239.0,8.870000000000001,6.640000000000001,15.11,0
2026-04-11 17:00:00+00:00,3.87,8.83,162977.21774406824,3.56,4.39,4.41,2.23,3.5500000000000003,246.0,7.12,6.45,13.39,0
2026-04-11 17:30:00+00:00,3.65,8.48,157562.73088712362,3.3000000000000003,4.2700000000000005,3.02,2.08,3.33,255.0,11.75,6.2,13.06,0
2026-04-11 18:00:00+00:00,3.87,9.03,154815.38728261145,3.59,4.46,3.78,2.26,3.6,235.0,12.54,6.71,14.97,0
2026-04-11 18:30:00+00:00,3.93,9.17,147680.2093006544,3.6,4.6000000000000005,2.7,2.19,3.56,244.0,10.61,6.51,15.77,0
2026-04-11 19:00:00+00:00,4.0,9.59,153066.35741999786,3.6,4.7700000000000005,2.0,2.28,3.65,230.0,10.35,6.88,16.65,0
2026-04-11 19:30:00+00:00,4.01,9.78,147530.48219603163,3.82,4.7700000000000005,2.17,2.37,3.8,213.0,9.25,7.41,17.3,0
2026-04-11 20:00:00+00:00,4.09,10.18,147311.45324396016,3.79,4.97,2.75,2.28,3.72,225.0,13.85,7.03,18.32,0
2026-04-11 20:30:00+00:00,3.91,10.28,152588.42596377304,3.74,4.71,2.94,2.27,3.69,210.0,8.09,7.54,16.03,0
2026-04-11 21:00:00+00:00,3.92,10.84,165296.6581100386,3.65,4.64,2.63,2.29,3.66,205.0,12.13,7.69,16.98,0
2026-04-11 21:30:00+00:00,3.88,10.82,186287.7026708456,3.52,4.53,3.63,2.15,3.48,217.0,11.63,7.26,16.2,0
2026-04-11 22:00:00+00:00,4.4,11.73,167273.40613947666,4.16,5.3100000000000005,3.48,2.52,4.1,189.0,13.95,8.35,17.900000000000002,0
2026-04-11 22:30:00+00:00,4.15,11.77,157296.41661568344,3.95,4.96,3.35,2.45,3.93,185.0,13.16,8.55,18.69,0
2026-04-11 23:00:00+00:00,4.49,12.37,159254.44397024598,4.3100000000000005,5.62,2.1,2.6,4.24,174.0,13.05,9.12,17.87,0
2026-04-11 23:30:00+00:00,4.61,12.47,177160.69137388372,4.37,5.51,2.21,2.57,4.24,181.0,12.33,8.73,20.02,0
2026-04-12 00:00:00+00:00,4.54,12.74,166618.60136643084,4.38,5.2700000000000005,3.96,2.79,4.4,163.0,12.11,9.62,18.75,0
2026-04-12 00:30:00+00:00,4.2700000000000005,12.68,170547.11041342918,4.16,5.26,5.13,2.47,4.07,172.0,13.27,9.23,18.46,0
2026-04-12 01:00:00+00:00,4.17,12.68,153932.21716547673,3.84,5.0,3.5500000000000003,2.34,3.81,175.0,15.35,9.03,20.14,0
2026-04-12 01:30:00+00:00,4.16,13.25,146637.65582384888,3.95,4.95,2.72,2.39,3.9,162.0,15.04,9.71,19.23,0
2026-04-12 02:00:00+00:00,4.42,13.38,155273.34840565297,4.3100000000000005,5.46,2.63,2.59,4.22,156.0,14.54,10.12,19.91,0
2026-04-12 02:30:00+00:00,4.2700000000000005,13.39,157729.27382738757,4.03,5.3100000000000005,3.26,2.28,3.85,168.0,12.61,9.43,19.12,0
2026-04-12 03:00:00+00:00,4.65,13.96,142991.9918796596,4.39,5.39,3.69,2.6,4.2700000000000005,157.0,16.31,10.08,20.67,0
2026-04-12 03:30:00+00:00,4.5,13.57,145410.94782376225,4.19,5.34,3.04,2.5500000000000003,4.17,157.0,14.51,10.05,19.23,0
2026-04-12 04:00:00+00:00,4.76,13.61,147709.36003359247,4.64,5.95,2.68,2.77,4.5200000000000005,145.0,13.19,10.78,18.95,0
2026-04-12 04:30:00+00:00,4.47,13.84,148760.1714852914,4.13,4.99,4.88,2.58,4.14,146.0,15.57,10.7,19.89,0
2026-04-12 05:00:00+00:00,4.86,14.17,151882.07894501858,4.8,5.96,2.6,3.04,4.83,135.0,14.33,11.76,21.19,0
2026-04-12 05:30:00+00:00,4.83,13.8,154393.0403180945,4.64,5.82,3.74,2.91,4.65,142.0,15.2,11.15,19.29,0
2026-04-12 06:00:00+00:00,4.53,13.43,156231.70852925483,4.44,5.6000000000000005,2.25,2.78,4.46,141.0,14.13,11.24,19.95,0
2026-04-12 06:30:00+00:00,4.49,13.92,159205.9156999932,4.24,5.36,2.5500000000000003,2.61,4.21,136.0,12.77,11.6,19.06,0
2026-04-12 07:00:00+00:00,4.43,13.96,145535.04905860187,4.19,5.51,3.38,2.44,4.05,149.0,12.95,10.62,19.05,0
2026-04-12 07:30:00+00:00,4.53,13.91,153047.24217801812,4.37,5.3,3.0500000000000003,2.7,4.34,140.0,14.84,11.28,19.23,0
2026-04-12 08:00:00+00:00,4.25,13.61,164309.54356452465,4.14,5.1000000000000005,2.28,2.61,4.15,143.0,14.0,11.09,19.24,0
2026-04-12 08:30:00+00:00,4.32,13.75,152698.8747761957,4.12,5.3500000000000005,3.29,2.52,4.11,145.0,13.21,10.83,20.97,0
2026-04-12 09:00:00+00:00,4.37,13.56,162090.7729277857,4.19,5.3500000000000005,2.99,2.7,4.2700000000000005,138.0,15.5,11.36,19.42,0
2026-04-12 09:30:00+00:00,4.45,14.18,173549.90483430645,4.11,4.91,3.98,2.63,4.16,139.0,15.15,11.3,18.87,0
2026-04-12 10:00:00+00:00,4.5600000000000005,13.9,152367.30561064286,4.41,5.24,2.25,2.74,4.37,140.0,15.2,11.26,19.53,0
2026-04-12 10:30:00+00:00,5.17,14.01,157543.7828129209,5.01,5.89,4.42,2.88,4.8,148.0,14.77,10.67,19.42,0
2026-04-12 11:00:00+00:00,4.43,13.91,156405.92188694316,4.2,5.16,4.41,2.48,4.0600000000000005,156.0,14.25,10.13,19.24,0
2026-04-12 11:30:00+00:00,4.89,14.18,170052.35733951427,4.74,6.22,2.04,2.86,4.67,141.0,15.59,11.17,19.91,0
2026-04-12 12:00:00+00:00,4.53,14.04,176595.53252632436,4.21,5.0,2.52,2.68,4.24,138.0,13.65,11.39,19.71,0
2026-04-12 12:30:00+00:00,4.48,13.65,161030.56347726786,4.23,5.18,2.88,2.46,4.09,160.0,14.2,9.93,19.41,0
2026-04-12 13:00:00+00:00,4.34,13.71,157936.7353452136,4.34,5.58,3.16,2.45,4.15,157.0,15.41,10.0,18.38,0
2026-04-12 13:30:00+00:00,4.23,13.54,151967.70842342207,4.11,5.25,4.2,2.31,3.9,165.0,13.06,9.57,18.57,0
2026-04-12 14:00:00+00:00,4.32,13.39,167296.8034819914,4.23,4.95,3.0,2.65,4.24,150.0,14.12,10.55,21.63,0
2026-04-12 14:30:00+00:00,4.61,13.39,152470.58233561617,4.4,5.8,3.15,2.62,4.3,165.0,14.24,9.58,18.71,0
2026-04-12 15:00:00+00:00,4.54,13.07,153602.22649804907,4.33,5.67,4.86,2.42,4.12,177.0,13.26,8.97,18.83,0
2026-04-12 15:30:00+00:00,4.73,13.46,167404.09163896515,4.34,5.63,2.18,2.45,4.13,177.0,13.91,8.9,17.76,0
2026-04-12 16:00:00+00:00,4.7700000000000005,13.6,156149.55506220643,4.68,5.99,3.28,2.66,4.48,165.0,14.85,9.57,17.44,0
2026-04-12 16:30:00+00:00,4.46,13.23,160213.14592689142,4.16,5.36,3.48,2.43,4.0200000000000005,171.0,16.080000000000002,9.24,19.13,0
2026-04-12 17:00:00+00:00,4.41,13.08,154806.46646692953,4.2,5.3100000000000005,5.03,2.37,3.98,176.0,14.26,8.93,18.22,0
2026-04-12 17:30:00+00:00,4.73,13.57,148896.15989461594,4.78,5.71,3.13,2.83,4.61,155.0,13.72,10.22,18.56,0
2026-04-12 18:00:00+00:00,4.74,13.33,159209.5523422853,4.55,5.54,3.79,2.77,4.5200000000000005,154.0,13.68,10.29,18.88,0
2026-04-12 18:30:00+00:00,4.72,13.65,166759.9358312297,4.72,5.8500000000000005,4.0200000000000005,2.92,4.72,144.0,13.99,10.87,17.67,0
2026-04-12 19:00:00+00:00,4.2,12.92,166118.3436641598,3.89,5.19,3.0,2.2,3.73,182.0,12.65,8.63,20.97,0
2026-04-12 19:30:00+00:00,4.38,13.11,168192.64502167897,4.17,5.2,3.97,2.57,4.13,157.0,13.34,10.07,19.04,0
2026-04-12 20:00:00+00:00,4.2700000000000005,12.92,166439.13503159903,4.12,5.17,3.21,2.44,4.01,159.0,12.68,9.88,19.8,0
2026-04-12 20:30:00+00:00,4.18,12.72,175050.15123656605,3.83,4.69,2.38,2.39,3.8,165.0,13.53,9.56,18.83,0
2026-04-12 21:00:00+00:00,4.25,12.83,178179.8801419483,4.18,5.21,2.81,2.52,4.12,163.0,14.13,9.74,19.65,0
2026-04-12 21:30:00+00:00,3.99,12.28,181684.30741291613,3.85,4.7,3.79,2.41,3.85,168.0,13.93,9.43,16.94,0
2026-04-12 22:00:00+00:00,3.66,12.14,186382.9257845244,3.47,4.37,3.78,2.11,3.42,172.0,13.7,9.14,18.45,0
2026-04-12 22:30:00+00:00,4.1,13.02,170709.91178053094,4.05,5.03,2.5500000000000003,2.54,4.0600000000000005,149.0,13.65,10.63,20.29,0
2026-04-12 23:00:00+00:00,3.96,12.76,163118.960619271,3.78,4.64,5.1000000000000005,2.37,3.77,154.0,14.91,10.17,17.56,0
2026-04-12 23:30:00+00:00,3.93,12.76,162486.9638410154,3.8,4.66,2.46,2.35,3.76,157.0,15.23,10.08,17.740000000000002,0
2026-04-13 00:00:00+00:00,3.64,12.47,168087.54394470982,3.5700000000000003,4.49,3.45,2.12,3.47,168.0,14.85,9.34,16.98,0
2026-04-13 00:30:00+00:00,3.67,12.36,173019.68486070598,3.51,4.21,2.91,2.15,3.46,164.0,14.71,9.65,17.16,0
2026-04-13 01:00:00+00:00,3.72,12.54,173944.06785029836,3.58,4.45,2.68,2.14,3.5,167.0,12.24,9.48,17.36,0
2026-04-13 01:30:00+00:00,3.5700000000000003,12.21,161336.87181561065,3.51,4.22,1.9,2.17,3.47,163.0,11.81,9.65,19.43,0
2026-04-13 02:00:00+00:00,3.71,12.46,139433.82852314803,3.5500000000000003,4.64,2.02,2.21,3.5500000000000003,155.0,12.83,10.13,16.84,0
2026-04-13 02:30:00+00:00,3.17,11.68,143733.6970087524,3.02,3.87,1.87,1.86,3.02,177.0,13.71,8.93,16.580000000000002,0
2026-04-13 03:00:00+00:00,3.19,11.65,146623.70196080828,3.1,3.77,2.43,1.94,3.1,166.0,11.52,9.54,16.48,0
2026-04-13 03:30:00+00:00,3.53,12.33,155134.61790053564,3.31,4.18,1.63,2.01,3.27,163.0,12.93,9.61,17.47,0
2026-04-13 04:00:00+00:00,3.48,12.19,157023.88443740507,3.36,4.34,1.87,2.01,3.3000000000000003,169.0,13.11,9.39,17.78,0
2026-04-13 04:30:00+00:00,3.6,12.12,173261.1261328927,3.42,4.19,1.63,2.16,3.44,158.0,11.97,10.02,17.38,0
2026-04-13 05:00:00+00:00,3.3000000000000003,12.39,161858.30729024656,3.23,3.98,2.1,1.93,3.16,166.0,12.74,9.54,18.34,0
2026-04-13 05:30:00+00:00,3.28,11.74,155935.18495723876,3.12,3.77,2.78,2.02,3.18,162.0,11.16,9.77,16.36,0
2026-04-13 06:00:00+00:00,3.33,11.81,146527.99581363297,3.01,3.62,3.24,1.93,3.06,163.0,12.83,9.67,16.73,0
2026-04-13 06:30:00+00:00,3.53,12.36,149635.8852315444,3.42,4.47,2.07,2.01,3.35,162.0,13.45,9.78,16.54,0
2026-04-13 07:00:00+00:00,3.27,12.05,155422.27515528075,3.01,3.82,2.17,1.92,3.04,161.0,12.82,9.78,16.72,0
2026-04-13 07:30:00+00:00,3.09,11.32,157976.5145275993,3.06,3.77,2.05,1.95,3.0700000000000003,165.0,12.96,9.55,17.16,0
2026-04-13 08:00:00+00:00,3.0500000000000003,11.58,159511.5811195254,2.95,3.59,1.98,1.84,2.93,166.0,11.65,9.51,16.1,0
2026-04-13 08:30:00+00:00,3.28,11.77,162228.47398026416,3.15,3.74,1.54,1.88,3.0700000000000003,171.0,10.71,9.22,17.150000000000002,0
2026-04-13 09:00:00+00:00,3.08,11.63,158422.45588003093,2.98,3.9,1.92,1.78,2.91,175.0,13.52,9.01,16.46,0
2026-04-13 09:30:00+00:00,3.29,11.76,159873.5392697017,3.02,3.82,2.12,1.92,3.04,167.0,12.59,9.46,17.27,0
2026-04-13 10:00:00+00:00,3.13,11.94,153790.26456829897,2.95,3.81,1.78,1.73,2.85,177.0,13.7,8.96,16.330000000000002,0
2026-04-13 10:30:00+00:00,2.84,11.34,145822.41964010164,2.68,3.5,1.7,1.59,2.62,187.0,10.58,8.46,15.91,0
2026-04-13 11:00:00+00:00,3.16,11.72,155924.65709262984,3.03,3.79,2.65,1.96,3.1,164.0,10.93,9.65,16.11,0
2026-04-13 11:30:00+00:00,2.83,11.26,161180.91415892178,2.77,3.31,1.39,1.78,2.79,164.0,11.29,9.67,17.31,0
2026-04-13 12:00:00+00:00,3.01,11.32,150978.13734239258,2.74,3.29,1.87,1.73,2.75,177.0,12.41,8.96,17.05,0
2026-04-13 12:30:00+00:00,3.09,11.72,153172.68190871773,3.0500000000000003,4.01,1.5,1.82,3.0,170.0,12.21,9.3,17.39,0
2026-04-13 13:00:00+00:00,2.81,11.2,169968.8013365655,2.68,3.35,2.37,1.7,2.69,176.0,12.49,8.98,15.78,0
2026-04-13 13:30:00+00:00,2.92,11.24,153312.85491946925,2.9,3.5,2.49,1.8,2.87,166.0,11.29,9.45,17.21,0
2026-04-13 14:00:00+00:00,2.69,11.03,141618.3320528767,2.66,3.34,2.3000000000000003,1.67,2.66,178.0,14.29,8.82,16.4,0
2026-04-13 14:30:00+00:00,2.56,10.93,158443.03494370563,2.43,3.03,1.35,1.53,2.43,184.0,12.88,8.61,17.150000000000002,0
2026-04-13 15:00:00+00:00,2.54,10.61,156236.23286064065,2.4,3.04,1.69,1.41,2.33,202.0,12.07,7.85,15.42,0
2026-04-13 15:30:00+00:00,2.57,11.01,156269.08456601333,2.41,3.03,1.78,1.48,2.39,188.0,9.13,8.35,15.77,0
2026-04-13 16:00:00+00:00,2.72,10.88,157527.07941628844,2.6,3.14,1.6,1.69,2.65,176.0,10.9,9.0,16.81,0
2026-04-13 16:30:00+00:00,2.39,10.68,159860.25899587804,2.13,2.64,1.02,1.29,2.09,214.0,10.78,7.43,15.35,0
2026-04-13 17:00:00+00:00,2.49,10.31,152988.4268015837,2.43,2.94,1.8,1.5,2.41,197.0,10.42,8.02,15.83,0
2026-04-13 17:30:00+00:00,2.51,10.66,153203.8439556507,2.45,2.89,2.23,1.53,2.43,185.0,12.89,8.5,15.82,0
2026-04-13 18:00:00+00:00,2.23,10.28,161979.61857752557,2.09,2.67,2.5500000000000003,1.25,2.04,217.0,10.99,7.26,15.42,0
2026-04-13 18:30:00+00:00,2.53,10.37,152113.78572099184,2.45,3.09,1.66,1.48,2.39,203.0,12.23,7.79,15.54,0
2026-04-13 19:00:00+00:00,2.31,10.3,149624.09319720042,2.15,2.56,2.15,1.37,2.16,205.0,9.96,7.7,15.22,0
2026-04-13 19:30:00+00:00,2.32,10.17,147560.17012510277,2.23,2.95,1.84,1.34,2.2,211.0,13.62,7.48,15.49,0
2026-04-13 20:00:00+00:00,2.14,9.89,162674.39802654556,2.03,2.7,1.94,1.23,1.99,221.0,12.1,7.16,14.05,0
2026-04-13 20:30:00+00:00,2.29,10.03,158497.18918074772,2.17,2.61,1.76,1.38,2.19,208.0,9.35,7.61,14.97,0
2026-04-13 21:00:00+00:00,2.6,10.43,167114.21505182073,2.49,3.25,2.18,1.56,2.5,198.0,12.04,8.01,14.94,0
2026-04-13 21:30:00+00:00,2.39,9.86,165004.11531145373,2.2,2.76,1.89,1.36,2.19,223.0,10.3,7.11,16.490000000000002,0
2026-04-13 22:00:00+00:00,2.46,9.76,180402.27427484543,2.29,2.89,2.15,1.35,2.21,234.0,8.16,6.7700000000000005,13.87,0
2026-04-13 22:30:00+00:00,2.32,9.98,172692.7392483908,2.17,2.88,1.36,1.32,2.15,225.0,10.59,7.05,14.9,0
2026-04-13 23:00:00+00:00,2.45,10.04,160892.79805762443,2.35,2.92,1.8,1.44,2.31,206.0,10.84,7.66,16.23,0
2026-04-13 23:30:00+00:00,2.24,9.69,164144.27626617317,2.16,2.68,1.94,1.28,2.1,234.0,8.5,6.78,13.85,0
2026-04-14 00:00:00+00:00,2.18,9.59,163846.13348574526,2.09,2.67,1.38,1.3,2.08,221.0,10.53,7.140000000000001,17.07,0
2026-04-14 00:30:00+00:00,2.22,9.33,156185.36761693048,2.1,2.48,1.33,1.36,2.14,219.0,9.93,7.24,15.23,0
2026-04-14 01:00:00+00:00,2.12,9.39,155945.58148858536,2.02,2.56,1.63,1.24,2.0,230.0,9.55,6.88,14.86,0
2026-04-14 01:30:00+00:00,2.2,9.24,163573.2710062088,2.12,2.6,2.03,1.32,2.1,226.0,11.85,7.0,14.8,0
2026-04-14 02:00:00+00:00,2.19,9.32,170974.7652128533,2.09,2.58,1.18,1.29,2.07,227.0,8.46,6.95,14.19,0
2026-04-14 02:30:00+00:00,2.15,9.72,182831.77300708528,2.08,2.53,2.33,1.36,2.13,202.0,9.25,7.85,14.15,0
2026-04-14 03:00:00+00:00,2.03,9.2,175927.08556194877,1.88,2.37,1.55,1.14,1.85,239.0,8.59,6.62,13.75,0
2026-04-14 03:30:00+00:00,2.08,9.15,169496.4363267612,1.9,2.4,1.64,1.23,1.93,230.0,8.49,6.890000000000001,14.11,0
2026-04-14 04:00:00+00:00,2.12,9.53,159195.19062981693,2.02,2.52,1.75,1.27,2.02,219.0,10.83,7.25,15.11,0
2026-04-14 04:30:00+00:00,2.03,9.34,159271.42245276397,1.95,2.42,1.31,1.21,1.93,221.0,11.2,7.15,14.6,0
2026-04-14 05:00:00+00:00,2.1,9.1,161863.160887657,2.02,2.52,1.31,1.24,1.99,225.0,8.45,7.0200000000000005,14.14,0
2026-04-14 05:30:00+00:00,2.08,9.58,153506.6724090804,1.97,2.52,1.73,1.21,1.95,220.0,11.2,7.22,13.98,0
2026-04-14 06:00:00+00:00,1.92,9.29,169859.39962444225,1.81,2.3000000000000003,1.63,1.15,1.82,213.0,9.75,7.43,14.77,0
2026-04-14 06:30:00+00:00,2.07,9.01,174279.8587423702,1.91,2.38,2.31,1.23,1.94,218.0,9.32,7.25,12.96,0
2026-04-14 07:00:00+00:00,1.92,9.01,155838.1642844438,1.84,2.26,1.78,1.11,1.79,226.0,10.25,6.97,14.38,0
2026-04-14 07:30:00+00:00,2.09,9.18,179672.82725126008,2.0,2.4,1.84,1.22,1.96,221.0,9.53,7.17,14.58,0
2026-04-14 08:00:00+00:00,2.1,9.31,175303.68575988716,2.01,2.5500000000000003,1.57,1.25,2.0,210.0,9.5,7.54,13.55,0
2026-04-14 08:30:00+00:00,2.0,9.11,171073.1285425993,1.89,2.37,1.58,1.21,1.91,217.0,10.31,7.33,14.42,0
2026-04-14 09:00:00+00:00,1.99,9.08,157621.25031071893,1.94,2.48,1.6,1.2,1.94,222.0,9.79,7.11,14.16,0
2026-04-14 09:30:00+00:00,2.05,9.25,161799.95702017436,1.97,2.34,1.4,1.22,1.95,207.0,9.86,7.640000000000001,13.46,0
2026-04-14 10:00:00+00:00,2.09,9.09,177500.1842250149,2.01,2.52,1.74,1.27,2.02,213.0,10.15,7.41,13.89,0
2026-04-14 10:30:00+00:00,1.93,8.91,171456.6800576335,1.89,2.33,1.47,1.17,1.87,223.0,8.1,7.11,13.69,0
2026-04-14 11:00:00+00:00,2.02,8.78,178895.69522731763,1.91,2.35,1.41,1.26,1.98,215.0,8.42,7.390000000000001,13.85,0
2026-04-14 11:30:00+00:00,2.0,8.870000000000001,162966.76879668547,1.91,2.32,1.21,1.17,1.89,228.0,9.31,6.91,15.14,0
2026-04-14 12:00:00+00:00,2.02,9.12,145011.06609585803,1.91,2.28,1.32,1.25,1.96,212.0,9.12,7.45,13.72,0
2026-04-14 12:30:00+00:00,1.93,9.03,149852.78413084976,1.88,2.28,1.1,1.19,1.89,214.0,9.51,7.38,14.44,0
2026-04-14 13:00:00+00:00,2.05,9.05,167096.0284087299,1.89,2.37,1.32,1.21,1.91,218.0,7.7,7.25,15.0,0
2026-04-14 13:30:00+00:00,2.0,8.540000000000001,163599.7986323636,1.91,2.46,1.31,1.19,1.91,229.0,9.09,6.91,14.43,0
2026-04-14 14:00:00+00:00,2.0,8.81,153975.80194486465,1.89,2.4,1.41,1.2,1.91,222.0,9.37,7.13,13.85,0
2026-04-14 14:30:00+00:00,2.13,8.89,168513.68490736172,1.97,2.39,1.1,1.25,1.97,224.0,9.51,7.03,13.91,0
2026-04-14 15:00:00+00:00,1.97,8.950000000000001,175757.65833019305,1.92,2.35,1.15,1.18,1.9,220.0,8.0,7.2,14.78,0
2026-04-14 15:30:00+00:00,2.1,8.85,186597.8990136551,2.02,2.38,1.57,1.34,2.09,206.0,10.73,7.69,14.13,0
2026-04-14 16:00:00+00:00,2.01,8.68,193628.5132626412,1.9,2.32,1.16,1.22,1.93,215.0,9.55,7.37,14.68,0
2026-04-14 16:30:00+00:00,2.19,8.78,192706.3228723375,2.07,2.5500000000000003,1.42,1.27,2.06,221.0,8.56,7.15,12.51,0
2026-04-14 17:00:00+00:00,1.95,8.83,176054.0648222603,1.88,2.38,1.31,1.15,1.87,226.0,10.35,7.03,13.63,0
2026-04-14 17:30:00+00:00,1.96,8.97,187964.8903261938,1.83,2.24,1.36,1.18,1.86,215.0,9.32,7.37,14.31,0
2026-04-14 18:00:00+00:00,2.01,8.49,197182.5830640774,1.89,2.36,1.68,1.2,1.91,219.0,7.57,7.24,12.6,0
2026-04-14 18:30:00+00:00,2.01,8.870000000000001,193410.42517131477,1.9,2.36,0.72,1.19,1.91,221.0,8.290000000000001,7.19,13.9,0
2026-04-14 19:00:00+00:00,2.1,8.88,193752.22592585388,2.01,2.46,1.18,1.23,1.98,221.0,7.42,7.17,13.16,0
2026-04-14 19:30:00+00:00,1.93,8.69,186253.4950205367,1.83,2.25,1.02,1.09,1.78,232.0,10.14,6.82,13.57,0
2026-04-14 20:00:00+00:00,2.05,8.66,214541.70559600412,2.01,2.51,1.49,1.3,2.06,214.0,9.33,7.41,14.06,0
2026-04-14 20:30:00+00:00,2.12,8.94,209492.72297210284,2.05,2.58,0.85,1.27,2.03,208.0,9.55,7.61,13.72,0
2026-04-14 21:00:00+00:00,1.9,8.75,210559.8781465376,1.89,2.35,1.19,1.17,1.87,213.0,9.74,7.44,13.72,0
2026-04-14 21:30:00+00:00,1.89,8.950000000000001,205294.1682844166,1.84,2.21,1.09,1.19,1.87,209.0,9.24,7.6,13.01,0
2026-04-14 22:00:00+00:00,1.98,8.89,180799.52002870364,1.87,2.39,0.93,1.2,1.89,212.0,8.75,7.46,13.68,0
2026-04-14 22:30:00+00:00,2.02,9.08,177505.3848602773,1.94,2.49,1.12,1.23,1.95,204.0,9.4,7.76,13.68,0
2026-04-14 23:00:00+00:00,2.01,9.06,190240.53620310707,1.91,2.36,1.19,1.24,1.94,204.0,9.59,7.75,13.65,0
2026-04-14 23:30:00+00:00,1.9,8.93,186745.2966934392,1.88,2.35,1.41,1.17,1.87,207.0,9.54,7.61,13.67,0
2026-04-15 00:00:00+00:00,1.95,9.13,190277.27009535,1.97,2.39,1.92,1.23,1.96,198.0,8.96,8.02,13.37,0
2026-04-15 00:30:00+00:00,1.98,9.38,214903.8743792301,1.92,2.41,1.58,1.23,1.94,194.0,10.73,8.13,13.24,0
2026-04-15 01:00:00+00:00,1.95,9.31,201807.1417936773,1.82,2.36,1.16,1.12,1.8,211.0,10.14,7.47,14.29,0
2026-04-15 01:30:00+00:00,1.81,9.13,181951.3655241672,1.75,2.17,1.49,1.13,1.78,205.0,10.76,7.69,15.44,0
2026-04-15 02:00:00+00:00,1.97,9.23,179674.9523719492,1.88,2.34,1.05,1.24,1.92,200.0,9.24,7.88,14.85,0
2026-04-15 02:30:00+00:00,1.92,9.43,186056.29840268288,1.83,2.13,1.59,1.19,1.87,199.0,11.74,7.95,14.47,0
2026-04-15 03:00:00+00:00,1.94,9.33,188119.51974180675,1.81,2.28,1.2,1.14,1.82,213.0,7.59,7.43,13.76,0
2026-04-15 03:30:00+00:00,1.99,9.43,183519.6399251819,1.91,2.35,1.26,1.19,1.9,209.0,10.33,7.56,13.37,0
2026-04-15 04:00:00+00:00,2.11,9.85,199847.73746186003,2.02,2.62,1.49,1.24,2.01,198.0,10.29,7.95,14.73,0
2026-04-15 04:30:00+00:00,2.2,9.7,184941.79522587417,2.08,2.72,1.53,1.32,2.12,195.0,10.19,8.120000000000001,13.52,0
2026-04-15 05:00:00+00:00,2.24,9.9,173900.62130944553,2.13,2.75,1.47,1.29,2.1,201.0,9.99,7.87,15.13,0
2026-04-15 05:30:00+00:00,1.98,9.75,190578.2767507831,1.89,2.39,1.38,1.2,1.9,198.0,10.71,8.01,14.81,0
2026-04-15 06:00:00+00:00,2.26,9.91,168447.77819861195,2.2,2.69,2.18,1.36,2.18,198.0,10.38,8.0,13.75,0
2026-04-15 06:30:00+00:00,2.04,9.61,176631.8057006524,1.89,2.43,1.41,1.16,1.87,218.0,9.64,7.25,15.53,0
2026-04-15 07:00:00+00:00,2.33,9.84,174393.18701563138,2.28,2.86,1.65,1.37,2.23,201.0,9.43,7.85,14.9,0
2026-04-15 07:30:00+00:00,2.32,9.96,173750.88857006552,2.16,2.79,1.4,1.31,2.13,209.0,10.77,7.57,14.34,0
2026-04-15 08:00:00+00:00,2.32,9.75,166680.75513702654,2.22,2.7,1.72,1.4,2.22,204.0,10.5,7.73,14.0,0
2026-04-15 08:30:00+00:00,2.44,9.93,171047.22244592148,2.32,2.79,1.83,1.55,2.4,193.0,9.12,8.18,14.6,0
2026-04-15 09:00:00+00:00,2.57,10.16,157791.71563147588,2.41,3.08,1.33,1.44,2.36,210.0,10.92,7.53,15.29,0
2026-04-15 09:30:00+00:00,2.5,10.0,155305.41523511172,2.4,3.03,1.83,1.46,2.37,206.0,10.18,7.62,14.36,0
2026-04-15 10:00:00+00:00,2.62,10.32,162973.24295117724,2.53,2.96,1.8,1.61,2.5500000000000003,189.0,11.38,8.36,14.36,0
2026-04-15 10:30:00+00:00,2.47,9.96,160057.6191828928,2.39,2.86,1.79,1.46,2.36,199.0,10.96,7.92,15.08,0
2026-04-15 11:00:00+00:00,2.5,10.26,150732.7335495944,2.38,2.94,1.79,1.45,2.35,204.0,9.21,7.76,14.94,0
2026-04-15 11:30:00+00:00,2.52,10.0,163706.847492735,2.4,2.89,1.19,1.46,2.36,200.0,11.72,7.890000000000001,13.86,0
2026-04-15 12:00:00+00:00,2.91,10.64,166956.68123401763,2.82,3.5700000000000003,1.55,1.72,2.81,185.0,9.62,8.55,17.47,0
2026-04-15 12:30:00+00:00,2.84,10.4,166523.4252219329,2.68,3.3200000000000003,1.13,1.66,2.67,186.0,10.87,8.46,16.69,0
2026-04-15 13:00:00+00:00,2.89,10.55,165046.50496910664,2.84,3.48,1.91,1.79,2.86,180.0,9.34,8.82,16.68,0
2026-04-15 13:30:00+00:00,2.82,10.39,154489.87891585456,2.79,3.4,1.58,1.73,2.77,182.0,10.94,8.66,15.19,0
2026-04-15 14:00:00+00:00,2.93,10.36,167844.72312908494,2.84,3.42,1.54,1.8,2.86,178.0,9.54,8.9,16.54,0
2026-04-15 14:30:00+00:00,2.84,10.24,175947.28589664114,2.7,3.41,1.21,1.63,2.65,196.0,11.08,8.09,15.03,0
2026-04-15 15:00:00+00:00,2.98,10.42,173068.96713091276,2.92,3.58,1.84,1.8,2.9,182.0,11.73,8.69,16.26,0
2026-04-15 15:30:00+00:00,3.01,10.55,175396.06430830283,2.96,3.65,2.1,1.82,2.94,180.0,10.71,8.76,14.78,0
2026-04-15 16:00:00+00:00,2.91,10.22,180719.3267379089,2.77,3.42,1.49,1.72,2.76,189.0,10.23,8.34,15.72,0
2026-04-15 16:30:00+00:00,2.69,10.25,183634.03468966996,2.65,3.28,1.44,1.7,2.68,177.0,10.56,8.92,15.42,0
2026-04-15 17:00:00+00:00,2.76,10.15,186291.0521952183,2.62,3.3200000000000003,1.4,1.65,2.64,187.0,11.1,8.45,16.23,0
2026-04-15 17:30:00+00:00,2.72,10.01,172636.9941990415,2.6,3.38,1.71,1.57,2.58,193.0,9.83,8.19,14.38,0
2026-04-15 18:00:00+00:00,2.53,9.87,181728.18779956392,2.4,2.88,1.26,1.56,2.45,187.0,9.11,8.46,15.79,0
2026-04-15 18:30:00+00:00,2.48,10.08,170440.8802865665,2.44,3.1,1.39,1.55,2.47,185.0,10.91,8.51,14.23,0
2026-04-15 19:00:00+00:00,2.51,10.19,183684.49194080537,2.33,2.87,0.94,1.46,2.32,189.0,9.85,8.38,15.18,0
2026-04-15 19:30:00+00:00,2.34,9.55,194522.4010160751,2.27,2.87,0.85,1.38,2.23,203.0,10.48,7.82,14.27,0
2026-04-15 20:00:00+00:00,2.62,10.02,210498.08542358663,2.52,3.2,0.88,1.63,2.57,175.0,9.12,9.02,16.23,0
2026-04-15 20:30:00+00:00,2.54,10.06,189459.5451063996,2.41,2.95,1.2,1.51,2.41,190.0,10.02,8.31,15.72,0
2026-04-15 21:00:00+00:00,2.5,9.8,180803.94604638987,2.42,3.03,2.04,1.47,2.38,198.0,9.4,8.0,13.95,0
2026-04-15 21:30:00+00:00,2.28,9.89,185207.9438921583,2.24,2.8000000000000003,1.67,1.43,2.26,180.0,11.52,8.74,15.21,0
2026-04-15 22:00:00+00:00,2.35,10.07,182928.11528372447,2.26,2.9,1.0,1.41,2.25,193.0,10.62,8.21,14.55,0
2026-04-15 22:30:00+00:00,2.32,10.19,192530.47466058415,2.18,2.78,1.16,1.36,2.17,194.0,11.35,8.17,17.02,0
2026-04-15 23:00:00+00:00,2.35,10.65,182349.4091295348,2.18,2.78,2.16,1.38,2.21,189.0,11.17,8.39,15.44,0
2026-04-15 23:30:00+00:00,2.28,10.05,187407.2767117333,2.19,2.72,1.95,1.33,2.15,199.0,10.01,7.98,16.59,0
2026-04-16 00:00:00+00:00,2.63,11.05,193057.2494111815,2.47,3.08,1.84,1.54,2.46,181.0,8.870000000000001,8.73,18.38,1
2026-04-16 00:30:00+00:00,2.52,11.52,198707.2221106297,2.44,3.12,2.34,1.56,2.47,171.0,11.65,9.23,19.26,0
2026-04-16 01:00:00+00:00,3.03,12.59,192961.17155050617,2.79,3.77,3.27,1.69,2.79,167.0,13.01,9.47,20.95,0
2026-04-16 01:30:00+00:00,2.97,12.36,212038.3986151992,2.85,3.5700000000000003,2.57,1.75,2.82,164.0,11.74,9.63,19.51,0
2026-04-16 02:00:00+00:00,3.5700000000000003,12.99,179513.48970559594,3.63,4.59,2.53,2.29,3.63,140.0,13.2,11.29,21.88,0
2026-04-16 02:30:00+00:00,3.94,13.72,171089.86934452047,3.78,4.68,2.64,2.36,3.77,141.0,13.93,11.18,21.5,0
2026-04-16 03:00:00+00:00,4.7,13.79,173697.5159296958,4.7,5.9,2.5500000000000003,2.98,4.71,130.0,11.8,12.14,19.4,0
2026-04-16 03:30:00+00:00,4.43,14.0,189429.9828869108,4.07,5.21,2.61,2.62,4.13,134.0,13.73,11.81,19.58,0
2026-04-16 04:00:00+00:00,4.96,13.6,176323.16603363605,4.76,5.8100000000000005,2.32,3.06,4.82,131.0,11.76,11.97,18.84,0
2026-04-16 04:30:00+00:00,4.98,14.16,172372.73460764214,4.75,6.09,3.33,2.89,4.69,134.0,14.79,11.71,20.25,0
2026-04-16 05:00:00+00:00,4.69,13.51,177194.78379593036,4.61,5.88,2.95,2.94,4.65,137.0,14.32,11.56,20.63,0
2026-04-16 05:30:00+00:00,4.84,14.14,180002.95005533786,4.58,5.9,2.06,2.88,4.61,132.0,16.43,12.03,20.99,0
2026-04-16 06:00:00+00:00,4.61,13.93,183212.78487080763,4.38,5.41,4.0600000000000005,2.72,4.37,138.0,13.94,11.48,19.28,0
2026-04-16 06:30:00+00:00,4.41,13.47,184271.3790870757,4.28,5.47,2.5500000000000003,2.71,4.33,139.0,14.98,11.35,19.85,0
2026-04-16 07:00:00+00:00,4.68,13.74,183431.11514134996,4.38,5.22,2.4,2.65,4.32,143.0,15.09,11.04,19.32,0
2026-04-16 07:30:00+00:00,3.95,13.38,178778.098896131,3.85,4.55,2.06,2.51,3.93,135.0,14.75,11.62,19.51,0
2026-04-16 08:00:00+00:00,4.21,13.71,183424.50082052767,4.0,4.86,2.63,2.47,3.95,144.0,13.76,10.96,19.88,0
2026-04-16 08:30:00+00:00,4.43,13.8,190004.24820404945,4.07,5.24,2.97,2.53,4.08,142.0,15.51,11.08,19.45,0
2026-04-16 09:00:00+00:00,4.23,13.19,181104.1146330638,4.05,5.11,3.5500000000000003,2.52,4.04,148.0,12.92,10.62,17.96,0
2026-04-16 09:30:00+00:00,4.28,13.17,170900.22211275948,4.19,5.23,3.28,2.62,4.18,142.0,14.76,11.08,18.24,0
2026-04-16 10:00:00+00:00,3.88,13.09,164238.56501313165,3.89,4.73,3.22,2.45,3.89,142.0,14.26,11.09,17.29,0
2026-04-16 10:30:00+00:00,3.71,12.87,178414.5898418213,3.49,4.34,1.93,2.2,3.51,150.0,15.03,10.51,19.19,0
2026-04-16 11:00:00+00:00,4.24,13.68,162928.59748308925,4.05,4.89,2.39,2.46,3.98,143.0,14.06,11.02,19.92,0
2026-04-16 11:30:00+00:00,3.69,12.86,158884.9608225637,3.5500000000000003,4.15,3.24,2.25,3.5500000000000003,150.0,10.24,10.5,17.04,0
2026-04-16 12:00:00+00:00,4.05,13.11,154719.16494975172,4.03,5.18,3.15,2.43,3.96,148.0,13.64,10.7,18.14,0
2026-04-16 12:30:00+00:00,3.78,13.02,154655.14105119102,3.68,4.69,1.94,2.27,3.65,151.0,14.85,10.49,19.07,0
2026-04-16 13:00:00+00:00,4.12,13.02,164353.66178290185,3.92,4.66,2.08,2.45,3.93,143.0,12.86,10.95,19.86,0
2026-04-16 13:30:00+00:00,3.74,13.1,154932.7088958666,3.69,4.5200000000000005,2.07,2.31,3.68,146.0,13.8,10.8,17.98,0
2026-04-16 14:00:00+00:00,3.68,12.89,159732.39228786295,3.51,4.58,2.64,2.19,3.53,150.0,12.66,10.55,18.15,0
2026-04-16 14:30:00+00:00,3.62,12.57,155057.8517197007,3.54,4.61,2.49,2.19,3.5500000000000003,148.0,11.05,10.67,19.19,0
2026-04-16 15:00:00+00:00,3.68,12.79,154282.66851436932,3.71,4.74,2.39,2.23,3.63,149.0,14.24,10.57,18.0,0
2026-04-16 15:30:00+00:00,3.51,12.89,147131.81315994574,3.36,4.1,3.29,2.15,3.41,148.0,13.09,10.67,17.52,0
2026-04-16 16:00:00+00:00,3.77,12.65,144990.72252874923,3.5,4.19,2.61,2.17,3.47,155.0,13.13,10.14,17.38,0
2026-04-16 16:30:00+00:00,3.7,12.46,148219.79153351666,3.52,4.47,2.2,2.18,3.51,156.0,13.79,10.12,18.36,0
2026-04-16 17:00:00+00:00,3.76,12.73,153715.13563400932,3.64,4.63,2.23,2.19,3.56,154.0,11.21,10.26,17.67,0
2026-04-16 17:30:00+00:00,3.9,12.59,153056.82818198306,3.74,4.67,2.19,2.28,3.7,155.0,12.83,10.2,19.45,0
2026-04-16 18:00:00+00:00,3.3200000000000003,11.66,161408.98902455618,3.1,4.05,2.11,1.93,3.1,168.0,12.64,9.41,18.87,0
2026-04-16 18:30:00+00:00,3.41,12.14,177814.2573665047,3.22,4.19,2.89,2.0,3.23,162.0,11.12,9.72,16.79,0
2026-04-16 19:00:00+00:00,3.3200000000000003,12.2,165154.3333381804,3.31,4.18,1.98,1.86,3.13,173.0,12.75,9.16,17.02,0
2026-04-16 19:30:00+00:00,3.38,12.12,164541.17665750356,3.28,3.86,1.81,2.12,3.3200000000000003,153.0,10.56,10.32,16.91,0
2026-04-16 20:00:00+00:00,3.51,11.89,161042.0757950921,3.41,4.3100000000000005,2.16,2.11,3.42,164.0,12.26,9.65,16.72,0
2026-04-16 20:30:00+00:00,3.22,11.54,160699.93012866558,2.99,3.71,2.08,1.79,2.94,183.0,11.7,8.63,15.48,0
2026-04-16 21:00:00+00:00,3.53,11.82,177007.96383030646,3.28,4.2,1.42,2.04,3.28,164.0,12.48,9.65,16.15,0
2026-04-16 21:30:00+00:00,3.16,11.36,187011.80974837308,3.1,3.79,2.12,1.9,3.0700000000000003,177.0,12.7,8.91,16.59,0
2026-04-16 22:00:00+00:00,3.34,11.48,180405.29946580515,3.14,4.11,2.35,1.86,3.06,180.0,12.56,8.700000000000001,17.38,0
2026-04-16 22:30:00+00:00,3.11,11.05,193254.5673716267,3.09,3.8,1.86,1.96,3.12,170.0,11.97,9.29,16.21,0
2026-04-16 23:00:00+00:00,3.09,11.23,191837.6839160661,3.03,3.76,2.89,1.87,3.01,174.0,10.07,9.08,16.43,0
2026-04-16 23:30:00+00:00,3.13,11.3,181916.7135040133,3.03,3.8,1.48,1.85,2.98,183.0,11.06,8.65,16.57,0
2026-04-17 00:00:00+00:00,3.04,11.22,193149.2731241985,2.91,3.69,2.29,1.69,2.8000000000000003,194.0,10.61,8.16,17.14,0
2026-04-17 00:30:00+00:00,3.13,10.99,187033.8554318761,2.93,3.69,3.02,1.85,2.95,179.0,10.85,8.8,15.48,0
2026-04-17 01:00:00+00:00,2.66,11.08,177261.1404001208,2.5,3.03,2.07,1.55,2.47,192.0,12.77,8.21,15.82,0
2026-04-17 01:30:00+00:00,2.49,10.38,175814.3515208552,2.38,3.0,2.12,1.41,2.31,209.0,11.75,7.6,16.4,0
2026-04-17 02:00:00+00:00,2.84,10.62,167145.48838018693,2.79,3.41,1.22,1.76,2.79,178.0,11.76,8.86,16.78,0
2026-04-17 02:30:00+00:00,2.78,10.97,181638.23090522943,2.67,3.31,2.2,1.75,2.74,166.0,11.57,9.5,16.67,0
2026-04-17 03:00:00+00:00,2.5,10.68,188038.58336838373,2.37,2.92,1.01,1.47,2.35,187.0,12.47,8.45,16.29,0
2026-04-17 03:30:00+00:00,2.48,10.37,193648.37457117252,2.42,2.97,1.46,1.48,2.38,187.0,11.27,8.47,18.19,0
2026-04-17 04:00:00+00:00,2.77,11.24,185864.93437148325,2.72,3.44,1.52,1.7,2.72,167.0,12.84,9.46,15.81,0
2026-04-17 04:30:00+00:00,2.57,11.05,184729.01318078407,2.46,3.1,1.27,1.56,2.46,178.0,10.39,8.9,15.98,0
2026-04-17 05:00:00+00:00,2.32,10.77,176342.21858474176,2.29,2.93,1.23,1.36,2.24,183.0,11.74,8.620000000000001,18.7,0
2026-04-17 05:30:00+00:00,2.42,10.78,184873.55842241316,2.26,2.84,1.62,1.41,2.27,181.0,10.35,8.72,16.06,0
2026-04-17 06:00:00+00:00,2.5,10.73,186047.71022411485,2.4,3.18,1.65,1.49,2.4,177.0,11.42,8.950000000000001,16.17,0
2026-04-17 06:30:00+00:00,2.33,10.91,207874.8061310408,2.25,2.79,1.27,1.44,2.28,172.0,12.75,9.18,15.86,0
2026-04-17 07:00:00+00:00,2.21,10.43,212318.2676002973,2.05,2.67,2.62,1.25,2.03,196.0,12.81,8.07,14.04,0
2026-04-17 07:30:00+00:00,2.32,10.72,204154.96496770825,2.2,2.85,1.85,1.39,2.22,182.0,12.36,8.65,15.08,0
2026-04-17 08:00:00+00:00,2.35,10.57,195299.17801899603,2.31,2.72,1.62,1.48,2.34,176.0,11.86,9.01,15.49,0
2026-04-17 08:30:00+00:00,2.15,10.16,183037.75063957425,2.07,2.63,1.98,1.26,2.04,194.0,9.98,8.14,15.03,0
2026-04-17 09:00:00+00:00,2.06,10.25,176559.9265582706,2.03,2.48,0.99,1.27,2.02,191.0,11.57,8.31,15.56,0
2026-04-17 09:30:00+00:00,2.16,9.96,166063.901834594,2.06,2.57,1.41,1.27,2.04,200.0,8.97,7.9,15.07,0
2026-04-17 10:00:00+00:00,2.23,9.94,181745.5074497432,2.17,2.65,0.87,1.33,2.13,204.0,10.8,7.76,14.36,0
2026-04-17 10:30:00+00:00,2.14,9.49,180514.1353887591,2.1,2.65,1.6,1.24,2.03,224.0,10.86,7.05,14.92,0
2026-04-17 11:00:00+00:00,2.06,9.8,185803.3482099816,2.04,2.51,2.22,1.21,1.99,224.0,9.86,7.04,12.94,0
2026-04-17 11:30:00+00:00,2.04,9.54,169036.50557081267,1.97,2.5500000000000003,1.42,1.17,1.93,230.0,11.05,6.8500000000000005,13.97,0
2026-04-17 12:00:00+00:00,2.27,9.81,172464.39811457784,2.19,2.74,1.91,1.31,2.13,221.0,10.47,7.16,13.76,0
2026-04-17 12:30:00+00:00,2.04,9.38,188602.2834073848,1.92,2.47,1.98,1.13,1.86,247.0,10.63,6.42,15.11,0
2026-04-17 13:00:00+00:00,2.19,9.63,193277.96393806837,2.11,2.7,1.54,1.31,2.1,225.0,8.92,7.0200000000000005,15.67,0
2026-04-17 13:30:00+00:00,2.13,9.5,179697.30265926695,1.92,2.45,1.08,1.14,1.87,261.0,11.98,6.0600000000000005,14.56,0
2026-04-17 14:00:00+00:00,2.11,9.37,180431.74798475413,2.0,2.61,1.52,1.21,1.97,250.0,11.42,6.34,14.19,0
2026-04-17 14:30:00+00:00,2.1,9.24,180511.1417031936,2.01,2.54,1.95,1.21,1.96,245.0,9.53,6.45,13.5,0
2026-04-17 15:00:00+00:00,2.11,9.25,180086.63162177024,1.95,2.52,1.84,1.2,1.94,247.0,9.58,6.43,13.61,0
2026-04-17 15:30:00+00:00,2.11,9.28,174088.4565505585,1.94,2.47,2.21,1.16,1.89,262.0,10.87,6.05,12.76,0
2026-04-17 16:00:00+00:00,2.39,9.55,163199.70713234422,2.28,2.82,1.84,1.37,2.22,238.0,12.9,6.640000000000001,13.68,0
2026-04-17 16:30:00+00:00,2.46,9.66,179203.1038780108,2.32,3.01,1.46,1.35,2.23,244.0,11.45,6.46,13.56,0
2026-04-17 17:00:00+00:00,2.17,9.04,174065.8957994371,1.97,2.47,2.37,1.19,1.93,263.0,11.69,6.03,13.1,0
2026-04-17 17:30:00+00:00,2.31,9.08,168027.01945138845,2.2,2.88,2.19,1.32,2.16,262.0,12.01,6.05,14.25,0
2026-04-17 18:00:00+00:00,2.37,8.9,167560.3419283007,2.11,2.67,2.29,1.36,2.14,257.0,9.88,6.15,13.33,0
2026-04-17 18:30:00+00:00,2.5,9.22,152914.4886900688,2.29,2.95,2.49,1.41,2.27,246.0,10.93,6.390000000000001,13.89,0
2026-04-17 19:00:00+00:00,2.61,9.13,166435.6412532266,2.47,3.16,2.91,1.49,2.41,249.0,10.19,6.33,13.65,0
2026-04-17 19:30:00+00:00,2.32,9.02,166126.4352066433,2.18,2.81,2.7,1.31,2.14,260.0,9.63,6.09,13.52,0
2026-04-17 20:00:00+00:00,2.6,9.5,151114.00288531097,2.48,3.11,0.97,1.45,2.38,237.0,9.75,6.66,15.08,0
2026-04-17 20:30:00+00:00,2.41,9.06,161390.93321419437,2.3000000000000003,2.9,1.32,1.43,2.28,243.0,10.57,6.5200000000000005,13.78,0
2026-04-17 21:00:00+00:00,2.3000000000000003,8.99,176130.24644235906,2.18,2.72,2.08,1.34,2.16,244.0,9.77,6.5,13.56,0
2026-04-17 21:30:00+00:00,2.39,9.32,190003.27703053653,2.25,2.84,1.17,1.4,2.24,219.0,9.94,7.23,14.51,0
2026-04-17 22:00:00+00:00,2.65,10.02,180221.20621597287,2.51,3.14,2.1,1.54,2.48,209.0,10.17,7.56,14.73,0
2026-04-17 22:30:00+00:00,2.37,9.53,174419.59895908882,2.26,2.88,1.74,1.41,2.25,212.0,9.16,7.46,16.51,0
2026-04-17 23:00:00+00:00,2.16,9.59,167077.7617337627,2.12,2.68,1.89,1.28,2.07,221.0,12.31,7.16,15.77,0
2026-04-17 23:30:00+00:00,2.17,9.48,170277.5531187364,2.12,2.61,1.73,1.29,2.08,215.0,10.29,7.35,14.53,0
2026-04-18 00:00:00+00:00,2.29,9.87,169998.76547089423,2.15,2.81,1.35,1.31,2.12,208.0,11.46,7.6,14.1,0
2026-04-18 00:30:00+00:00,2.3000000000000003,9.77,174353.5933352903,2.17,2.75,1.28,1.34,2.15,205.0,10.23,7.7,15.84,0
2026-04-18 01:00:00+00:00,2.13,9.8,172343.98863913064,2.06,2.48,1.37,1.28,2.05,203.0,10.82,7.78,14.87,0
2026-04-18 01:30:00+00:00,2.2,9.75,175346.47150821675,2.04,2.6,1.84,1.29,2.05,210.0,11.12,7.52,13.88,0
2026-04-18 02:00:00+00:00,2.06,9.7,166331.4414010976,2.02,2.64,1.04,1.23,1.99,209.0,9.91,7.59,14.08,0
2026-04-18 02:30:00+00:00,2.18,9.71,176971.6831777932,2.11,2.75,1.66,1.34,2.12,196.0,10.27,8.09,14.89,0
2026-04-18 03:00:00+00:00,2.12,9.57,175040.32697823274,2.08,2.58,0.92,1.27,2.05,204.0,10.08,7.76,14.78,0
2026-04-18 03:30:00+00:00,2.18,10.06,186564.07559982451,2.08,2.59,1.56,1.31,2.07,196.0,10.52,8.07,14.99,0
2026-04-18 04:00:00+00:00,2.12,9.81,183903.52709681305,2.04,2.56,1.22,1.25,2.01,201.0,10.29,7.88,15.17,0
2026-04-18 04:30:00+00:00,2.3000000000000003,10.18,181312.5993098752,2.13,2.66,0.8300000000000001,1.35,2.15,192.0,9.7,8.21,14.96,0
2026-04-18 05:00:00+00:00,1.98,9.78,186172.9861639217,1.91,2.4,1.69,1.22,1.92,196.0,9.73,8.06,14.17,0
2026-04-18 05:30:00+00:00,2.03,9.82,213829.55706346396,1.9,2.45,1.45,1.19,1.9,205.0,10.89,7.72,14.24,0
2026-04-18 06:00:00+00:00,1.98,9.76,193646.7557194511,1.96,2.47,1.57,1.16,1.91,211.0,10.31,7.49,15.55,0
2026-04-18 06:30:00+00:00,2.04,9.99,198822.18336546727,1.93,2.53,1.27,1.15,1.88,206.0,9.87,7.69,14.57,0
2026-04-18 07:00:00+00:00,2.02,9.84,178476.76642276582,2.0,2.47,1.1,1.25,2.0,195.0,12.79,8.14,14.65,0
2026-04-18 07:30:00+00:00,2.21,9.98,191781.5820312656,2.16,2.72,1.11,1.33,2.14,197.0,9.78,8.02,14.24,0
2026-04-18 08:00:00+00:00,2.03,9.76,198179.00556040733,1.89,2.32,1.08,1.21,1.92,199.0,11.14,7.97,14.5,0
2026-04-18 08:30:00+00:00,2.1,9.87,189247.300490015,1.97,2.42,1.23,1.24,1.98,197.0,10.51,8.02,16.42,0
2026-04-18 09:00:00+00:00,2.12,10.02,168481.95904666654,2.01,2.42,1.85,1.25,2.0,195.0,12.59,8.1,14.99,0
2026-04-18 09:30:00+00:00,2.13,9.9,183730.2910931933,2.04,2.6,1.08,1.29,2.06,195.0,10.3,8.1,15.75,0
2026-04-18 10:00:00+00:00,2.02,9.79,186226.2037678217,1.99,2.46,1.04,1.21,1.95,202.0,10.27,7.82,13.73,0
2026-04-18 10:30:00+00:00,1.86,9.41,171262.16437156164,1.81,2.39,0.6,1.09,1.78,211.0,10.1,7.49,13.92,0
2026-04-18 11:00:00+00:00,1.98,9.96,172314.45633319838,1.96,2.37,1.24,1.21,1.94,195.0,9.69,8.13,14.92,0
2026-04-18 11:30:00+00:00,2.14,9.94,174887.14544596354,1.97,2.43,1.24,1.25,2.0,191.0,10.19,8.24,13.98,0
2026-04-18 12:00:00+00:00,1.75,9.18,172549.7546341113,1.72,2.16,0.97,1.02,1.67,218.0,10.09,7.24,13.86,0
2026-04-18 12:30:00+00:00,1.85,10.1,162665.0515826443,1.8,2.19,1.33,1.14,1.81,186.0,11.39,8.5,14.97,0
2026-04-18 13:00:00+00:00,1.85,9.63,159303.57499453626,1.8,2.27,1.16,1.09,1.76,206.0,9.62,7.68,16.01,0
2026-04-18 13:30:00+00:00,1.77,9.68,173873.74170296878,1.71,2.12,0.86,1.03,1.68,210.0,9.14,7.54,16.26,0
2026-04-18 14:00:00+00:00,1.88,9.82,169462.64597901172,1.79,2.28,1.01,1.13,1.8,198.0,10.72,7.95,15.58,0
2026-04-18 14:30:00+00:00,1.84,9.67,164165.93284614573,1.79,2.19,1.05,1.13,1.79,196.0,9.15,8.05,13.59,0
2026-04-18 15:00:00+00:00,1.73,9.5,148751.80326809405,1.67,2.06,1.35,1.02,1.65,220.0,10.31,7.22,13.17,0
2026-04-18 15:30:00+00:00,1.74,9.36,165176.6242427034,1.65,2.05,1.45,1.01,1.63,221.0,8.57,7.15,13.09,0
2026-04-18 16:00:00+00:00,1.82,9.52,170228.8599296207,1.73,2.17,0.95,1.02,1.67,225.0,10.06,7.05,13.31,0
2026-04-18 16:30:00+00:00,1.68,9.1,184649.05918311427,1.58,2.05,1.75,0.94,1.54,244.0,9.39,6.5,12.81,0
2026-04-18 17:00:00+00:00,1.65,9.36,171583.88187966487,1.57,1.96,1.32,0.94,1.53,239.0,9.79,6.640000000000001,14.3,0
2026-04-18 17:30:00+00:00,1.68,9.33,167123.67476580918,1.65,1.99,0.89,1.03,1.65,214.0,10.24,7.41,13.87,0
2026-04-18 18:00:00+00:00,1.68,9.27,159344.94464847195,1.6,1.98,1.05,0.97,1.57,225.0,8.540000000000001,7.0200000000000005,14.92,0
2026-04-18 18:30:00+00:00,1.61,9.36,155220.66174836888,1.5,1.96,1.08,0.92,1.49,221.0,9.34,7.17,14.32,0
2026-04-18 19:00:00+00:00,1.54,9.04,158854.6763877048,1.43,1.8,1.43,0.87,1.42,232.0,9.34,6.8100000000000005,12.64,0
2026-04-18 19:30:00+00:00,1.58,9.27,174390.5840412058,1.52,1.87,0.78,0.95,1.52,206.0,8.65,7.65,13.63,0
2026-04-18 20:00:00+00:00,1.57,9.37,175227.9313501569,1.47,1.81,0.7000000000000001,0.92,1.47,206.0,9.84,7.69,15.01,0
2026-04-18 20:30:00+00:00,1.57,9.21,178310.68342411867,1.49,1.82,0.85,0.91,1.47,210.0,9.38,7.49,14.01,0
2026-04-18 21:00:00+00:00,1.47,8.96,195371.1949264094,1.37,1.74,1.33,0.86,1.38,219.0,9.37,7.22,13.67,0
2026-04-18 21:30:00+00:00,1.65,9.17,184501.1512789334,1.59,2.0,0.93,1.01,1.6,202.0,8.77,7.83,13.36,0
2026-04-18 22:00:00+00:00,1.54,9.17,189477.7878594329,1.48,1.81,0.64,0.95,1.5,203.0,9.55,7.81,14.27,0
2026-04-18 22:30:00+00:00,1.59,8.93,179563.274697934,1.49,1.82,0.81,0.97,1.52,206.0,8.49,7.69,13.27,0
2026-04-18 23:00:00+00:00,1.44,8.9,171884.91419335947,1.41,1.72,0.62,0.89,1.41,211.0,10.02,7.5,14.79,0
2026-04-18 23:30:00+00:00,1.39,8.43,179018.7123618009,1.32,1.66,0.91,0.84,1.33,229.0,9.56,6.94,12.9,0
2026-04-19 00:00:00+00:00,1.37,8.41,194909.51222244653,1.32,1.67,0.66,0.85,1.34,221.0,8.73,7.17,12.54,0
2026-04-19 00:30:00+00:00,1.44,8.81,189650.23832267532,1.33,1.65,0.84,0.87,1.36,214.0,9.59,7.390000000000001,13.87,0
2026-04-19 01:00:00+00:00,1.32,8.25,191434.32099073185,1.26,1.6,0.65,0.8200000000000001,1.29,224.0,7.53,7.05,12.13,0
2026-04-19 01:30:00+00:00,1.3,8.39,189711.94496224672,1.23,1.54,0.9,0.79,1.24,230.0,9.42,6.88,13.8,0
2026-04-19 02:00:00+00:00,1.48,8.63,205623.08698918563,1.45,1.82,0.5,0.89,1.43,218.0,8.42,7.25,14.34,0
2026-04-19 02:30:00+00:00,1.34,8.55,190098.55961646733,1.27,1.53,1.08,0.8300000000000001,1.29,219.0,8.82,7.21,12.94,0
2026-04-19 03:00:00+00:00,1.37,8.61,178719.33495825116,1.34,1.63,0.94,0.85,1.35,212.0,9.28,7.47,14.03,0
2026-04-19 03:30:00+00:00,1.36,8.64,181875.80187028568,1.32,1.6,0.93,0.8300000000000001,1.31,220.0,8.3,7.19,13.92,0
2026-04-19 04:00:00+00:00,1.45,8.58,188649.04936433537,1.38,1.69,0.67,0.89,1.41,217.0,9.6,7.28,14.62,0
2026-04-19 04:30:00+00:00,1.48,8.89,187333.44502878477,1.4,1.73,1.12,0.9,1.43,212.0,7.22,7.45,13.16,0
2026-04-19 05:00:00+00:00,1.36,8.67,187174.7577173712,1.33,1.61,0.84,0.84,1.34,219.0,8.73,7.25,13.58,0
2026-04-19 05:30:00+00:00,1.34,9.05,184300.43550203097,1.28,1.63,1.19,0.79,1.27,225.0,10.08,7.0600000000000005,12.54,0
2026-04-19 06:00:00+00:00,1.39,8.9,188216.1420044781,1.31,1.57,1.14,0.84,1.33,208.0,9.57,7.62,12.74,0
2026-04-19 06:30:00+00:00,1.32,9.04,170768.99727838824,1.3,1.51,0.6,0.85,1.32,198.0,9.63,7.97,13.4,0
2026-04-19 07:00:00+00:00,1.48,9.15,181335.87122745463,1.47,1.79,0.8,0.86,1.41,211.0,9.09,7.47,13.15,0
2026-04-19 07:30:00+00:00,1.37,8.86,199755.9983031616,1.3,1.57,0.79,0.8200000000000001,1.31,211.0,9.42,7.53,12.5,0
2026-04-19 08:00:00+00:00,1.25,8.75,179162.93739464943,1.2,1.5,0.76,0.74,1.19,225.0,9.46,7.0600000000000005,12.77,0
2026-04-19 08:30:00+00:00,1.36,8.85,170820.28588274028,1.33,1.7,0.61,0.81,1.31,216.0,10.13,7.31,13.7,0
2026-04-19 09:00:00+00:00,1.31,8.68,183693.7399343165,1.28,1.6,1.06,0.78,1.27,227.0,10.45,6.96,12.1,0
2026-04-19 09:30:00+00:00,1.24,8.45,176858.89661683765,1.19,1.5,0.61,0.73,1.18,241.0,8.78,6.58,12.89,0
2026-04-19 10:00:00+00:00,1.44,8.83,157942.2107157186,1.38,1.73,0.6,0.84,1.37,226.0,10.79,6.96,14.88,0
2026-04-19 10:30:00+00:00,1.25,8.5,163743.54477303475,1.21,1.54,1.12,0.73,1.19,240.0,7.58,6.59,12.57,0
2026-04-19 11:00:00+00:00,1.31,8.72,176309.54357725807,1.24,1.56,1.12,0.78,1.24,227.0,10.04,6.95,12.58,0
2026-04-19 11:30:00+00:00,1.19,8.51,167065.03457613778,1.14,1.39,0.91,0.7000000000000001,1.13,238.0,9.63,6.62,11.93,0
2026-04-19 12:00:00+00:00,1.28,8.71,174816.45360389265,1.23,1.58,1.29,0.74,1.22,237.0,8.32,6.67,12.36,0
2026-04-19 12:30:00+00:00,1.22,8.72,172764.14317663817,1.21,1.47,0.8300000000000001,0.76,1.21,218.0,8.51,7.28,13.5,0
2026-04-19 13:00:00+00:00,1.19,8.85,189310.1285563038,1.13,1.4,0.8200000000000001,0.7000000000000001,1.13,228.0,9.57,6.93,12.66,0
2026-04-19 13:30:00+00:00,1.12,8.620000000000001,216764.28053570812,1.08,1.33,0.6,0.65,1.05,232.0,8.78,6.8100000000000005,13.63,0
2026-04-19 14:00:00+00:00,1.09,8.53,193468.5696137009,1.04,1.29,0.67,0.62,1.02,237.0,8.94,6.67,12.03,0
2026-04-19 14:30:00+00:00,1.1,8.76,201964.15178651703,1.07,1.33,0.5700000000000001,0.66,1.06,222.0,8.6,7.09,13.02,0
2026-04-19 15:00:00+00:00,1.07,8.64,177116.60369697626,1.02,1.22,0.79,0.65,1.03,224.0,7.19,7.1000000000000005,12.18,0
2026-04-19 15:30:00+00:00,1.1,8.86,170023.2484210616,1.05,1.3,0.63,0.62,1.01,243.0,9.65,6.51,12.83,0
2026-04-19 16:00:00+00:00,1.16,8.75,178628.2413858387,1.1,1.36,0.74,0.6900000000000001,1.1,223.0,8.85,7.12,12.26,0
2026-04-19 16:30:00+00:00,1.01,8.64,205736.4959748342,0.96,1.2,0.87,0.61,0.97,229.0,8.86,6.92,12.81,0
2026-04-19 17:00:00+00:00,1.12,8.67,214055.9212199729,1.04,1.28,0.45,0.62,1.02,233.0,8.91,6.78,12.73,0
2026-04-19 17:30:00+00:00,0.99,8.49,195981.91799896825,0.95,1.19,0.76,0.58,0.93,244.0,9.12,6.5,12.22,0
2026-04-19 18:00:00+00:00,0.99,8.700000000000001,178962.5520738083,0.97,1.23,0.67,0.59,0.96,231.0,9.73,6.87,12.49,0
2026-04-19 18:30:00+00:00,1.02,8.68,192227.37919037495,1.0,1.25,0.36,0.62,0.99,225.0,8.52,7.0200000000000005,14.83,0
2026-04-19 19:00:00+00:00,1.08,8.790000000000001,172092.1245590468,1.03,1.25,0.73,0.64,1.02,221.0,8.94,7.16,13.65,0
2026-04-19 19:30:00+00:00,0.98,8.5,161212.43500439962,0.94,1.2,0.58,0.58,0.94,238.0,8.52,6.640000000000001,13.56,0
2026-04-19 20:00:00+00:00,1.01,8.82,164832.0452078265,0.94,1.21,0.81,0.5700000000000001,0.93,234.0,8.91,6.79,12.24,0
2026-04-19 20:30:00+00:00,0.95,8.56,156353.75051216056,0.9,1.18,0.42,0.56,0.9,229.0,8.78,6.88,12.86,0
2026-04-19 21:00:00+00:00,0.9,8.540000000000001,165585.49525666318,0.85,1.08,0.47,0.55,0.87,221.0,8.97,7.18,13.64,0
2026-04-19 21:30:00+00:00,0.97,8.65,179929.52381490645,0.92,1.14,0.6,0.58,0.92,223.0,8.82,7.12,12.36,0
2026-04-19 22:00:00+00:00,1.02,8.81,197989.59816523103,0.97,1.21,0.6,0.6,0.96,222.0,8.27,7.13,13.06,0
2026-04-19 22:30:00+00:00,1.01,8.75,210629.4733462009,0.98,1.2,0.95,0.6,0.97,220.0,7.37,7.15,12.5,0
2026-04-19 23:00:00+00:00,0.94,8.61,212775.90393112457,0.91,1.11,0.72,0.58,0.91,218.0,9.5,7.27,12.75,0
2026-04-19 23:30:00+00:00,0.97,8.59,184609.35985705612,0.95,1.15,0.45,0.61,0.96,215.0,7.58,7.38,13.5,0
2026-04-20 00:00:00+00:00,0.96,8.58,182391.8202395456,0.91,1.12,0.32,0.59,0.93,215.0,8.15,7.37,12.38,0
2026-04-20 00:30:00+00:00,1.01,8.68,168350.18019451553,0.97,1.17,0.53,0.61,0.97,214.0,9.09,7.38,12.63,0
2026-04-20 01:00:00+00:00,0.97,8.52,184747.8291125689,0.94,1.21,0.53,0.59,0.93,222.0,8.700000000000001,7.12,11.8,0
2026-04-20 01:30:00+00:00,0.92,8.540000000000001,178020.10019263194,0.87,1.09,0.66,0.55,0.87,227.0,10.41,6.98,11.7,0
2026-04-20 02:00:00+00:00,0.91,8.540000000000001,175046.92499604382,0.91,1.14,0.59,0.5700000000000001,0.91,214.0,9.16,7.43,13.23,0
2026-04-20 02:30:00+00:00,0.85,8.39,179589.89755141333,0.8200000000000001,1.05,0.34,0.51,0.81,237.0,9.71,6.66,12.97,0
2026-04-20 03:00:00+00:00,0.96,8.56,182729.2554841208,0.93,1.17,0.77,0.5700000000000001,0.92,225.0,9.19,7.04,11.97,0
2026-04-20 03:30:00+00:00,0.91,8.44,159565.3466503018,0.87,1.13,0.5700000000000001,0.53,0.86,229.0,9.1,6.94,12.12,0
2026-04-20 04:00:00+00:00,0.92,8.77,174096.59333358725,0.89,1.09,0.5,0.5700000000000001,0.9,211.0,9.4,7.51,14.06,0
2026-04-20 04:30:00+00:00,0.88,8.6,170457.78334737182,0.88,1.1,0.44,0.55,0.88,214.0,8.02,7.390000000000001,12.48,0
2026-04-20 05:00:00+00:00,0.8300000000000001,8.56,173886.17582041572,0.8200000000000001,1.04,0.49,0.5,0.81,222.0,9.14,7.11,14.94,0
2026-04-20 05:30:00+00:00,0.86,8.4,172961.83008143769,0.84,1.04,0.27,0.55,0.86,212.0,8.0,7.47,13.77,0
2026-04-20 06:00:00+00:00,0.89,8.6,174552.19815579316,0.88,1.11,0.38,0.56,0.88,210.0,9.23,7.5,12.7,0
2026-04-20 06:30:00+00:00,0.85,8.53,166204.67152263186,0.8200000000000001,1.02,0.51,0.53,0.84,212.0,7.97,7.48,12.86,0
2026-04-20 07:00:00+00:00,0.81,8.38,157815.15983984608,0.79,0.99,0.54,0.5,0.8,219.0,8.48,7.26,13.87,0
2026-04-20 07:30:00+00:00,0.81,8.700000000000001,172574.86744526852,0.81,1.01,0.59,0.5,0.8,214.0,9.77,7.38,13.23,0
2026-04-20 08:00:00+00:00,0.78,8.76,176671.08490477232,0.76,1.01,0.61,0.46,0.76,221.0,8.82,7.15,13.34,0
2026-04-20 08:30:00+00:00,0.79,8.77,166503.82143017132,0.76,0.95,0.37,0.47,0.75,214.0,8.34,7.4,15.32,0
2026-04-20 09:00:00+00:00,0.76,8.5,146362.5204326523,0.72,0.89,0.62,0.45,0.72,233.0,9.03,6.79,13.91,0
2026-04-20 09:30:00+00:00,0.8,8.72,142790.0902756666,0.77,0.97,0.93,0.47,0.76,229.0,8.55,6.91,13.07,0
2026-04-20 10:00:00+00:00,0.76,8.56,142251.34848893798,0.74,0.95,0.47,0.46,0.74,229.0,9.5,6.87,14.24,0
2026-04-20 10:30:00+00:00,0.71,8.25,127097.87177591948,0.6900000000000001,0.85,0.59,0.43,0.6900000000000001,250.0,8.69,6.33,12.2,0
2026-04-20 11:00:00+00:00,0.75,8.120000000000001,114300.52711125973,0.73,0.91,0.66,0.44,0.72,268.0,6.83,5.91,12.55,0
2026-04-20 11:30:00+00:00,0.72,8.1,105527.1852451646,0.68,0.85,0.5700000000000001,0.42,0.67,282.0,8.46,5.6000000000000005,12.25,0
2026-04-20 12:00:00+00:00,0.81,8.23,116760.7358465299,0.8,0.96,0.5700000000000001,0.49,0.78,255.0,8.06,6.19,10.99,0
2026-04-20 12:30:00+00:00,0.78,7.98,133046.5067098542,0.71,0.89,0.6,0.43,0.7000000000000001,310.0,8.81,5.1000000000000005,12.01,0
2026-04-20 13:00:00+00:00,0.81,7.65,118395.53933772062,0.75,0.93,0.79,0.47,0.74,312.0,8.36,5.08,12.18,0
2026-04-20 13:30:00+00:00,0.8,7.48,143538.92830176358,0.72,0.94,0.68,0.46,0.73,332.0,9.44,4.76,11.03,0
2026-04-20 14:00:00+00:00,0.77,7.12,140720.42431220537,0.71,0.92,0.89,0.45,0.71,365.0,10.23,4.3500000000000005,10.89,0
2026-04-20 14:30:00+00:00,0.8300000000000001,7.44,156466.8211863718,0.78,1.03,0.58,0.48,0.77,319.0,8.94,4.97,12.18,0
2026-04-20 15:00:00+00:00,0.78,7.38,157026.74935565252,0.7000000000000001,0.93,0.56,0.43,0.7000000000000001,354.0,8.06,4.47,12.12,0
2026-04-20 15:30:00+00:00,0.77,7.18,143315.39176917207,0.6900000000000001,0.9,0.66,0.42,0.68,364.0,9.22,4.34,10.32,0
2026-04-20 16:00:00+00:00,0.7000000000000001,6.91,138065.83245107153,0.63,0.81,0.9,0.4,0.63,374.0,9.27,4.24,11.73,0
2026-04-20 16:30:00+00:00,0.73,7.0200000000000005,144421.00332179456,0.64,0.8300000000000001,0.66,0.41,0.65,364.0,9.11,4.36,11.11,0
2026-04-20 17:00:00+00:00,0.71,7.0,151339.0941076792,0.64,0.87,0.54,0.4,0.64,374.0,9.13,4.23,13.59,0
2026-04-20 17:30:00+00:00,0.73,6.97,146853.30317990796,0.65,0.8300000000000001,0.87,0.41,0.65,360.0,8.2,4.41,10.88,0
2026-04-20 18:00:00+00:00,0.75,6.91,138017.1930297802,0.66,0.81,0.63,0.43,0.67,361.0,8.08,4.39,12.04,0
2026-04-20 18:30:00+00:00,0.71,7.24,141200.9202914178,0.63,0.8200000000000001,0.76,0.4,0.63,362.0,6.92,4.39,13.78,0
2026-04-20 19:00:00+00:00,0.75,7.31,141055.79369004085,0.6900000000000001,0.85,0.93,0.45,0.7000000000000001,314.0,8.03,5.05,10.99,0
2026-04-20 19:30:00+00:00,0.7000000000000001,7.57,140223.58419289917,0.64,0.81,0.5700000000000001,0.4,0.64,326.0,8.88,4.87,10.53,0
2026-04-20 20:00:00+00:00,0.68,7.72,141631.62127647677,0.61,0.8,0.6900000000000001,0.38,0.61,318.0,10.19,4.99,11.79,0
2026-04-20 20:30:00+00:00,0.73,7.98,144232.80190710435,0.67,0.87,0.46,0.43,0.68,281.0,8.55,5.63,12.96,0
2026-04-20 21:00:00+00:00,0.66,7.83,169449.28813980168,0.61,0.79,0.77,0.38,0.61,297.0,7.99,5.33,15.02,0
2026-04-20 21:30:00+00:00,0.64,8.06,168087.29936622808,0.59,0.77,0.4,0.37,0.59,290.0,8.53,5.43,14.9,0
2026-04-20 22:00:00+00:00,0.62,7.86,152582.6528941159,0.59,0.75,0.36,0.37,0.59,283.0,7.03,5.61,13.33,0
2026-04-20 22:30:00+00:00,0.67,8.44,144657.8882789924,0.63,0.76,0.46,0.41,0.64,259.0,9.9,6.13,13.89,0
2026-04-20 23:00:00+00:00,0.63,7.85,140091.63359969517,0.56,0.71,0.46,0.35,0.56,334.0,8.34,4.74,12.52,0
2026-04-20 23:30:00+00:00,0.65,7.97,151392.4560723409,0.6,0.75,0.76,0.36,0.58,334.0,8.21,4.76,11.69,0
2026-04-21 00:00:00+00:00,0.68,7.74,159521.97861067,0.62,0.8200000000000001,0.6900000000000001,0.38,0.61,349.0,8.57,4.55,11.92,0
2026-04-21 00:30:00+00:00,0.63,7.8,149759.47954813833,0.5700000000000001,0.73,0.67,0.35,0.56,345.0,10.8,4.58,12.59,0
2026-04-21 01:00:00+00:00,0.6,7.61,131167.00398624607,0.54,0.68,0.61,0.34,0.54,360.0,8.86,4.41,12.81,0
2026-04-21 01:30:00+00:00,0.61,7.51,146700.58158733544,0.53,0.72,0.55,0.33,0.53,387.0,7.84,4.1,12.77,0
2026-04-21 02:00:00+00:00,0.61,7.88,146997.96766386455,0.5,0.64,0.66,0.31,0.5,390.0,9.9,4.0600000000000005,11.63,0
2026-04-21 02:30:00+00:00,0.58,8.91,150112.49204714206,0.5,0.66,0.51,0.31,0.5,333.0,11.42,4.7700000000000005,14.09,0
2026-04-21 03:00:00+00:00,0.56,8.71,146595.85379723474,0.48,0.62,0.66,0.31,0.48,320.0,9.98,4.95,16.85,0
2026-04-21 03:30:00+00:00,0.58,9.45,145404.75374362274,0.49,0.66,0.44,0.31,0.5,353.0,10.62,4.47,16.77,0
2026-04-21 04:00:00+00:00,0.62,8.33,132515.04761573704,0.51,0.65,1.05,0.34,0.53,405.0,15.44,3.91,15.44,0
2026-04-21 04:30:00+00:00,0.68,8.950000000000001,142704.55817242464,0.5700000000000001,0.72,0.52,0.36,0.5700000000000001,396.0,12.85,4.01,14.44,0
2026-04-21 05:00:00+00:00,0.72,8.99,144030.21726489425,0.58,0.74,0.68,0.39,0.6,408.0,14.28,3.86,15.52,0
2026-04-21 05:30:00+00:00,0.74,8.96,138241.28143108296,0.61,0.78,0.61,0.4,0.63,398.0,8.06,3.97,15.63,0
2026-04-21 06:00:00+00:00,0.79,10.0,126115.61437395876,0.66,0.8300000000000001,0.65,0.42,0.66,374.0,14.87,4.22,16.01,0
2026-04-21 06:30:00+00:00,0.72,9.54,139657.70090912527,0.59,0.77,0.81,0.38,0.6,377.0,11.9,4.21,16.77,0
2026-04-21 07:00:00+00:00,0.78,10.3,151023.8344627073,0.64,0.86,0.81,0.4,0.64,344.0,10.38,4.61,17.37,0
2026-04-21 07:30:00+00:00,0.78,9.37,144194.68241909597,0.63,0.8200000000000001,0.98,0.41,0.64,396.0,11.3,4.0,16.32,0
2026-04-21 08:00:00+00:00,0.86,10.19,142575.76397186486,0.6900000000000001,0.88,0.86,0.44,0.7000000000000001,362.0,13.74,4.36,15.92,0
2026-04-21 08:30:00+00:00,0.96,11.45,140148.9756003875,0.76,1.09,1.34,0.47,0.76,332.0,12.2,4.7700000000000005,15.48,0
2026-04-21 09:00:00+00:00,0.99,12.03,133101.25570717774,0.89,1.2,1.11,0.52,0.86,242.0,15.13,6.55,15.98,0
2026-04-21 09:30:00+00:00,0.92,10.75,137292.59671276936,0.79,1.06,1.18,0.48,0.79,305.0,13.52,5.21,16.47,0
2026-04-21 10:00:00+00:00,1.08,10.95,145549.57605608544,0.85,1.22,1.37,0.52,0.85,340.0,14.32,4.63,15.84,0
2026-04-21 10:30:00+00:00,1.07,10.12,145396.51157113296,0.93,1.23,0.88,0.59,0.94,311.0,14.57,5.08,15.25,0
2026-04-21 11:00:00+00:00,1.06,9.54,129701.5177113728,0.87,1.1,0.74,0.5700000000000001,0.89,335.0,12.97,4.73,14.15,0
2026-04-21 11:30:00+00:00,1.17,10.1,136159.06516589166,0.95,1.28,1.25,0.6,0.96,338.0,12.9,4.7,15.97,0
2026-04-21 12:00:00+00:00,1.2,10.1,142149.45658395707,1.03,1.37,1.15,0.63,1.02,316.0,14.14,4.96,16.38,0
2026-04-21 12:30:00+00:00,1.25,10.26,143388.51068517615,1.07,1.45,1.65,0.65,1.07,301.0,14.67,5.26,15.1,0
2026-04-21 13:00:00+00:00,1.19,9.77,153174.2365368926,1.06,1.33,1.08,0.68,1.07,275.0,13.21,5.75,15.99,0
2026-04-21 13:30:00+00:00,1.33,9.6,156215.33698760663,1.15,1.49,1.04,0.74,1.17,286.0,13.24,5.54,16.73,0
2026-04-21 14:00:00+00:00,1.29,9.45,145480.55822640297,1.15,1.45,1.37,0.75,1.17,279.0,12.19,5.68,15.53,0
2026-04-21 14:30:00+00:00,1.36,10.21,159429.21487136226,1.21,1.63,1.35,0.75,1.21,269.0,14.34,5.88,16.1,0
2026-04-21 15:00:00+00:00,1.47,10.39,168787.46627811383,1.32,1.64,1.13,0.84,1.33,236.0,13.21,6.7,15.81,0
2026-04-21 15:30:00+00:00,1.51,10.72,161875.9605236406,1.33,1.78,0.8,0.8,1.31,265.0,13.66,5.96,15.74,0
2026-04-21 16:00:00+00:00,1.48,10.13,147103.15080466625,1.33,1.65,1.23,0.8200000000000001,1.32,259.0,13.31,6.1000000000000005,14.87,0
2026-04-21 16:30:00+00:00,1.66,10.5,154052.1104953129,1.53,1.95,1.43,0.94,1.52,247.0,13.56,6.42,17.32,0
2026-04-21 17:00:00+00:00,1.53,9.8,138537.1708335424,1.37,1.75,1.77,0.84,1.35,275.0,11.61,5.75,15.65,0
2026-04-21 17:30:00+00:00,1.67,10.13,149867.690729653,1.47,1.85,1.44,0.92,1.47,258.0,12.65,6.13,15.36,0
2026-04-21 18:00:00+00:00,1.7,10.29,149020.12320247912,1.45,1.88,1.81,0.89,1.44,266.0,12.97,5.96,15.45,0
2026-04-21 18:30:00+00:00,1.84,10.21,143565.1201398286,1.73,2.24,1.67,1.05,1.7,230.0,12.02,6.86,16.09,0
2026-04-21 19:00:00+00:00,1.88,10.72,148483.54246382153,1.79,2.21,1.31,1.11,1.77,209.0,12.31,7.58,15.4,0
2026-04-21 19:30:00+00:00,1.87,10.05,163947.29353346617,1.7,2.05,1.44,1.04,1.67,242.0,10.84,6.55,15.71,0
2026-04-21 20:00:00+00:00,2.08,10.35,166394.7252542745,1.92,2.35,2.24,1.18,1.89,223.0,10.61,7.11,15.05,0
2026-04-21 20:30:00+00:00,2.16,10.71,172686.6591768564,2.04,2.65,1.85,1.24,2.02,212.0,10.99,7.49,15.25,0
2026-04-21 21:00:00+00:00,2.09,10.62,156544.41532305206,1.96,2.44,1.55,1.21,1.94,203.0,11.2,7.77,17.21,0
2026-04-21 21:30:00+00:00,1.85,10.05,147386.01483047634,1.73,2.14,1.64,1.09,1.73,218.0,11.2,7.27,16.73,0
2026-04-21 22:00:00+00:00,2.03,10.39,179645.58934865711,1.9,2.42,1.73,1.2,1.91,204.0,10.56,7.72,16.13,0
2026-04-21 22:30:00+00:00,2.19,10.51,158857.25988716993,2.02,2.56,2.0,1.29,2.05,200.0,9.93,7.91,14.98,0
2026-04-21 23:00:00+00:00,2.06,10.21,163652.60529847626,1.89,2.35,1.25,1.18,1.89,222.0,10.69,7.12,15.66,0
2026-04-21 23:30:00+00:00,2.22,11.22,163117.69923937193,2.01,2.54,1.78,1.24,2.0,201.0,10.78,7.84,15.71,0
2026-04-22 00:00:00+00:00,2.3000000000000003,10.76,163333.59992366855,2.19,2.81,2.18,1.32,2.16,197.0,10.93,8.03,16.35,0
2026-04-22 00:30:00+00:00,2.2,11.5,163565.45834216842,2.0,2.62,1.4,1.2,1.97,198.0,12.58,7.94,16.71,0
2026-04-22 01:00:00+00:00,2.37,11.48,158737.1778657922,2.21,2.89,1.09,1.3,2.16,198.0,15.7,7.99,16.16,0
2026-04-22 01:30:00+00:00,2.17,11.35,146366.74954410788,2.03,2.56,1.51,1.23,1.99,197.0,12.06,8.01,18.09,0
2026-04-22 02:00:00+00:00,2.25,11.02,136500.85584896285,2.15,2.6,1.93,1.31,2.12,190.0,11.84,8.28,16.42,0
2026-04-22 02:30:00+00:00,2.3000000000000003,10.79,135754.99296477376,2.13,2.77,1.66,1.28,2.1,203.0,10.86,7.76,17.73,0
2026-04-22 03:00:00+00:00,2.54,11.05,154075.1943386111,2.44,3.04,2.01,1.45,2.37,199.0,11.67,7.930000000000001,16.47,0
2026-04-22 03:30:00+00:00,2.5,10.75,147430.3801800174,2.29,2.83,1.54,1.44,2.3000000000000003,201.0,10.37,7.87,15.74,0
2026-04-22 04:00:00+00:00,2.51,10.38,145206.40106038822,2.33,2.94,2.15,1.45,2.32,204.0,10.18,7.75,15.33,0
2026-04-22 04:30:00+00:00,2.68,10.49,128863.64632490512,2.53,3.18,1.37,1.59,2.53,202.0,10.47,7.83,17.43,0
2026-04-22 05:00:00+00:00,2.77,10.66,143321.8008119848,2.63,3.38,1.24,1.59,2.6,205.0,10.15,7.7,15.65,0
2026-04-22 05:30:00+00:00,2.47,10.22,137459.4218564974,2.29,2.98,2.09,1.4,2.26,221.0,10.49,7.18,14.97,0
2026-04-22 06:00:00+00:00,2.8000000000000003,10.46,163255.67974036708,2.66,3.38,1.82,1.65,2.65,199.0,9.93,7.98,15.33,0
2026-04-22 06:30:00+00:00,2.64,10.5,171297.17620013523,2.44,3.0500000000000003,1.77,1.44,2.37,214.0,11.54,7.37,15.65,0
2026-04-22 07:00:00+00:00,2.67,10.19,162147.85720190214,2.5500000000000003,3.2,2.97,1.56,2.51,210.0,13.59,7.56,17.21,0
2026-04-22 07:30:00+00:00,2.6,9.98,151410.06826664135,2.47,2.97,2.39,1.57,2.49,203.0,9.76,7.81,15.14,0
2026-04-22 08:00:00+00:00,2.68,10.39,169132.99118751808,2.45,3.13,2.15,1.5,2.43,219.0,13.02,7.23,16.5,0
2026-04-22 08:30:00+00:00,2.69,10.66,160763.66942499246,2.5500000000000003,3.23,2.07,1.56,2.52,208.0,10.43,7.58,16.11,0
2026-04-22 09:00:00+00:00,2.52,10.0,143221.79934608616,2.35,2.93,1.78,1.45,2.34,224.0,11.06,7.08,17.04,0
2026-04-22 09:30:00+00:00,2.39,9.72,147189.91982456128,2.23,2.88,2.43,1.31,2.16,238.0,7.96,6.640000000000001,15.72,0
2026-04-22 10:00:00+00:00,2.31,9.41,134480.76805738168,2.18,2.66,1.4,1.37,2.17,236.0,10.55,6.69,14.23,0
2026-04-22 10:30:00+00:00,2.47,9.61,131580.331546317,2.33,2.91,1.64,1.43,2.3000000000000003,232.0,10.92,6.82,15.77,0
2026-04-22 11:00:00+00:00,2.31,9.52,124650.84466130148,2.13,2.68,2.08,1.33,2.13,228.0,9.09,6.95,15.73,0
2026-04-22 11:30:00+00:00,2.38,9.6,121040.20906587646,2.23,2.84,1.49,1.38,2.23,228.0,13.38,6.95,14.73,0
2026-04-22 12:00:00+00:00,2.2,9.14,136293.58850596382,2.08,2.75,1.58,1.24,2.04,242.0,8.47,6.53,15.66,0
2026-04-22 12:30:00+00:00,2.3000000000000003,9.44,146822.1013252014,2.11,2.6,1.16,1.34,2.12,218.0,11.44,7.25,15.59,0
2026-04-22 13:00:00+00:00,2.05,8.97,147548.49280641784,1.94,2.49,1.22,1.23,1.95,229.0,8.42,6.92,15.45,0
2026-04-22 13:30:00+00:00,2.03,9.2,142918.10850357974,1.89,2.35,1.93,1.14,1.85,247.0,10.96,6.390000000000001,14.84,0
2026-04-22 14:00:00+00:00,2.06,9.07,139569.30000888757,1.95,2.44,1.35,1.22,1.94,227.0,8.16,6.97,16.48,0
2026-04-22 14:30:00+00:00,1.98,9.28,151175.46898254415,1.93,2.37,1.45,1.17,1.9,228.0,8.76,6.92,13.57,0
2026-04-22 15:00:00+00:00,2.17,9.45,130059.18319802682,2.07,2.64,1.49,1.3,2.07,219.0,8.48,7.24,15.7,0
2026-04-22 15:30:00+00:00,1.94,8.870000000000001,128640.25191144596,1.77,2.31,1.12,1.06,1.74,246.0,9.19,6.390000000000001,13.89,0
2026-04-22 16:00:00+00:00,1.79,8.41,138130.2912552889,1.66,2.1,1.29,1.05,1.67,252.0,12.93,6.26,13.54,0
2026-04-22 16:30:00+00:00,1.91,8.8,128400.91850132108,1.88,2.3000000000000003,1.48,1.19,1.88,223.0,8.67,7.09,13.69,0
2026-04-22 17:00:00+00:00,1.99,9.32,130743.78555699688,1.87,2.31,1.74,1.2,1.89,212.0,8.81,7.44,15.0,0
2026-04-22 17:30:00+00:00,2.0,8.91,130641.15064476628,1.89,2.36,2.01,1.16,1.86,225.0,7.8,7.01,14.69,0
2026-04-22 18:00:00+00:00,2.02,9.05,123765.67612041706,1.97,2.47,1.04,1.22,1.95,216.0,9.35,7.32,13.71,0
2026-04-22 18:30:00+00:00,2.2,9.34,117945.87927098096,2.07,2.53,1.51,1.31,2.08,209.0,9.51,7.57,13.95,0
2026-04-22 19:00:00+00:00,2.12,9.12,120349.74301968196,1.98,2.47,1.6,1.26,1.99,214.0,9.51,7.37,14.84,0
2026-04-22 19:30:00+00:00,2.22,9.14,128832.15078056142,2.04,2.56,2.04,1.27,2.03,217.0,10.18,7.3,14.69,0
2026-04-22 20:00:00+00:00,2.24,9.29,118154.98901986996,2.1,2.7,1.11,1.35,2.13,201.0,10.2,7.87,13.34,0
2026-04-22 20:30:00+00:00,2.26,9.23,126894.55096197176,2.13,2.64,1.31,1.31,2.11,205.0,9.38,7.69,13.56,0
2026-04-22 21:00:00+00:00,2.07,9.19,143621.7766524638,1.97,2.46,1.39,1.26,2.0,205.0,9.34,7.71,15.15,0
2026-04-22 21:30:00+00:00,1.93,8.92,131095.66815389178,1.88,2.43,1.49,1.19,1.89,210.0,8.370000000000001,7.51,13.49,0
2026-04-22 22:00:00+00:00,2.14,9.47,134873.3010499744,2.05,2.65,1.64,1.29,2.06,197.0,8.620000000000001,8.02,15.4,0
2026-04-22 22:30:00+00:00,2.05,9.15,147597.03905544145,1.97,2.41,1.24,1.26,2.0,200.0,8.92,7.92,13.23,0
2026-04-22 23:00:00+00:00,2.1,9.16,149608.46729811598,1.97,2.45,1.13,1.31,2.03,198.0,10.77,8.0,14.16,0
2026-04-22 23:30:00+00:00,1.99,9.22,158362.40948493738,1.95,2.34,0.79,1.31,2.03,187.0,8.620000000000001,8.45,16.14,0
2026-04-23 00:00:00+00:00,1.93,9.61,147034.85538068315,1.83,2.3000000000000003,1.48,1.15,1.83,199.0,9.83,7.930000000000001,13.95,1
2026-04-23 00:30:00+00:00,2.0,9.06,135707.30127642892,1.93,2.45,1.26,1.2,1.93,209.0,7.63,7.56,13.67,0
2026-04-23 01:00:00+00:00,1.94,9.11,144457.23358506057,1.86,2.26,1.2,1.21,1.89,200.0,10.22,7.91,13.65,0
2026-04-23 01:30:00+00:00,1.93,9.06,148315.04853274967,1.86,2.29,1.62,1.2,1.88,205.0,10.74,7.7,12.91,0
2026-04-23 02:00:00+00:00,2.05,9.12,132058.7254657055,1.93,2.34,0.95,1.24,1.96,200.0,10.34,7.91,15.29,0
2026-04-23 02:30:00+00:00,1.81,8.870000000000001,133006.23347627907,1.67,2.13,1.09,1.07,1.69,218.0,8.92,7.28,13.22,0
2026-04-23 03:00:00+00:00,1.76,8.91,128664.93558127158,1.71,2.09,1.38,1.07,1.71,210.0,7.73,7.53,14.4,0
2026-04-23 03:30:00+00:00,1.91,8.700000000000001,121904.69543612988,1.9,2.35,1.0,1.23,1.93,204.0,8.43,7.77,12.69,0
2026-04-23 04:00:00+00:00,1.79,8.620000000000001,128239.8621061248,1.72,2.13,1.16,1.08,1.72,220.0,8.35,7.21,13.45,0
2026-04-23 04:30:00+00:00,1.89,8.47,130573.1294604658,1.84,2.27,1.3,1.16,1.84,217.0,8.22,7.29,13.85,0
2026-04-23 05:00:00+00:00,1.91,8.58,130921.59224107924,1.83,2.24,2.02,1.17,1.85,219.0,7.72,7.2,12.31,0
2026-04-23 05:30:00+00:00,1.8,8.53,124942.04921330918,1.72,2.13,1.12,1.07,1.72,224.0,9.5,7.07,13.54,0
2026-04-23 06:00:00+00:00,1.71,8.28,129543.0545099462,1.59,1.93,0.74,1.07,1.65,215.0,8.61,7.34,12.6,0
2026-04-23 06:30:00+00:00,1.85,8.52,134195.21228741508,1.81,2.18,0.77,1.12,1.79,218.0,8.98,7.25,13.95,0
2026-04-23 07:00:00+00:00,1.88,8.59,141410.48955462984,1.83,2.33,0.97,1.13,1.82,220.0,8.94,7.18,13.14,0
2026-04-23 07:30:00+00:00,1.77,8.4,131969.28626566843,1.69,2.15,0.95,1.07,1.7,222.0,8.1,7.140000000000001,12.44,0
2026-04-23 08:00:00+00:00,1.83,8.45,144118.51129522838,1.73,2.15,1.4,1.12,1.76,215.0,8.67,7.35,12.99,0
2026-04-23 08:30:00+00:00,1.72,8.52,143302.67363103342,1.69,2.14,1.63,1.04,1.67,223.0,9.07,7.07,12.17,0
2026-04-23 09:00:00+00:00,2.04,8.66,149491.08618153413,1.92,2.41,0.98,1.23,1.93,211.0,9.05,7.5,13.58,0
2026-04-23 09:30:00+00:00,1.84,8.6,135890.07642210773,1.75,2.22,1.76,1.08,1.74,219.0,7.97,7.24,12.91,0
2026-04-23 10:00:00+00:00,2.09,9.04,142930.6578690263,2.05,2.57,1.14,1.28,2.05,209.0,10.05,7.57,14.07,0
2026-04-23 10:30:00+00:00,1.86,8.76,148451.27313329192,1.8,2.29,1.08,1.12,1.79,218.0,8.73,7.26,12.94,0
2026-04-23 11:00:00+00:00,1.91,8.8,134109.25907616166,1.86,2.36,1.51,1.18,1.87,214.0,9.74,7.38,13.29,0
2026-04-23 11:30:00+00:00,1.9,9.12,131437.63585074816,1.87,2.27,0.95,1.12,1.82,221.0,10.19,7.15,16.19,0
2026-04-23 12:00:00+00:00,1.95,9.07,133349.04892451802,1.87,2.25,1.28,1.21,1.9,210.0,10.87,7.55,11.75,0
2026-04-23 12:30:00+00:00,1.84,9.12,139325.97364525803,1.79,2.21,1.21,1.13,1.8,219.0,10.19,7.24,13.69,0
2026-04-23 13:00:00+00:00,1.77,8.9,137978.83631417662,1.67,2.11,0.73,1.05,1.67,234.0,9.14,6.76,12.94,0
2026-04-23 13:30:00+00:00,1.92,9.05,122632.9228840178,1.84,2.31,1.06,1.16,1.85,216.0,10.15,7.3,12.45,0
2026-04-23 14:00:00+00:00,1.86,8.92,139203.11477619686,1.76,2.14,1.27,1.11,1.78,228.0,9.66,6.95,13.23,0
2026-04-23 14:30:00+00:00,1.79,8.85,142472.90351450688,1.74,2.29,1.15,1.01,1.68,247.0,8.950000000000001,6.43,12.5,0
2026-04-23 15:00:00+00:00,1.93,8.99,126717.460595043,1.87,2.39,1.39,1.1,1.81,238.0,9.69,6.65,13.79,0
2026-04-23 15:30:00+00:00,2.15,9.34,120489.23477334352,2.07,2.56,0.93,1.27,2.04,210.0,10.14,7.51,16.69,0
2026-04-23 16:00:00+00:00,1.83,8.83,19467.673116287337,1.75,2.25,1.45,1.04,1.7,237.0,9.86,6.67,13.46,0
2026-04-23 16:30:00+00:00,2.11,9.36,0.0,2.02,2.48,1.68,1.23,1.99,212.0,9.23,7.42,13.2,0
2026-04-23 17:00:00+00:00,1.92,9.17,0.0,1.84,2.27,1.61,1.14,1.83,217.0,10.16,7.28,12.94,0
2026-04-23 17:30:00+00:00,2.08,9.23,0.0,2.09,2.62,1.76,1.23,2.03,218.0,9.77,7.28,13.58,0
2026-04-23 18:00:00+00:00,1.87,8.83,0.0,1.8,2.24,1.15,1.08,1.77,231.0,8.4,6.86,14.61,0
2026-04-23 18:30:00+00:00,2.02,8.950000000000001,0.0,1.96,2.53,1.84,1.2,1.94,217.0,8.790000000000001,7.3,13.18,0
2026-04-23 19:00:00+00:00,2.01,8.93,0.0,1.9,2.38,0.68,1.14,1.85,230.0,8.93,6.86,13.73,0
2026-04-23 19:30:00+00:00,2.06,9.05,0.0,1.98,2.42,1.45,1.21,1.95,220.0,10.14,7.17,13.5,0
2026-04-23 20:00:00+00:00,2.02,8.93,0.0,1.97,2.37,0.9,1.23,1.96,210.0,9.2,7.54,14.87,0
2026-04-23 20:30:00+00:00,2.18,9.12,0.0,2.07,2.72,1.19,1.26,2.05,214.0,9.49,7.42,13.52,0
2026-04-23 21:00:00+00:00,2.02,9.06,0.0,1.96,2.47,1.74,1.24,1.97,206.0,9.93,7.67,12.37,0
2026-04-23 21:30:00+00:00,1.99,8.950000000000001,0.0,1.89,2.41,0.98,1.21,1.92,204.0,10.08,7.75,13.01,0
2026-04-23 22:00:00+00:00,2.0,8.91,0.0,1.88,2.4,1.51,1.14,1.85,221.0,9.15,7.18,12.52,0
2026-04-23 22:30:00+00:00,2.0,8.8,0.0,1.95,2.42,1.82,1.23,1.96,206.0,8.620000000000001,7.640000000000001,11.95,0
2026-04-23 23:00:00+00:00,1.79,8.89,0.0,1.78,2.19,1.0,1.11,1.77,218.0,9.08,7.27,12.63,0
2026-04-23 23:30:00+00:00,1.89,8.78,0.0,1.78,2.3000000000000003,1.26,1.08,1.76,221.0,8.32,7.15,12.9,0
2026-04-24 00:00:00+00:00,1.81,8.77,0.0,1.75,2.24,1.01,1.07,1.74,223.0,8.09,7.09,13.24,0
2026-04-24 00:30:00+00:00,1.88,8.8,0.0,1.81,2.15,1.16,1.13,1.81,216.0,9.15,7.35,12.31,0
2026-04-24 01:00:00+00:00,2.04,8.9,0.0,1.88,2.45,1.25,1.16,1.87,216.0,10.04,7.32,11.83,0
2026-04-24 01:30:00+00:00,1.77,8.59,0.0,1.71,2.18,0.84,1.12,1.75,206.0,9.48,7.66,12.48,0
2026-04-24 02:00:00+00:00,1.87,8.86,0.0,1.83,2.17,0.77,1.16,1.83,207.0,8.35,7.66,14.25,0
2026-04-24 02:30:00+00:00,1.82,8.74,0.0,1.78,2.23,0.72,1.12,1.79,210.0,8.81,7.53,13.18,0
2026-04-24 03:00:00+00:00,1.84,8.84,0.0,1.74,2.18,1.21,1.05,1.7,227.0,9.56,6.95,12.88,0
2026-04-24 03:30:00+00:00,1.84,9.02,0.0,1.76,2.19,0.93,1.2,1.84,196.0,9.63,8.08,13.74,0
2026-04-24 04:00:00+00:00,2.04,8.99,0.0,1.97,2.52,1.18,1.2,1.94,210.0,7.17,7.52,12.81,0
2026-04-24 04:30:00+00:00,2.09,9.09,0.0,2.02,2.52,1.24,1.31,2.06,192.0,9.17,8.24,13.32,0
2026-04-24 05:00:00+00:00,1.95,9.1,0.0,1.85,2.26,1.08,1.17,1.86,202.0,9.96,7.8,13.67,0
2026-04-24 05:30:00+00:00,1.93,9.13,0.0,1.84,2.24,0.87,1.18,1.86,202.0,9.12,7.83,14.6,0
2026-04-24 06:00:00+00:00,1.96,9.15,0.0,1.9,2.31,1.06,1.18,1.89,205.0,9.99,7.71,14.08,0
2026-04-24 06:30:00+00:00,2.01,9.17,0.0,1.95,2.33,0.98,1.22,1.94,201.0,9.17,7.84,13.29,0
2026-04-24 07:00:00+00:00,2.04,9.05,0.0,1.84,2.37,0.74,1.18,1.87,206.0,9.16,7.67,14.88,0
2026-04-24 07:30:00+00:00,1.85,9.07,0.0,1.78,2.4,1.14,1.07,1.76,211.0,9.32,7.49,13.51,0
2026-04-24 08:00:00+00:00,2.01,9.22,0.0,2.01,2.54,1.1,1.31,2.05,188.0,9.51,8.41,12.89,0
2026-04-24 08:30:00+00:00,1.9,9.07,0.0,1.81,2.31,1.34,1.16,1.83,205.0,9.66,7.72,12.7,0
2026-04-24 09:00:00+00:00,2.06,9.47,0.0,1.99,2.37,0.81,1.29,2.03,184.0,9.34,8.61,15.45,0
2026-04-24 09:30:00+00:00,2.12,9.23,0.0,2.02,2.45,1.01,1.31,2.05,192.0,8.92,8.23,13.02,0
2026-04-24 10:00:00+00:00,1.91,9.2,0.0,1.87,2.4,1.2,1.17,1.87,198.0,8.49,7.97,13.14,0
2026-04-24 10:30:00+00:00,1.67,9.11,0.0,1.59,1.93,0.71,1.01,1.6,210.0,8.78,7.56,12.77,0
2026-04-24 11:00:00+00:00,1.83,9.21,0.0,1.79,2.16,1.52,1.17,1.82,190.0,9.83,8.3,13.36,0
2026-04-24 11:30:00+00:00,1.72,9.04,0.0,1.64,2.06,1.42,1.05,1.67,204.0,9.5,7.77,13.24,0
2026-04-24 12:00:00+00:00,1.74,9.11,0.0,1.75,2.1,1.77,1.13,1.77,191.0,9.76,8.28,13.55,0
2026-04-24 12:30:00+00:00,1.81,9.13,0.0,1.77,2.27,0.58,1.11,1.77,198.0,9.92,7.97,14.4,0
2026-04-24 13:00:00+00:00,1.74,9.28,0.0,1.64,2.0,1.78,1.07,1.68,197.0,10.18,8.040000000000001,13.07,0
2026-04-24 13:30:00+00:00,1.74,9.18,0.0,1.72,2.2,0.6900000000000001,1.09,1.73,196.0,9.47,8.06,13.96,0
2026-04-24 14:00:00+00:00,1.76,9.33,0.0,1.71,2.08,1.88,1.09,1.72,197.0,9.32,8.0,12.46,0
2026-04-24 14:30:00+00:00,1.66,9.13,0.0,1.52,1.95,0.72,0.94,1.5,218.0,8.64,7.23,14.3,0
2026-04-24 15:00:00+00:00,1.64,8.870000000000001,0.0,1.54,1.94,0.86,0.94,1.52,230.0,11.23,6.87,12.81,0
2026-04-24 15:30:00+00:00,1.69,9.1,0.0,1.65,2.03,1.31,1.04,1.66,211.0,9.32,7.51,12.95,0
2026-04-24 16:00:00+00:00,1.62,8.71,0.0,1.57,1.98,0.88,0.97,1.57,227.0,8.73,6.97,13.24,0
2026-04-24 16:30:00+00:00,1.64,8.75,0.0,1.54,1.95,0.81,0.93,1.51,240.0,9.06,6.59,13.31,0
2026-04-24 17:00:00+00:00,1.69,8.49,0.0,1.55,2.05,1.01,0.95,1.55,247.0,9.09,6.41,12.33,0
2026-04-24 17:30:00+00:00,1.72,8.75,0.0,1.56,2.0,0.73,0.97,1.56,243.0,9.44,6.53,12.76,0
2026-04-24 18:00:00+00:00,1.64,8.42,0.0,1.6,2.01,1.27,0.96,1.56,243.0,7.78,6.47,12.31,0
2026-04-24 18:30:00+00:00,1.73,8.66,0.0,1.66,2.02,1.49,1.04,1.66,228.0,9.39,6.95,12.64,0
2026-04-24 19:00:00+00:00,1.7,8.72,0.0,1.67,2.06,1.63,1.01,1.63,241.0,9.56,6.55,12.52,0
2026-04-24 19:30:00+00:00,1.68,8.44,0.0,1.58,2.05,1.76,0.94,1.55,263.0,9.58,6.03,11.93,0
2026-04-24 20:00:00+00:00,1.78,8.370000000000001,0.0,1.67,2.12,1.11,1.03,1.65,250.0,9.24,6.3100000000000005,12.32,0
2026-04-24 20:30:00+00:00,1.67,7.96,0.0,1.53,1.89,1.42,0.96,1.53,267.0,8.8,5.9,11.31,0
2026-04-24 21:00:00+00:00,1.74,8.51,0.0,1.68,2.1,1.41,1.02,1.64,248.0,9.36,6.3500000000000005,13.02,0
2026-04-24 21:30:00+00:00,1.85,8.370000000000001,0.0,1.76,2.25,1.47,1.04,1.7,267.0,9.25,5.92,12.27,0
2026-04-24 22:00:00+00:00,1.82,8.35,0.0,1.79,2.24,1.03,1.06,1.74,264.0,8.82,5.99,12.21,0
2026-04-24 22:30:00+00:00,1.76,8.16,0.0,1.64,2.1,0.85,1.0,1.62,270.0,10.06,5.87,12.89,0
2026-04-24 23:00:00+00:00,1.68,7.74,0.0,1.57,1.98,1.36,0.95,1.54,300.0,8.81,5.29,11.81,0
2026-04-24 23:30:00+00:00,1.81,8.03,0.0,1.71,2.16,1.58,1.03,1.67,278.0,8.290000000000001,5.71,11.13,0
2026-04-25 00:00:00+00:00,1.82,8.16,0.0,1.73,2.21,1.36,1.04,1.69,277.0,9.81,5.7,12.65,0
2026-04-25 00:30:00+00:00,1.72,7.92,0.0,1.58,2.02,1.17,0.93,1.53,294.0,8.21,5.37,12.6,0
2026-04-25 01:00:00+00:00,1.8,8.14,0.0,1.66,2.17,1.15,1.02,1.64,275.0,8.64,5.78,12.92,0
2026-04-25 01:30:00+00:00,1.79,8.3,0.0,1.7,2.15,1.5,1.02,1.66,269.0,8.9,5.9,11.38,0
2026-04-25 02:00:00+00:00,1.87,8.63,0.0,1.81,2.25,1.05,1.12,1.8,235.0,8.77,6.76,13.72,0
2026-04-25 02:30:00+00:00,1.8,8.51,0.0,1.74,2.25,0.9,1.02,1.68,247.0,9.02,6.42,13.53,0
2026-04-25 03:00:00+00:00,1.67,8.55,0.0,1.57,1.97,1.02,0.94,1.53,241.0,8.13,6.58,12.81,0
2026-04-25 03:30:00+00:00,1.63,8.64,0.0,1.58,1.98,1.47,0.98,1.57,221.0,8.040000000000001,7.17,12.95,0
2026-04-25 04:00:00+00:00,1.56,8.41,0.0,1.49,1.86,1.06,0.92,1.49,230.0,8.78,6.87,12.33,0
2026-04-25 04:30:00+00:00,1.55,8.75,0.0,1.44,1.82,1.13,0.89,1.45,229.0,9.2,6.91,11.67,0
2026-04-25 05:00:00+00:00,1.66,8.72,0.0,1.59,2.03,0.96,1.04,1.64,207.0,8.81,7.63,13.49,0
2026-04-25 05:30:00+00:00,1.54,8.44,0.0,1.47,1.84,0.73,0.92,1.47,226.0,7.42,7.0,13.21,0
2026-04-25 06:00:00+00:00,1.47,8.0,0.0,1.43,1.77,0.6900000000000001,0.89,1.42,237.0,8.34,6.68,14.26,0
2026-04-25 06:30:00+00:00,1.47,8.27,0.0,1.43,1.79,1.75,0.88,1.42,240.0,8.73,6.59,11.76,0
2026-04-25 07:00:00+00:00,1.39,8.18,0.0,1.35,1.67,0.79,0.84,1.34,238.0,9.5,6.65,12.18,0
2026-04-25 07:30:00+00:00,1.36,7.97,0.0,1.26,1.61,0.8200000000000001,0.77,1.24,257.0,8.67,6.15,12.95,0
2026-04-25 08:00:00+00:00,1.39,7.81,0.0,1.31,1.66,0.76,0.8300000000000001,1.31,252.0,8.44,6.2700000000000005,13.65,0
2026-04-25 08:30:00+00:00,1.25,7.54,0.0,1.15,1.39,1.16,0.74,1.16,261.0,7.27,6.0600000000000005,11.71,0
2026-04-25 09:00:00+00:00,1.26,7.8,0.0,1.2,1.49,1.29,0.74,1.18,255.0,8.05,6.21,12.32,0
2026-04-25 09:30:00+00:00,1.39,8.05,0.0,1.35,1.67,1.01,0.86,1.36,234.0,8.72,6.7700000000000005,11.6,0
2026-04-25 10:00:00+00:00,1.24,7.55,101852.61060646332,1.2,1.52,1.09,0.74,1.19,267.0,8.19,5.94,10.85,0
2026-04-25 10:30:00+00:00,1.24,7.55,171377.2843915715,1.17,1.41,0.81,0.74,1.17,274.0,8.31,5.7700000000000005,11.44,0
2026-04-25 11:00:00+00:00,1.21,7.19,162004.84052858673,1.13,1.44,0.74,0.6900000000000001,1.11,309.0,6.98,5.11,11.84,0
2026-04-25 11:30:00+00:00,1.2,7.09,154717.25523208923,1.13,1.41,0.91,0.68,1.1,318.0,8.26,4.96,10.39,0
2026-04-25 12:00:00+00:00,1.32,7.03,153018.82846793917,1.26,1.56,1.24,0.8,1.27,304.0,8.8,5.22,11.65,0
2026-04-25 12:30:00+00:00,1.37,6.92,156097.1816131541,1.27,1.62,1.21,0.77,1.24,341.0,8.9,4.63,11.17,0
2026-04-25 13:00:00+00:00,1.42,6.640000000000001,156258.52587446407,1.32,1.62,1.49,0.8300000000000001,1.31,335.0,8.31,4.72,10.27,0
2026-04-25 13:30:00+00:00,1.31,6.04,156029.10484731817,1.18,1.52,1.69,0.76,1.2,375.0,8.15,4.23,10.42,0
2026-04-25 14:00:00+00:00,1.46,6.55,157554.25181390182,1.31,1.61,0.84,0.8300000000000001,1.31,346.0,8.32,4.58,10.73,0
2026-04-25 14:30:00+00:00,1.36,6.17,163486.27507105508,1.25,1.54,1.31,0.79,1.25,362.0,9.4,4.38,10.57,0
2026-04-25 15:00:00+00:00,1.36,6.17,159218.06166168413,1.23,1.55,1.69,0.79,1.25,363.0,8.77,4.36,9.95,0
2026-04-25 15:30:00+00:00,1.34,6.140000000000001,157219.35663112343,1.21,1.49,1.77,0.78,1.23,371.0,7.29,4.2700000000000005,10.43,0
2026-04-25 16:00:00+00:00,1.37,6.09,162000.596557372,1.28,1.62,0.86,0.81,1.29,355.0,8.65,4.46,10.47,0
2026-04-25 16:30:00+00:00,1.39,6.15,163779.40822845255,1.28,1.61,1.35,0.8,1.28,358.0,6.04,4.43,10.14,0
2026-04-25 17:00:00+00:00,1.35,6.08,138713.4101836678,1.2,1.49,0.68,0.76,1.2,372.0,7.85,4.24,10.11,0
2026-04-25 17:30:00+00:00,1.38,5.84,139926.33557175833,1.26,1.57,1.37,0.8,1.27,366.0,5.28,4.3100000000000005,9.62,0
2026-04-25 18:00:00+00:00,1.39,6.24,126927.42596402962,1.31,1.62,0.65,0.84,1.33,330.0,8.870000000000001,4.8100000000000005,12.84,0
2026-04-25 18:30:00+00:00,1.44,6.17,130530.3317464449,1.32,1.62,0.94,0.86,1.35,341.0,7.94,4.65,11.83,0
2026-04-25 19:00:00+00:00,1.43,6.17,156636.53005621053,1.32,1.66,0.89,0.86,1.35,337.0,6.78,4.7,10.18,0
2026-04-25 19:30:00+00:00,1.41,6.24,148697.9565816189,1.32,1.61,1.03,0.86,1.34,329.0,6.48,4.8,10.51,0
2026-04-25 20:00:00+00:00,1.34,6.19,143149.3721050783,1.25,1.56,1.19,0.79,1.25,339.0,7.0,4.66,10.41,0
2026-04-25 20:30:00+00:00,1.26,6.22,142285.3201588731,1.17,1.45,0.88,0.74,1.17,344.0,6.66,4.61,10.23,0
2026-04-25 21:00:00+00:00,1.32,6.5,157015.33279520116,1.24,1.6,0.66,0.76,1.23,326.0,6.54,4.86,10.32,0
2026-04-25 21:30:00+00:00,1.36,6.43,170269.61876640917,1.3,1.56,0.94,0.8200000000000001,1.3,310.0,7.42,5.12,11.16,0
2026-04-25 22:00:00+00:00,1.19,6.47,155356.92876172185,1.11,1.37,1.56,0.6900000000000001,1.1,323.0,5.82,4.91,10.91,0
2026-04-25 22:30:00+00:00,1.37,6.55,150067.36580272426,1.3,1.6,1.03,0.84,1.32,296.0,6.43,5.34,11.27,0
2026-04-25 23:00:00+00:00,1.36,6.51,151467.63375432664,1.25,1.6,0.92,0.78,1.24,322.0,6.12,4.9,10.02,0
2026-04-25 23:30:00+00:00,1.23,6.3,145478.87642350924,1.15,1.39,0.89,0.74,1.16,315.0,8.56,5.03,11.28,0
2026-04-26 00:00:00+00:00,1.22,6.3500000000000005,149736.28314128047,1.17,1.45,1.02,0.74,1.17,314.0,6.42,5.05,10.7,0
2026-04-26 00:30:00+00:00,1.28,6.390000000000001,134936.11192742418,1.21,1.5,0.71,0.77,1.21,306.0,8.540000000000001,5.18,10.06,0
2026-04-26 01:00:00+00:00,1.24,6.66,149300.68498099182,1.15,1.49,0.86,0.72,1.15,304.0,7.16,5.22,10.89,0
2026-04-26 01:30:00+00:00,1.18,6.47,164795.8354760617,1.11,1.38,0.75,0.71,1.12,307.0,7.23,5.15,10.59,0
2026-04-26 02:00:00+00:00,1.15,6.33,171088.20601057902,1.07,1.29,1.07,0.6900000000000001,1.08,305.0,5.17,5.2,10.03,0
2026-04-26 02:30:00+00:00,1.17,6.32,168097.24830128896,1.12,1.43,0.79,0.72,1.14,293.0,6.68,5.41,10.45,0
2026-04-26 03:00:00+00:00,1.15,6.41,166613.7062777319,1.06,1.33,0.67,0.67,1.06,311.0,7.68,5.09,10.57,0
2026-04-26 03:30:00+00:00,1.08,6.18,159852.12979095863,1.02,1.26,0.91,0.64,1.02,322.0,7.86,4.91,10.15,0
2026-04-26 04:00:00+00:00,1.17,6.44,147810.1018643673,1.08,1.35,0.81,0.72,1.12,297.0,5.26,5.32,9.98,0
2026-04-26 04:30:00+00:00,1.14,6.41,167406.4105746789,1.06,1.3,0.72,0.71,1.1,296.0,8.77,5.3500000000000005,10.51,0
2026-04-26 05:00:00+00:00,1.15,6.3500000000000005,163038.45150159922,1.09,1.28,0.91,0.71,1.11,300.0,7.390000000000001,5.28,11.33,0
2026-04-26 05:30:00+00:00,1.12,6.23,172154.07723230377,1.05,1.32,0.71,0.67,1.05,310.0,5.55,5.12,10.22,0
2026-04-26 06:00:00+00:00,1.1,6.42,168332.3300317752,1.06,1.3,0.77,0.6900000000000001,1.08,292.0,5.84,5.44,10.97,0
2026-04-26 06:30:00+00:00,1.06,6.32,181880.66113453844,1.04,1.25,0.5,0.66,1.05,296.0,6.7,5.3500000000000005,11.04,0
2026-04-26 07:00:00+00:00,0.97,6.33,153120.06296226737,0.92,1.13,0.51,0.59,0.93,315.0,7.46,5.04,11.59,0
2026-04-26 07:30:00+00:00,1.03,6.51,148299.12565004514,0.97,1.19,0.6,0.63,0.99,295.0,7.82,5.37,11.33,0
2026-04-26 08:00:00+00:00,0.96,6.3100000000000005,143934.62191408375,0.92,1.12,1.05,0.59,0.93,302.0,5.5200000000000005,5.24,9.91,0
2026-04-26 08:30:00+00:00,0.97,6.44,159268.5799454495,0.92,1.14,0.53,0.59,0.93,297.0,5.8,5.32,10.42,0
2026-04-26 09:00:00+00:00,0.95,6.34,170455.7740678251,0.92,1.16,0.8,0.56,0.91,311.0,6.63,5.09,9.99,0
2026-04-26 09:30:00+00:00,0.94,6.45,152796.23268590806,0.9,1.13,0.54,0.59,0.92,287.0,7.47,5.51,9.96,0
2026-04-26 10:00:00+00:00,0.94,6.5600000000000005,145867.59560897734,0.89,1.12,0.53,0.56,0.89,299.0,5.78,5.3,10.81,0
2026-04-26 10:30:00+00:00,0.95,6.55,152134.63294713348,0.91,1.12,0.55,0.58,0.92,290.0,7.81,5.47,10.22,0
2026-04-26 11:00:00+00:00,0.95,6.3500000000000005,174295.87005952973,0.91,1.13,0.44,0.59,0.92,297.0,6.3100000000000005,5.34,11.23,0
2026-04-26 11:30:00+00:00,0.91,6.3,177759.64507482416,0.85,1.07,0.46,0.55,0.87,299.0,6.3,5.3,10.38,0
2026-04-26 12:00:00+00:00,0.97,6.32,189717.98900046243,0.93,1.16,0.44,0.59,0.94,298.0,5.7700000000000005,5.32,10.64,0
2026-04-26 12:30:00+00:00,0.89,6.2700000000000005,171012.74928151164,0.84,1.06,0.77,0.53,0.84,321.0,6.8,4.92,10.23,0
2026-04-26 13:00:00+00:00,0.91,6.23,160119.45110915368,0.87,1.05,0.49,0.55,0.87,310.0,7.5,5.1000000000000005,10.9,0
2026-04-26 13:30:00+00:00,0.97,6.45,169273.14970168314,0.93,1.16,0.79,0.58,0.92,316.0,8.01,5.03,11.25,0
2026-04-26 14:00:00+00:00,0.96,6.19,160171.66674294736,0.93,1.16,0.81,0.58,0.93,321.0,6.2,4.95,9.51,0
2026-04-26 14:30:00+00:00,0.94,6.2700000000000005,158423.1955500248,0.89,1.07,0.68,0.5700000000000001,0.9,320.0,6.74,4.96,9.46,0
2026-04-26 15:00:00+00:00,0.95,6.43,143157.21046415257,0.91,1.14,0.91,0.5700000000000001,0.91,319.0,7.36,4.96,10.2,0
2026-04-26 15:30:00+00:00,0.89,6.18,120736.06588477523,0.84,1.04,0.77,0.53,0.84,342.0,6.09,4.64,10.41,0
2026-04-26 16:00:00+00:00,0.99,6.57,126069.9547561632,0.94,1.16,0.89,0.59,0.94,315.0,6.22,5.0200000000000005,10.09,0
2026-04-26 16:30:00+00:00,0.94,6.34,123898.86249280916,0.9,1.12,0.64,0.58,0.91,307.0,6.36,5.15,10.65,0
2026-04-26 17:00:00+00:00,0.97,6.36,138632.46143019997,0.91,1.12,1.11,0.58,0.92,321.0,6.32,4.94,9.63,0
2026-04-26 17:30:00+00:00,0.91,6.24,120323.01595897444,0.85,1.07,0.72,0.54,0.85,334.0,8.59,4.73,9.89,0
2026-04-26 18:00:00+00:00,0.91,6.6000000000000005,132091.1140848173,0.86,1.07,0.85,0.54,0.86,315.0,8.22,5.0200000000000005,10.43,0
2026-04-26 18:30:00+00:00,0.94,6.51,126811.4773652848,0.89,1.1,0.81,0.56,0.88,320.0,7.95,4.94,10.6,0
2026-04-26 19:00:00+00:00,0.92,6.3500000000000005,123592.94536518198,0.87,1.05,0.8200000000000001,0.5700000000000001,0.88,311.0,7.58,5.08,10.33,0
2026-04-26 19:30:00+00:00,0.98,6.63,139830.83614298614,0.95,1.18,0.8,0.58,0.94,309.0,5.96,5.11,9.84,0
2026-04-26 20:00:00+00:00,0.95,6.48,158152.3976322938,0.87,1.1,0.67,0.55,0.88,328.0,7.890000000000001,4.82,10.51,0
2026-04-26 20:30:00+00:00,0.99,6.48,155388.68194333496,0.93,1.19,0.61,0.5700000000000001,0.92,334.0,7.88,4.75,10.0,0
2026-04-26 21:00:00+00:00,1.02,6.49,155186.9924394014,0.95,1.17,0.73,0.61,0.96,320.0,8.07,4.95,10.88,0
2026-04-26 21:30:00+00:00,0.98,6.28,169291.82095263494,0.91,1.13,0.68,0.5700000000000001,0.91,340.0,7.65,4.67,10.43,0
2026-04-26 22:00:00+00:00,0.97,6.15,156804.55324909172,0.89,1.1,0.74,0.58,0.91,338.0,5.83,4.69,10.61,0
2026-04-26 22:30:00+00:00,1.07,6.19,141756.58210794217,1.02,1.28,0.77,0.64,1.02,331.0,5.96,4.79,9.47,0
2026-04-26 23:00:00+00:00,1.03,6.140000000000001,154092.0537244297,0.98,1.19,0.77,0.64,1.0,319.0,5.92,4.96,9.94,0
2026-04-26 23:30:00+00:00,1.08,6.38,165688.87586902748,1.01,1.26,0.52,0.64,1.02,314.0,6.99,5.05,10.54,0
2026-04-27 00:00:00+00:00,1.18,6.25,160211.2850043273,1.12,1.4,0.9,0.73,1.14,300.0,6.16,5.29,8.75,0
2026-04-27 00:30:00+00:00,1.1,6.24,157776.47031519504,1.07,1.28,0.95,0.67,1.07,309.0,5.97,5.14,9.24,0
2026-04-27 01:00:00+00:00,1.11,6.43,157823.03559745822,1.02,1.26,0.89,0.6900000000000001,1.07,293.0,6.67,5.41,10.5,0
2026-04-27 01:30:00+00:00,1.17,6.21,153356.5762243614,1.13,1.36,0.61,0.73,1.15,293.0,7.29,5.4,9.96,0
2026-04-27 02:00:00+00:00,1.13,6.22,159292.3138953959,1.05,1.28,0.76,0.68,1.07,307.0,6.72,5.15,9.84,0
2026-04-27 02:30:00+00:00,1.14,6.26,156069.35162979888,1.08,1.36,0.8200000000000001,0.6900000000000001,1.09,299.0,5.72,5.3100000000000005,11.49,0
2026-04-27 03:00:00+00:00,1.07,6.11,156265.26487441626,0.99,1.23,0.63,0.65,1.02,313.0,5.6000000000000005,5.05,9.83,0
2026-04-27 03:30:00+00:00,1.14,6.4,166525.17335923418,1.1,1.4,0.47,0.7000000000000001,1.11,301.0,6.22,5.2700000000000005,12.32,0
2026-04-27 04:00:00+00:00,1.15,6.140000000000001,167183.6007611791,1.08,1.34,0.86,0.71,1.11,295.0,6.26,5.36,10.43,0
2026-04-27 04:30:00+00:00,1.18,6.18,142523.6159658499,1.16,1.39,0.86,0.75,1.18,299.0,6.51,5.3,10.72,0
2026-04-27 05:00:00+00:00,1.13,6.17,134613.72890054696,1.05,1.29,0.36,0.67,1.06,312.0,5.75,5.08,11.06,0
2026-04-27 05:30:00+00:00,1.23,6.18,142398.70061494812,1.18,1.53,0.79,0.75,1.19,300.0,6.65,5.28,9.11,0
2026-04-27 06:00:00+00:00,1.08,6.12,138873.82663130222,1.07,1.29,0.67,0.67,1.06,305.0,5.86,5.21,11.35,0
2026-04-27 06:30:00+00:00,1.13,6.0600000000000005,137236.73626609004,1.08,1.35,0.99,0.68,1.08,311.0,5.3100000000000005,5.1000000000000005,9.2,0
2026-04-27 07:00:00+00:00,1.17,6.49,140575.50352909125,1.08,1.38,0.56,0.71,1.11,283.0,7.0,5.6000000000000005,13.09,0
2026-04-27 07:30:00+00:00,1.1,6.140000000000001,133270.39849183377,1.04,1.31,0.51,0.66,1.04,311.0,6.97,5.1000000000000005,11.67,0
2026-04-27 08:00:00+00:00,1.15,6.3,131220.02818157733,1.1,1.42,0.58,0.7000000000000001,1.11,292.0,6.640000000000001,5.42,10.29,0
2026-04-27 08:30:00+00:00,1.1,6.37,139315.49415621994,1.04,1.28,1.0,0.67,1.05,292.0,6.0,5.44,10.3,0
2026-04-27 09:00:00+00:00,1.03,6.46,142775.564444821,0.97,1.19,0.78,0.63,0.99,298.0,6.57,5.32,11.33,0
2026-04-27 09:30:00+00:00,1.05,6.38,131621.6711289178,1.0,1.24,0.6,0.67,1.03,290.0,7.13,5.46,9.91,0
2026-04-27 10:00:00+00:00,1.0,6.37,138104.4008716821,0.91,1.14,0.54,0.61,0.94,306.0,7.54,5.17,12.09,0
2026-04-27 10:30:00+00:00,0.99,6.3,143688.29253681205,0.94,1.12,0.92,0.62,0.96,298.0,6.8100000000000005,5.32,9.65,0
2026-04-27 11:00:00+00:00,0.99,6.4,125481.48689204783,0.94,1.16,0.88,0.6,0.95,312.0,7.0600000000000005,5.07,10.12,0
2026-04-27 11:30:00+00:00,1.01,6.25,119825.20500254112,0.96,1.18,0.95,0.61,0.96,323.0,6.97,4.89,9.38,0
2026-04-27 12:00:00+00:00,1.07,6.34,125042.11160827176,0.99,1.21,0.95,0.64,1.01,311.0,5.88,5.09,10.61,0
2026-04-27 12:30:00+00:00,0.95,6.21,124375.66496565276,0.88,1.12,0.74,0.55,0.88,350.0,8.4,4.53,9.46,0
2026-04-27 13:00:00+00:00,0.98,6.2,124467.39447311012,0.92,1.15,0.88,0.59,0.93,334.0,6.71,4.75,10.02,0
2026-04-27 13:30:00+00:00,0.96,6.09,126505.03155081518,0.9,1.14,0.68,0.5700000000000001,0.91,341.0,6.94,4.65,9.62,0
2026-04-27 14:00:00+00:00,0.96,6.1000000000000005,120828.59929483823,0.89,1.1,0.85,0.5700000000000001,0.9,356.0,6.87,4.46,10.05,0
2026-04-27 14:30:00+00:00,1.0,5.95,119192.6974529422,0.93,1.14,0.79,0.58,0.93,355.0,5.92,4.45,10.49,0
2026-04-27 15:00:00+00:00,1.03,5.96,120742.87124468522,0.97,1.24,0.8300000000000001,0.6,0.96,367.0,5.89,4.33,11.72,0
2026-04-27 15:30:00+00:00,1.05,6.13,138941.7300469185,0.99,1.23,0.58,0.62,0.99,353.0,8.38,4.5,9.73,0
2026-04-27 16:00:00+00:00,1.07,5.99,130708.90480082958,0.99,1.24,0.67,0.63,0.99,363.0,6.93,4.36,9.91,0
2026-04-27 16:30:00+00:00,1.01,5.69,136212.07171165812,0.93,1.11,0.61,0.61,0.95,368.0,3.72,4.29,11.06,0
2026-04-27 17:00:00+00:00,1.03,5.89,31287.416050661446,0.96,1.2,0.84,0.62,0.98,356.0,7.05,4.43,11.61,0
2026-04-27 17:30:00+00:00,1.01,5.94,8894.150370879597,0.93,1.17,0.79,0.59,0.93,371.0,5.74,4.28,9.37,0
2026-04-27 18:00:00+00:00,1.07,6.0200000000000005,119365.25748651275,0.97,1.23,1.02,0.62,0.98,368.0,5.04,4.3100000000000005,9.66,0
2026-04-27 18:30:00+00:00,1.02,5.95,21100.98695141936,0.96,1.18,1.02,0.62,0.97,352.0,4.88,4.5,10.15,0
2026-04-27 19:00:00+00:00,1.04,6.42,128.0452930897637,0.96,1.18,0.8200000000000001,0.62,0.98,327.0,5.25,4.84,11.86,0
2026-04-27 19:30:00+00:00,1.06,6.72,20.757958704541984,1.01,1.28,0.79,0.63,1.01,315.0,8.36,5.03,11.69,0
2026-04-27 20:00:00+00:00,1.01,6.36,185.16433690369576,0.94,1.16,0.8300000000000001,0.6,0.95,331.0,8.01,4.8,10.61,0
2026-04-27 20:30:00+00:00,1.09,6.58,62.70517509363906,1.04,1.27,1.04,0.6900000000000001,1.07,293.0,6.19,5.4,10.63,0
2026-04-27 21:00:00+00:00,1.12,6.29,0.0,1.07,1.35,1.15,0.68,1.07,312.0,6.21,5.08,11.76,0
2026-04-27 21:30:00+00:00,1.12,6.17,0.0,1.05,1.27,0.84,0.6900000000000001,1.08,309.0,4.73,5.13,10.22,0
2026-04-27 22:00:00+00:00,1.14,6.29,0.0,1.08,1.35,0.89,0.7000000000000001,1.1,307.0,6.34,5.15,10.1,0
2026-04-27 22:30:00+00:00,1.11,6.34,0.0,1.04,1.31,0.59,0.68,1.06,311.0,4.79,5.1000000000000005,10.25,0
2026-04-27 23:00:00+00:00,1.08,6.57,57.996098750097445,1.01,1.21,1.26,0.65,1.01,308.0,7.7,5.13,10.74,0
2026-04-27 23:30:00+00:00,1.03,6.5,0.0,0.98,1.19,0.51,0.63,0.99,302.0,8.15,5.24,12.1,0
2026-04-28 00:00:00+00:00,1.01,6.67,0.0,0.95,1.18,0.77,0.61,0.96,315.0,7.66,5.04,11.77,0
2026-04-28 00:30:00+00:00,1.0,6.46,0.0,0.92,1.15,0.81,0.6,0.94,308.0,5.08,5.16,11.87,0
2026-04-28 01:00:00+00:00,1.01,6.75,54.4559360709292,0.95,1.18,0.32,0.6,0.95,308.0,8.58,5.13,11.29,0
2026-04-28 01:30:00+00:00,1.01,6.76,23.640908124067657,0.98,1.23,0.56,0.63,0.99,287.0,6.37,5.51,12.3,0
2026-04-28 02:00:00+00:00,1.07,6.74,0.0,0.98,1.2,0.75,0.66,1.01,293.0,7.3,5.4,11.36,0
2026-04-28 02:30:00+00:00,1.11,6.75,0.0,1.04,1.29,0.87,0.68,1.06,295.0,5.79,5.3500000000000005,12.16,0
2026-04-28 03:00:00+00:00,1.09,6.63,0.0,1.01,1.23,0.67,0.64,1.01,314.0,6.59,5.04,12.87,0
2026-04-28 03:30:00+00:00,1.09,6.58,0.0,1.04,1.28,0.63,0.68,1.06,296.0,7.03,5.36,11.89,0
2026-04-28 04:00:00+00:00,1.06,6.44,0.0,0.99,1.2,0.78,0.66,1.02,298.0,5.53,5.3100000000000005,13.46,0
2026-04-28 04:30:00+00:00,1.13,6.78,0.0,1.07,1.34,0.8,0.68,1.08,298.0,5.65,5.32,13.45,0
2026-04-28 05:00:00+00:00,1.05,6.640000000000001,0.0,0.98,1.23,0.75,0.64,1.01,305.0,5.99,5.18,11.49,0
2026-04-28 05:30:00+00:00,1.03,6.8,0.0,0.96,1.18,0.81,0.64,0.99,289.0,5.37,5.46,12.17,0
2026-04-28 06:00:00+00:00,1.01,6.5200000000000005,0.0,0.94,1.19,0.94,0.6,0.95,304.0,7.26,5.23,10.99,0
2026-04-28 06:30:00+00:00,0.96,6.84,0.0,0.88,1.1,0.65,0.5700000000000001,0.89,303.0,5.16,5.23,11.45,0
2026-04-28 07:00:00+00:00,1.0,7.17,0.0,0.93,1.17,0.78,0.61,0.95,281.0,7.74,5.63,13.26,0
2026-04-28 07:30:00+00:00,0.97,7.42,0.0,0.89,1.12,0.67,0.5700000000000001,0.9,282.0,6.12,5.63,12.22,0
2026-04-28 08:00:00+00:00,0.88,7.25,0.0,0.79,0.99,0.79,0.52,0.81,295.0,7.94,5.37,13.33,0
2026-04-28 08:30:00+00:00,0.87,7.96,0.0,0.8,0.97,0.76,0.52,0.81,278.0,8.74,5.72,13.87,0
2026-04-28 09:00:00+00:00,0.88,8.0,1570.5854419229602,0.78,0.98,1.11,0.51,0.79,293.0,9.52,5.4,13.17,0
2026-04-28 09:30:00+00:00,1.0,9.16,73934.15586165038,0.7976800000000001,1.01312,0.67,0.59,0.92,246.0,10.68,6.42,14.87,0
2026-04-28 10:00:00+00:00,1.0097426470588233,9.22417237590486,144886.27855400273,0.8398399999999999,1.07131,0.71375,0.6039340753424658,0.9431748949579832,236.8113532110092,10.567150621118012,6.686566265060241,14.86283088235294,1
2026-04-28 10:30:00+00:00,1.0158823529411765,9.263986556359875,140143.7920987352,0.89016,1.1359400000000002,0.81,0.6132191780821917,0.958655462184874,230.61009174311926,10.259068322981367,6.873614457831326,14.840882352941177,1
2026-04-28 11:00:00+00:00,1.0190808823529411,9.284307458634952,122448.74088923316,0.9323199999999999,1.18838,0.9062500000000002,0.618394691780822,0.9673082983193276,227.10378440366972,9.801451863354037,6.983855421686748,14.803492647058823,1
2026-04-28 11:30:00+00:00,1.02,9.29,129878.37005912338,0.95,1.21,0.95,0.62,0.97,226.0,9.24,7.0200000000000005,14.75,0
2026-04-28 12:00:00+00:00,0.96,8.96,132854.84997987765,0.89,1.09,0.93,0.5700000000000001,0.9,250.0,8.17,6.3100000000000005,14.54,0
2026-04-28 12:30:00+00:00,0.92,8.74,133534.95057209398,0.84,1.04,0.8300000000000001,0.5700000000000001,0.87,252.0,7.12,6.2700000000000005,15.98,0
2026-04-28 13:00:00+00:00,1.03,9.42,121520.53185009932,0.93,1.21,1.17,0.59,0.93,247.0,12.95,6.38,15.23,0
2026-04-28 13:30:00+00:00,0.94,8.52,119232.45610835464,0.85,1.03,0.76,0.5700000000000001,0.88,249.0,10.78,6.32,15.22,0
2026-04-28 14:00:00+00:00,1.06,9.13,111172.60639623553,0.98,1.19,1.02,0.64,1.0,242.0,10.17,6.55,15.51,0
2026-04-28 14:30:00+00:00,1.1,9.72,121319.31732422422,1.01,1.28,1.19,0.65,1.03,229.0,11.02,6.92,16.12,0
2026-04-28 15:00:00+00:00,1.05,9.4,128629.92429955798,0.98,1.26,0.86,0.61,0.98,243.0,12.33,6.49,14.49,0
2026-04-28 15:30:00+00:00,1.05,9.4,120763.65583473312,0.93,1.22,1.02,0.61,0.95,242.0,9.51,6.5200000000000005,14.26,0
2026-04-28 16:00:00+00:00,1.16,10.08,129173.95910269432,1.06,1.41,0.92,0.67,1.06,230.0,12.36,6.88,15.82,0
2026-04-28 16:30:00+00:00,1.1,9.95,126049.35837075832,1.04,1.32,1.19,0.63,1.02,232.0,12.48,6.82,14.32,0
2026-04-28 17:00:00+00:00,1.05,9.35,123701.73639087573,0.95,1.22,0.76,0.61,0.96,245.0,10.2,6.49,15.88,0
2026-04-28 17:30:00+00:00,0.96,9.32,134943.64197532213,0.9,1.17,0.87,0.56,0.9,245.0,10.93,6.46,14.34,0
2026-04-28 18:00:00+00:00,0.98,10.07,128184.92358942157,0.91,1.18,0.99,0.55,0.89,231.0,12.55,6.86,14.92,0
2026-04-28 18:30:00+00:00,1.08,9.86,28030.94984717055,1.0,1.27,0.85,0.63,1.0,234.0,11.64,6.73,16.45,0
2026-04-28 19:00:00+00:00,1.0,9.43,37.122762939032704,0.93,1.22,0.6,0.55,0.91,263.0,12.03,6.0200000000000005,14.22,0
2026-04-28 19:30:00+00:00,1.04,9.59,477.1134887494613,0.93,1.16,0.77,0.5700000000000001,0.92,258.0,11.29,6.13,14.38,0
2026-04-28 20:00:00+00:00,1.02,9.75,318.2962969788205,0.91,1.19,0.58,0.54,0.88,262.0,12.35,6.0200000000000005,15.13,0
2026-04-28 20:30:00+00:00,0.97,9.89,123.91192689198157,0.93,1.19,0.62,0.55,0.91,239.0,9.63,6.63,15.46,0
2026-04-28 21:00:00+00:00,1.12,10.94,10.859278098592364,1.07,1.4,0.72,0.65,1.05,207.0,11.93,7.66,14.96,0
2026-04-28 21:30:00+00:00,1.0,10.22,283.8731698889578,0.95,1.19,0.88,0.5700000000000001,0.93,210.0,11.83,7.51,15.52,0
2026-04-28 22:00:00+00:00,1.05,10.63,142.12451881428444,1.0,1.21,0.92,0.62,0.99,191.0,10.89,8.24,14.95,0
2026-04-28 22:30:00+00:00,1.06,10.78,250.25712629245623,1.03,1.26,1.05,0.61,1.0,197.0,9.69,8.03,14.97,0
2026-04-28 23:00:00+00:00,0.99,10.53,148.30831198057157,0.95,1.21,0.59,0.58,0.93,197.0,11.81,8.040000000000001,14.03,0
2026-04-28 23:30:00+00:00,1.11,10.94,0.0,1.09,1.31,0.36,0.67,1.07,180.0,11.32,8.78,17.09,0
2026-04-29 00:00:00+00:00,1.0,10.19,25.5028685263923,0.94,1.25,0.76,0.5700000000000001,0.93,221.0,12.35,7.18,14.72,0
2026-04-29 00:30:00+00:00,1.03,10.58,213.35769271933128,0.97,1.2,0.74,0.58,0.95,208.0,12.8,7.62,14.2,0
2026-04-29 01:00:00+00:00,1.14,11.0,179.62231014182,1.1,1.39,0.62,0.67,1.09,185.0,11.18,8.52,14.96,0
2026-04-29 01:30:00+00:00,0.92,10.08,126.25647150233216,0.89,1.1,0.91,0.54,0.88,212.0,10.54,7.46,15.4,0
2026-04-29 02:00:00+00:00,1.05,10.38,51.67135763470733,1.0,1.26,1.02,0.58,0.96,227.0,12.87,6.96,14.65,0
2026-04-29 02:30:00+00:00,1.07,9.48,27.54639554155259,0.92,1.27,0.96,0.53,0.89,301.0,12.22,5.24,13.39,0
2026-04-29 03:00:00+00:00,1.19,9.66,13.86801047495071,1.09,1.4,1.12,0.64,1.05,276.0,11.02,5.74,13.54,0
2026-04-29 03:30:00+00:00,1.22,9.79,61.145192565062686,1.11,1.45,1.39,0.66,1.08,249.0,9.54,6.34,13.91,0
2026-04-29 04:00:00+00:00,1.15,9.27,55.817538521971386,1.07,1.38,0.75,0.64,1.05,254.0,7.7,6.23,14.2,0
2026-04-29 04:30:00+00:00,1.17,9.2,138.15437551617498,1.09,1.39,1.23,0.65,1.06,268.0,10.79,5.91,13.53,0
2026-04-29 05:00:00+00:00,1.15,9.43,245.74762957513545,1.07,1.39,1.14,0.63,1.04,265.0,11.19,5.96,13.99,0
2026-04-29 05:30:00+00:00,1.23,9.44,51.60681447827675,1.16,1.54,0.79,0.6900000000000001,1.13,259.0,11.3,6.12,13.75,0
2026-04-29 06:00:00+00:00,1.21,9.7,105.63428251261492,1.17,1.43,0.87,0.71,1.15,238.0,10.25,6.65,14.12,0
2026-04-29 06:30:00+00:00,1.11,8.88,0.0,0.98,1.28,1.18,0.59,0.97,303.0,9.81,5.23,14.45,0
2026-04-29 07:00:00+00:00,1.19,9.31,0.0,1.15,1.41,0.87,0.68,1.11,252.0,10.99,6.28,14.22,0
2026-04-29 07:30:00+00:00,1.21,9.52,54.21664989782846,1.11,1.42,1.08,0.66,1.08,253.0,8.4,6.28,14.32,0
2026-04-29 08:00:00+00:00,1.21,9.05,223.37608106219693,1.11,1.41,1.41,0.65,1.07,275.0,10.92,5.76,13.93,0
2026-04-29 08:30:00+00:00,1.3,8.8,0.0,1.19,1.52,1.2,0.71,1.16,289.0,9.91,5.5,13.32,0
2026-04-29 09:00:00+00:00,1.33,8.96,0.0,1.28,1.62,1.22,0.8,1.27,249.0,10.02,6.37,14.93,0
2026-04-29 09:30:00+00:00,1.28,8.950000000000001,0.0,1.2,1.52,0.64,0.73,1.18,268.0,7.63,5.92,13.61,0
2026-04-29 10:00:00+00:00,1.21,8.58,940.382013774268,1.13,1.39,1.02,0.68,1.1,276.0,8.85,5.73,14.18,0
2026-04-29 10:30:00+00:00,1.23,8.74,29.79081810668217,1.14,1.46,0.93,0.67,1.1,288.0,8.06,5.51,13.15,0
2026-04-29 11:00:00+00:00,1.35,8.92,0.0,1.27,1.61,1.25,0.79,1.26,251.0,9.62,6.3,15.83,0
2026-04-29 11:30:00+00:00,1.37,9.08,0.0,1.28,1.62,0.7000000000000001,0.79,1.26,250.0,9.66,6.34,14.35,0
2026-04-29 12:00:00+00:00,1.34,8.8,0.0,1.22,1.56,0.89,0.75,1.21,265.0,9.02,5.97,14.18,0
2026-04-29 12:30:00+00:00,1.3,8.64,33.172185255399754,1.23,1.49,0.73,0.79,1.25,239.0,9.1,6.62,13.39,0
2026-04-29 13:00:00+00:00,1.38,9.2,94.21112452098848,1.24,1.58,1.11,0.77,1.23,242.0,8.57,6.51,15.2,0
2026-04-29 13:30:00+00:00,1.25,8.89,172.6732349906728,1.17,1.48,0.61,0.74,1.18,244.0,10.67,6.51,14.55,0
2026-04-29 14:00:00+00:00,1.24,8.950000000000001,207.429612675906,1.13,1.39,1.07,0.71,1.13,249.0,10.75,6.38,13.55,0
2026-04-29 14:30:00+00:00,1.16,8.97,222.8617254176339,1.08,1.42,1.07,0.67,1.07,245.0,10.67,6.47,13.79,0
2026-04-29 15:00:00+00:00,1.27,9.54,163.54775580769504,1.17,1.48,0.8300000000000001,0.72,1.16,232.0,10.79,6.83,13.59,0
2026-04-29 15:30:00+00:00,1.11,8.74,96.7070511212646,1.03,1.32,0.95,0.62,1.01,274.0,9.47,5.75,13.21,0
2026-04-29 16:00:00+00:00,1.24,9.21,15.123730604338627,1.12,1.48,0.86,0.68,1.1,271.0,9.4,5.84,15.44,0
2026-04-29 16:30:00+00:00,1.29,9.48,0.0,1.24,1.58,0.79,0.73,1.19,246.0,10.24,6.42,14.36,0
2026-04-29 17:00:00+00:00,1.09,9.0,25.03048289557686,0.96,1.25,0.84,0.59,0.95,292.0,9.4,5.41,13.94,0
2026-04-29 17:30:00+00:00,1.18,9.37,0.0,1.1,1.38,1.0,0.67,1.08,249.0,12.0,6.36,13.72,0
2026-04-29 18:00:00+00:00,1.21,9.22,44.547494010029176,1.07,1.42,1.37,0.66,1.07,272.0,12.33,5.82,13.24,0
2026-04-29 18:30:00+00:00,1.15,9.1,0.0,1.05,1.39,0.67,0.64,1.03,269.0,10.56,5.9,13.31,0
2026-04-29 19:00:00+00:00,1.16,8.92,0.0,1.06,1.36,0.97,0.66,1.06,258.0,10.23,6.12,14.42,0
2026-04-29 19:30:00+00:00,1.11,9.08,23.94617881109581,1.02,1.32,1.23,0.61,1.0,272.0,10.87,5.82,13.43,0
2026-04-29 20:00:00+00:00,1.12,8.72,0.0,1.04,1.34,1.02,0.63,1.02,275.0,9.55,5.75,13.42,0
2026-04-29 20:30:00+00:00,1.14,8.73,0.0,1.03,1.29,0.99,0.64,1.02,284.0,9.01,5.59,14.48,0
2026-04-29 21:00:00+00:00,1.18,8.52,0.0,1.04,1.38,1.16,0.64,1.03,305.0,9.97,5.2,13.7,0
2026-04-29 21:30:00+00:00,1.29,8.76,0.0,1.19,1.57,1.11,0.71,1.17,281.0,10.12,5.63,12.71,0
2026-04-29 22:00:00+00:00,1.26,8.48,0.0,1.15,1.52,1.31,0.7000000000000001,1.13,300.0,8.57,5.29,13.35,0
2026-04-29 22:30:00+00:00,1.24,8.19,35.93031335553153,1.07,1.36,1.15,0.68,1.08,307.0,9.42,5.12,14.04,0
2026-04-29 23:00:00+00:00,1.23,8.11,221.05159032836363,1.11,1.42,0.99,0.68,1.09,319.0,8.81,4.97,12.52,0
2026-04-29 23:30:00+00:00,1.22,7.82,217.5185169503199,1.08,1.39,1.29,0.6900000000000001,1.09,324.0,10.33,4.9,14.51,0
2026-04-30 00:00:00+00:00,1.26,8.09,134.76719387181382,1.1,1.4,1.14,0.7000000000000001,1.11,316.0,10.08,4.99,12.82,1
2026-04-30 00:30:00+00:00,1.35,8.46,52.01587079330772,1.21,1.59,1.37,0.76,1.21,302.0,9.96,5.22,13.44,0
2026-04-30 01:00:00+00:00,1.25,8.19,43.46263437066597,1.13,1.45,0.66,0.71,1.13,328.0,10.94,4.83,13.14,0
2026-04-30 01:30:00+00:00,1.35,8.55,0.0,1.25,1.57,1.2,0.78,1.25,290.0,10.62,5.46,13.54,0
2026-04-30 02:00:00+00:00,1.36,8.700000000000001,0.0,1.21,1.55,1.24,0.77,1.22,298.0,9.95,5.32,12.84,0
2026-04-30 02:30:00+00:00,1.29,8.81,0.0,1.18,1.53,0.93,0.75,1.18,288.0,9.55,5.51,14.87,0
2026-04-30 03:00:00+00:00,1.31,8.8,0.0,1.16,1.46,1.55,0.75,1.17,297.0,8.89,5.32,15.32,0
2026-04-30 03:30:00+00:00,1.3,8.73,0.0,1.15,1.42,1.16,0.75,1.17,300.0,7.04,5.28,13.23,0
2026-04-30 04:00:00+00:00,1.34,9.3,0.0,1.17,1.47,1.47,0.76,1.19,301.0,8.89,5.2700000000000005,15.46,0
2026-04-30 04:30:00+00:00,1.29,9.52,0.0,1.12,1.36,0.95,0.72,1.14,291.0,14.38,5.45,16.4,0
2026-04-30 05:00:00+00:00,1.36,9.5,0.0,1.22,1.52,1.05,0.8,1.25,264.0,11.2,6.01,14.31,0
2026-04-30 05:30:00+00:00,1.4,10.31,0.0,1.27,1.59,1.4,0.79,1.25,257.0,10.62,6.12,15.37,0
2026-04-30 06:00:00+00:00,1.41,10.35,7.626245336567012,1.27,1.7,2.0,0.78,1.26,267.0,15.94,5.93,18.33,0
2026-04-30 06:30:00+00:00,1.39,9.98,0.0,1.23,1.53,1.54,0.77,1.22,283.0,10.26,5.61,16.3,0
2026-04-30 07:00:00+00:00,1.36,9.89,0.0,1.16,1.44,1.31,0.76,1.18,287.0,12.93,5.53,17.330000000000002,0
2026-04-30 07:30:00+00:00,1.45,11.14,0.0,1.24,1.58,1.33,0.78,1.25,273.0,10.83,5.79,18.25,0
2026-04-30 08:00:00+00:00,1.59,10.64,0.0,1.36,1.74,2.24,0.85,1.36,288.0,10.23,5.5200000000000005,15.87,0
2026-04-30 08:30:00+00:00,1.64,11.37,176.6701360382693,1.43,1.87,1.88,0.88,1.42,267.0,12.82,5.92,17.36,0
2026-04-30 09:00:00+00:00,1.5,10.56,328.18238665728626,1.24,1.6,1.58,0.8,1.26,295.0,13.18,5.37,17.04,0
2026-04-30 09:30:00+00:00,1.64,11.62,176.98384099836477,1.4,1.83,1.9,0.87,1.39,264.0,13.01,6.0,16.64,0
2026-04-30 10:00:00+00:00,1.8,11.95,0.0,1.54,2.05,1.92,0.97,1.55,253.0,13.8,6.26,17.18,0
2026-04-30 10:30:00+00:00,2.0,13.3,0.0,1.81,2.54,2.02,1.04,1.75,220.0,15.22,7.18,19.03,0
2026-04-30 11:00:00+00:00,2.03,13.1,0.0,1.69,2.22,1.55,1.01,1.66,227.0,16.54,6.93,18.64,0
2026-04-30 11:30:00+00:00,1.88,12.76,112.57931148386724,1.6,2.12,1.77,0.95,1.56,236.0,15.64,6.7,17.39,0
2026-04-30 12:00:00+00:00,1.78,12.52,0.0,1.53,2.14,2.14,0.91,1.51,244.0,13.18,6.48,17.490000000000002,0
2026-04-30 12:30:00+00:00,1.67,11.94,195.66178004833705,1.46,2.03,1.71,0.88,1.45,249.0,16.14,6.34,18.38,0
2026-04-30 13:00:00+00:00,1.63,12.0,16.13910140449271,1.42,1.97,1.14,0.85,1.4,251.0,14.63,6.32,18.66,0
2026-04-30 13:30:00+00:00,1.83,12.65,119.7437956141435,1.65,2.23,1.72,0.95,1.59,224.0,13.74,7.05,17.36,0
2026-04-30 14:00:00+00:00,1.8,12.96,116.0233260779972,1.71,2.25,1.32,0.99,1.64,200.0,14.0,7.94,17.900000000000002,0
2026-04-30 14:30:00+00:00,1.74,12.57,90.52614588208915,1.54,2.0,1.67,0.92,1.51,216.0,15.39,7.32,18.04,0
2026-04-30 15:00:00+00:00,1.74,12.26,0.0,1.46,1.94,1.17,0.86,1.42,231.0,14.37,6.8100000000000005,17.34,0
2026-04-30 15:30:00+00:00,1.72,12.6,0.0,1.51,2.03,1.84,0.9,1.48,212.0,14.09,7.45,17.79,0
2026-04-30 16:00:00+00:00,1.83,12.9,0.0,1.63,2.16,1.53,0.96,1.58,206.0,11.87,7.7,17.53,0
2026-04-30 16:30:00+00:00,1.92,13.1,0.0,1.78,2.31,2.15,1.05,1.72,193.0,15.42,8.19,17.490000000000002,0
2026-04-30 17:00:00+00:00,1.63,12.4,0.0,1.57,1.97,1.71,0.9,1.49,200.0,14.48,7.9,18.37,0
2026-04-30 17:30:00+00:00,1.83,13.28,4.41689664976426,1.75,2.25,1.62,1.03,1.69,172.0,14.82,9.18,18.37,0
2026-04-30 18:00:00+00:00,1.81,13.21,91.35510815409587,1.74,2.23,1.51,1.0,1.67,174.0,14.91,9.04,19.53,0
2026-04-30 18:30:00+00:00,1.78,13.38,0.0,1.58,1.97,1.7,0.91,1.52,179.0,15.89,8.75,17.89,0
2026-04-30 19:00:00+00:00,1.63,13.03,0.0,1.55,1.98,1.01,0.92,1.51,176.0,15.15,8.94,18.36,0
2026-04-30 19:30:00+00:00,1.84,13.34,0.0,1.74,2.08,1.38,1.07,1.72,156.0,14.08,10.08,18.26,0
2026-04-30 20:00:00+00:00,1.79,13.31,0.0,1.67,2.11,1.79,0.98,1.61,166.0,14.5,9.46,16.830000000000002,0
2026-04-30 20:30:00+00:00,1.82,13.39,0.0,1.74,2.15,1.53,1.05,1.7,161.0,13.65,9.87,17.6,0
2026-04-30 21:00:00+00:00,1.82,13.51,0.0,1.69,2.11,1.62,0.99,1.63,162.0,15.78,9.74,18.05,0
2026-04-30 21:30:00+00:00,2.02,13.75,0.0,1.99,2.61,1.69,1.23,1.99,142.0,14.09,11.11,18.91,0
2026-04-30 22:00:00+00:00,1.77,13.15,0.0,1.71,2.19,0.91,0.98,1.64,168.0,13.04,9.44,20.62,0
2026-04-30 22:30:00+00:00,1.86,13.42,0.0,1.87,2.41,1.45,1.1,1.8,154.0,13.71,10.29,19.15,0
2026-04-30 23:00:00+00:00,1.816801242236025,13.292014925373135,0.0,1.7,2.09,1.5179245283018867,1.0562931034482759,1.7380693069306932,160.09931506849315,14.049580665813059,9.914107142857143,17.99871700879765,1
2026-04-30 23:30:00+00:00,1.73,13.07,0.0,1.66,2.1,1.54,0.98,1.62,167.0,14.2,9.49,17.41,0
2026-05-01 00:00:00+00:00,1.61,12.87,0.0,1.5,1.99,0.88,0.91,1.48,168.0,13.56,9.43,17.91,0
2026-05-01 00:30:00+00:00,1.8,13.36,0.0,1.75,2.26,0.86,1.04,1.71,153.0,13.59,10.3,17.650000000000002,0
2026-05-01 01:00:00+00:00,1.76,13.02,0.0,1.72,2.27,0.97,1.02,1.68,156.0,12.85,10.13,17.69,0
2026-05-01 01:30:00+00:00,1.79,13.48,0.0,1.76,2.32,1.21,1.03,1.71,150.0,14.06,10.53,18.37,0
2026-05-01 02:00:00+00:00,1.83,13.44,0.0,1.72,2.18,1.16,1.03,1.69,152.0,14.2,10.4,19.12,0
2026-05-01 02:30:00+00:00,1.55,12.94,0.0,1.49,1.98,1.02,0.87,1.45,163.0,13.29,9.69,17.48,0
2026-05-01 03:00:00+00:00,1.85,13.26,0.0,1.79,2.23,0.89,1.07,1.75,151.0,12.8,10.44,18.91,0
2026-05-01 03:30:00+00:00,1.83,13.3,0.0,1.79,2.21,0.89,1.05,1.73,152.0,12.9,10.3,18.2,0
2026-05-01 04:00:00+00:00,2.05,13.5,0.0,2.04,2.5500000000000003,1.74,1.2,1.98,146.0,13.15,10.73,17.81,0
2026-05-01 04:30:00+00:00,1.77,13.38,0.0,1.7,2.26,1.04,0.94,1.61,166.0,13.95,9.48,17.8,0
2026-05-01 05:00:00+00:00,1.71,13.15,0.0,1.58,2.06,1.17,0.93,1.54,163.0,13.78,9.69,17.580000000000002,0
2026-05-01 05:30:00+00:00,1.67,13.17,0.0,1.6,2.08,0.8300000000000001,1.01,1.62,141.0,13.56,11.11,17.67,0
2026-05-01 06:00:00+00:00,1.38,12.51,0.0,1.36,1.78,0.66,0.8,1.32,165.0,11.93,9.55,18.47,0
2026-05-01 06:30:00+00:00,1.9,13.25,5.857569073585093,1.83,2.21,0.81,1.23,1.9,129.0,12.45,12.28,17.2,0
2026-05-01 07:00:00+00:00,1.63,12.66,52.63950036127752,1.57,1.89,1.01,0.97,1.57,154.0,14.75,10.23,16.65,0
2026-05-01 07:30:00+00:00,1.65,12.45,0.0,1.63,2.09,0.99,0.99,1.61,156.0,13.43,10.07,16.91,0
2026-05-01 08:00:00+00:00,1.35,12.27,0.0,1.32,1.67,0.87,0.79,1.29,170.0,12.75,9.3,17.43,0
2026-05-01 08:30:00+00:00,1.61,12.53,0.0,1.6,1.97,0.95,1.0,1.6,149.0,12.78,10.65,17.17,0
2026-05-01 09:00:00+00:00,1.75,12.13,0.0,1.71,2.13,1.38,1.08,1.72,153.0,12.87,10.36,17.39,0
2026-05-01 09:30:00+00:00,1.71,12.67,0.0,1.64,2.15,1.28,0.95,1.58,156.0,12.51,10.08,16.330000000000002,0
2026-05-01 10:00:00+00:00,1.62,12.16,0.0,1.68,2.05,0.8,1.07,1.69,146.0,13.07,10.83,16.95,0
2026-05-01 10:30:00+00:00,1.72,12.23,0.0,1.67,2.06,0.94,1.04,1.67,152.0,12.68,10.42,17.51,0
2026-05-01 11:00:00+00:00,1.73,12.26,0.0,1.69,2.17,1.04,1.01,1.65,155.0,12.25,10.18,18.32,0
2026-05-01 11:30:00+00:00,1.42,11.89,0.0,1.43,1.73,1.02,0.88,1.41,163.0,12.09,9.65,17.580000000000002,0
2026-05-01 12:00:00+00:00,1.63,12.18,0.0,1.57,1.9,1.03,0.99,1.58,157.0,11.9,10.1,16.04,0
2026-05-01 12:30:00+00:00,1.62,11.72,0.0,1.63,2.09,1.51,0.97,1.59,164.0,12.51,9.67,16.0,0
2026-05-01 13:00:00+00:00,1.49,12.03,0.0,1.48,1.78,0.59,0.9,1.45,162.0,12.09,9.77,16.06,0
2026-05-01 13:30:00+00:00,1.49,11.91,0.0,1.44,1.86,1.18,0.93,1.47,154.0,12.75,10.22,16.080000000000002,0
2026-05-01 14:00:00+00:00,1.46,11.68,0.0,1.44,1.91,1.01,0.8200000000000001,1.39,178.0,12.06,8.88,16.61,0
2026-05-01 14:30:00+00:00,1.46,11.8,0.0,1.38,1.75,1.26,0.81,1.34,175.0,12.31,9.05,16.85,0
2026-05-01 15:00:00+00:00,1.32,11.86,0.0,1.26,1.68,0.67,0.76,1.24,173.0,12.72,9.16,16.13,0
2026-05-01 15:30:00+00:00,1.57,12.01,50.27879557065684,1.51,1.97,0.98,0.95,1.52,155.0,12.67,10.22,18.1,0
2026-05-01 16:00:00+00:00,1.43,11.79,0.0,1.42,1.77,0.92,0.86,1.4,163.0,12.4,9.69,17.3,0
2026-05-01 16:30:00+00:00,1.43,11.78,2.36730331416882,1.4,1.66,0.66,0.84,1.37,167.0,12.12,9.46,15.68,0
2026-05-01 17:00:00+00:00,1.42,12.08,48.97574056071348,1.36,1.7,1.09,0.8300000000000001,1.34,165.0,11.75,9.57,15.72,0
2026-05-01 17:30:00+00:00,1.41,11.89,67.70009947974809,1.35,1.72,0.8300000000000001,0.8,1.32,173.0,12.68,9.09,17.45,0
2026-05-01 18:00:00+00:00,1.31,11.61,92.83550960432366,1.29,1.7,0.59,0.78,1.28,167.0,12.06,9.45,17.990000000000002,0
2026-05-01 18:30:00+00:00,1.48,11.82,4.965269682523691,1.46,1.93,0.48,0.89,1.45,161.0,10.54,9.8,16.39,0
2026-05-01 19:00:00+00:00,1.5,12.12,45.780700865325215,1.44,1.86,1.4,0.9,1.45,153.0,12.62,10.26,15.46,0
2026-05-01 19:30:00+00:00,1.57,11.94,0.0,1.56,1.91,0.91,0.96,1.54,158.0,11.82,10.01,16.740000000000002,0
2026-05-01 20:00:00+00:00,1.52,11.8,0.0,1.49,1.83,0.8,0.94,1.5,157.0,11.29,10.03,16.87,0
2026-05-01 20:30:00+00:00,1.65,11.95,0.0,1.62,1.92,0.73,1.05,1.64,148.0,13.05,10.69,15.38,0
2026-05-01 21:00:00+00:00,1.47,11.58,0.0,1.47,1.85,0.95,0.93,1.48,155.0,11.74,10.21,16.18,0
2026-05-01 21:30:00+00:00,1.3,11.65,0.0,1.24,1.54,0.75,0.75,1.22,170.0,11.56,9.22,15.51,0
2026-05-01 22:00:00+00:00,1.39,11.74,0.0,1.37,1.67,0.85,0.87,1.38,154.0,12.81,10.27,18.4,0
2026-05-01 22:30:00+00:00,1.58,11.88,0.0,1.58,2.0,0.32,0.96,1.57,152.0,12.04,10.37,17.32,0
2026-05-01 23:00:00+00:00,1.73,12.11,0.0,1.71,2.1,0.59,1.1,1.73,142.0,12.6,11.1,16.490000000000002,0
2026-05-01 23:30:00+00:00,1.42,11.49,0.0,1.35,1.67,0.85,0.8200000000000001,1.33,167.0,11.84,9.49,15.49,0
2026-05-02 00:00:00+00:00,1.43,11.26,0.0,1.41,1.74,0.58,0.88,1.41,158.0,12.09,10.02,16.57,0
2026-05-02 00:30:00+00:00,1.32,11.52,0.0,1.27,1.55,0.61,0.71,1.2,184.0,11.85,8.58,15.66,0
2026-05-02 01:00:00+00:00,1.3,11.57,0.0,1.26,1.53,0.6,0.81,1.28,155.0,12.35,10.11,16.09,0
2026-05-02 01:30:00+00:00,1.37,11.31,0.0,1.38,1.65,0.58,0.87,1.38,157.0,12.33,10.01,17.34,0
2026-05-02 02:00:00+00:00,1.32,11.28,0.0,1.27,1.62,0.55,0.87,1.35,150.0,11.32,10.56,15.61,0
2026-05-02 02:30:00+00:00,1.3,11.38,0.0,1.28,1.64,0.53,0.8300000000000001,1.3,157.0,11.95,10.03,16.4,0
2026-05-02 03:00:00+00:00,1.35,11.22,0.0,1.35,1.69,0.5700000000000001,0.8300000000000001,1.34,165.0,11.59,9.57,17.51,0
2026-05-02 03:30:00+00:00,1.32,10.89,0.0,1.31,1.61,0.86,0.8300000000000001,1.32,167.0,12.18,9.45,15.94,0
2026-05-02 04:00:00+00:00,1.39,11.15,0.0,1.32,1.67,0.92,0.8200000000000001,1.32,167.0,12.07,9.44,15.35,0
2026-05-02 04:30:00+00:00,1.28,10.87,0.0,1.26,1.63,0.6900000000000001,0.74,1.22,177.0,11.27,8.93,16.13,0
2026-05-02 05:00:00+00:00,1.36,10.87,0.0,1.31,1.59,0.89,0.8300000000000001,1.32,168.0,11.32,9.46,15.13,0
2026-05-02 05:30:00+00:00,1.38,10.93,0.0,1.35,1.7,0.67,0.84,1.35,169.0,10.47,9.36,14.76,0
2026-05-02 06:00:00+00:00,1.43,10.99,0.0,1.38,1.76,0.91,0.87,1.39,166.0,11.7,9.51,14.86,0
2026-05-02 06:30:00+00:00,1.25,10.25,0.0,1.21,1.41,0.67,0.8,1.24,177.0,10.84,8.93,16.73,0
2026-05-02 07:00:00+00:00,1.33,10.62,50.26147554131413,1.32,1.65,0.53,0.8200000000000001,1.31,177.0,10.75,8.97,15.61,0
2026-05-02 07:30:00+00:00,1.34,10.5,26347.92778040709,1.3,1.72,0.81,0.81,1.3,180.0,10.99,8.81,14.2,0
2026-05-02 08:00:00+00:00,1.34,10.41,146679.04922895983,1.29,1.6,0.93,0.8,1.29,187.0,11.18,8.49,13.97,0
2026-05-02 08:30:00+00:00,1.35,10.16,148396.12742960153,1.33,1.64,0.65,0.8,1.3,201.0,10.43,7.91,15.11,0
2026-05-02 09:00:00+00:00,1.32,9.79,143231.27396906473,1.27,1.57,1.03,0.71,1.2,241.0,10.49,6.5600000000000005,14.82,0
2026-05-02 09:30:00+00:00,1.24,9.96,132561.5578837286,1.21,1.46,0.88,0.72,1.18,223.0,10.07,7.1000000000000005,14.4,0
2026-05-02 10:00:00+00:00,1.35,9.8,93980.4327370331,1.22,1.63,0.97,0.6900000000000001,1.16,263.0,8.65,6.04,12.89,0
2026-05-02 10:30:00+00:00,1.3,9.1,355.35191841847933,1.17,1.53,1.41,0.71,1.14,288.0,10.66,5.48,13.64,0
2026-05-02 11:00:00+00:00,1.33,9.24,229.0605809728671,1.19,1.59,0.96,0.7000000000000001,1.16,292.0,9.37,5.42,13.13,0
2026-05-02 11:30:00+00:00,1.32,9.26,131.44681784011323,1.19,1.59,1.11,0.6900000000000001,1.15,298.0,10.1,5.3100000000000005,14.43,0
2026-05-02 12:00:00+00:00,1.28,8.72,75.68056486090916,1.17,1.53,1.05,0.7000000000000001,1.14,304.0,11.13,5.21,13.32,0
2026-05-02 12:30:00+00:00,1.29,8.68,65.7281221833724,1.17,1.5,1.08,0.71,1.14,310.0,9.15,5.1000000000000005,14.47,0
2026-05-02 13:00:00+00:00,1.34,8.67,400.5970414340078,1.22,1.59,1.49,0.74,1.2,296.0,10.81,5.3500000000000005,13.42,0
2026-05-02 13:30:00+00:00,1.44,8.44,336.64801729178305,1.3,1.74,1.76,0.77,1.27,318.0,11.87,4.97,12.8,0
2026-05-02 14:00:00+00:00,1.4,7.76,15.908530592647232,1.26,1.56,0.94,0.79,1.26,325.0,9.76,4.87,13.82,0
2026-05-02 14:30:00+00:00,1.42,7.56,0.0,1.28,1.63,1.32,0.8,1.28,336.0,12.29,4.7,13.1,0
2026-05-02 15:00:00+00:00,1.51,7.43,0.0,1.34,1.66,1.22,0.87,1.36,327.0,9.95,4.86,12.43,0
2026-05-02 15:30:00+00:00,1.57,7.67,39.54857119712561,1.45,1.76,1.39,0.93,1.46,299.0,10.53,5.3,13.0,0
2026-05-02 16:00:00+00:00,1.41,7.36,0.0,1.3,1.63,2.1,0.84,1.32,324.0,12.26,4.89,12.26,0
2026-05-02 16:30:00+00:00,1.44,8.03,0.0,1.31,1.7,0.8200000000000001,0.8200000000000001,1.31,298.0,11.16,5.3100000000000005,13.99,0
2026-05-02 17:00:00+00:00,1.45,8.040000000000001,0.0,1.36,1.71,1.17,0.8300000000000001,1.33,302.0,8.19,5.25,13.37,0
2026-05-02 17:30:00+00:00,1.36,7.77,0.0,1.28,1.58,1.22,0.79,1.27,303.0,10.5,5.23,14.13,0
2026-05-02 18:00:00+00:00,1.31,7.930000000000001,0.0,1.19,1.48,1.2,0.75,1.19,302.0,5.89,5.25,12.49,0
2026-05-02 18:30:00+00:00,1.31,7.9,27.74185437142345,1.2,1.49,0.65,0.75,1.19,300.0,9.22,5.28,13.06,0
2026-05-02 19:00:00+00:00,1.31,7.96,0.0,1.15,1.46,1.11,0.72,1.14,300.0,10.4,5.26,11.81,0
2026-05-02 19:30:00+00:00,1.33,8.05,0.0,1.25,1.5,1.44,0.78,1.24,279.0,9.02,5.67,12.56,0
2026-05-02 20:00:00+00:00,1.24,8.36,0.0,1.13,1.4,0.8,0.7000000000000001,1.12,283.0,9.09,5.61,12.58,0
2026-05-02 20:30:00+00:00,1.22,7.92,0.0,1.1,1.39,0.98,0.7000000000000001,1.11,277.0,9.19,5.71,12.14,0
2026-05-02 21:00:00+00:00,1.26,8.53,0.0,1.19,1.47,1.0,0.76,1.2,250.0,9.92,6.3500000000000005,13.03,0
2026-05-02 21:30:00+00:00,1.26,8.84,0.0,1.2,1.45,0.97,0.75,1.2,232.0,10.68,6.83,13.41,0
2026-05-02 22:00:00+00:00,1.21,8.85,0.0,1.17,1.45,0.56,0.72,1.16,230.0,8.41,6.91,14.37,0
2026-05-02 22:30:00+00:00,1.17,8.870000000000001,0.0,1.07,1.32,0.81,0.7000000000000001,1.1,226.0,8.06,6.98,12.62,0
2026-05-02 23:00:00+00:00,1.14,8.620000000000001,0.0,1.11,1.43,0.8300000000000001,0.71,1.12,218.0,10.87,7.27,12.72,0
2026-05-02 23:30:00+00:00,1.15,8.98,0.0,1.12,1.41,0.59,0.71,1.13,209.0,8.74,7.58,15.41,0
2026-05-03 00:00:00+00:00,1.16,9.01,0.0,1.12,1.5,0.46,0.6900000000000001,1.12,219.0,9.31,7.24,13.68,0
2026-05-03 00:30:00+00:00,1.16,8.96,0.0,1.08,1.39,0.53,0.67,1.09,220.0,9.65,7.21,14.34,0
2026-05-03 01:00:00+00:00,1.13,8.8,0.0,1.09,1.36,0.59,0.68,1.09,224.0,10.03,7.08,14.49,0
2026-05-03 01:30:00+00:00,1.15,8.56,0.0,1.11,1.37,0.71,0.7000000000000001,1.11,219.0,8.2,7.23,13.28,0
2026-05-03 02:00:00+00:00,1.13,8.51,0.0,1.03,1.3,0.8300000000000001,0.66,1.05,235.0,9.75,6.73,12.39,0
2026-05-03 02:30:00+00:00,1.2,8.77,0.0,1.13,1.43,0.63,0.72,1.13,223.0,9.31,7.08,13.71,0
2026-05-03 03:00:00+00:00,1.16,8.41,0.0,1.12,1.42,0.81,0.72,1.14,228.0,8.82,6.93,13.11,0
2026-05-03 03:30:00+00:00,1.19,8.47,0.0,1.13,1.45,0.79,0.68,1.11,244.0,9.89,6.49,13.12,0
2026-05-03 04:00:00+00:00,1.15,8.42,0.0,1.12,1.37,0.5700000000000001,0.7000000000000001,1.11,229.0,10.15,6.9,12.67,0
2026-05-03 04:30:00+00:00,1.13,8.23,0.0,1.07,1.33,0.65,0.68,1.08,238.0,10.02,6.66,12.88,0
2026-05-03 05:00:00+00:00,1.14,8.28,0.0,1.09,1.29,0.94,0.71,1.1,235.0,8.05,6.74,13.21,0
2026-05-03 05:30:00+00:00,1.16,8.26,0.0,1.14,1.42,1.08,0.72,1.15,239.0,10.27,6.62,12.53,0
2026-05-03 06:00:00+00:00,1.14,8.25,0.0,1.09,1.36,1.13,0.68,1.08,261.0,8.65,6.0600000000000005,12.27,0
2026-05-03 06:30:00+00:00,1.07,7.81,0.0,0.99,1.29,0.9,0.61,0.98,287.0,8.790000000000001,5.5200000000000005,12.51,0
2026-05-03 07:00:00+00:00,1.1,7.9,12.676130808537213,1.04,1.29,0.97,0.65,1.04,263.0,8.72,6.01,12.29,0
2026-05-03 07:30:00+00:00,1.18,8.41,0.0,1.15,1.44,0.77,0.71,1.14,243.0,8.6,6.5200000000000005,13.01,0
2026-05-03 08:00:00+00:00,1.06,7.76,0.0,0.99,1.22,0.75,0.6,0.96,286.0,7.82,5.54,12.65,0
2026-05-03 08:30:00+00:00,1.15,7.99,0.0,1.07,1.35,0.7000000000000001,0.65,1.05,275.0,9.8,5.78,12.56,0
2026-05-03 09:00:00+00:00,1.17,8.21,0.0,1.11,1.43,0.6900000000000001,0.67,1.09,258.0,9.09,6.16,14.44,0
2026-05-03 09:30:00+00:00,1.12,7.92,0.0,1.07,1.35,0.7000000000000001,0.64,1.04,276.0,8.13,5.74,12.24,0
2026-05-03 10:00:00+00:00,1.12,7.87,0.0,1.07,1.34,1.0,0.64,1.04,291.0,8.76,5.46,12.17,0
2026-05-03 10:30:00+00:00,1.21,8.11,0.0,1.11,1.4,0.8300000000000001,0.6900000000000001,1.1,282.0,9.45,5.62,11.52,0
2026-05-03 11:00:00+00:00,1.22,8.05,0.0,1.14,1.46,1.33,0.6900000000000001,1.12,286.0,9.23,5.55,12.05,0
2026-05-03 11:30:00+00:00,1.43,8.5,0.0,1.33,1.64,1.13,0.81,1.31,263.0,8.86,6.01,11.93,0
2026-05-03 12:00:00+00:00,1.32,7.86,0.0,1.25,1.66,0.75,0.76,1.23,289.0,8.46,5.46,11.45,0
2026-05-03 12:30:00+00:00,1.27,7.65,0.0,1.24,1.55,1.08,0.76,1.22,282.0,7.05,5.62,12.21,0
2026-05-03 13:00:00+00:00,1.29,7.91,0.0,1.19,1.6,1.15,0.73,1.19,288.0,9.76,5.48,12.77,0
2026-05-03 13:30:00+00:00,1.19,7.55,0.0,1.12,1.37,0.84,0.71,1.13,291.0,9.55,5.44,11.02,0
2026-05-03 14:00:00+00:00,1.35,7.98,0.0,1.23,1.61,0.81,0.77,1.24,289.0,9.17,5.49,12.07,0
2026-05-03 14:30:00+00:00,1.3,7.69,0.0,1.21,1.54,0.98,0.75,1.2,295.0,9.57,5.37,10.96,0
2026-05-03 15:00:00+00:00,1.3,7.4,0.0,1.14,1.44,0.84,0.72,1.14,307.0,8.620000000000001,5.15,12.8,0
2026-05-03 15:30:00+00:00,1.33,7.52,0.0,1.24,1.51,1.23,0.8,1.26,278.0,8.46,5.7,11.89,0
2026-05-03 16:00:00+00:00,1.28,7.41,0.0,1.17,1.42,0.95,0.74,1.18,289.0,8.88,5.48,11.97,0
2026-05-03 16:30:00+00:00,1.3,7.52,0.0,1.19,1.54,1.45,0.75,1.2,290.0,8.69,5.47,11.37,0
2026-05-03 17:00:00+00:00,1.26,7.390000000000001,0.0,1.22,1.51,0.61,0.78,1.23,273.0,8.23,5.79,12.92,0
2026-05-03 17:30:00+00:00,1.28,7.65,0.0,1.21,1.48,0.65,0.76,1.21,276.0,8.56,5.76,12.45,0
2026-05-03 18:00:00+00:00,1.18,7.52,0.0,1.1,1.36,0.68,0.6900000000000001,1.1,284.0,8.26,5.57,11.63,0
2026-05-03 18:30:00+00:00,1.24,7.41,0.0,1.19,1.51,0.92,0.75,1.19,286.0,7.71,5.55,13.9,0
2026-05-03 19:00:00+00:00,1.21,7.49,0.0,1.13,1.42,0.61,0.71,1.13,284.0,7.2,5.59,12.85,0
2026-05-03 19:30:00+00:00,1.26,7.32,0.0,1.18,1.44,1.06,0.75,1.19,285.0,9.07,5.54,11.58,0
2026-05-03 20:00:00+00:00,1.28,7.0,0.0,1.22,1.49,1.13,0.76,1.22,295.0,8.88,5.36,10.46,0
2026-05-03 20:30:00+00:00,1.29,7.15,0.0,1.18,1.47,0.5700000000000001,0.74,1.18,304.0,6.0,5.2,11.35,0
2026-05-03 21:00:00+00:00,1.22,6.63,0.0,1.11,1.44,1.16,0.7000000000000001,1.11,340.0,8.59,4.64,10.52,0
2026-05-03 21:30:00+00:00,1.22,6.72,0.0,1.13,1.4,1.1,0.72,1.14,319.0,6.95,4.97,10.75,0
2026-05-03 22:00:00+00:00,1.31,6.61,0.0,1.2,1.47,0.73,0.75,1.19,337.0,7.17,4.71,11.37,0
2026-05-03 22:30:00+00:00,1.34,7.01,0.0,1.26,1.61,1.18,0.79,1.26,313.0,8.33,5.07,10.92,0
2026-05-03 23:00:00+00:00,1.29,6.73,0.0,1.17,1.45,1.01,0.74,1.18,331.0,8.27,4.78,11.27,0
2026-05-03 23:30:00+00:00,1.31,6.96,0.0,1.2,1.5,1.12,0.76,1.21,306.0,8.93,5.16,11.29,0
2026-05-04 00:00:00+00:00,1.32,6.75,0.0,1.25,1.53,0.85,0.8,1.26,308.0,7.69,5.14,11.09,0
2026-05-04 00:30:00+00:00,1.32,6.83,0.0,1.25,1.54,1.17,0.8,1.26,303.0,8.18,5.24,11.28,0
2026-05-04 01:00:00+00:00,1.33,6.48,0.0,1.22,1.56,0.88,0.78,1.24,319.0,7.09,4.97,11.05,0
2026-05-04 01:30:00+00:00,1.39,6.87,0.0,1.28,1.63,0.78,0.78,1.27,327.0,6.17,4.84,11.01,0
2026-05-04 02:00:00+00:00,1.31,6.78,0.0,1.23,1.51,0.74,0.77,1.23,318.0,7.31,4.99,10.39,0
2026-05-04 02:30:00+00:00,1.37,6.69,0.0,1.31,1.64,1.32,0.8,1.29,316.0,8.370000000000001,5.01,10.09,0
2026-05-04 03:00:00+00:00,1.29,6.5,0.0,1.25,1.6,0.86,0.78,1.25,319.0,6.68,4.97,11.81,0
2026-05-04 03:30:00+00:00,1.25,6.640000000000001,0.0,1.18,1.49,0.78,0.74,1.18,318.0,6.13,4.96,11.39,0
2026-05-04 04:00:00+00:00,1.31,6.6000000000000005,0.0,1.19,1.52,0.67,0.75,1.19,324.0,7.23,4.9,10.69,0
2026-05-04 04:30:00+00:00,1.28,6.8,0.0,1.19,1.48,1.54,0.77,1.21,309.0,7.48,5.12,10.94,0
2026-05-04 05:00:00+00:00,1.24,6.78,0.0,1.17,1.46,1.33,0.72,1.15,319.0,9.43,4.97,11.74,0
2026-05-04 05:30:00+00:00,1.23,6.43,0.0,1.14,1.46,0.92,0.72,1.15,328.0,5.89,4.82,11.16,0
2026-05-04 06:00:00+00:00,1.24,6.55,146873.98104565058,1.15,1.4,1.2,0.73,1.15,323.0,5.0,4.9,10.41,0
2026-05-04 06:30:00+00:00,1.22,6.69,144242.0428678824,1.15,1.41,1.04,0.73,1.15,318.0,9.25,5.0,10.61,0
2026-05-04 07:00:00+00:00,1.16,6.36,136581.78829853548,1.07,1.32,1.01,0.67,1.07,340.0,6.47,4.66,10.65,0
2026-05-04 07:30:00+00:00,1.24,6.640000000000001,137411.99898813348,1.16,1.44,1.19,0.73,1.16,313.0,5.04,5.05,10.13,0
2026-05-04 08:00:00+00:00,1.17,6.68,134182.16202803253,1.13,1.41,0.91,0.71,1.13,307.0,6.37,5.17,11.95,0
2026-05-04 08:30:00+00:00,1.19,6.7,139184.12331123106,1.13,1.39,0.67,0.72,1.14,304.0,7.5,5.22,11.14,0
2026-05-04 09:00:00+00:00,1.16,6.79,134325.9788098677,1.09,1.37,1.16,0.68,1.09,306.0,8.19,5.18,11.61,0
2026-05-04 09:30:00+00:00,1.22,7.04,7409.524328762499,1.13,1.44,1.01,0.71,1.12,299.0,8.21,5.3,12.04,0
2026-05-04 10:00:00+00:00,1.17,6.83,26.383485369539716,1.13,1.4,0.89,0.68,1.1,315.0,8.38,5.04,12.3,0
2026-05-04 10:30:00+00:00,1.16,7.0600000000000005,183.47051460766735,1.08,1.34,0.5700000000000001,0.66,1.07,307.0,9.26,5.17,11.27,0
2026-05-04 11:00:00+00:00,1.13,6.87,71.11062250610405,1.04,1.28,0.8,0.67,1.05,300.0,6.33,5.26,10.72,0
2026-05-04 11:30:00+00:00,1.1,6.91,332.75858702919766,1.06,1.29,0.79,0.67,1.06,295.0,7.36,5.36,11.1,0
2026-05-04 12:00:00+00:00,1.09,6.76,387.6146937855108,1.01,1.28,0.86,0.63,1.01,318.0,7.15,5.0,10.98,0
2026-05-04 12:30:00+00:00,1.14,6.68,391.9297440122231,1.05,1.33,0.89,0.66,1.05,314.0,8.950000000000001,5.03,11.5,0
2026-05-04 13:00:00+00:00,1.1,6.88,453.7407282653287,1.02,1.3,0.6900000000000001,0.66,1.04,295.0,7.09,5.37,11.43,0
2026-05-04 13:30:00+00:00,1.14,6.88,292.0522678312455,1.08,1.35,0.87,0.68,1.08,304.0,6.83,5.2,13.36,0
2026-05-04 14:00:00+00:00,1.16,6.95,104.2956995188726,1.08,1.33,1.08,0.65,1.05,321.0,7.71,4.94,11.45,0
2026-05-04 14:30:00+00:00,1.2,6.7700000000000005,96.8262552307552,1.14,1.45,1.23,0.7000000000000001,1.12,316.0,6.54,5.01,11.27,0
2026-05-04 15:00:00+00:00,1.21,6.53,76.24818409587253,1.11,1.42,0.77,0.68,1.1,351.0,5.73,4.51,10.35,0
2026-05-04 15:30:00+00:00,1.15,6.3,217.5312504737083,1.05,1.32,0.88,0.67,1.06,347.0,6.62,4.58,10.8,0
2026-05-04 16:00:00+00:00,1.12,6.5600000000000005,0.0,1.07,1.34,0.8300000000000001,0.66,1.05,332.0,7.55,4.76,11.66,0
2026-05-04 16:30:00+00:00,1.14,6.87,16.76270870010985,1.07,1.32,0.76,0.66,1.06,317.0,8.83,5.0,10.17,0
2026-05-04 17:00:00+00:00,1.03,6.55,0.0,1.0,1.23,0.81,0.64,1.01,311.0,8.3,5.1000000000000005,10.31,0
2026-05-04 17:30:00+00:00,1.07,6.47,71.8821016696574,1.0,1.23,0.94,0.64,1.0,323.0,8.790000000000001,4.9,9.8,0
2026-05-04 18:00:00+00:00,1.05,6.33,8.687756162348252,0.99,1.24,0.96,0.62,0.99,339.0,7.66,4.68,10.85,0
2026-05-04 18:30:00+00:00,1.11,6.58,51.000190551357065,1.0,1.26,0.93,0.62,0.99,349.0,8.44,4.53,10.15,0
2026-05-04 19:00:00+00:00,1.06,6.11,0.0,0.98,1.24,0.94,0.63,0.99,351.0,7.56,4.53,10.49,0
2026-05-04 19:30:00+00:00,1.11,6.32,34.74381143562658,1.01,1.27,0.77,0.65,1.02,349.0,6.16,4.54,9.89,0
2026-05-04 20:00:00+00:00,1.04,5.93,22.542560229126916,0.94,1.17,0.5,0.6,0.95,371.0,8.36,4.2700000000000005,11.41,0
2026-05-04 20:30:00+00:00,1.07,6.05,0.0,0.97,1.18,1.16,0.62,0.98,363.0,5.29,4.36,11.92,0
2026-05-04 21:00:00+00:00,1.11,6.11,0.0,1.02,1.29,0.73,0.65,1.03,352.0,8.89,4.51,10.48,0
2026-05-04 21:30:00+00:00,1.06,5.92,0.0,0.97,1.18,0.98,0.63,0.99,369.0,5.08,4.3,9.51,0
2026-05-04 22:00:00+00:00,1.06,6.07,0.0,0.98,1.19,0.74,0.61,0.97,364.0,8.8,4.3500000000000005,10.37,0
2026-05-04 22:30:00+00:00,1.1,6.48,0.0,1.02,1.28,0.8,0.64,1.01,338.0,8.43,4.69,9.8,0
2026-05-04 23:00:00+00:00,1.06,6.57,0.0,1.0,1.28,1.06,0.64,1.02,313.0,7.44,5.05,10.77,0
2026-05-04 23:30:00+00:00,1.03,6.5200000000000005,0.0,0.96,1.16,0.93,0.61,0.96,323.0,7.18,4.9,11.0,0
2026-05-05 00:00:00+00:00,1.09,6.84,0.0,1.04,1.33,0.79,0.63,1.02,314.0,8.69,5.05,11.51,0
2026-05-05 00:30:00+00:00,1.09,6.95,0.0,1.02,1.31,0.64,0.64,1.02,301.0,7.85,5.26,10.7,0
2026-05-05 01:00:00+00:00,1.1,7.0,0.0,1.08,1.31,0.85,0.6900000000000001,1.09,276.0,8.45,5.75,11.05,0
2026-05-05 01:30:00+00:00,1.04,6.8100000000000005,0.0,0.97,1.18,0.6900000000000001,0.61,0.97,297.0,7.92,5.34,10.2,0
2026-05-05 02:00:00+00:00,1.07,6.88,0.0,1.01,1.24,0.78,0.63,1.01,301.0,7.640000000000001,5.26,10.08,0
2026-05-05 02:30:00+00:00,1.12,6.890000000000001,0.0,1.1,1.35,0.72,0.68,1.09,279.0,6.59,5.69,10.98,0
2026-05-05 03:00:00+00:00,1.16,7.0200000000000005,0.0,1.14,1.44,0.81,0.72,1.14,270.0,7.94,5.86,10.38,0
2026-05-05 03:30:00+00:00,1.11,6.66,0.0,1.04,1.28,0.62,0.65,1.03,301.0,7.84,5.2700000000000005,12.07,0
2026-05-05 04:00:00+00:00,1.19,6.91,0.0,1.13,1.43,0.68,0.71,1.13,283.0,7.09,5.58,10.31,0
2026-05-05 04:30:00+00:00,1.26,6.890000000000001,0.0,1.22,1.53,0.77,0.77,1.23,271.0,8.02,5.84,10.35,0
2026-05-05 05:00:00+00:00,1.2,6.8,0.0,1.17,1.5,0.7000000000000001,0.73,1.16,276.0,7.78,5.73,10.79,0
2026-05-05 05:30:00+00:00,1.25,6.96,0.0,1.18,1.44,0.75,0.77,1.2,267.0,7.33,5.95,10.45,0
2026-05-05 06:00:00+00:00,1.35,7.0200000000000005,0.0,1.29,1.65,0.56,0.81,1.29,262.0,7.38,6.04,10.9,0
2026-05-05 06:30:00+00:00,1.29,6.890000000000001,0.0,1.25,1.49,1.05,0.79,1.25,272.0,7.35,5.84,10.35,0
2026-05-05 07:00:00+00:00,1.27,6.57,0.0,1.21,1.51,0.96,0.77,1.22,290.0,5.26,5.47,9.99,0
2026-05-05 07:30:00+00:00,1.41,7.03,0.0,1.33,1.67,0.8,0.84,1.34,269.0,7.18,5.88,11.56,0
2026-05-05 08:00:00+00:00,1.32,6.76,0.0,1.22,1.51,0.8,0.78,1.23,285.0,7.03,5.5600000000000005,11.14,0
2026-05-05 08:30:00+00:00,1.4,6.96,0.0,1.34,1.65,0.58,0.85,1.35,270.0,7.38,5.86,10.26,0
2026-05-05 09:00:00+00:00,1.35,7.0200000000000005,0.0,1.32,1.66,0.79,0.81,1.31,267.0,7.52,5.9,11.12,0
2026-05-05 09:30:00+00:00,1.4,7.07,3.1683800978894485,1.34,1.68,0.96,0.84,1.34,267.0,6.84,5.94,10.86,0
2026-05-05 10:00:00+00:00,1.45,6.94,0.0,1.35,1.71,0.93,0.89,1.4,261.0,7.79,6.08,10.24,0
2026-05-05 10:30:00+00:00,1.25,6.9,0.0,1.2,1.49,1.07,0.77,1.22,266.0,7.11,5.94,10.58,0
2026-05-05 11:00:00+00:00,1.2,6.79,0.0,1.18,1.47,1.04,0.76,1.19,276.0,7.43,5.74,11.06,0
2026-05-05 11:30:00+00:00,1.25,7.0,0.0,1.18,1.46,0.99,0.74,1.17,285.0,7.0600000000000005,5.58,11.09,0
2026-05-05 12:00:00+00:00,1.16,6.98,0.0,1.13,1.44,0.85,0.71,1.14,277.0,6.87,5.72,11.27,0
2026-05-05 12:30:00+00:00,1.21,7.0,0.0,1.18,1.52,0.74,0.72,1.17,278.0,7.71,5.71,11.35,0
2026-05-05 13:00:00+00:00,1.43,7.34,0.0,1.4,1.71,0.67,0.85,1.38,263.0,6.63,6.03,10.78,0
2026-05-05 13:30:00+00:00,1.34,7.2,0.0,1.28,1.65,0.88,0.79,1.27,284.0,7.34,5.57,11.14,0
2026-05-05 14:00:00+00:00,1.56,7.38,0.0,1.51,1.9,1.21,0.96,1.53,262.0,7.75,6.0200000000000005,11.57,0
2026-05-05 14:30:00+00:00,1.38,7.07,0.0,1.3,1.62,1.23,0.8200000000000001,1.3,287.0,8.52,5.51,10.97,0
2026-05-05 15:00:00+00:00,1.51,7.27,0.0,1.41,1.8,0.88,0.86,1.39,302.0,8.790000000000001,5.26,10.72,0
2026-05-05 15:30:00+00:00,1.51,7.13,0.0,1.41,1.75,0.93,0.86,1.38,304.0,8.76,5.22,10.99,0
2026-05-05 16:00:00+00:00,1.36,6.74,0.0,1.27,1.61,0.84,0.79,1.26,329.0,7.77,4.82,11.01,0
2026-05-05 16:30:00+00:00,1.47,6.82,0.0,1.41,1.74,1.25,0.9,1.42,290.0,6.86,5.45,11.17,0
2026-05-05 17:00:00+00:00,1.45,6.72,0.0,1.36,1.7,1.33,0.87,1.37,312.0,7.0,5.08,10.93,0
2026-05-05 17:30:00+00:00,1.46,6.58,0.0,1.4,1.75,0.92,0.86,1.39,323.0,7.34,4.9,10.34,0
2026-05-05 18:00:00+00:00,1.43,6.55,0.0,1.31,1.65,0.76,0.81,1.3,334.0,6.79,4.75,10.52,0
2026-05-05 18:30:00+00:00,1.5,6.67,0.0,1.4,1.74,1.39,0.87,1.39,327.0,8.69,4.8500000000000005,10.2,0
2026-05-05 19:00:00+00:00,1.41,6.26,0.0,1.28,1.56,1.05,0.8300000000000001,1.31,341.0,7.2,4.64,10.53,0
2026-05-05 19:30:00+00:00,1.47,6.46,0.0,1.39,1.7,1.43,0.88,1.39,321.0,6.94,4.94,10.51,0
2026-05-05 20:00:00+00:00,1.57,6.62,0.0,1.49,1.83,1.08,0.95,1.5,308.0,7.81,5.14,10.21,0
2026-05-05 20:30:00+00:00,1.43,6.08,0.0,1.31,1.6,0.96,0.84,1.33,339.0,9.03,4.68,9.96,0
2026-05-05 21:00:00+00:00,1.36,5.93,0.0,1.28,1.58,1.05,0.8,1.28,349.0,5.36,4.54,9.54,0
2026-05-05 21:30:00+00:00,1.4,6.140000000000001,0.0,1.3,1.7,1.05,0.8,1.29,352.0,6.5600000000000005,4.5,10.02,0
2026-05-05 22:00:00+00:00,1.44,6.13,0.0,1.38,1.69,1.29,0.86,1.37,333.0,5.76,4.76,9.56,0
2026-05-05 22:30:00+00:00,1.34,5.98,0.0,1.25,1.53,1.2,0.8,1.26,332.0,6.5600000000000005,4.76,10.16,0
2026-05-05 23:00:00+00:00,1.36,5.92,0.0,1.29,1.58,0.66,0.8200000000000001,1.29,338.0,5.84,4.69,10.62,0
2026-05-05 23:30:00+00:00,1.42,5.92,0.0,1.34,1.62,0.86,0.87,1.36,328.0,6.0,4.84,9.04,0
2026-05-06 00:00:00+00:00,1.56,6.23,0.0,1.45,1.81,1.36,0.9,1.44,322.0,6.92,4.92,8.85,0
2026-05-06 00:30:00+00:00,1.4,6.2,0.0,1.32,1.67,1.63,0.8200000000000001,1.32,323.0,6.7700000000000005,4.92,9.35,0
2026-05-06 01:00:00+00:00,1.4,6.0600000000000005,0.0,1.3,1.67,1.24,0.8200000000000001,1.31,330.0,6.8500000000000005,4.8100000000000005,8.75,0
2026-05-06 01:30:00+00:00,1.37,6.23,0.0,1.31,1.63,0.51,0.8300000000000001,1.31,307.0,6.6000000000000005,5.15,11.19,0
2026-05-06 02:00:00+00:00,1.38,6.21,0.0,1.3,1.62,1.18,0.8300000000000001,1.31,307.0,7.46,5.16,10.14,0
2026-05-06 02:30:00+00:00,1.44,6.68,0.0,1.34,1.65,1.26,0.85,1.34,294.0,7.8,5.37,9.98,0
2026-05-06 03:00:00+00:00,1.38,6.58,0.0,1.34,1.7,0.97,0.86,1.36,284.0,5.67,5.59,9.2,0
2026-05-06 03:30:00+00:00,1.42,6.640000000000001,0.0,1.37,1.69,0.77,0.89,1.39,281.0,6.5,5.64,9.6,0
2026-05-06 04:00:00+00:00,1.36,6.68,0.0,1.33,1.71,0.85,0.8,1.31,294.0,6.9,5.37,10.28,0
2026-05-06 04:30:00+00:00,1.4,6.51,0.0,1.34,1.64,0.89,0.84,1.34,290.0,6.890000000000001,5.45,10.4,0
2026-05-06 05:00:00+00:00,1.39,6.61,0.0,1.3,1.57,0.74,0.84,1.32,282.0,6.86,5.62,10.57,0
2026-05-06 05:30:00+00:00,1.34,6.72,0.0,1.3,1.61,0.6900000000000001,0.8200000000000001,1.3,274.0,6.11,5.78,10.65,0
2026-05-06 06:00:00+00:00,1.33,6.69,0.0,1.25,1.54,1.04,0.81,1.27,281.0,8.42,5.65,9.9,0
2026-05-06 06:30:00+00:00,1.27,6.72,0.0,1.18,1.44,0.84,0.75,1.18,278.0,6.17,5.68,11.23,0
2026-05-06 07:00:00+00:00,1.23,6.54,0.0,1.18,1.42,0.76,0.76,1.2,279.0,6.92,5.67,10.38,0
2026-05-06 07:30:00+00:00,1.22,6.51,0.0,1.18,1.45,0.88,0.74,1.18,283.0,6.62,5.6000000000000005,10.49,0
2026-05-06 08:00:00+00:00,1.25,6.58,0.0,1.19,1.49,0.9,0.77,1.2,278.0,6.33,5.7,10.3,0
2026-05-06 08:30:00+00:00,1.24,6.5600000000000005,0.0,1.2,1.45,0.95,0.78,1.22,278.0,6.79,5.69,10.55,0
2026-05-06 09:00:00+00:00,1.15,6.41,0.0,1.1,1.39,0.42,0.7000000000000001,1.11,287.0,6.95,5.5200000000000005,10.24,0
2026-05-06 09:30:00+00:00,1.07,6.3100000000000005,0.0,1.02,1.25,1.0,0.66,1.04,301.0,7.16,5.2700000000000005,10.69,0
2026-05-06 10:00:00+00:00,1.14,6.46,0.0,1.08,1.33,0.71,0.7000000000000001,1.1,291.0,6.640000000000001,5.45,10.19,0
2026-05-06 10:30:00+00:00,1.21,6.66,0.0,1.14,1.43,0.97,0.7000000000000001,1.12,299.0,4.94,5.29,9.61,0
2026-05-06 11:00:00+00:00,1.14,6.25,0.0,1.07,1.35,0.81,0.66,1.06,338.0,6.37,4.69,9.62,0
2026-05-06 11:30:00+00:00,1.2,6.05,0.0,1.12,1.42,1.01,0.7000000000000001,1.12,351.0,6.24,4.5200000000000005,9.18,0
2026-05-06 12:00:00+00:00,1.15,5.84,0.0,1.1,1.38,1.66,0.7000000000000001,1.1,350.0,6.08,4.53,8.790000000000001,0
2026-05-06 12:30:00+00:00,1.11,5.4,0.0,1.05,1.31,0.76,0.65,1.04,402.0,7.17,3.95,10.25,0
2026-05-06 13:00:00+00:00,1.14,5.36,0.0,1.05,1.27,0.76,0.67,1.06,390.0,6.98,4.0600000000000005,9.24,0
2026-05-06 13:30:00+00:00,1.14,5.05,0.0,1.07,1.3,0.97,0.68,1.07,408.0,4.7,3.89,9.11,0
2026-05-06 14:00:00+00:00,1.15,4.88,0.0,1.06,1.26,0.77,0.6900000000000001,1.07,417.0,4.88,3.81,8.620000000000001,0
2026-05-06 14:30:00+00:00,1.2,4.89,0.0,1.12,1.36,0.72,0.72,1.13,413.0,6.5600000000000005,3.84,8.13,0
2026-05-06 15:00:00+00:00,1.24,4.75,0.0,1.16,1.45,0.89,0.74,1.17,419.0,4.63,3.79,9.15,0
2026-05-06 15:30:00+00:00,1.3,4.79,0.0,1.19,1.44,0.76,0.77,1.21,417.0,5.46,3.8,8.28,0
2026-05-06 16:00:00+00:00,1.33,4.84,0.0,1.2,1.54,1.25,0.76,1.21,420.0,4.95,3.78,8.19,0
2026-05-06 16:30:00+00:00,1.33,4.86,0.0,1.22,1.52,0.88,0.79,1.24,414.0,5.17,3.83,8.15,0
2026-05-06 17:00:00+00:00,1.41,4.99,0.0,1.33,1.69,0.91,0.8200000000000001,1.32,412.0,5.16,3.85,8.99,0
2026-05-06 17:30:00+00:00,1.44,4.97,0.0,1.36,1.71,0.93,0.87,1.38,383.0,5.75,4.15,8.76,0
2026-05-06 18:00:00+00:00,1.38,4.97,0.0,1.28,1.6,1.18,0.84,1.31,384.0,5.17,4.13,7.82,0
2026-05-06 18:30:00+00:00,1.36,4.86,0.0,1.26,1.56,0.99,0.81,1.28,400.0,4.95,3.97,8.05,0
2026-05-06 19:00:00+00:00,1.32,4.91,0.0,1.24,1.58,0.8,0.8,1.26,394.0,5.2,4.03,8.35,0
2026-05-06 19:30:00+00:00,1.33,4.91,0.0,1.23,1.53,1.13,0.79,1.25,398.0,5.67,3.99,8.93,0
2026-05-06 20:00:00+00:00,1.33,5.05,0.0,1.25,1.5,0.5700000000000001,0.8200000000000001,1.28,377.0,5.49,4.2,8.21,0
2026-05-06 20:30:00+00:00,1.31,5.05,0.0,1.22,1.49,0.88,0.78,1.23,382.0,5.47,4.15,8.120000000000001,0
2026-05-06 21:00:00+00:00,1.26,5.14,0.0,1.19,1.48,1.11,0.76,1.2,370.0,5.21,4.28,8.09,0
2026-05-06 21:30:00+00:00,1.14,5.24,0.0,1.04,1.27,1.04,0.65,1.04,380.0,4.14,4.17,8.290000000000001,0
2026-05-06 22:00:00+00:00,1.07,5.19,0.0,1.01,1.27,0.59,0.64,1.02,375.0,4.68,4.22,8.98,0
2026-05-06 22:30:00+00:00,0.98,5.3,0.0,0.92,1.13,0.65,0.6,0.94,358.0,5.3100000000000005,4.42,9.05,0
2026-05-06 23:00:00+00:00,0.99,5.51,0.0,0.94,1.16,0.66,0.62,0.96,332.0,6.09,4.76,9.21,0
2026-05-06 23:30:00+00:00,0.97,5.59,0.0,0.95,1.19,0.61,0.58,0.94,343.0,5.49,4.63,9.75,0
2026-05-07 00:00:00+00:00,0.97,5.68,0.0,0.92,1.16,0.78,0.59,0.94,322.0,5.4,4.92,9.92,1
2026-05-07 00:30:00+00:00,0.99,5.68,0.0,0.95,1.13,0.45,0.61,0.95,322.0,5.0200000000000005,4.9,11.39,0
2026-05-07 01:00:00+00:00,0.96,5.66,0.0,0.91,1.14,0.59,0.58,0.91,340.0,5.45,4.65,9.39,0
2026-05-07 01:30:00+00:00,0.93,5.59,0.0,0.87,1.08,0.71,0.56,0.88,343.0,5.59,4.61,8.86,0
2026-05-07 02:00:00+00:00,0.96,5.64,0.0,0.92,1.11,0.49,0.6,0.93,330.0,4.4,4.8100000000000005,10.14,0
2026-05-07 02:30:00+00:00,0.94,5.69,0.0,0.89,1.08,0.51,0.59,0.92,327.0,4.89,4.8500000000000005,8.59,0
2026-05-07 03:00:00+00:00,0.98,5.72,0.0,0.93,1.15,0.64,0.6,0.94,327.0,5.62,4.8500000000000005,9.47,0
2026-05-07 03:30:00+00:00,0.96,5.73,0.0,0.91,1.13,0.67,0.6,0.93,333.0,5.95,4.7700000000000005,9.15,0
2026-05-07 04:00:00+00:00,0.96,5.75,0.0,0.9,1.11,0.63,0.59,0.92,327.0,5.15,4.8500000000000005,10.28,0
2026-05-07 04:30:00+00:00,0.95,5.55,0.0,0.89,1.09,0.66,0.5700000000000001,0.9,352.0,5.82,4.51,8.790000000000001,0
2026-05-07 05:00:00+00:00,0.96,5.37,0.0,0.9,1.11,0.34,0.58,0.91,362.0,5.22,4.39,9.64,0
2026-05-07 05:30:00+00:00,0.94,5.44,307.5697407058482,0.89,1.12,0.64,0.5700000000000001,0.9,362.0,5.3,4.37,9.33,0
2026-05-07 06:00:00+00:00,0.91,5.2700000000000005,144127.60658523865,0.84,1.05,0.56,0.56,0.87,363.0,5.18,4.37,9.17,0
2026-05-07 06:30:00+00:00,0.88,5.75,143204.6231920163,0.84,1.04,0.51,0.53,0.84,349.0,6.5600000000000005,4.55,9.97,0
2026-05-07 07:00:00+00:00,0.88,5.72,138200.18478523524,0.81,0.95,0.63,0.54,0.84,337.0,6.97,4.7,9.45,0
2026-05-07 07:30:00+00:00,0.89,5.66,126174.71892565613,0.8300000000000001,1.02,0.74,0.54,0.84,353.0,5.62,4.49,10.17,0
2026-05-07 08:00:00+00:00,0.92,5.92,143928.86577477294,0.85,1.02,0.7000000000000001,0.55,0.86,337.0,5.87,4.7,10.96,0
2026-05-07 08:30:00+00:00,0.92,6.03,129573.01844348176,0.86,1.06,0.49,0.55,0.87,333.0,5.88,4.76,10.63,0
2026-05-07 09:00:00+00:00,0.91,6.0600000000000005,122332.03830884618,0.86,1.09,0.7000000000000001,0.56,0.87,316.0,6.3100000000000005,5.01,10.62,0
2026-05-07 09:30:00+00:00,0.89,5.97,130464.22810430192,0.85,1.03,0.7000000000000001,0.56,0.87,311.0,5.95,5.1000000000000005,8.99,0
2026-05-07 10:00:00+00:00,0.95,6.390000000000001,128474.27795238496,0.9,1.12,0.7000000000000001,0.58,0.91,299.0,6.75,5.3100000000000005,11.2,0
2026-05-07 10:30:00+00:00,0.92,6.01,131471.82429530515,0.87,1.12,0.5700000000000001,0.56,0.89,317.0,5.62,4.99,10.74,0
2026-05-07 11:00:00+00:00,0.93,6.07,120229.53742128825,0.9,1.12,0.48,0.58,0.91,307.0,5.5200000000000005,5.17,10.77,0
2026-05-07 11:30:00+00:00,0.93,6.07,91089.25881669024,0.9,1.11,0.58,0.59,0.92,307.0,6.87,5.16,9.91,0
2026-05-07 12:00:00+00:00,0.93,6.0200000000000005,0.0,0.88,1.08,0.53,0.58,0.9,320.0,7.43,4.96,9.56,0
2026-05-07 12:30:00+00:00,0.96,6.24,1040.876544719411,0.91,1.13,0.6,0.5700000000000001,0.91,309.0,5.58,5.12,10.3,0
2026-05-07 13:00:00+00:00,0.91,6.37,2011.560075797752,0.88,1.1,0.42,0.56,0.88,300.0,5.78,5.29,10.59,0
2026-05-07 13:30:00+00:00,0.8200000000000001,6.18,272.09822578674533,0.79,0.97,0.67,0.49,0.78,325.0,5.45,4.87,10.49,0
2026-05-07 14:00:00+00:00,0.8300000000000001,6.29,730.3028367255523,0.8,0.96,0.93,0.52,0.81,294.0,6.38,5.39,10.44,0
2026-05-07 14:30:00+00:00,0.8300000000000001,6.2700000000000005,1943.8499423992696,0.79,0.99,0.47,0.5,0.79,319.0,7.47,4.95,10.55,0
2026-05-07 15:00:00+00:00,0.87,6.2,1567.41155150343,0.8200000000000001,1.01,0.61,0.51,0.8200000000000001,329.0,7.12,4.83,9.39,0
2026-05-07 15:30:00+00:00,0.88,6.43,1265.6365453532237,0.84,1.07,0.47,0.51,0.8200000000000001,324.0,7.43,4.89,10.02,0
2026-05-07 16:00:00+00:00,0.76,6.24,1102.8662083374406,0.74,0.9,0.48,0.47,0.74,322.0,7.17,4.92,10.66,0
2026-05-07 16:30:00+00:00,0.76,6.3100000000000005,472.5217460134539,0.72,0.89,0.61,0.45,0.71,323.0,7.79,4.91,10.46,0
2026-05-07 17:00:00+00:00,0.77,6.25,98.49250369701522,0.74,0.9,0.61,0.46,0.73,326.0,6.5,4.8500000000000005,10.01,0
2026-05-07 17:30:00+00:00,0.73,6.19,0.0,0.6900000000000001,0.84,0.43,0.45,0.71,328.0,6.3500000000000005,4.83,11.54,0
2026-05-07 18:00:00+00:00,0.76,6.15,66.44432987034092,0.7000000000000001,0.88,0.65,0.44,0.7000000000000001,337.0,6.49,4.7,10.2,0
2026-05-07 18:30:00+00:00,0.78,6.37,65.45139598392919,0.75,0.95,0.5700000000000001,0.46,0.74,338.0,7.04,4.67,10.09,0
2026-05-07 19:00:00+00:00,0.75,6.26,49.37857377700985,0.7000000000000001,0.9,0.44,0.43,0.6900000000000001,347.0,5.5600000000000005,4.55,10.25,0
2026-05-07 19:30:00+00:00,0.76,6.34,0.0,0.7000000000000001,0.86,0.61,0.45,0.71,335.0,7.17,4.73,11.66,0
2026-05-07 20:00:00+00:00,0.78,6.21,0.0,0.75,0.93,0.59,0.47,0.75,334.0,5.8100000000000005,4.73,9.98,0
2026-05-07 20:30:00+00:00,0.72,6.04,0.0,0.68,0.85,0.51,0.43,0.6900000000000001,340.0,8.14,4.66,9.88,0
2026-05-07 21:00:00+00:00,0.76,6.17,0.0,0.6900000000000001,0.9,0.66,0.44,0.7000000000000001,343.0,7.11,4.62,9.8,0
2026-05-07 21:30:00+00:00,0.81,6.49,0.0,0.78,0.95,0.43,0.5,0.79,300.0,7.21,5.29,10.88,0
2026-05-07 22:00:00+00:00,0.75,6.33,29.605157431804777,0.7000000000000001,0.89,0.6,0.44,0.7000000000000001,322.0,6.61,4.92,10.86,0
2026-05-07 22:30:00+00:00,0.81,6.5,20.80426590140603,0.78,0.91,0.77,0.5,0.79,296.0,6.73,5.37,9.97,0
2026-05-07 23:00:00+00:00,0.77,6.48,162.65057831994113,0.74,0.88,0.42,0.46,0.73,305.0,6.23,5.18,12.37,0
2026-05-07 23:30:00+00:00,0.74,6.5200000000000005,115.09397037017943,0.71,0.88,0.41,0.45,0.71,296.0,7.22,5.3500000000000005,10.6,0
2026-05-08 00:00:00+00:00,0.78,6.62,0.0,0.75,0.93,0.36,0.49,0.76,276.0,5.98,5.73,10.18,0
2026-05-08 00:30:00+00:00,0.74,6.4,0.0,0.71,0.9,0.5,0.46,0.72,296.0,7.140000000000001,5.37,11.48,0
2026-05-08 01:00:00+00:00,0.77,6.53,0.0,0.74,0.9,0.37,0.49,0.76,284.0,6.59,5.59,11.13,0
2026-05-08 01:30:00+00:00,0.75,6.53,0.0,0.72,0.84,0.49,0.47,0.73,278.0,6.8500000000000005,5.68,11.18,0
2026-05-08 02:00:00+00:00,0.78,6.73,0.0,0.74,0.9,0.43,0.48,0.75,283.0,6.5600000000000005,5.6000000000000005,10.61,0
2026-05-08 02:30:00+00:00,0.73,6.36,0.0,0.67,0.88,0.31,0.43,0.68,309.0,6.9,5.14,9.4,0
2026-05-08 03:00:00+00:00,0.74,6.84,0.0,0.72,0.88,0.52,0.46,0.72,288.0,6.82,5.5,11.22,0
2026-05-08 03:30:00+00:00,0.73,6.47,0.0,0.68,0.84,0.36,0.45,0.7000000000000001,292.0,7.95,5.41,11.31,0
2026-05-08 04:00:00+00:00,0.7000000000000001,6.47,0.0,0.66,0.8200000000000001,0.29,0.43,0.67,296.0,7.61,5.3500000000000005,11.93,0
2026-05-08 04:30:00+00:00,0.6900000000000001,6.62,0.0,0.65,0.8200000000000001,0.39,0.43,0.67,290.0,7.03,5.46,10.89,0
2026-05-08 05:00:00+00:00,0.6900000000000001,6.8100000000000005,0.0,0.66,0.79,0.37,0.43,0.68,277.0,9.05,5.72,12.3,0
2026-05-08 05:30:00+00:00,0.62,6.82,0.0,0.61,0.75,0.44,0.4,0.62,281.0,7.29,5.65,10.84,0
2026-05-08 06:00:00+00:00,0.63,7.08,0.0,0.59,0.74,0.4,0.38,0.6,280.0,6.17,5.62,13.58,0
2026-05-08 06:30:00+00:00,0.65,7.15,0.0,0.61,0.75,0.34,0.39,0.62,279.0,6.62,5.68,11.95,0
2026-05-08 07:00:00+00:00,0.67,7.52,0.0,0.64,0.8,0.42,0.42,0.65,264.0,6.16,5.99,11.94,0
2026-05-08 07:30:00+00:00,0.67,7.16,2820.6941891076594,0.64,0.79,0.38,0.41,0.65,277.0,7.58,5.72,15.44,0
2026-05-08 08:00:00+00:00,0.66,7.7,1066.582842574618,0.61,0.76,0.7000000000000001,0.37,0.6,311.0,7.23,5.1000000000000005,14.74,0
2026-05-08 08:30:00+00:00,0.65,7.27,987.8453935628006,0.59,0.74,0.8200000000000001,0.38,0.59,322.0,6.49,4.92,12.71,0
2026-05-08 09:00:00+00:00,0.67,7.45,1037.9114909439415,0.64,0.8,0.59,0.4,0.63,313.0,9.75,5.07,14.26,0
2026-05-08 09:30:00+00:00,0.73,6.62,1241.7955445976888,0.67,0.8300000000000001,0.65,0.42,0.66,399.0,7.01,3.97,11.78,0
2026-05-08 10:00:00+00:00,0.72,6.8100000000000005,1179.8319137561425,0.67,0.8200000000000001,0.89,0.43,0.68,363.0,8.78,4.37,13.03,0
2026-05-08 10:30:00+00:00,0.81,6.51,1040.542822017267,0.72,0.9,0.84,0.46,0.73,402.0,7.49,3.94,11.78,0
2026-05-08 11:00:00+00:00,0.87,5.4,1123.035909748074,0.79,0.95,0.7000000000000001,0.52,0.81,438.0,4.21,3.62,9.21,0
2026-05-08 11:30:00+00:00,0.87,6.1000000000000005,1274.27197128607,0.76,0.94,0.5700000000000001,0.51,0.79,421.0,7.87,3.76,13.66,0
2026-05-08 12:00:00+00:00,0.88,6.82,1283.9979999571228,0.78,0.98,0.85,0.51,0.8,371.0,7.12,4.2700000000000005,11.01,0
2026-05-08 12:30:00+00:00,0.79,6.34,1236.4135148224316,0.7000000000000001,0.87,0.54,0.46,0.72,398.0,6.17,3.98,11.74,0
2026-05-08 13:00:00+00:00,0.79,6.5200000000000005,1177.4388991202472,0.71,0.89,0.8,0.46,0.72,396.0,8.22,4.01,12.94,0
2026-05-08 13:30:00+00:00,0.8200000000000001,5.97,1170.5546113216578,0.76,0.93,0.8,0.49,0.77,378.0,3.91,4.21,12.68,0
2026-05-08 14:00:00+00:00,0.9,6.29,1173.1194274602767,0.8200000000000001,1.02,0.8,0.55,0.85,370.0,4.54,4.29,13.24,0
2026-05-08 14:30:00+00:00,0.93,6.86,1033.2701894675067,0.81,0.97,0.93,0.55,0.84,368.0,3.8,4.3,13.05,0
2026-05-08 15:00:00+00:00,0.89,6.16,2620.738538555164,0.8200000000000001,1.02,1.08,0.54,0.8300000000000001,393.0,4.86,4.03,13.79,0
2026-05-08 15:30:00+00:00,0.93,6.28,144.52340260523908,0.8,1.03,0.84,0.53,0.8300000000000001,373.0,5.03,4.22,12.98,0
2026-05-08 16:00:00+00:00,0.98,6.47,0.0,0.86,1.07,0.93,0.5700000000000001,0.89,354.0,4.51,4.45,12.96,0
2026-05-08 16:30:00+00:00,0.97,6.69,0.0,0.87,1.04,0.67,0.5700000000000001,0.89,346.0,4.37,4.59,12.02,0
2026-05-08 17:00:00+00:00,0.95,7.140000000000001,0.0,0.85,1.04,0.64,0.56,0.86,345.0,6.24,4.6000000000000005,15.95,0
2026-05-08 17:30:00+00:00,0.9,6.84,0.0,0.8200000000000001,0.99,0.93,0.55,0.85,339.0,5.21,4.68,13.77,0
2026-05-08 18:00:00+00:00,0.96,6.88,0.0,0.86,1.01,0.81,0.58,0.89,323.0,9.86,4.91,13.33,0
2026-05-08 18:30:00+00:00,0.89,6.65,41.63618702925124,0.8200000000000001,1.03,0.64,0.54,0.84,340.0,9.2,4.67,12.79,0
2026-05-08 19:00:00+00:00,0.94,8.2,0.0,0.8200000000000001,0.99,1.1,0.55,0.85,293.0,7.65,5.41,14.28,0
2026-05-08 19:30:00+00:00,0.86,7.94,77.82961638536369,0.75,0.91,0.75,0.5,0.77,304.0,9.29,5.21,14.77,0
2026-05-08 20:00:00+00:00,0.89,8.35,91.5625165318615,0.81,1.0,0.94,0.54,0.84,278.0,4.84,5.7,16.23,0
2026-05-08 20:30:00+00:00,0.88,8.39,68.0623403453483,0.8,1.01,0.91,0.5,0.8,299.0,12.49,5.3100000000000005,14.23,0
2026-05-08 21:00:00+00:00,0.79,8.25,0.0,0.7000000000000001,0.86,0.91,0.46,0.72,307.0,9.73,5.14,13.9,0
2026-05-08 21:30:00+00:00,0.78,7.85,0.0,0.7000000000000001,0.87,0.61,0.44,0.71,349.0,5.45,4.54,14.13,0
2026-05-08 22:00:00+00:00,0.8,8.120000000000001,0.0,0.72,0.89,0.8200000000000001,0.46,0.72,336.0,12.97,4.72,14.39,0
2026-05-08 22:30:00+00:00,0.8200000000000001,8.67,0.0,0.6900000000000001,0.88,0.7000000000000001,0.43,0.68,349.0,12.64,4.53,15.74,0
2026-05-08 23:00:00+00:00,0.78,8.75,54.51107745326633,0.7000000000000001,0.89,0.45,0.44,0.7000000000000001,312.0,12.41,5.08,15.45,0
2026-05-08 23:30:00+00:00,0.84,8.48,61.75163710886548,0.73,0.91,1.05,0.46,0.73,358.0,13.52,4.42,14.88,0
2026-05-09 00:00:00+00:00,0.93,8.08,5.2903250539674,0.8,1.02,0.96,0.52,0.8200000000000001,370.0,6.55,4.28,14.92,0
2026-05-09 00:30:00+00:00,0.95,8.28,0.0,0.8300000000000001,1.05,0.99,0.53,0.84,345.0,10.13,4.59,14.0,0
2026-05-09 01:00:00+00:00,1.04,8.370000000000001,0.0,0.86,1.1,1.01,0.56,0.88,326.0,12.51,4.84,12.9,0
2026-05-09 01:30:00+00:00,1.03,7.55,0.0,0.94,1.2,1.33,0.61,0.96,326.0,12.32,4.86,14.89,0
2026-05-09 02:00:00+00:00,1.05,7.45,0.0,0.95,1.17,0.95,0.62,0.97,320.0,5.26,4.97,14.66,0
2026-05-09 02:30:00+00:00,1.1,7.77,0.0,0.98,1.21,1.02,0.63,0.99,317.0,5.04,4.98,14.77,0
2026-05-09 03:00:00+00:00,1.19,6.97,0.0,1.03,1.26,1.69,0.66,1.04,359.0,11.54,4.41,11.54,0
2026-05-09 03:30:00+00:00,1.33,6.2700000000000005,0.0,1.2,1.5,1.46,0.77,1.22,356.0,6.59,4.45,11.16,0
2026-05-09 04:00:00+00:00,1.37,6.7700000000000005,0.0,1.24,1.53,0.79,0.81,1.27,338.0,9.93,4.68,12.89,0
2026-05-09 04:30:00+00:00,1.39,7.13,0.0,1.29,1.56,1.18,0.85,1.33,306.0,6.5600000000000005,5.17,13.84,0
2026-05-09 05:00:00+00:00,1.62,6.8100000000000005,0.0,1.52,1.85,1.48,0.99,1.54,299.0,5.32,5.29,12.7,0
2026-05-09 05:30:00+00:00,1.8,7.07,0.0,1.68,2.16,1.2,1.08,1.7,284.0,6.22,5.59,13.16,0
2026-05-09 06:00:00+00:00,2.2,7.46,0.0,2.08,2.61,1.75,1.36,2.13,257.0,7.21,6.17,12.38,0
2026-05-09 06:30:00+00:00,2.54,7.8,0.0,2.47,3.14,1.42,1.52,2.45,249.0,7.97,6.36,12.99,0
2026-05-09 07:00:00+00:00,2.38,7.62,29.420759031359207,2.23,2.82,1.41,1.41,2.24,258.0,7.79,6.15,12.65,0
2026-05-09 07:30:00+00:00,2.41,7.71,0.0,2.27,2.72,1.4,1.5,2.33,242.0,7.640000000000001,6.54,12.95,0
2026-05-09 08:00:00+00:00,2.31,7.54,0.0,2.21,2.67,1.16,1.42,2.24,257.0,7.51,6.17,12.07,0
2026-05-09 08:30:00+00:00,2.34,7.71,62.864987470982285,2.25,2.98,1.39,1.37,2.23,267.0,7.77,5.93,13.12,0
2026-05-09 09:00:00+00:00,2.5,7.59,119.34401959975852,2.32,2.97,1.11,1.47,2.33,259.0,8.01,6.11,13.43,0
2026-05-09 09:30:00+00:00,2.09,7.26,49.73266030958661,1.98,2.46,1.47,1.24,1.98,279.0,7.33,5.67,12.14,0
2026-05-09 10:00:00+00:00,2.21,7.21,109.3447251088367,2.11,2.62,1.75,1.31,2.1,281.0,8.49,5.65,12.21,0
2026-05-09 10:30:00+00:00,2.24,7.35,71.82174027156603,2.07,2.52,1.14,1.33,2.09,274.0,7.28,5.78,12.86,0
2026-05-09 11:00:00+00:00,2.16,7.4,47.23725876233539,2.03,2.49,1.59,1.28,2.04,271.0,6.63,5.8500000000000005,12.29,0
2026-05-09 11:30:00+00:00,1.99,7.62,3.220425945843581,1.86,2.36,1.43,1.22,1.91,254.0,7.76,6.25,12.63,0
2026-05-09 12:00:00+00:00,1.98,8.07,5.894164267381688,1.9,2.32,0.75,1.22,1.92,235.0,7.97,6.74,13.08,0
2026-05-09 12:30:00+00:00,1.97,7.98,0.0,1.92,2.47,1.21,1.2,1.92,240.0,7.51,6.58,12.84,0
2026-05-09 13:00:00+00:00,1.97,7.99,260.3769742158534,1.88,2.39,1.86,1.2,1.89,238.0,6.75,6.640000000000001,12.73,0
2026-05-09 13:30:00+00:00,1.83,8.1,261.6392769368058,1.71,2.12,1.3,1.1,1.73,247.0,6.59,6.4,12.51,0
2026-05-09 14:00:00+00:00,1.85,8.0,79.60313661766845,1.74,2.19,1.55,1.08,1.73,256.0,7.7,6.2,13.24,0
2026-05-09 14:30:00+00:00,1.74,7.48,0.0,1.62,2.0,1.02,1.05,1.65,273.0,7.67,5.8100000000000005,13.07,0
2026-05-09 15:00:00+00:00,1.81,7.86,172.47705937288316,1.71,2.23,1.41,1.07,1.71,270.0,6.49,5.84,11.77,0
2026-05-09 15:30:00+00:00,1.88,7.7,171.04026914540512,1.78,2.15,1.38,1.14,1.8,251.0,6.67,6.3,13.35,0
2026-05-09 16:00:00+00:00,1.89,7.58,180.77666776926827,1.74,2.22,1.58,1.07,1.72,287.0,7.57,5.5200000000000005,11.61,0
2026-05-09 16:30:00+00:00,2.05,7.34,0.0,1.89,2.33,1.87,1.22,1.91,286.0,9.94,5.55,12.52,0
2026-05-09 17:00:00+00:00,2.13,6.92,0.0,1.99,2.5,1.57,1.27,2.0,292.0,5.2700000000000005,5.43,11.24,0
2026-05-09 17:30:00+00:00,2.04,6.67,0.0,1.92,2.41,1.85,1.19,1.9,311.0,7.28,5.09,12.1,0
2026-05-09 18:00:00+00:00,2.2,6.99,0.0,2.09,2.6,1.56,1.31,2.09,293.0,8.92,5.4,12.12,0
2026-05-09 18:30:00+00:00,2.16,7.0,26.220736631855715,2.03,2.5500000000000003,1.39,1.28,2.04,296.0,5.64,5.36,12.07,0
2026-05-09 19:00:00+00:00,2.42,7.0,0.0,2.25,2.68,1.51,1.44,2.27,277.0,7.88,5.71,12.59,0
2026-05-09 19:30:00+00:00,2.46,7.05,0.0,2.33,2.97,2.4,1.47,2.34,285.0,7.09,5.55,12.17,0
2026-05-09 20:00:00+00:00,2.48,7.09,0.0,2.3000000000000003,2.93,2.21,1.45,2.32,287.0,7.69,5.5200000000000005,10.68,0
2026-05-09 20:30:00+00:00,2.35,7.04,0.0,2.21,2.64,0.94,1.44,2.25,281.0,7.35,5.65,11.1,0
2026-05-09 21:00:00+00:00,2.53,7.13,0.0,2.41,3.03,1.48,1.51,2.41,276.0,6.63,5.75,11.87,0
2026-05-09 21:30:00+00:00,2.4,7.19,0.0,2.26,2.74,1.32,1.43,2.26,286.0,7.25,5.5200000000000005,10.9,0
2026-05-09 22:00:00+00:00,2.62,7.44,0.0,2.44,3.09,1.92,1.56,2.48,265.0,7.22,5.97,12.35,0
2026-05-09 22:30:00+00:00,2.5,7.33,0.0,2.42,2.98,1.42,1.52,2.42,270.0,9.79,5.8500000000000005,11.25,0
2026-05-09 23:00:00+00:00,2.43,7.36,0.0,2.27,2.8000000000000003,2.44,1.41,2.25,283.0,8.44,5.58,11.17,0
2026-05-09 23:30:00+00:00,2.58,7.33,0.0,2.39,3.0500000000000003,1.16,1.49,2.38,278.0,8.15,5.71,11.92,0
2026-05-10 00:00:00+00:00,2.38,7.36,0.0,2.25,2.7,1.39,1.47,2.3000000000000003,259.0,6.3500000000000005,6.11,11.75,0
2026-05-10 00:30:00+00:00,2.46,7.18,0.0,2.27,2.88,1.68,1.41,2.25,286.0,6.62,5.55,12.19,0
2026-05-10 01:00:00+00:00,2.37,6.9,0.0,2.15,2.69,1.43,1.38,2.18,297.0,7.58,5.32,10.63,0
2026-05-10 01:30:00+00:00,2.42,7.15,76.59846722206433,2.33,2.87,1.38,1.52,2.39,267.0,7.6,5.95,11.43,0
2026-05-10 02:00:00+00:00,2.37,6.79,0.0,2.24,2.83,2.57,1.42,2.25,291.0,6.92,5.46,10.57,0
2026-05-10 02:30:00+00:00,2.58,6.73,0.0,2.4,2.97,2.05,1.54,2.44,293.0,9.99,5.4,11.15,0
2026-05-10 03:00:00+00:00,2.26,6.8,0.0,2.14,2.63,1.77,1.35,2.14,307.0,6.12,5.15,11.46,0
2026-05-10 03:30:00+00:00,2.33,7.07,0.0,2.15,2.77,0.81,1.35,2.16,290.0,6.5600000000000005,5.47,9.96,0
2026-05-10 04:00:00+00:00,2.2,7.09,0.0,2.07,2.56,1.17,1.26,2.04,311.0,7.57,5.1000000000000005,14.32,0
2026-05-10 04:30:00+00:00,2.34,7.27,0.0,2.21,2.72,1.79,1.38,2.2,287.0,8.290000000000001,5.5200000000000005,11.66,0
2026-05-10 05:00:00+00:00,2.32,7.05,0.0,2.17,2.72,1.83,1.39,2.19,288.0,7.75,5.49,12.29,0
2026-05-10 05:30:00+00:00,2.24,7.17,0.0,2.08,2.56,0.87,1.31,2.09,292.0,8.55,5.44,12.55,0
2026-05-10 06:00:00+00:00,2.35,7.21,0.0,2.17,2.73,1.4,1.38,2.19,288.0,7.3,5.5,10.43,0
2026-05-10 06:30:00+00:00,2.29,7.1000000000000005,0.0,2.16,2.68,1.56,1.37,2.17,285.0,8.1,5.58,11.35,0
2026-05-10 07:00:00+00:00,2.34,7.41,81.65153077251995,2.25,2.84,2.36,1.41,2.25,277.0,9.11,5.73,12.78,0
2026-05-10 07:30:00+00:00,2.29,7.27,98.6232969629712,2.19,2.74,2.76,1.35,2.16,283.0,8.78,5.61,11.48,0
2026-05-10 08:00:00+00:00,2.37,7.3,0.0,2.25,2.89,2.35,1.44,2.28,269.0,8.18,5.87,12.01,0
2026-05-10 08:30:00+00:00,2.58,7.57,0.0,2.49,3.17,1.56,1.53,2.46,265.0,8.85,5.97,11.66,0
2026-05-10 09:00:00+00:00,2.48,7.4,0.0,2.31,2.83,1.76,1.47,2.33,271.0,8.64,5.82,11.38,0
2026-05-10 09:30:00+00:00,2.45,7.61,132.9004650732951,2.3000000000000003,2.79,2.19,1.46,2.31,267.0,7.91,5.92,11.59,0
2026-05-10 10:00:00+00:00,2.45,7.54,205.50328821913035,2.33,2.84,2.19,1.47,2.34,263.0,10.15,6.01,11.3,0
2026-05-10 10:30:00+00:00,2.63,7.6,35.898314448989666,2.58,3.11,1.3,1.62,2.57,255.0,8.59,6.21,11.84,0
2026-05-10 11:00:00+00:00,2.5,7.41,0.0,2.36,2.9,1.3,1.48,2.36,274.0,7.27,5.78,12.4,0
2026-05-10 11:30:00+00:00,2.56,7.49,0.0,2.45,3.13,2.35,1.48,2.4,276.0,6.92,5.74,11.64,0
2026-05-10 12:00:00+00:00,2.71,7.54,32.268096342023874,2.53,2.98,1.47,1.6,2.54,266.0,8.05,5.95,11.53,0
2026-05-10 12:30:00+00:00,2.46,7.48,44.48259526277925,2.34,2.84,1.76,1.47,2.34,264.0,8.19,6.01,11.72,0
2026-05-10 13:00:00+00:00,2.57,7.44,0.0,2.47,3.15,1.29,1.52,2.45,269.0,7.62,5.9,11.86,0
2026-05-10 13:30:00+00:00,2.69,7.34,0.0,2.59,3.17,1.73,1.63,2.59,270.0,7.57,5.8500000000000005,12.08,0
2026-05-10 14:00:00+00:00,2.89,7.46,0.0,2.75,3.43,2.46,1.69,2.71,275.0,7.67,5.7700000000000005,10.78,0
2026-05-10 14:30:00+00:00,2.7,7.28,137.06532764780718,2.59,3.24,1.93,1.63,2.59,270.0,6.84,5.87,10.98,0
2026-05-10 15:00:00+00:00,2.91,7.41,13.854207103042835,2.73,3.36,1.34,1.73,2.75,269.0,7.82,5.9,10.47,0
2026-05-10 15:30:00+00:00,3.09,7.59,57.12240650990324,2.91,3.63,2.68,1.85,2.93,256.0,8.22,6.19,11.55,0
2026-05-10 16:00:00+00:00,2.9,7.41,97.97793469132216,2.76,3.54,1.93,1.72,2.77,266.0,7.9,5.95,12.06,0
2026-05-10 16:30:00+00:00,3.04,7.65,0.0,2.85,3.61,1.98,1.82,2.9,258.0,8.2,6.140000000000001,11.16,0
2026-05-10 17:00:00+00:00,3.03,7.56,0.0,2.96,3.8,2.19,1.91,3.01,250.0,8.48,6.3100000000000005,10.84,0
2026-05-10 17:30:00+00:00,3.0700000000000003,7.45,0.0,2.93,3.5500000000000003,2.04,1.88,2.97,259.0,7.34,6.11,12.8,0
2026-05-10 18:00:00+00:00,2.96,7.28,0.0,2.84,3.46,1.88,1.72,2.77,281.0,8.97,5.62,12.77,0
2026-05-10 18:30:00+00:00,3.06,7.390000000000001,0.0,2.85,3.53,1.77,1.79,2.85,271.0,8.49,5.83,11.97,0
2026-05-10 19:00:00+00:00,2.93,7.36,0.0,2.7,3.3000000000000003,1.71,1.68,2.7,282.0,8.040000000000001,5.6000000000000005,10.9,0
2026-05-10 19:30:00+00:00,2.93,7.34,0.0,2.75,3.44,2.5,1.75,2.77,268.0,7.45,5.91,11.93,0
2026-05-10 20:00:00+00:00,2.89,7.47,0.0,2.65,3.21,2.36,1.74,2.72,264.0,7.32,6.0,11.54,0
2026-05-10 20:30:00+00:00,2.62,7.56,0.0,2.49,3.06,2.3000000000000003,1.58,2.5,267.0,7.58,5.94,12.37,0
2026-05-10 21:00:00+00:00,2.68,7.45,0.0,2.49,3.12,1.6,1.55,2.48,271.0,7.58,5.8500000000000005,12.37,0
2026-05-10 21:30:00+00:00,2.58,7.6,0.0,2.43,2.89,1.2,1.58,2.48,262.0,9.27,6.04,12.21,0
2026-05-10 22:00:00+00:00,2.52,7.77,0.0,2.37,2.88,1.85,1.49,2.37,268.0,7.21,5.89,11.58,0
2026-05-10 22:30:00+00:00,2.45,7.9,0.0,2.27,2.86,1.14,1.4,2.24,262.0,7.65,6.04,13.95,0
2026-05-10 23:00:00+00:00,2.36,7.94,0.0,2.22,2.78,2.14,1.37,2.2,266.0,7.82,5.96,12.12,0
2026-05-10 23:30:00+00:00,2.39,8.06,0.0,2.23,2.9,1.78,1.35,2.2,269.0,8.75,5.89,11.95,0
2026-05-11 00:00:00+00:00,2.47,7.84,0.0,2.3000000000000003,2.78,1.8,1.48,2.33,261.0,8.3,6.07,12.21,0
2026-05-11 00:30:00+00:00,2.46,7.98,0.0,2.33,2.88,2.52,1.43,2.3000000000000003,258.0,8.76,6.140000000000001,13.31,0
2026-05-11 01:00:00+00:00,2.41,8.120000000000001,0.0,2.26,2.82,1.42,1.4,2.24,259.0,7.55,6.12,12.67,0
2026-05-11 01:30:00+00:00,2.34,8.11,0.0,2.21,2.65,1.99,1.4,2.21,254.0,8.48,6.24,12.59,0
2026-05-11 02:00:00+00:00,2.31,8.370000000000001,0.0,2.23,2.73,1.38,1.37,2.21,251.0,7.9,6.32,13.14,0
2026-05-11 02:30:00+00:00,2.08,8.08,0.0,1.92,2.44,1.45,1.19,1.91,271.0,8.17,5.82,15.02,0
2026-05-11 03:00:00+00:00,2.35,8.32,0.0,2.22,2.73,1.82,1.39,2.21,249.0,9.24,6.3500000000000005,12.57,0
2026-05-11 03:30:00+00:00,2.27,8.34,0.0,2.12,2.58,1.8,1.3,2.09,259.0,7.59,6.11,12.9,0
2026-05-11 04:00:00+00:00,2.4,8.43,0.0,2.26,2.94,1.55,1.42,2.27,246.0,9.3,6.41,12.73,0
2026-05-11 04:30:00+00:00,2.42,8.370000000000001,0.0,2.29,2.84,1.54,1.39,2.25,251.0,10.6,6.3,13.69,0
2026-05-11 05:00:00+00:00,2.48,8.3,0.0,2.36,2.86,2.73,1.49,2.36,245.0,8.73,6.43,12.74,0
2026-05-11 05:30:00+00:00,2.53,8.32,0.0,2.39,2.96,1.85,1.49,2.38,250.0,8.1,6.33,13.52,0
2026-05-11 06:00:00+00:00,2.47,8.49,0.0,2.31,2.92,2.34,1.4,2.27,251.0,7.890000000000001,6.3,12.91,0
2026-05-11 06:30:00+00:00,2.57,8.73,0.0,2.46,3.0700000000000003,2.02,1.51,2.44,234.0,10.22,6.75,13.26,0
2026-05-11 07:00:00+00:00,2.52,8.46,0.0,2.3000000000000003,2.98,1.71,1.39,2.26,263.0,8.96,6.01,14.3,0
2026-05-11 07:30:00+00:00,2.48,8.36,0.0,2.3000000000000003,2.9,1.9,1.38,2.25,266.0,7.21,5.97,13.4,0
2026-05-11 08:00:00+00:00,2.27,8.3,4236.071246349909,2.15,2.78,2.32,1.24,2.07,269.0,9.12,5.84,13.67,0
2026-05-11 08:30:00+00:00,2.33,7.82,5427.751055202141,2.2,2.67,1.38,1.41,2.22,271.0,7.65,5.83,12.89,0
2026-05-11 09:00:00+00:00,2.26,7.85,7106.737458753521,2.16,2.71,1.7,1.31,2.12,280.0,10.14,5.64,13.33,0
2026-05-11 09:30:00+00:00,2.19,7.55,5235.768082014737,2.01,2.56,1.65,1.25,2.0,293.0,6.49,5.41,11.59,0
2026-05-11 10:00:00+00:00,2.04,7.32,3443.7408987047424,1.91,2.37,1.68,1.15,1.87,306.0,7.03,5.19,11.23,0
2026-05-11 10:30:00+00:00,2.01,7.42,1672.014552840153,1.86,2.37,1.99,1.12,1.83,300.0,8.700000000000001,5.2700000000000005,11.69,0
2026-05-11 11:00:00+00:00,1.9,7.44,4086.0976825564817,1.78,2.16,1.25,1.14,1.79,271.0,7.18,5.8500000000000005,11.42,0
2026-05-11 11:30:00+00:00,1.94,7.37,6771.06936231911,1.8,2.26,1.27,1.13,1.8,293.0,7.52,5.41,13.37,0
2026-05-11 12:00:00+00:00,1.89,7.17,1601.834470831763,1.84,2.29,1.05,1.19,1.87,278.0,10.23,5.69,11.67,0
2026-05-11 12:30:00+00:00,1.88,7.34,5760.789800296207,1.77,2.23,1.25,1.1,1.76,296.0,7.75,5.36,12.74,0
2026-05-11 13:00:00+00:00,1.86,7.34,1758.040462797868,1.73,2.04,1.71,1.11,1.74,286.0,7.390000000000001,5.55,11.7,0
2026-05-11 13:30:00+00:00,2.03,7.42,2008.1770934089527,1.94,2.39,1.8,1.24,1.96,268.0,8.19,5.91,11.5,0
2026-05-11 14:00:00+00:00,1.99,7.76,1834.8875231836023,1.9,2.42,1.29,1.2,1.91,266.0,8.34,5.95,12.36,0
2026-05-11 14:30:00+00:00,1.97,7.66,1871.2428380544773,1.81,2.25,1.27,1.08,1.77,290.0,7.66,5.47,12.07,0
2026-05-11 15:00:00+00:00,1.94,7.91,1859.6341896440597,1.88,2.29,1.86,1.18,1.87,258.0,8.17,6.12,12.36,0
2026-05-11 15:30:00+00:00,1.89,7.73,442.1669072482564,1.76,2.19,1.75,1.11,1.77,266.0,10.42,5.93,12.99,0
2026-05-11 16:00:00+00:00,1.95,8.06,0.0,1.86,2.43,1.17,1.16,1.86,250.0,10.95,6.34,13.98,0
2026-05-11 16:30:00+00:00,2.1,8.27,0.0,1.98,2.43,1.25,1.29,2.03,235.0,7.52,6.73,12.99,0
2026-05-11 17:00:00+00:00,1.98,8.24,0.0,1.86,2.39,0.97,1.17,1.87,244.0,7.7,6.51,12.79,0
2026-05-11 17:30:00+00:00,1.88,7.94,0.0,1.82,2.3000000000000003,0.93,1.1,1.78,253.0,7.76,6.26,13.71,0
2026-05-11 18:00:00+00:00,1.84,7.82,0.0,1.73,2.12,1.24,1.11,1.75,255.0,8.03,6.22,12.18,0
2026-05-11 18:30:00+00:00,1.93,8.41,0.0,1.8,2.27,1.37,1.12,1.8,242.0,6.95,6.55,13.16,0
2026-05-11 19:00:00+00:00,1.99,8.21,0.0,1.9,2.36,1.6,1.17,1.88,246.0,6.890000000000001,6.46,12.64,0
2026-05-11 19:30:00+00:00,2.02,8.17,0.0,1.92,2.39,1.35,1.19,1.91,240.0,6.63,6.6000000000000005,13.04,0
2026-05-11 20:00:00+00:00,1.92,8.03,0.0,1.81,2.37,1.21,1.12,1.81,245.0,8.88,6.42,13.03,0
2026-05-11 20:30:00+00:00,1.93,8.03,0.0,1.84,2.32,2.11,1.15,1.84,243.0,7.61,6.51,12.63,0
2026-05-11 21:00:00+00:00,1.88,7.87,0.0,1.77,2.17,1.12,1.13,1.78,246.0,9.2,6.41,11.91,0
2026-05-11 21:30:00+00:00,1.65,7.44,0.0,1.57,2.03,1.35,0.93,1.53,284.0,7.48,5.58,11.49,0
2026-05-11 22:00:00+00:00,1.75,7.640000000000001,0.0,1.66,2.0,1.06,1.02,1.64,265.0,6.68,5.99,11.6,0
2026-05-11 22:30:00+00:00,1.61,7.28,0.0,1.53,1.88,1.24,0.99,1.56,268.0,6.9,5.93,11.24,0
2026-05-11 23:00:00+00:00,1.52,7.18,0.0,1.43,1.76,0.84,0.91,1.44,276.0,7.72,5.72,11.29,0
2026-05-11 23:30:00+00:00,1.57,7.27,0.0,1.52,1.85,0.81,0.96,1.52,263.0,6.29,6.0200000000000005,11.89,0
2026-05-12 00:00:00+00:00,1.51,7.08,0.0,1.47,1.85,1.18,0.89,1.44,284.0,6.0200000000000005,5.58,11.72,0
2026-05-12 00:30:00+00:00,1.35,7.49,0.0,1.27,1.55,1.28,0.78,1.25,280.0,7.12,5.63,11.98,0
2026-05-12 01:00:00+00:00,1.21,7.07,0.0,1.12,1.39,0.7000000000000001,0.7000000000000001,1.12,288.0,6.7700000000000005,5.5,11.12,0
2026-05-12 01:30:00+00:00,1.33,7.26,0.0,1.25,1.55,0.66,0.81,1.28,264.0,5.93,5.98,11.14,0
2026-05-12 02:00:00+00:00,1.38,7.22,0.0,1.34,1.61,0.95,0.85,1.35,261.0,7.65,6.07,11.34,0
2026-05-12 02:30:00+00:00,1.33,7.0,0.0,1.25,1.58,0.92,0.77,1.25,286.0,6.91,5.54,11.42,0
2026-05-12 03:00:00+00:00,1.35,7.2,0.0,1.26,1.62,0.8200000000000001,0.8,1.27,271.0,6.390000000000001,5.83,12.08,0
2026-05-12 03:30:00+00:00,1.39,7.07,0.0,1.35,1.68,1.29,0.8300000000000001,1.33,282.0,6.84,5.62,11.51,0
2026-05-12 04:00:00+00:00,1.41,7.140000000000001,0.0,1.36,1.65,0.87,0.9,1.4,263.0,7.66,6.03,12.58,0
2026-05-12 04:30:00+00:00,1.35,7.37,0.0,1.29,1.67,1.1,0.8,1.29,274.0,8.61,5.7700000000000005,12.43,0
2026-05-12 05:00:00+00:00,1.42,6.98,120544.47005480807,1.36,1.69,1.26,0.87,1.38,277.0,6.63,5.72,10.99,0
2026-05-12 05:30:00+00:00,1.42,7.21,145500.7241114659,1.34,1.58,1.35,0.84,1.33,274.0,8.3,5.8,11.15,0
2026-05-12 06:00:00+00:00,1.5,7.15,150663.77907923367,1.43,1.74,0.77,0.93,1.46,261.0,6.59,6.07,11.48,0
2026-05-12 06:30:00+00:00,1.49,7.11,49695.57829076073,1.41,1.7,0.8,0.89,1.42,273.0,7.38,5.79,12.43,0
2026-05-12 07:00:00+00:00,1.4,7.11,1387.4259321896964,1.31,1.61,1.17,0.84,1.32,270.0,7.46,5.86,11.69,0
2026-05-12 07:30:00+00:00,1.28,7.07,8164.67928081284,1.22,1.56,1.14,0.76,1.22,280.0,7.77,5.63,10.84,0
2026-05-12 08:00:00+00:00,1.32,6.890000000000001,1127.054707737201,1.27,1.61,1.23,0.8,1.28,287.0,6.65,5.51,10.73,0
2026-05-12 08:30:00+00:00,1.29,7.0,2477.447684682153,1.26,1.58,1.07,0.81,1.27,272.0,7.63,5.8100000000000005,11.38,0
2026-05-12 09:00:00+00:00,1.36,7.21,4408.995796681736,1.27,1.62,0.53,0.81,1.29,276.0,7.83,5.73,12.8,0
2026-05-12 09:30:00+00:00,1.42,7.18,6556.433598419711,1.37,1.72,0.73,0.85,1.35,271.0,7.6,5.8500000000000005,11.42,0
2026-05-12 10:00:00+00:00,1.31,7.08,2507.142954323416,1.21,1.51,0.91,0.79,1.23,273.0,6.46,5.78,11.59,0
2026-05-12 10:30:00+00:00,1.35,7.37,946.3802282644036,1.3,1.65,0.85,0.8200000000000001,1.31,263.0,7.25,6.0200000000000005,11.23,0
2026-05-12 11:00:00+00:00,1.31,7.35,873.794521767698,1.27,1.63,0.68,0.79,1.27,272.0,7.05,5.8,11.54,0
2026-05-12 11:30:00+00:00,1.3,7.22,1082.9352580572368,1.22,1.54,0.58,0.78,1.24,264.0,7.61,6.01,12.16,0
2026-05-12 12:00:00+00:00,1.24,7.3,1217.1464820200804,1.19,1.47,0.99,0.74,1.18,272.0,6.63,5.8100000000000005,11.04,0
2026-05-12 12:30:00+00:00,1.17,7.03,2029.8626226315105,1.13,1.39,0.97,0.72,1.14,269.0,6.76,5.87,11.86,0
2026-05-12 13:00:00+00:00,1.11,7.03,747.8720806101015,1.09,1.33,0.63,0.7000000000000001,1.1,275.0,6.8,5.7700000000000005,12.73,0
2026-05-12 13:30:00+00:00,1.01,6.83,743.0933726316632,0.93,1.17,0.5700000000000001,0.6,0.94,302.0,6.2,5.25,9.94,0
2026-05-12 14:00:00+00:00,1.0,6.84,904.4816402122616,0.93,1.22,0.77,0.59,0.94,292.0,7.43,5.42,11.65,0
2026-05-12 14:30:00+00:00,0.94,6.82,1243.9151351479904,0.88,1.09,0.95,0.5700000000000001,0.9,288.0,7.27,5.51,10.36,0
2026-05-12 15:00:00+00:00,1.06,6.890000000000001,552.7422833506083,1.02,1.26,0.77,0.67,1.05,267.0,6.49,5.93,10.95,0
2026-05-12 15:30:00+00:00,1.02,6.97,0.0,1.0,1.23,0.53,0.66,1.02,261.0,6.61,6.08,12.57,0
2026-05-12 16:00:00+00:00,1.08,7.0600000000000005,0.0,1.02,1.29,0.64,0.66,1.04,263.0,7.25,6.01,11.3,0
2026-05-12 16:30:00+00:00,1.05,7.01,0.0,1.01,1.28,0.72,0.63,1.02,276.0,8.120000000000001,5.72,10.66,0
2026-05-12 17:00:00+00:00,1.05,7.0200000000000005,0.0,1.03,1.33,0.46,0.64,1.02,272.0,6.78,5.83,12.36,0
2026-05-12 17:30:00+00:00,0.98,7.16,98.42122451839992,1.0288324988620847,1.3284000910332272,0.7000000000000001,0.6,0.95,275.0,7.71,5.78,12.04,0
2026-05-12 18:00:00+00:00,0.9642385967261735,7.159834972645591,0.0,1.0254528903049613,1.3237687756030954,0.708334712997249,0.5882775356289027,0.9315479812010443,277.39936427880514,7.709329594475074,5.737428917410072,11.895363410788478,1
2026-05-12 18:30:00+00:00,0.9500775850182863,7.159295395141431,0.0,1.020045516613564,1.316358670914884,0.7153791589750034,0.5772208345405887,0.9141883404699739,279.8197267482219,7.707072778821118,5.694033698992806,11.756772876066337,1
2026-05-12 19:00:00+00:00,0.9374056247076703,7.158314524326124,0.0,1.0127947200728267,1.3064223941738735,0.7212458215336619,0.566813954397859,0.897892202610966,282.25096411948795,7.702861154419362,5.650032395971223,11.624216264695955,1
2026-05-12 19:30:00+00:00,0.9261113756256576,7.15682561703827,0.0,,,0.7260471842736236,0.5570409528635146,0.8826306924281985,284.6829531038407,7.696326322651039,5.6056430595683455,11.497681445539715,1
2026-05-12 20:00:00+00:00,,,0.0,,,,,,,,,,0
2026-05-12 20:30:00+00:00,,,0.0,,,,,,,,,,0
2026-05-12 21:00:00+00:00,,,0.0,,,,,,,,,,0
2026-05-12 21:30:00+00:00,,,0.0,,,,,,,,,,0
2026-05-12 22:00:00+00:00,,,0.0,,,,,,,,,,0
2026-05-12 22:30:00+00:00,,,0.0,,,,,,,,,,0
2026-05-12 23:00:00+00:00,,,0.0,,,,,,,,,,0
2026-05-12 23:30:00+00:00,,,0.0,,,,,,,,,,0
2026-05-13 00:00:00+00:00,,,0.0,,,,,,,,,,0
2026-05-13 00:30:00+00:00,,,0.0,,,,,,,,,,0
2026-05-13 01:00:00+00:00,,,0.0,,,,,,,,,,0
2026-05-13 01:30:00+00:00,,,0.0,,,,,,,,,,0
2026-05-13 02:00:00+00:00,,,0.0,,,,,,,,,,0
2026-05-13 02:30:00+00:00,,,0.0,,,,,,,,,,0
2026-05-13 03:00:00+00:00,,,0.0,,,,,,,,,,0
2026-05-13 03:30:00+00:00,,,0.0,,,,,,,,,,0
2026-05-13 04:00:00+00:00,0.8370103357686076,6.9891104894509155,0.0,0.7772052799271735,0.9835776058261265,0.7536760873787199,0.4724352291168599,0.7535029890339425,316.332295829303,6.872805193917957,5.002946868489208,10.25616865629328,1
2026-05-13 04:30:00+00:00,0.8314757199592526,6.967063845058236,0.0,0.769954483386436,0.973641329085116,0.7585367490503222,0.4713459028724353,0.751927118537859,317.04673147083923,6.7614564657419916,4.988859690359712,10.235951672458539,1
2026-05-13 05:00:00+00:00,0.8252033521738114,6.943241044126456,0.0,0.7645471096950387,0.9662312243969049,0.7644692993108038,0.47058755082961634,0.7508372469973892,317.56957623897586,6.6407849564428565,4.97852745208633,10.22152598922316,1
2026-05-13 05:30:00+00:00,0.8180818922436166,6.9175753434941765,0.0,0.7611675011379153,0.9615999089667728,0.7715862217605634,0.47014423065120425,0.7502044992167101,317.8907068449502,6.510422267401782,4.972168204892085,10.21287947544952,1
2026-05-13 06:00:00+00:00,0.81,6.890000000000001,0.0,0.76,0.96,0.78,0.47,0.75,318.0,6.37,4.97,10.21,0
2026-05-13 06:30:00+00:00,0.8,6.67,0.0,0.77,0.98,1.16,0.49,0.77,300.0,4.78,5.26,10.59,0
2026-05-13 07:00:00+00:00,0.78,6.73,0.0,0.76,0.93,0.53,0.5,0.78,287.0,5.55,5.5200000000000005,11.16,0
2026-05-13 07:30:00+00:00,0.8300000000000001,6.71,0.0,0.79,1.0,0.55,0.5,0.79,292.0,6.76,5.43,11.15,0
2026-05-13 08:00:00+00:00,0.8200000000000001,6.8500000000000005,0.0,0.76,0.93,0.5,0.52,0.8,269.0,5.47,5.89,10.83,0
2026-05-13 08:30:00+00:00,0.85,6.79,0.0,0.79,1.02,0.33,0.52,0.8200000000000001,272.0,7.0600000000000005,5.8100000000000005,11.31,0
2026-05-13 09:00:00+00:00,0.9,6.71,0.0,0.84,1.02,0.54,0.55,0.86,272.0,6.05,5.84,12.7,0
2026-05-13 09:30:00+00:00,0.91,6.78,7152.7437200965005,0.87,1.08,0.54,0.56,0.88,272.0,6.34,5.8,11.83,0
2026-05-13 10:00:00+00:00,0.95,6.86,5775.394912633694,0.9,1.11,0.59,0.5700000000000001,0.9,274.0,8.31,5.76,11.22,0
2026-05-13 10:30:00+00:00,0.96,6.71,6174.786684095519,0.91,1.1,0.46,0.6,0.93,274.0,5.87,5.78,12.35,0
2026-05-13 11:00:00+00:00,0.96,6.76,2852.787376611723,0.89,1.06,0.49,0.61,0.93,271.0,6.04,5.87,13.05,0
2026-05-13 11:30:00+00:00,0.93,6.57,2766.9731131989124,0.87,1.1,0.75,0.56,0.88,302.0,8.2,5.24,11.28,0
2026-05-13 12:00:00+00:00,0.93,6.68,2897.5445634618486,0.89,1.11,0.56,0.5700000000000001,0.9,295.0,5.09,5.38,10.37,0
2026-05-13 12:30:00+00:00,0.94,6.48,2574.5663393712725,0.87,1.06,0.8300000000000001,0.56,0.88,307.0,4.8100000000000005,5.16,11.02,0
2026-05-13 13:00:00+00:00,0.9,6.53,2987.8511995338536,0.84,1.03,0.65,0.54,0.85,310.0,5.95,5.1000000000000005,12.19,0
2026-05-13 13:30:00+00:00,0.93,6.43,3182.988523499456,0.88,1.12,0.58,0.5700000000000001,0.89,326.0,5.99,4.86,11.22,0
2026-05-13 14:00:00+00:00,0.92,6.2,2441.2857342078382,0.86,1.06,0.64,0.55,0.86,348.0,6.28,4.57,11.05,0
2026-05-13 14:30:00+00:00,0.94,5.92,972.8716942491744,0.87,1.06,0.53,0.58,0.9,351.0,5.64,4.51,10.39,0
2026-05-13 15:00:00+00:00,0.98,5.8500000000000005,0.0,0.89,1.08,0.58,0.58,0.91,362.0,6.05,4.39,9.71,0
2026-05-13 15:30:00+00:00,0.97,5.7700000000000005,200.89913485963197,0.88,1.08,0.74,0.58,0.9,378.0,9.29,4.2,10.13,0
2026-05-13 16:00:00+00:00,1.01,5.76,1099.4979112588308,0.9,1.09,1.02,0.61,0.93,383.0,5.82,4.14,10.11,0
2026-05-13 16:30:00+00:00,1.03,5.44,0.0,0.92,1.13,0.63,0.61,0.94,400.0,7.78,3.97,10.05,0
2026-05-13 17:00:00+00:00,1.04,5.53,0.0,0.95,1.18,0.77,0.63,0.98,380.0,8.09,4.18,10.42,0
2026-05-13 17:30:00+00:00,1.07,5.22,0.0,0.98,1.23,1.33,0.63,0.99,406.0,4.94,3.91,10.55,0
2026-05-13 18:00:00+00:00,1.13,5.21,0.0,1.05,1.3,0.56,0.68,1.07,395.0,6.86,4.0,9.66,1
2026-05-13 18:30:00+00:00,1.2,5.18,0.0,1.12,1.4,0.9,0.73,1.14,388.0,4.57,4.09,9.54,1
2026-05-13 19:00:00+00:00,1.31,4.91,0.0,1.24,1.52,0.81,0.8,1.25,396.0,4.5200000000000005,4.0,8.540000000000001,1
2026-05-13 19:30:00+00:00,1.37,5.2700000000000005,0.0,1.25,1.59,0.84,0.81,1.27,374.0,5.25,4.23,9.06,1
2026-05-13 20:00:00+00:00,1.49,5.4,,1.39,1.66,1.03,0.88,1.4,363.0,5.13,4.37,9.62,0
2026-05-13 20:30:00+00:00,1.47,5.5200000000000005,,1.42,1.79,1.71,0.89,1.42,351.0,5.44,4.5200000000000005,9.55,0
2026-05-13 21:00:00+00:00,1.51,5.62,,1.43,1.77,0.99,0.93,1.46,342.0,5.41,4.64,9.6,0
2026-05-13 21:30:00+00:00,1.69,5.74,0.0,1.62,2.05,0.78,1.02,1.63,325.0,6.4,4.86,9.77,1
2026-05-13 22:00:00+00:00,1.86,5.97,0.0,1.73,2.15,1.14,1.12,1.75,314.0,6.0200000000000005,5.05,9.49,1
2026-05-13 22:30:00+00:00,1.81,6.17,0.0,1.76,2.23,1.27,1.11,1.76,297.0,6.19,5.32,9.91,1
2026-05-13 23:00:00+00:00,1.88,6.140000000000001,0.0,1.81,2.19,0.74,1.16,1.83,295.0,5.83,5.38,9.76,1
2026-05-13 23:30:00+00:00,1.75,5.8500000000000005,0.0,1.68,2.05,1.08,1.08,1.7,319.0,6.17,4.98,10.95,0
2026-05-14 00:00:00+00:00,1.81,6.140000000000001,0.0,1.73,2.14,1.12,1.12,1.76,303.0,5.49,5.22,9.71,1
2026-05-14 00:30:00+00:00,1.77,6.16,0.0,1.68,2.12,1.42,1.04,1.67,313.0,7.0600000000000005,5.05,10.12,0
2026-05-14 01:00:00+00:00,1.69,6.12,0.0,1.62,2.05,0.95,1.02,1.62,312.0,5.7,5.08,9.01,0
2026-05-14 01:30:00+00:00,1.64,6.12,0.0,1.53,1.88,0.88,0.98,1.55,310.0,6.2,5.1000000000000005,9.65,0
2026-05-14 02:00:00+00:00,1.63,6.13,0.0,1.58,2.01,1.04,0.98,1.58,306.0,6.3100000000000005,5.18,10.64,0
2026-05-14 02:30:00+00:00,1.53,5.94,0.0,1.5,1.92,0.8300000000000001,0.92,1.49,325.0,5.92,4.88,10.09,0
2026-05-14 03:00:00+00:00,1.62,5.86,0.0,1.53,1.91,1.35,0.97,1.55,328.0,6.04,4.84,8.9,0
2026-05-14 03:30:00+00:00,1.55,5.83,0.0,1.49,1.85,0.8200000000000001,0.94,1.5,325.0,5.69,4.8500000000000005,9.37,0
2026-05-14 04:00:00+00:00,1.6,5.71,0.0,1.52,1.94,1.12,0.99,1.56,319.0,6.11,4.97,9.14,0
2026-05-14 04:30:00+00:00,1.47,5.8,0.0,1.36,1.71,0.8300000000000001,0.87,1.38,336.0,5.5600000000000005,4.71,9.19,0
2026-05-14 05:00:00+00:00,1.5,5.88,0.0,1.44,1.83,0.76,0.9,1.43,325.0,6.5,4.87,8.96,0
2026-05-14 05:30:00+00:00,1.39,5.62,0.0,1.34,1.58,0.85,0.87,1.35,338.0,6.5,4.69,9.67,0
2026-05-14 06:00:00+00:00,1.39,5.76,0.0,1.32,1.67,0.67,0.8300000000000001,1.32,348.0,5.76,4.5600000000000005,9.42,0
2026-05-14 06:30:00+00:00,1.41,5.74,0.0,1.29,1.6,1.0,0.81,1.28,358.0,6.26,4.43,9.78,0
2026-05-14 07:00:00+00:00,1.39,5.75,5.262469402112692,1.31,1.57,0.75,0.86,1.34,329.0,6.26,4.83,11.23,0
2026-05-14 07:30:00+00:00,1.3,5.73,0.0,1.23,1.47,0.71,0.81,1.26,339.0,4.84,4.68,9.18,0
2026-05-14 08:00:00+00:00,1.3,5.82,0.0,1.21,1.49,0.71,0.77,1.22,344.0,6.53,4.6000000000000005,10.04,0
2026-05-14 08:30:00+00:00,1.29,5.89,0.0,1.17,1.45,1.15,0.74,1.18,347.0,5.51,4.57,10.49,0
2026-05-14 09:00:00+00:00,1.24,5.68,0.0,1.14,1.41,0.85,0.73,1.15,365.0,4.8100000000000005,4.34,9.21,0
2026-05-14 09:30:00+00:00,1.34,5.8,0.0,1.25,1.56,1.14,0.81,1.27,352.0,6.68,4.51,9.18,0
2026-05-14 10:00:00+00:00,1.33,5.82,24.90803052859569,1.23,1.54,0.78,0.78,1.24,359.0,6.38,4.42,10.14,0
2026-05-14 10:30:00+00:00,1.35,5.64,26.82549077572238,1.27,1.64,1.67,0.79,1.27,365.0,6.0,4.33,11.34,0
2026-05-14 11:00:00+00:00,1.47,5.8,0.0,1.34,1.65,0.8200000000000001,0.85,1.35,359.0,5.18,4.42,10.65,0
2026-05-14 11:30:00+00:00,1.67,5.67,0.0,1.59,1.94,1.19,1.02,1.61,342.0,6.58,4.63,9.79,0
2026-05-14 12:00:00+00:00,1.69,5.54,0.0,1.6,1.98,0.88,1.05,1.64,345.0,5.0200000000000005,4.59,8.59,0
2026-05-14 12:30:00+00:00,1.77,5.73,59.75795292195217,1.66,2.01,1.45,1.07,1.69,340.0,5.33,4.67,10.57,0
2026-05-14 13:00:00+00:00,1.83,5.64,10.53475224387031,1.74,2.1,1.21,1.11,1.76,341.0,4.41,4.65,9.73,0
2026-05-14 13:30:00+00:00,1.76,5.76,0.0,1.65,2.03,1.49,1.09,1.69,337.0,5.5,4.69,10.46,0
2026-05-14 14:00:00+00:00,1.88,5.86,0.0,1.73,2.13,1.08,1.1,1.74,356.0,4.99,4.45,10.84,0
2026-05-14 14:30:00+00:00,1.83,6.140000000000001,0.0,1.71,2.12,1.39,1.09,1.73,344.0,4.59,4.6000000000000005,10.31,0
2026-05-14 15:00:00+00:00,2.0,6.07,0.0,1.85,2.31,2.05,1.19,1.88,331.0,5.42,4.78,11.1,0
2026-05-14 15:30:00+00:00,2.04,6.16,0.0,1.87,2.37,2.23,1.22,1.92,320.0,5.65,4.95,11.71,0
2026-05-14 16:00:00+00:00,2.29,6.25,0.0,2.19,2.65,1.92,1.41,2.21,309.0,4.8500000000000005,5.12,11.24,0
2026-05-14 16:30:00+00:00,2.25,6.43,0.0,2.14,2.61,1.99,1.38,2.17,308.0,6.09,5.15,11.72,0
2026-05-14 17:00:00+00:00,2.24,6.58,0.0,2.11,2.52,1.56,1.36,2.13,307.0,5.96,5.15,12.56,0
2026-05-14 17:30:00+00:00,2.39,6.54,0.0,2.19,2.74,1.39,1.38,2.19,309.0,6.68,5.12,11.18,0
2026-05-14 18:00:00+00:00,2.3000000000000003,6.54,0.0,2.19,2.68,1.98,1.42,2.22,300.0,9.32,5.28,11.55,0
2026-05-14 18:30:00+00:00,2.29,6.71,31.939481332900293,2.12,2.66,1.55,1.32,2.12,315.0,6.5600000000000005,5.04,10.98,0
2026-05-14 19:00:00+00:00,2.2,6.86,0.0,2.08,2.59,1.75,1.33,2.11,305.0,6.66,5.2,11.63,0
2026-05-14 19:30:00+00:00,2.24,6.88,0.0,2.13,2.57,1.91,1.33,2.11,306.0,10.71,5.19,12.55,0
2026-05-14 20:00:00+00:00,2.29,6.98,0.0,2.14,2.76,1.2,1.33,2.13,306.0,7.65,5.19,11.25,0
2026-05-14 20:30:00+00:00,2.23,6.94,0.0,2.05,2.54,1.39,1.32,2.08,303.0,8.85,5.23,11.14,0
2026-05-14 21:00:00+00:00,2.19,6.66,0.0,1.98,2.49,1.77,1.28,2.01,322.0,5.98,4.92,10.41,0
2026-05-14 21:30:00+00:00,2.19,6.87,0.0,2.1,2.56,1.95,1.37,2.14,292.0,8.56,5.42,12.59,0
2026-05-14 22:00:00+00:00,2.06,6.8,0.0,1.91,2.42,1.27,1.23,1.94,313.0,6.41,5.08,10.84,0
2026-05-14 22:30:00+00:00,2.11,7.27,0.0,1.98,2.54,1.88,1.27,2.01,292.0,7.36,5.42,12.09,0
2026-05-14 23:00:00+00:00,1.97,7.16,0.0,1.79,2.19,2.56,1.16,1.82,302.0,6.33,5.22,12.18,0
2026-05-14 23:30:00+00:00,1.88,7.2,0.0,1.73,2.15,1.19,1.08,1.73,316.0,7.94,5.03,12.53,0
2026-05-15 00:00:00+00:00,1.82,7.46,0.0,1.7,2.08,1.36,1.07,1.71,292.0,7.04,5.42,12.65,0
2026-05-15 00:30:00+00:00,1.78,7.37,0.0,1.59,2.06,1.81,1.0,1.6,304.0,8.13,5.21,11.7,0
2026-05-15 01:00:00+00:00,1.74,7.57,0.0,1.61,1.96,1.22,1.01,1.6,299.0,11.33,5.29,13.93,0
2026-05-15 01:30:00+00:00,1.67,7.63,0.0,1.58,2.01,1.66,0.98,1.57,303.0,5.6000000000000005,5.22,12.13,0
2026-05-15 02:00:00+00:00,1.73,7.61,0.0,1.62,2.0,1.15,0.99,1.59,300.0,9.42,5.2700000000000005,13.98,0
2026-05-15 02:30:00+00:00,1.73,7.390000000000001,0.0,1.64,2.05,1.16,1.0,1.61,299.0,7.9,5.29,12.48,0
2026-05-15 03:00:00+00:00,1.68,7.45,0.0,1.52,1.88,1.01,0.98,1.54,300.0,9.05,5.28,11.42,0
2026-05-15 03:30:00+00:00,1.77,7.62,0.0,1.61,2.04,1.64,1.01,1.61,289.0,10.09,5.46,13.7,0
2026-05-15 04:00:00+00:00,1.61,7.6,0.0,1.47,1.83,1.25,0.9,1.45,296.0,7.07,5.37,14.7,0
2026-05-15 04:30:00+00:00,1.81,7.56,0.0,1.69,2.1,1.68,1.03,1.67,292.0,6.7,5.42,12.67,0
2026-05-15 05:00:00+00:00,1.79,6.84,0.0,1.64,1.95,1.74,1.04,1.64,313.0,7.930000000000001,5.0600000000000005,12.91,0
2026-05-15 05:30:00+00:00,1.79,6.99,0.0,1.67,2.12,1.18,1.05,1.67,308.0,7.08,5.15,13.06,0
2026-05-15 06:00:00+00:00,1.73,7.11,0.0,1.6,2.04,1.23,1.0,1.6,317.0,8.85,5.01,11.18,0
2026-05-15 06:30:00+00:00,1.78,7.19,0.0,1.68,2.07,1.63,1.06,1.68,294.0,8.59,5.38,11.79,0
2026-05-15 07:00:00+00:00,1.66,7.0200000000000005,0.0,1.52,1.85,0.95,0.99,1.54,310.0,8.5,5.11,13.94,0
2026-05-15 07:30:00+00:00,1.65,7.04,0.0,1.5,1.88,1.11,0.97,1.53,312.0,6.8500000000000005,5.07,12.63,0
2026-05-15 08:00:00+00:00,1.68,7.16,0.0,1.58,1.99,0.71,1.01,1.59,293.0,7.13,5.4,13.18,0
2026-05-15 08:30:00+00:00,1.78,7.27,699.8180149249979,1.67,2.02,1.26,1.04,1.66,295.0,6.53,5.37,12.98,0
2026-05-15 09:00:00+00:00,1.74,7.36,2100.0989280746758,1.59,1.93,1.24,1.01,1.6,287.0,8.85,5.5200000000000005,12.2,0
2026-05-15 09:30:00+00:00,1.74,7.05,2156.296249526472,1.65,2.01,1.89,1.0,1.62,312.0,6.76,5.09,11.81,0
2026-05-15 10:00:00+00:00,1.73,7.03,2285.0039017547774,1.6,2.06,1.28,1.0,1.6,308.0,6.95,5.15,12.47,0
2026-05-15 10:30:00+00:00,1.8,7.04,3787.373312439028,1.63,2.04,1.66,1.08,1.68,300.0,6.98,5.2700000000000005,11.93,0
2026-05-15 11:00:00+00:00,1.7,6.86,1066.0008628132616,1.55,1.85,1.44,1.01,1.58,304.0,8.01,5.21,12.76,0
2026-05-15 11:30:00+00:00,1.66,7.32,1186.3040191955365,1.53,1.89,1.06,0.95,1.52,293.0,7.15,5.41,12.51,0
2026-05-15 12:00:00+00:00,1.63,7.71,0.0,1.51,1.87,1.49,0.96,1.52,277.0,9.05,5.71,12.95,0
2026-05-15 12:30:00+00:00,1.57,7.45,7136.477227902615,1.45,1.83,1.44,0.89,1.43,301.0,9.24,5.2700000000000005,11.18,0
2026-05-15 13:00:00+00:00,1.59,7.390000000000001,1541.4168869992168,1.49,1.9,0.79,0.91,1.47,303.0,6.53,5.23,11.81,0
2026-05-15 13:30:00+00:00,1.62,7.12,1457.1544280498947,1.5,1.92,1.8,0.92,1.49,321.0,8.75,4.93,11.16,0
2026-05-15 14:00:00+00:00,1.61,6.95,3214.9728267217183,1.5,1.89,1.29,0.93,1.49,328.0,7.58,4.84,11.77,0
2026-05-15 14:30:00+00:00,1.63,6.7,2250.4422778244566,1.5,1.88,1.1,0.97,1.52,331.0,7.04,4.79,10.8,0
2026-05-15 15:00:00+00:00,1.72,7.0200000000000005,1378.5162019426682,1.58,1.99,1.82,0.99,1.57,328.0,6.36,4.82,11.08,0
2026-05-15 15:30:00+00:00,1.61,6.53,329.43974310713713,1.48,1.87,1.98,0.94,1.49,339.0,7.67,4.68,11.77,0
2026-05-15 16:00:00+00:00,1.63,6.57,0.0,1.46,1.82,1.57,0.93,1.47,350.0,8.16,4.53,10.98,0
2026-05-15 16:30:00+00:00,1.69,6.34,0.0,1.55,1.96,2.01,0.98,1.56,355.0,7.49,4.47,10.5,0
2026-05-15 17:00:00+00:00,1.85,6.55,0.0,1.75,2.18,1.41,1.11,1.75,320.0,6.71,4.95,12.77,0
2026-05-15 17:30:00+00:00,1.83,6.17,0.0,1.72,2.15,1.58,1.07,1.71,352.0,5.62,4.5,10.88,0
2026-05-15 18:00:00+00:00,1.97,6.03,0.0,1.86,2.36,1.82,1.16,1.85,333.0,5.18,4.75,9.69,0
2026-05-15 18:30:00+00:00,2.13,6.23,0.0,1.98,2.43,1.72,1.27,2.0,314.0,5.5600000000000005,5.0200000000000005,10.94,0
2026-05-15 19:00:00+00:00,2.24,6.4,0.0,2.09,2.57,1.52,1.32,2.1,311.0,5.08,5.07,11.19,0
2026-05-15 19:30:00+00:00,2.01,6.19,0.0,1.88,2.27,2.03,1.21,1.9,325.0,7.31,4.86,9.74,0
2026-05-15 20:00:00+00:00,1.97,6.2700000000000005,0.0,1.85,2.25,1.72,1.2,1.88,317.0,5.64,4.99,9.92,0
2026-05-15 20:30:00+00:00,1.92,5.97,0.0,1.8,2.28,1.56,1.17,1.84,326.0,4.98,4.87,9.69,0
2026-05-15 21:00:00+00:00,1.93,6.09,0.0,1.79,2.21,1.26,1.14,1.8,334.0,6.98,4.74,10.6,0
2026-05-15 21:30:00+00:00,1.93,6.15,0.0,1.81,2.2,0.88,1.16,1.82,331.0,7.23,4.78,10.36,0
2026-05-15 22:00:00+00:00,1.86,6.21,0.0,1.73,2.13,1.0,1.12,1.75,317.0,6.33,5.0,10.32,0
2026-05-15 22:30:00+00:00,1.73,6.390000000000001,0.0,1.62,2.03,0.72,1.01,1.61,324.0,7.48,4.9,10.68,0
2026-05-15 23:00:00+00:00,1.66,6.23,0.0,1.56,1.9,1.06,1.01,1.58,320.0,8.03,4.95,11.77,0
2026-05-15 23:30:00+00:00,1.66,6.65,0.0,1.55,1.97,0.75,0.98,1.56,313.0,6.15,5.07,10.68,0
2026-05-16 00:00:00+00:00,1.71,6.75,0.0,1.61,1.93,1.33,1.06,1.65,298.0,8.69,5.32,10.73,0
2026-05-16 00:30:00+00:00,1.6,6.57,0.0,1.49,1.86,1.27,0.95,1.5,312.0,6.890000000000001,5.08,10.73,0
2026-05-16 01:00:00+00:00,1.53,6.94,0.0,1.44,1.76,0.92,0.89,1.42,307.0,7.36,5.14,12.04,0
2026-05-16 01:30:00+00:00,1.49,6.86,0.0,1.38,1.75,1.11,0.85,1.36,326.0,7.99,4.87,11.28,0
2026-05-16 02:00:00+00:00,1.41,6.78,0.0,1.3,1.63,0.8,0.8200000000000001,1.3,321.0,7.49,4.93,10.39,0
2026-05-16 02:30:00+00:00,1.5,7.1000000000000005,0.0,1.41,1.89,1.29,0.86,1.4,306.0,6.58,5.18,11.23,0
2026-05-16 03:00:00+00:00,1.54,7.31,0.0,1.44,1.79,1.23,0.9,1.43,284.0,9.23,5.58,11.77,0
2026-05-16 03:30:00+00:00,1.43,7.16,0.0,1.35,1.62,1.23,0.85,1.35,285.0,9.16,5.57,11.01,0
2026-05-16 04:00:00+00:00,1.47,7.55,0.0,1.42,1.73,0.97,0.92,1.44,259.0,7.62,6.13,12.07,0
2026-05-16 04:30:00+00:00,1.44,7.24,0.0,1.34,1.73,0.8,0.8300000000000001,1.33,292.0,6.61,5.42,12.08,0
2026-05-16 05:00:00+00:00,1.36,7.28,0.0,1.29,1.59,1.08,0.8,1.29,281.0,8.06,5.63,11.16,0
2026-05-16 05:30:00+00:00,1.39,7.43,0.0,1.32,1.59,1.07,0.84,1.33,267.0,7.34,5.93,11.83,0
2026-05-16 06:00:00+00:00,1.53,7.52,0.0,1.45,1.78,1.44,0.89,1.43,270.0,8.85,5.86,10.9,0
2026-05-16 06:30:00+00:00,1.35,7.44,14.607848182935324,1.29,1.6,0.93,0.81,1.28,267.0,8.72,5.89,11.19,0
2026-05-16 07:00:00+00:00,1.31,7.37,94.14695036161208,1.24,1.53,0.87,0.78,1.24,273.0,8.99,5.82,11.0,0
2026-05-16 07:30:00+00:00,1.38,7.57,164.47345931500018,1.28,1.69,0.94,0.81,1.3,265.0,7.71,5.96,10.54,0
2026-05-16 08:00:00+00:00,1.4,7.52,203.92571396289736,1.38,1.77,0.89,0.88,1.39,252.0,7.94,6.28,11.73,0
2026-05-16 08:30:00+00:00,1.4,7.46,169.4431387549136,1.32,1.69,0.84,0.8300000000000001,1.32,263.0,7.95,6.01,11.38,0
2026-05-16 09:00:00+00:00,1.43,7.29,38.953799189339904,1.37,1.71,0.71,0.85,1.36,277.0,7.61,5.71,11.18,0
2026-05-16 09:30:00+00:00,1.38,7.52,0.0,1.32,1.63,0.93,0.79,1.29,278.0,9.18,5.7,11.03,0
2026-05-16 10:00:00+00:00,1.4,7.36,0.0,1.33,1.65,0.6900000000000001,0.8200000000000001,1.32,276.0,7.16,5.75,11.4,0
2026-05-16 10:30:00+00:00,1.44,7.34,0.0,1.36,1.69,1.19,0.86,1.36,278.0,7.87,5.69,10.82,0
2026-05-16 11:00:00+00:00,1.39,7.18,0.0,1.31,1.67,0.85,0.8,1.29,300.0,7.13,5.28,10.7,0
2026-05-16 11:30:00+00:00,1.35,6.91,0.0,1.29,1.55,0.99,0.78,1.26,315.0,8.040000000000001,5.0200000000000005,10.58,0
2026-05-16 12:00:00+00:00,1.27,6.66,0.0,1.19,1.46,1.04,0.75,1.19,326.0,8.950000000000001,4.87,10.79,0
2026-05-16 12:30:00+00:00,1.32,6.48,0.0,1.23,1.54,1.6,0.77,1.22,343.0,7.72,4.62,10.66,0
2026-05-16 13:00:00+00:00,1.28,6.61,0.0,1.16,1.51,1.12,0.74,1.17,352.0,7.51,4.51,11.03,0
2026-05-16 13:30:00+00:00,1.26,6.21,0.0,1.15,1.44,1.45,0.74,1.17,364.0,8.75,4.3500000000000005,10.69,0
2026-05-16 14:00:00+00:00,1.27,6.12,0.0,1.18,1.48,0.96,0.73,1.16,366.0,6.71,4.33,11.12,0
2026-05-16 14:30:00+00:00,1.3,6.38,0.0,1.18,1.52,1.68,0.73,1.17,367.0,7.33,4.32,9.7,0
2026-05-16 15:00:00+00:00,1.24,6.3100000000000005,0.0,1.12,1.42,1.14,0.71,1.13,369.0,7.76,4.29,9.88,0
2026-05-16 15:30:00+00:00,1.22,6.11,12.412789043127871,1.11,1.34,1.08,0.72,1.12,371.0,4.7700000000000005,4.2700000000000005,10.49,0
2026-05-16 16:00:00+00:00,1.29,6.34,0.0,1.22,1.54,1.06,0.75,1.2,356.0,7.51,4.44,11.06,0
2026-05-16 16:30:00+00:00,1.19,6.29,0.0,1.08,1.36,1.49,0.71,1.11,360.0,9.92,4.4,10.2,0
2026-05-16 17:00:00+00:00,1.22,5.95,0.2238433343962675,1.12,1.4,1.0,0.72,1.13,371.0,6.92,4.28,10.19,0
2026-05-16 17:30:00+00:00,1.23,6.0600000000000005,80.54810026828768,1.15,1.42,0.78,0.72,1.15,367.0,6.66,4.32,10.2,0
2026-05-16 18:00:00+00:00,1.28,6.3100000000000005,41.15182633344014,1.17,1.43,1.06,0.74,1.17,349.0,7.61,4.54,10.66,0
2026-05-16 18:30:00+00:00,1.25,6.0200000000000005,0.0,1.14,1.43,1.04,0.73,1.15,375.0,4.5,4.23,9.74,0
2026-05-16 19:00:00+00:00,1.23,5.78,0.0,1.14,1.45,0.78,0.74,1.15,374.0,7.24,4.24,9.32,0
2026-05-16 19:30:00+00:00,1.24,6.22,0.0,1.14,1.41,1.24,0.72,1.14,353.0,7.390000000000001,4.48,10.5,0
2026-05-16 20:00:00+00:00,1.25,6.2,0.0,1.16,1.5,1.24,0.73,1.16,356.0,5.94,4.46,10.05,0
2026-05-16 20:30:00+00:00,1.24,6.09,0.0,1.11,1.42,0.95,0.73,1.14,347.0,6.74,4.5600000000000005,10.52,0
2026-05-16 21:00:00+00:00,1.28,6.03,0.0,1.19,1.47,0.91,0.76,1.2,349.0,6.63,4.54,10.32,0
2026-05-16 21:30:00+00:00,1.26,5.97,0.0,1.14,1.44,0.97,0.72,1.14,364.0,7.19,4.3500000000000005,10.12,0
2026-05-16 22:00:00+00:00,1.23,5.97,0.0,1.12,1.42,1.46,0.71,1.12,368.0,7.67,4.32,9.55,0
2026-05-16 22:30:00+00:00,1.25,5.98,0.0,1.17,1.42,0.66,0.75,1.19,345.0,5.2700000000000005,4.6000000000000005,10.97,0
2026-05-16 23:00:00+00:00,1.3,6.29,0.0,1.22,1.49,1.07,0.79,1.24,324.0,5.14,4.9,10.41,0
2026-05-16 23:30:00+00:00,1.25,6.21,0.0,1.17,1.44,0.72,0.74,1.17,336.0,6.83,4.7,10.42,0
2026-05-17 00:00:00+00:00,1.21,6.3100000000000005,0.0,1.1,1.32,0.92,0.6900000000000001,1.1,334.0,8.38,4.73,11.15,0
2026-05-17 00:30:00+00:00,1.17,6.29,0.0,1.11,1.38,0.62,0.7000000000000001,1.11,328.0,7.4,4.83,10.46,0
2026-05-17 01:00:00+00:00,1.18,6.55,0.0,1.14,1.45,0.75,0.74,1.16,293.0,8.96,5.41,10.93,0
2026-05-17 01:30:00+00:00,1.22,6.66,0.0,1.16,1.43,0.99,0.74,1.17,293.0,6.97,5.42,10.86,0
2026-05-17 02:00:00+00:00,1.16,6.62,0.0,1.09,1.36,0.51,0.68,1.09,303.0,6.91,5.23,11.11,0
2026-05-17 02:30:00+00:00,1.15,6.65,0.0,1.1,1.31,1.22,0.6900000000000001,1.1,297.0,8.040000000000001,5.33,10.43,0
2026-05-17 03:00:00+00:00,1.18,6.58,0.0,1.11,1.37,0.37,0.6900000000000001,1.1,302.0,6.67,5.25,11.34,0
2026-05-17 03:30:00+00:00,1.11,6.57,0.0,1.03,1.29,0.93,0.66,1.04,303.0,7.68,5.22,10.41,0
2026-05-17 04:00:00+00:00,1.06,6.75,0.0,1.0,1.25,0.77,0.63,1.0,292.0,5.49,5.42,9.78,0
2026-05-17 04:30:00+00:00,1.06,6.6000000000000005,0.0,1.02,1.3,0.99,0.65,1.03,294.0,6.95,5.38,10.16,0
2026-05-17 05:00:00+00:00,1.1,6.71,0.0,1.04,1.28,0.59,0.67,1.05,279.0,6.890000000000001,5.68,10.22,0
2026-05-17 05:30:00+00:00,1.09,6.83,0.0,1.05,1.3,0.4,0.65,1.04,285.0,7.8,5.5600000000000005,10.56,0
2026-05-17 06:00:00+00:00,1.05,6.58,0.0,1.0,1.27,0.72,0.63,1.0,289.0,6.1000000000000005,5.48,9.67,0
2026-05-17 06:30:00+00:00,0.99,6.5200000000000005,20.312278065085536,0.95,1.19,0.85,0.59,0.95,298.0,7.09,5.32,11.24,0
2026-05-17 07:00:00+00:00,0.91,6.5200000000000005,282.319422535236,0.85,1.02,0.65,0.55,0.87,297.0,7.75,5.33,10.96,0
2026-05-17 07:30:00+00:00,0.93,6.51,213.3568807932349,0.87,1.06,0.79,0.56,0.88,305.0,6.55,5.19,10.92,0
2026-05-17 08:00:00+00:00,0.96,6.6000000000000005,294.29826355367334,0.89,1.1,0.48,0.5700000000000001,0.9,301.0,6.96,5.24,10.62,0
2026-05-17 08:30:00+00:00,0.92,6.45,425.3955059999272,0.89,1.13,0.46,0.55,0.89,305.0,7.53,5.18,10.55,0
2026-05-17 09:00:00+00:00,0.89,6.47,145.80513462940908,0.85,1.06,0.75,0.53,0.85,311.0,6.92,5.1000000000000005,10.25,0
2026-05-17 09:30:00+00:00,0.8300000000000001,6.5,7.567863260138917,0.79,0.97,0.52,0.5,0.79,306.0,5.49,5.16,9.89,0
2026-05-17 10:00:00+00:00,0.81,6.5600000000000005,323.06836932683234,0.75,0.92,0.71,0.49,0.76,328.0,8.58,4.83,11.4,0
2026-05-17 10:30:00+00:00,0.86,6.34,66.36770422496062,0.81,1.03,0.53,0.51,0.81,344.0,7.32,4.61,11.49,0
2026-05-17 11:00:00+00:00,0.8200000000000001,6.19,0.0,0.76,0.95,0.81,0.5,0.78,349.0,8.120000000000001,4.53,9.84,0
2026-05-17 11:30:00+00:00,0.85,6.22,0.0,0.77,0.97,0.56,0.48,0.77,384.0,7.8,4.13,12.56,0
2026-05-17 12:00:00+00:00,0.9,6.41,0.0,0.79,1.01,0.6900000000000001,0.5,0.79,396.0,8.290000000000001,4.01,9.64,0
2026-05-17 12:30:00+00:00,0.98,6.33,0.0,0.89,1.15,0.8,0.58,0.9,377.0,7.82,4.21,11.05,0
2026-05-17 13:00:00+00:00,0.98,6.17,0.0,0.89,1.09,0.46,0.58,0.91,394.0,7.08,4.01,10.21,0
2026-05-17 13:30:00+00:00,1.01,6.11,0.0,0.91,1.14,0.84,0.59,0.92,395.0,8.05,4.0200000000000005,9.86,0
2026-05-17 14:00:00+00:00,1.05,6.0200000000000005,0.0,0.93,1.18,0.81,0.6,0.95,414.0,6.74,3.83,11.08,0
2026-05-17 14:30:00+00:00,1.07,5.7700000000000005,0.0,0.95,1.19,0.55,0.64,0.99,424.0,8.700000000000001,3.75,9.45,0
2026-05-17 15:00:00+00:00,1.18,6.2,0.0,1.06,1.32,0.9,0.67,1.06,401.0,7.74,3.95,10.94,0
2026-05-17 15:30:00+00:00,1.15,6.140000000000001,0.0,1.01,1.24,0.78,0.66,1.03,401.0,5.08,3.94,11.49,0
2026-05-17 16:00:00+00:00,1.23,6.3500000000000005,0.0,1.11,1.38,1.08,0.7000000000000001,1.11,397.0,3.95,3.99,12.95,0
2026-05-17 16:30:00+00:00,1.2,6.71,0.0,1.05,1.26,1.16,0.68,1.07,383.0,6.95,4.13,11.56,0
2026-05-17 17:00:00+00:00,1.29,6.55,197.11719590279588,1.15,1.42,1.11,0.74,1.15,386.0,5.94,4.11,12.08,0
2026-05-17 17:30:00+00:00,1.38,6.62,0.0,1.23,1.5,1.11,0.8,1.25,364.0,5.5200000000000005,4.36,10.85,0
2026-05-17 18:00:00+00:00,1.47,6.86,0.0,1.37,1.68,1.31,0.87,1.37,346.0,7.67,4.59,13.84,0
2026-05-17 18:30:00+00:00,1.48,6.67,0.0,1.33,1.62,1.13,0.86,1.35,349.0,5.73,4.53,12.67,0
2026-05-17 19:00:00+00:00,1.53,6.5600000000000005,0.0,1.42,1.72,1.25,0.91,1.43,347.0,5.43,4.57,12.53,0
2026-05-17 19:30:00+00:00,1.54,6.73,0.0,1.4,1.75,1.58,0.9,1.42,340.0,5.15,4.66,12.75,0
2026-05-17 20:00:00+00:00,1.69,7.27,0.0,1.54,1.81,1.8,1.02,1.58,315.0,7.5,5.01,13.38,0
2026-05-17 20:30:00+00:00,1.69,7.38,0.0,1.57,1.87,0.94,1.02,1.59,306.0,4.73,5.17,14.16,0
2026-05-17 21:00:00+00:00,1.65,7.77,0.0,1.47,1.83,1.2,0.95,1.49,314.0,8.44,5.05,14.41,0
2026-05-17 21:30:00+00:00,1.85,7.8,0.0,1.67,2.07,1.65,1.09,1.7,297.0,8.08,5.34,14.69,0
2026-05-17 22:00:00+00:00,1.82,7.78,0.0,1.65,2.06,2.35,1.09,1.69,294.0,6.03,5.38,13.08,0
2026-05-17 22:30:00+00:00,1.76,8.28,0.0,1.6,1.98,1.52,1.03,1.62,288.0,11.35,5.48,14.71,0
2026-05-17 23:00:00+00:00,1.79,8.18,0.0,1.65,2.03,1.88,1.08,1.68,286.0,12.43,5.54,15.03,0
2026-05-17 23:30:00+00:00,1.79,7.88,0.0,1.69,2.05,1.71,1.09,1.71,287.0,5.5,5.5200000000000005,13.31,0
2026-05-18 00:00:00+00:00,1.84,8.26,0.0,1.71,2.06,2.2,1.09,1.71,280.0,9.92,5.65,14.56,0
2026-05-18 00:30:00+00:00,1.78,8.19,0.0,1.63,2.04,2.13,1.03,1.64,287.0,5.7,5.5200000000000005,13.42,0
2026-05-18 01:00:00+00:00,1.73,7.9,0.0,1.55,1.9,1.53,0.99,1.56,302.0,7.91,5.26,12.97,0
2026-05-18 01:30:00+00:00,1.84,9.19,0.0,1.66,2.05,1.59,1.03,1.65,263.0,12.61,6.0200000000000005,15.63,0
2026-05-18 02:00:00+00:00,1.74,8.66,0.0,1.58,1.91,1.6,1.01,1.59,270.0,9.09,5.86,15.13,0
2026-05-18 02:30:00+00:00,1.75,8.89,0.0,1.68,2.09,1.6,1.05,1.68,255.0,9.93,6.22,14.63,0
2026-05-18 03:00:00+00:00,1.75,9.44,0.0,1.61,2.0,1.99,0.97,1.58,256.0,12.84,6.17,14.49,0
2026-05-18 03:30:00+00:00,1.77,9.06,0.0,1.63,2.02,2.12,0.98,1.59,255.0,10.16,6.2,14.67,0
2026-05-18 04:00:00+00:00,1.7,9.57,0.0,1.56,2.0,1.24,0.96,1.54,244.0,11.9,6.51,15.21,0
2026-05-18 04:30:00+00:00,1.6,9.28,0.0,1.48,1.92,1.09,0.88,1.45,249.0,10.73,6.32,15.99,0
2026-05-18 05:00:00+00:00,1.6,9.66,0.0,1.48,1.86,1.23,0.92,1.47,226.0,11.64,7.0,15.05,0
2026-05-18 05:30:00+00:00,1.92,10.28,0.0,1.84,2.27,1.07,1.14,1.83,197.0,10.27,8.01,13.71,0
2026-05-18 06:00:00+00:00,1.65,9.95,0.0,1.6,1.99,1.1,1.01,1.62,201.0,10.61,7.86,15.74,0
2026-05-18 06:30:00+00:00,1.79,10.1,0.0,1.72,2.05,0.89,1.11,1.75,194.0,11.01,8.15,14.69,0
2026-05-18 07:00:00+00:00,1.67,10.08,0.0,1.65,2.0,1.08,1.0,1.62,202.0,11.54,7.83,14.61,0
2026-05-18 07:30:00+00:00,1.74,9.99,0.0,1.71,2.07,1.08,1.11,1.74,186.0,10.47,8.49,15.41,0
2026-05-18 08:00:00+00:00,1.78,10.2,4033.709026308373,1.68,2.13,1.41,1.03,1.67,197.0,9.92,8.03,16.48,0
2026-05-18 08:30:00+00:00,1.73,10.11,7523.918408608899,1.71,2.12,0.89,1.05,1.69,189.0,10.82,8.34,15.66,0
2026-05-18 09:00:00+00:00,1.74,9.99,2773.2627605707544,1.69,2.19,0.98,1.04,1.68,196.0,10.98,8.040000000000001,14.85,0
2026-05-18 09:30:00+00:00,1.86,10.27,2802.5678248048275,1.76,2.3000000000000003,1.0,1.11,1.78,184.0,11.04,8.57,15.02,0
2026-05-18 10:00:00+00:00,1.72,9.87,1841.7657088726555,1.7,2.16,1.76,1.06,1.71,191.0,9.73,8.31,15.45,0
2026-05-18 10:30:00+00:00,1.75,10.21,1537.5260520726908,1.75,2.2,0.59,1.07,1.72,181.0,10.45,8.67,15.47,0
2026-05-18 11:00:00+00:00,1.69,9.63,1391.6534750204391,1.62,2.07,1.04,1.01,1.63,196.0,9.32,8.03,15.73,0
2026-05-18 11:30:00+00:00,1.74,9.98,1491.218918902606,1.61,1.94,0.81,1.01,1.61,193.0,10.2,8.16,15.71,0
2026-05-18 12:00:00+00:00,1.6,9.44,1392.5749419981062,1.55,1.94,0.87,1.0,1.57,191.0,8.2,8.26,14.9,0
2026-05-18 12:30:00+00:00,1.69,9.45,2853.597096993888,1.55,1.98,0.81,0.99,1.57,198.0,11.38,8.01,13.62,0
2026-05-18 13:00:00+00:00,1.51,9.56,3212.2539425293785,1.5,1.87,0.94,0.93,1.49,199.0,10.92,7.96,14.95,0
2026-05-18 13:30:00+00:00,1.54,9.67,3289.1456692011725,1.49,1.94,1.42,0.94,1.5,195.0,11.39,8.120000000000001,14.96,0
2026-05-18 14:00:00+00:00,1.51,9.4,3175.3749071504235,1.43,1.85,1.29,0.91,1.45,204.0,9.88,7.75,14.35,0
2026-05-18 14:30:00+00:00,1.42,9.51,3165.5183313914904,1.35,1.72,0.8,0.8200000000000001,1.34,213.0,9.93,7.42,15.9,0
2026-05-18 15:00:00+00:00,1.6,9.65,3095.95773704088,1.52,1.92,1.39,0.95,1.52,201.0,10.82,7.85,13.42,0
2026-05-18 15:30:00+00:00,1.66,9.69,3134.8244527124107,1.61,1.99,1.27,0.98,1.59,199.0,9.29,7.95,13.95,0
2026-05-18 16:00:00+00:00,1.45,9.5,3350.5494037721487,1.4,1.75,0.6,0.92,1.43,198.0,10.13,8.0,14.17,0
2026-05-18 16:30:00+00:00,1.49,9.92,2548.076973168053,1.45,1.86,0.96,0.89,1.43,207.0,9.2,7.63,14.07,0
2026-05-18 17:00:00+00:00,1.38,9.66,1491.7620769981338,1.34,1.65,0.92,0.8,1.31,217.0,11.55,7.3,13.48,0
2026-05-18 17:30:00+00:00,1.47,9.72,272.4916411595097,1.36,1.67,0.96,0.84,1.35,208.0,10.32,7.61,13.69,0
2026-05-18 18:00:00+00:00,1.29,9.44,0.0,1.21,1.48,0.94,0.73,1.18,227.0,8.950000000000001,6.96,14.14,0
2026-05-18 18:30:00+00:00,1.24,9.07,0.0,1.18,1.48,0.95,0.73,1.17,232.0,8.92,6.8,12.97,0
2026-05-18 19:00:00+00:00,1.12,8.620000000000001,0.0,1.06,1.34,0.93,0.66,1.06,251.0,8.91,6.3,12.59,0
2026-05-18 19:30:00+00:00,1.3,8.89,46.77607042488441,1.19,1.52,0.94,0.73,1.17,250.0,8.76,6.34,13.26,0
2026-05-18 20:00:00+00:00,1.36,9.23,0.0,1.28,1.61,1.06,0.76,1.25,242.0,8.67,6.55,12.88,0
2026-05-18 20:30:00+00:00,1.33,9.24,0.0,1.23,1.53,0.98,0.76,1.22,235.0,10.26,6.73,14.56,0
2026-05-18 21:00:00+00:00,1.18,8.58,0.0,1.12,1.43,0.93,0.6900000000000001,1.1,259.0,10.54,6.1000000000000005,13.49,0
2026-05-18 21:30:00+00:00,1.22,8.65,0.0,1.12,1.49,1.17,0.68,1.11,272.0,8.870000000000001,5.8100000000000005,12.34,0
2026-05-18 22:00:00+00:00,1.25,8.38,0.0,1.15,1.45,0.8,0.7000000000000001,1.13,269.0,9.88,5.9,13.87,0
2026-05-18 22:30:00+00:00,1.24,8.52,0.0,1.15,1.42,1.15,0.7000000000000001,1.13,273.0,8.34,5.8,12.24,0
2026-05-18 23:00:00+00:00,1.23,8.03,0.0,1.11,1.41,1.09,0.71,1.12,281.0,9.44,5.65,13.6,0
2026-05-18 23:30:00+00:00,1.19,7.69,0.0,1.11,1.4,1.34,0.6900000000000001,1.1,303.0,10.92,5.25,11.7,0
2026-05-19 00:00:00+00:00,1.28,7.8,0.0,1.19,1.47,1.38,0.74,1.18,284.0,10.7,5.57,11.94,0
2026-05-19 00:30:00+00:00,1.3,7.640000000000001,0.0,1.22,1.53,1.26,0.75,1.21,306.0,6.69,5.19,12.01,0
2026-05-19 01:00:00+00:00,1.41,7.45,0.0,1.3,1.62,1.24,0.8300000000000001,1.32,288.0,8.56,5.51,12.97,0
2026-05-19 01:30:00+00:00,1.36,7.4,0.0,1.33,1.64,1.23,0.81,1.31,289.0,7.68,5.45,12.38,0
2026-05-19 02:00:00+00:00,1.4,7.53,0.0,1.31,1.61,1.01,0.8,1.29,307.0,9.36,5.16,12.01,0
2026-05-19 02:30:00+00:00,1.45,7.34,0.0,1.35,1.65,1.33,0.86,1.35,294.0,8.620000000000001,5.38,12.12,0
2026-05-19 03:00:00+00:00,1.46,7.24,0.0,1.33,1.64,1.21,0.85,1.35,297.0,7.0200000000000005,5.33,11.4,0
2026-05-19 03:30:00+00:00,1.45,7.140000000000001,0.0,1.35,1.66,1.35,0.84,1.34,305.0,8.5,5.2,11.23,0
2026-05-19 04:00:00+00:00,1.54,7.0200000000000005,0.0,1.4,1.71,1.84,0.88,1.4,314.0,9.36,5.03,10.77,0
2026-05-19 04:30:00+00:00,1.45,6.59,0.0,1.34,1.62,1.38,0.89,1.38,314.0,7.88,5.03,11.58,0
2026-05-19 05:00:00+00:00,1.55,6.76,0.0,1.43,1.78,1.78,0.9,1.43,334.0,7.35,4.75,11.79,0
2026-05-19 05:30:00+00:00,1.55,6.61,0.0,1.43,1.73,1.52,0.91,1.44,320.0,4.95,4.94,11.72,0
2026-05-19 06:00:00+00:00,1.57,6.65,0.0,1.43,1.82,1.56,0.91,1.44,328.0,7.23,4.84,11.08,0
2026-05-19 06:30:00+00:00,1.57,6.6000000000000005,0.0,1.45,1.78,1.16,0.91,1.45,331.0,5.39,4.79,11.6,0
2026-05-19 07:00:00+00:00,1.53,6.46,0.0,1.42,1.79,1.5,0.89,1.42,330.0,8.27,4.8100000000000005,12.68,0
2026-05-19 07:30:00+00:00,1.61,6.8100000000000005,4008.434053230211,1.47,1.81,1.53,0.97,1.5,318.0,6.63,4.99,11.61,0
2026-05-19 08:00:00+00:00,1.62,6.72,9281.66000527754,1.47,1.79,1.73,0.94,1.48,326.0,8.11,4.8500000000000005,12.16,0
2026-05-19 08:30:00+00:00,1.66,6.6000000000000005,3612.453485737507,1.56,1.87,1.05,1.03,1.6,306.0,6.01,5.18,12.15,0
2026-05-19 09:00:00+00:00,1.76,6.28,5044.074705359622,1.64,2.06,1.39,1.05,1.66,322.0,5.1000000000000005,4.91,10.34,0
2026-05-19 09:30:00+00:00,1.61,6.24,2270.0514157627954,1.49,1.84,1.26,0.97,1.52,332.0,8.74,4.7700000000000005,12.6,0
2026-05-19 10:00:00+00:00,1.61,6.4,1922.5546262318585,1.52,1.89,1.44,0.96,1.52,335.0,10.12,4.74,11.07,0
2026-05-19 10:30:00+00:00,1.59,6.45,2058.971791753871,1.45,1.81,1.34,0.92,1.46,333.0,9.13,4.75,13.18,0
2026-05-19 11:00:00+00:00,1.64,6.3100000000000005,5257.18847118424,1.52,1.9,1.01,0.95,1.52,341.0,5.94,4.65,10.55,0
2026-05-19 11:30:00+00:00,1.53,6.74,6208.246556832874,1.43,1.8,0.74,0.91,1.44,318.0,8.61,4.98,11.9,0
2026-05-19 12:00:00+00:00,1.51,6.8,1468.2786750134328,1.41,1.77,1.08,0.9,1.43,312.0,7.48,5.05,10.92,0
2026-05-19 12:30:00+00:00,1.51,6.68,0.0,1.41,1.72,1.05,0.93,1.44,307.0,8.35,5.16,12.23,0
2026-05-19 13:00:00+00:00,1.57,7.08,0.0,1.44,1.82,0.89,0.89,1.43,306.0,8.370000000000001,5.18,11.02,0
2026-05-19 13:30:00+00:00,1.48,6.92,5504.81650120316,1.38,1.7,1.11,0.88,1.39,299.0,6.5,5.29,12.04,0
2026-05-19 14:00:00+00:00,1.47,7.09,0.0,1.39,1.75,1.24,0.86,1.38,297.0,5.87,5.34,10.94,0
2026-05-19 14:30:00+00:00,1.51,7.27,0.0,1.45,1.76,1.18,0.91,1.44,271.0,7.76,5.86,12.47,0
2026-05-19 15:00:00+00:00,1.5,7.62,0.0,1.41,1.72,0.8,0.89,1.4,266.0,7.96,5.96,15.65,0
2026-05-19 15:30:00+00:00,1.41,7.58,0.0,1.36,1.66,1.02,0.85,1.34,261.0,9.1,6.0600000000000005,13.92,0
2026-05-19 16:00:00+00:00,1.37,7.56,1502.093493962271,1.3,1.64,1.63,0.81,1.3,269.0,6.86,5.91,11.64,0
2026-05-19 16:30:00+00:00,1.45,7.78,204.9944079036,1.47,1.85,0.71,0.94,1.48,240.0,9.04,6.6000000000000005,13.15,0
2026-05-19 17:00:00+00:00,1.41,7.68,360.00707493301013,1.38,1.73,1.39,0.87,1.38,251.0,7.68,6.3,11.24,0
2026-05-19 17:30:00+00:00,1.38,7.71,299.6251580352798,1.31,1.63,0.8300000000000001,0.85,1.33,242.0,8.03,6.55,13.09,0
2026-05-19 18:00:00+00:00,1.51,8.1,289.61293901263485,1.43,1.79,0.88,0.9,1.43,236.0,7.95,6.71,13.05,0
2026-05-19 18:30:00+00:00,1.53,8.22,0.0,1.49,1.85,1.62,0.93,1.48,236.0,9.25,6.71,12.23,0
2026-05-19 19:00:00+00:00,1.66,8.41,0.0,1.54,1.91,1.46,0.99,1.57,224.0,7.99,7.05,12.62,0
2026-05-19 19:30:00+00:00,1.6,8.16,0.0,1.56,1.98,1.44,0.99,1.57,226.0,7.28,7.0,12.09,0
2026-05-19 20:00:00+00:00,1.64,8.31,0.0,1.6,1.88,1.21,1.04,1.62,221.0,8.84,7.140000000000001,15.03,0
2026-05-19 20:30:00+00:00,1.72,8.34,0.0,1.65,2.03,0.8200000000000001,1.06,1.66,219.0,8.06,7.24,15.62,0
2026-05-19 21:00:00+00:00,1.77,8.58,86.7307344290846,1.71,2.16,0.72,1.09,1.72,212.0,8.67,7.47,12.69,0
2026-05-19 21:30:00+00:00,1.79,8.59,0.0,1.68,2.05,0.97,1.07,1.69,214.0,8.6,7.41,13.5,0
2026-05-19 22:00:00+00:00,1.96,8.72,0.0,1.88,2.34,1.32,1.23,1.94,210.0,8.5,7.53,14.05,0
2026-05-19 22:30:00+00:00,1.97,8.94,0.0,1.92,2.37,1.04,1.23,1.95,211.0,8.24,7.5,13.22,0
2026-05-19 23:00:00+00:00,2.09,9.16,49.04675351069468,1.95,2.38,0.96,1.25,1.97,211.0,7.890000000000001,7.44,14.51,0
2026-05-19 23:30:00+00:00,2.24,9.07,0.0,2.19,2.78,0.73,1.36,2.16,208.0,7.34,7.61,13.27,0
2026-05-20 00:00:00+00:00,2.17,9.69,0.0,2.03,2.46,1.02,1.28,2.04,200.0,9.4,7.91,16.330000000000002,0
2026-05-20 00:30:00+00:00,2.52,9.75,148069.01867627745,2.39,2.95,2.81,1.5,2.4,201.0,9.38,7.87,15.73,0
2026-05-20 01:00:00+00:00,2.43,9.92,159398.30912709932,2.34,2.85,1.79,1.5,2.37,195.0,9.12,8.120000000000001,15.89,0
2026-05-20 01:30:00+00:00,2.5,10.38,147159.33539400963,2.36,2.92,2.07,1.51,2.39,193.0,11.21,8.21,18.51,0
2026-05-20 02:00:00+00:00,2.5500000000000003,10.77,143085.58759814256,2.52,3.15,1.39,1.62,2.56,182.0,12.79,8.700000000000001,18.14,0
2026-05-20 02:30:00+00:00,2.74,10.9,161325.22088462836,2.54,3.27,1.37,1.57,2.53,187.0,10.25,8.47,18.02,0
2026-05-20 03:00:00+00:00,2.89,11.56,156554.71083501735,2.78,3.52,2.61,1.76,2.79,168.0,10.94,9.39,16.15,0
2026-05-20 03:30:00+00:00,2.87,11.53,151456.59732965278,2.81,3.47,1.82,1.76,2.8000000000000003,167.0,10.17,9.39,19.44,0
2026-05-20 04:00:00+00:00,3.13,11.57,145094.4566187285,2.97,3.85,2.15,1.8,2.94,172.0,12.03,9.15,16.07,0
2026-05-20 04:30:00+00:00,3.15,11.93,165236.20798451873,3.12,3.93,2.44,1.98,3.16,155.0,12.63,10.25,17.63,0
2026-05-20 05:00:00+00:00,2.83,11.56,148319.41615799625,2.78,3.45,2.71,1.73,2.78,169.0,12.84,9.35,16.98,0
2026-05-20 05:30:00+00:00,3.2,12.1,156775.7388459477,3.09,3.79,2.07,1.95,3.11,157.0,12.3,10.06,17.73,0
2026-05-20 06:00:00+00:00,3.02,11.96,158134.038584192,2.87,3.66,2.22,1.8,2.87,164.0,13.2,9.64,16.03,0
2026-05-20 06:30:00+00:00,2.76,11.73,161787.52900823744,2.72,3.38,1.72,1.75,2.76,157.0,13.18,10.06,16.95,0
2026-05-20 07:00:00+00:00,2.94,11.89,156229.71938481115,2.8000000000000003,3.69,2.06,1.65,2.73,175.0,11.42,9.04,15.53,0
2026-05-20 07:30:00+00:00,2.81,11.86,149809.69631318064,2.77,3.45,1.63,1.73,2.77,158.0,11.66,10.02,17.53,0
2026-05-20 08:00:00+00:00,2.74,11.88,168173.95395081912,2.63,3.31,3.04,1.67,2.66,156.0,12.3,10.09,16.14,0
2026-05-20 08:30:00+00:00,2.66,11.5,152445.56867719066,2.5,3.0700000000000003,1.79,1.59,2.52,167.0,12.4,9.48,16.03,0
2026-05-20 09:00:00+00:00,2.86,11.77,152276.85246110216,2.75,3.34,1.77,1.71,2.75,162.0,12.78,9.76,18.07,0
2026-05-20 09:30:00+00:00,2.87,11.68,109121.43878461092,2.85,3.56,3.27,1.78,2.84,153.0,12.06,10.32,16.1,0
2026-05-20 10:00:00+00:00,3.02,12.07,134792.95581147695,2.95,3.54,1.48,1.95,3.01,145.0,11.32,10.96,17.18,0
2026-05-20 10:30:00+00:00,2.8000000000000003,11.74,142371.9849699063,2.75,3.47,1.46,1.72,2.75,154.0,12.65,10.23,17.27,0
2026-05-20 11:00:00+00:00,2.82,11.57,156538.82948244395,2.76,3.56,1.24,1.75,2.78,154.0,11.59,10.26,16.86,0
2026-05-20 11:30:00+00:00,2.71,11.36,158751.05700097067,2.57,3.23,2.23,1.61,2.56,158.0,11.93,9.97,17.81,0
2026-05-20 12:00:00+00:00,3.01,11.36,145.04738963980705,2.78,3.4,2.46,1.71,2.75,168.0,9.65,9.39,15.76,0
2026-05-20 12:30:00+00:00,2.85,11.53,312.01790306891104,2.75,3.33,1.38,1.7,2.73,164.0,11.42,9.65,15.71,0
2026-05-20 13:00:00+00:00,2.47,10.98,6309.105061340448,2.41,3.04,1.37,1.43,2.34,184.0,12.18,8.59,15.18,0
2026-05-20 13:30:00+00:00,2.66,11.04,5694.584785626316,2.51,3.2,2.22,1.51,2.47,181.0,10.01,8.72,16.02,0
2026-05-20 14:00:00+00:00,2.64,10.62,1954.5510555416467,2.5500000000000003,3.11,1.97,1.62,2.57,178.0,9.86,8.84,15.61,0
2026-05-20 14:30:00+00:00,2.54,10.56,2494.282978195923,2.35,2.92,2.22,1.43,2.32,194.0,12.19,8.15,16.59,0
2026-05-20 15:00:00+00:00,2.73,10.59,2024.3246619555007,2.64,3.42,1.68,1.62,2.64,183.0,10.81,8.620000000000001,16.28,0
2026-05-20 15:30:00+00:00,2.69,10.59,145.76126960339073,2.56,3.22,1.53,1.65,2.6,172.0,9.73,9.2,16.64,0
2026-05-20 16:00:00+00:00,2.41,10.49,50.68420492857849,2.41,2.98,1.23,1.51,2.42,180.0,9.96,8.74,16.23,0
2026-05-20 16:30:00+00:00,2.48,10.46,114.56187496980564,2.38,3.06,1.7,1.42,2.33,193.0,9.33,8.21,15.51,0
2026-05-20 17:00:00+00:00,2.53,10.61,223.10176355513016,2.4,2.88,1.04,1.51,2.41,184.0,11.34,8.61,14.52,0
2026-05-20 17:30:00+00:00,2.41,10.18,0.0,2.26,2.72,1.71,1.35,2.2,208.0,9.42,7.61,14.79,0
2026-05-20 18:00:00+00:00,2.44,10.23,176.5377954012677,2.38,3.03,2.23,1.42,2.31,202.0,9.26,7.83,15.51,0
2026-05-20 18:30:00+00:00,2.32,9.99,62.971157189397815,2.25,2.8000000000000003,1.49,1.41,2.25,203.0,11.05,7.76,14.33,0
2026-05-20 19:00:00+00:00,2.34,10.33,81.76845326229943,2.22,2.79,1.51,1.34,2.18,205.0,10.86,7.67,15.71,0
2026-05-20 19:30:00+00:00,2.25,9.81,32.312950289417536,2.18,2.67,0.97,1.37,2.17,207.0,11.04,7.67,14.04,0
2026-05-20 20:00:00+00:00,2.45,10.29,87.41020276285565,2.26,2.83,1.73,1.39,2.24,213.0,10.69,7.43,14.14,0
2026-05-20 20:30:00+00:00,2.33,10.08,25.070780594649957,2.25,2.77,2.2,1.37,2.21,212.0,11.75,7.46,14.1,0
2026-05-20 21:00:00+00:00,2.33,10.05,0.0,2.26,2.8000000000000003,1.49,1.42,2.26,200.0,11.89,7.87,13.93,0
2026-05-20 21:30:00+00:00,2.26,9.88,0.0,2.06,2.5500000000000003,1.13,1.26,2.04,220.0,10.04,7.19,14.16,0
2026-05-20 22:00:00+00:00,2.15,10.14,0.0,2.05,2.61,1.11,1.29,2.05,203.0,10.66,7.79,13.9,0
2026-05-20 22:30:00+00:00,1.87,9.78,0.0,1.79,2.38,1.57,1.07,1.76,224.0,11.07,7.03,14.46,0
2026-05-20 23:00:00+00:00,2.16,10.38,0.0,2.07,2.57,1.37,1.24,2.02,204.0,10.44,7.76,14.69,0
2026-05-20 23:30:00+00:00,2.01,10.26,0.0,1.9,2.46,2.06,1.1,1.82,217.0,11.79,7.31,14.43,0
2026-05-21 00:00:00+00:00,2.01,10.39,0.0,1.91,2.27,1.04,1.15,1.86,199.0,11.25,7.97,14.89,1
2026-05-21 00:30:00+00:00,1.94,10.22,0.0,1.75,2.15,1.48,1.05,1.71,213.0,9.33,7.44,14.17,0
2026-05-21 01:00:00+00:00,1.88,10.33,0.0,1.79,2.34,1.04,1.11,1.78,196.0,9.11,8.1,14.13,0
2026-05-21 01:30:00+00:00,1.84,10.19,0.0,1.77,2.31,1.45,1.07,1.75,199.0,10.33,7.91,14.12,0
2026-05-21 02:00:00+00:00,1.75,10.12,0.0,1.67,2.19,1.23,1.03,1.67,200.0,11.09,7.94,14.24,0
2026-05-21 02:30:00+00:00,1.91,10.17,0.0,1.85,2.37,1.03,1.12,1.82,189.0,10.45,8.34,14.55,0
2026-05-21 03:00:00+00:00,1.76,10.35,0.0,1.74,2.19,1.03,1.04,1.69,183.0,11.0,8.63,15.49,0
2026-05-21 03:30:00+00:00,1.79,10.14,0.0,1.78,2.24,0.95,1.07,1.75,191.0,10.12,8.26,14.6,0
2026-05-21 04:00:00+00:00,1.76,10.26,0.0,1.76,2.14,1.18,1.11,1.76,178.0,10.59,8.870000000000001,14.58,0
2026-05-21 04:30:00+00:00,1.6,9.81,0.0,1.52,1.86,1.0,0.97,1.54,190.0,11.89,8.34,13.21,0
2026-05-21 05:00:00+00:00,1.77,9.86,0.0,1.66,2.13,0.8,1.06,1.69,182.0,9.64,8.69,13.89,0
2026-05-21 05:30:00+00:00,1.68,9.95,78.2571968891207,1.61,1.97,0.88,1.02,1.63,188.0,10.2,8.42,15.36,0
2026-05-21 06:00:00+00:00,1.75,9.81,8411.70682942177,1.72,2.07,1.4,1.12,1.76,182.0,10.69,8.69,14.41,0
2026-05-21 06:30:00+00:00,1.55,9.5,6453.38182368649,1.54,1.92,0.88,0.95,1.52,195.0,9.91,8.13,14.97,0
2026-05-21 07:00:00+00:00,1.73,9.46,5991.625569740469,1.64,2.16,0.86,1.01,1.63,196.0,9.26,8.07,15.22,0
2026-05-21 07:30:00+00:00,1.81,9.94,0.0,1.73,2.09,1.16,1.07,1.71,191.0,9.82,8.290000000000001,14.07,0
2026-05-21 08:00:00+00:00,1.69,9.45,0.0,1.71,2.08,0.53,1.07,1.7,191.0,9.69,8.3,14.29,0
2026-05-21 08:30:00+00:00,1.72,9.57,0.0,1.72,2.22,1.03,1.06,1.71,190.0,9.89,8.3,14.9,0
2026-05-21 09:00:00+00:00,1.72,9.5,45.90134331847852,1.7,2.17,1.21,1.03,1.67,200.0,10.64,7.92,13.41,0
2026-05-21 09:30:00+00:00,1.61,9.12,0.0,1.5,1.9,0.95,0.96,1.52,207.0,9.2,7.62,12.73,0
2026-05-21 10:00:00+00:00,1.66,9.11,4158.375997194531,1.61,2.03,0.8,1.02,1.62,200.0,9.99,7.92,13.41,0
2026-05-21 10:30:00+00:00,1.7,9.12,1100.2749856902549,1.6,1.88,0.64,1.06,1.65,195.0,10.48,8.120000000000001,12.86,0
2026-05-21 11:00:00+00:00,1.7,8.97,3587.5993649549314,1.6,1.93,0.81,1.06,1.65,197.0,8.93,8.02,14.9,0
2026-05-21 11:30:00+00:00,1.72,8.86,2955.271655529152,1.61,1.94,0.78,1.06,1.64,199.0,9.82,7.94,13.11,0
2026-05-21 12:00:00+00:00,1.64,8.98,3005.077548332319,1.54,1.96,0.92,0.98,1.55,204.0,9.2,7.75,13.35,0
2026-05-21 12:30:00+00:00,1.46,8.81,3180.252038349493,1.43,1.79,0.84,0.9,1.43,210.0,10.38,7.53,13.68,0
2026-05-21 13:00:00+00:00,1.61,8.82,592.908426412263,1.52,1.86,0.52,1.0,1.55,202.0,7.55,7.82,13.03,0
2026-05-21 13:30:00+00:00,1.45,8.77,1754.7069110141424,1.44,1.79,0.58,0.91,1.44,204.0,7.85,7.77,13.41,0
2026-05-21 14:00:00+00:00,1.46,8.73,0.0,1.4,1.76,0.79,0.89,1.41,207.0,8.73,7.63,13.77,0
2026-05-21 14:30:00+00:00,1.49,9.18,419.544404518321,1.4,1.66,1.16,0.94,1.45,196.0,7.930000000000001,8.07,12.97,0
2026-05-21 15:00:00+00:00,1.59,9.2,0.0,1.53,1.82,0.96,1.02,1.57,185.0,10.0,8.56,13.41,0
2026-05-21 15:30:00+00:00,1.65,9.12,2942.615282552595,1.57,1.94,0.9,1.01,1.59,193.0,8.370000000000001,8.17,13.08,0
2026-05-21 16:00:00+00:00,1.48,8.65,3017.8106083371813,1.42,1.78,0.87,0.91,1.44,211.0,8.59,7.51,14.15,0
2026-05-21 16:30:00+00:00,1.36,8.82,2845.537301281497,1.31,1.65,0.88,0.8200000000000001,1.31,210.0,8.88,7.55,13.89,0
2026-05-21 17:00:00+00:00,1.5,9.0,2634.046599862932,1.39,1.69,0.81,0.9,1.41,203.0,9.52,7.76,14.67,0
2026-05-21 17:30:00+00:00,1.36,8.96,2687.0707710557126,1.36,1.61,0.43,0.86,1.35,200.0,8.64,7.91,13.01,0
2026-05-21 18:00:00+00:00,1.48,9.13,2551.9450441569816,1.43,1.83,1.1,0.93,1.46,191.0,8.73,8.3,12.53,0
2026-05-21 18:30:00+00:00,1.42,9.24,2501.2970062177296,1.43,1.73,1.03,0.93,1.45,186.0,9.8,8.49,13.89,0
2026-05-21 19:00:00+00:00,1.3,9.03,2805.103302436086,1.25,1.5,0.8,0.8,1.27,200.0,8.66,7.91,12.88,0
2026-05-21 19:30:00+00:00,1.35,9.25,3058.0461628546573,1.32,1.69,0.71,0.81,1.31,197.0,8.99,8.040000000000001,14.53,0
2026-05-21 20:00:00+00:00,1.4,9.5,3345.304019433201,1.33,1.78,0.88,0.81,1.32,204.0,9.05,7.75,13.02,0
2026-05-21 20:30:00+00:00,1.33,9.25,3211.073834961748,1.27,1.56,0.76,0.8200000000000001,1.29,193.0,9.09,8.23,13.45,0
2026-05-21 21:00:00+00:00,1.36,9.57,2932.689915740474,1.32,1.62,0.73,0.85,1.34,190.0,9.16,8.36,13.32,0
2026-05-21 21:30:00+00:00,1.33,9.3,3085.184288633252,1.28,1.52,0.51,0.84,1.31,188.0,10.98,8.41,12.35,0
2026-05-21 22:00:00+00:00,1.43,9.25,2944.9960506251546,1.42,1.73,0.8,0.9,1.43,186.0,9.17,8.48,13.37,0
2026-05-21 22:30:00+00:00,1.33,9.31,2857.697004800981,1.29,1.68,0.67,0.8,1.29,199.0,10.72,7.94,13.27,0
2026-05-21 23:00:00+00:00,1.52,9.51,2719.823186627537,1.5,1.87,0.6900000000000001,0.95,1.51,186.0,8.25,8.53,14.66,0
2026-05-21 23:30:00+00:00,1.39,9.14,2436.683409124874,1.38,1.73,0.91,0.86,1.38,199.0,9.54,7.94,12.56,0
2026-05-22 00:00:00+00:00,1.5,9.1,2232.831494016657,1.44,1.8,1.2,0.87,1.42,206.0,8.41,7.640000000000001,12.6,0
2026-05-22 00:30:00+00:00,1.5,9.19,2289.943669295481,1.4,1.75,0.8200000000000001,0.88,1.41,196.0,9.11,8.05,13.67,0
2026-05-22 01:00:00+00:00,1.63,9.45,2452.740992111629,1.59,2.01,0.71,1.03,1.62,185.0,9.85,8.56,13.65,0
2026-05-22 01:30:00+00:00,1.55,9.38,2509.4748528387872,1.51,1.85,0.7000000000000001,0.96,1.51,189.0,8.81,8.4,16.240000000000002,0
2026-05-22 02:00:00+00:00,1.5,9.15,2453.8185596405924,1.5,1.84,1.22,0.94,1.49,198.0,8.94,8.0,13.96,0
2026-05-22 02:30:00+00:00,1.6,9.38,2478.2219242526403,1.54,1.9,1.05,0.97,1.54,197.0,9.97,8.01,15.44,0
2026-05-22 03:00:00+00:00,1.73,9.38,2664.009774964541,1.68,2.14,0.78,1.06,1.7,192.0,9.13,8.25,13.55,0
2026-05-22 03:30:00+00:00,1.78,9.47,2618.51562629368,1.74,2.23,0.81,1.04,1.69,197.0,9.58,8.03,12.84,0
2026-05-22 04:00:00+00:00,1.68,9.51,2397.5309718319268,1.66,2.12,1.3,1.04,1.66,194.0,10.39,8.17,12.86,0
2026-05-22 04:30:00+00:00,1.7,9.51,2345.6004725953767,1.64,2.03,1.02,1.07,1.67,191.0,9.66,8.27,13.43,0
2026-05-22 05:00:00+00:00,1.77,9.61,1959.3800409660764,1.72,2.08,0.98,1.13,1.76,180.0,11.37,8.82,15.02,0
2026-05-22 05:30:00+00:00,1.87,9.71,1994.7967456286844,1.8,2.22,1.1,1.13,1.79,188.0,10.42,8.41,14.51,0
2026-05-22 06:00:00+00:00,1.93,10.13,2819.568422098782,1.84,2.29,0.59,1.2,1.88,175.0,11.01,9.01,14.32,0
2026-05-22 06:30:00+00:00,1.8,9.66,3028.7270281463743,1.78,2.27,1.72,1.09,1.75,193.0,11.28,8.17,13.12,0
2026-05-22 07:00:00+00:00,2.0,9.8,2600.709713370766,2.0,2.53,0.86,1.25,2.0,181.0,10.46,8.72,15.5,0
2026-05-22 07:30:00+00:00,1.76,9.73,1917.3581506029784,1.7,2.12,0.8,1.06,1.69,190.0,9.81,8.32,13.84,0
2026-05-22 08:00:00+00:00,1.73,9.64,0.0,1.63,2.02,0.91,1.06,1.67,187.0,9.75,8.41,14.76,0
2026-05-22 08:30:00+00:00,1.59,9.36,0.0,1.54,1.84,1.0,0.96,1.53,200.0,9.13,7.9,13.38,0
2026-05-22 09:00:00+00:00,1.62,9.54,3815.8212764846135,1.59,1.93,1.42,1.04,1.62,189.0,9.89,8.4,13.75,0
2026-05-22 09:30:00+00:00,1.65,9.59,1938.4450262645848,1.56,2.01,1.21,0.95,1.54,205.0,10.42,7.72,13.16,0
2026-05-22 10:00:00+00:00,1.62,9.56,1644.1828913567122,1.47,1.85,0.96,0.89,1.45,221.0,10.29,7.15,14.82,0
2026-05-22 10:30:00+00:00,1.58,9.25,1741.3497218205418,1.52,1.95,1.01,0.94,1.52,224.0,10.04,7.0600000000000005,13.91,0
2026-05-22 11:00:00+00:00,1.54,9.33,1479.1753321312992,1.49,1.86,1.0,0.92,1.49,216.0,10.23,7.33,13.55,0
2026-05-22 11:30:00+00:00,1.54,9.43,1306.0178751547385,1.45,1.87,1.37,0.89,1.44,220.0,10.3,7.22,13.35,0
2026-05-22 12:00:00+00:00,1.45,9.38,1176.4485861812695,1.38,1.81,0.59,0.81,1.33,224.0,9.92,7.0,15.45,0
2026-05-22 12:30:00+00:00,1.58,9.46,7227.289772254096,1.48,1.81,1.06,0.92,1.47,212.0,9.92,7.45,12.4,0
2026-05-22 13:00:00+00:00,1.55,9.3,2422.2365605587934,1.49,1.87,0.76,0.91,1.47,213.0,9.23,7.43,14.44,0
2026-05-22 13:30:00+00:00,1.54,9.31,1621.4973828582656,1.51,1.95,0.98,0.9,1.47,220.0,9.41,7.22,13.34,0
2026-05-22 14:00:00+00:00,1.69,9.48,4867.014612433003,1.6,1.94,1.27,0.97,1.56,220.0,10.41,7.19,14.13,0
2026-05-22 14:30:00+00:00,1.73,9.53,9178.879725768407,1.7,2.18,1.53,1.02,1.67,218.0,9.29,7.27,13.85,0
2026-05-22 15:00:00+00:00,1.52,9.12,1498.6546765139683,1.52,1.86,1.11,0.93,1.5,220.0,10.38,7.21,12.98,0
2026-05-22 15:30:00+00:00,1.63,9.35,1530.3033918129547,1.57,1.99,0.87,0.97,1.56,219.0,9.82,7.26,13.14,0
2026-05-22 16:00:00+00:00,1.63,9.24,1172.2121434542885,1.58,1.98,0.92,0.93,1.53,229.0,10.48,6.93,12.89,0
2026-05-22 16:30:00+00:00,1.55,9.26,1130.628407610261,1.5,1.93,1.21,0.91,1.48,224.0,10.48,7.0600000000000005,13.8,0
2026-05-22 17:00:00+00:00,1.59,9.43,1203.2994508860677,1.49,1.92,0.91,0.91,1.48,219.0,9.26,7.23,14.17,0
2026-05-22 17:30:00+00:00,1.47,9.3,1163.9449572178944,1.42,1.79,1.13,0.88,1.41,213.0,10.08,7.43,13.66,0
2026-05-22 18:00:00+00:00,1.68,9.44,1210.490743326891,1.6,1.99,1.21,1.01,1.61,199.0,9.84,7.97,14.97,0
2026-05-22 18:30:00+00:00,1.55,9.19,984.1752078702998,1.5,1.88,0.8300000000000001,0.91,1.48,217.0,8.59,7.32,13.51,0
2026-05-22 19:00:00+00:00,1.73,9.59,936.218653531936,1.66,2.09,0.92,1.04,1.66,198.0,9.46,7.98,14.07,0
2026-05-22 19:30:00+00:00,1.63,9.48,934.2032909128276,1.64,2.07,1.1,0.95,1.57,212.0,10.43,7.48,13.41,0
2026-05-22 20:00:00+00:00,1.67,9.44,964.8894252243982,1.56,1.91,0.99,1.0,1.59,206.0,10.67,7.68,15.6,0
2026-05-22 20:30:00+00:00,1.72,9.31,921.9078549319106,1.64,2.0,1.14,0.98,1.6,227.0,9.44,6.99,14.25,0
2026-05-22 21:00:00+00:00,1.59,9.01,742.9667884924171,1.57,2.02,1.61,0.92,1.51,238.0,8.27,6.65,13.47,0
2026-05-22 21:30:00+00:00,1.66,9.24,805.1043189918291,1.61,2.04,0.94,0.98,1.59,224.0,9.83,7.08,13.56,0
2026-05-22 22:00:00+00:00,1.7,9.32,595.9767580593167,1.68,2.17,1.65,1.0,1.64,221.0,10.38,7.140000000000001,12.65,0
2026-05-22 22:30:00+00:00,1.85,9.39,929.7256266328384,1.76,2.33,1.22,1.03,1.71,228.0,10.57,6.94,14.03,0
2026-05-22 23:00:00+00:00,1.76,9.05,1095.8877950431252,1.69,2.1,1.57,1.01,1.64,231.0,12.01,6.8500000000000005,13.34,0
2026-05-22 23:30:00+00:00,1.77,9.01,1064.3441648999717,1.67,2.13,1.42,1.04,1.66,221.0,9.17,7.15,13.18,0
2026-05-23 00:00:00+00:00,1.84,9.58,1041.3380118355958,1.73,2.31,1.17,1.03,1.68,217.0,8.370000000000001,7.28,13.24,0
2026-05-23 00:30:00+00:00,1.67,9.05,1092.1542352441072,1.62,2.06,1.41,0.96,1.57,235.0,9.23,6.71,13.76,0
2026-05-23 01:00:00+00:00,1.72,9.33,1032.0673155878535,1.6,1.97,1.63,0.95,1.55,234.0,9.8,6.75,13.21,0
2026-05-23 01:30:00+00:00,1.57,9.23,1016.0609108416904,1.53,1.87,1.04,0.91,1.48,236.0,10.44,6.71,13.29,0
2026-05-23 02:00:00+00:00,1.7,9.11,729.5476197856017,1.6,1.99,1.32,1.0,1.6,228.0,10.48,6.96,13.66,0
2026-05-23 02:30:00+00:00,1.66,9.32,770.9560522914796,1.57,1.89,1.19,1.03,1.62,212.0,9.01,7.47,13.67,0
2026-05-23 03:00:00+00:00,1.55,8.78,852.6708489888024,1.48,1.91,1.2,0.88,1.43,250.0,8.41,6.34,12.95,0
2026-05-23 03:30:00+00:00,1.73,9.4,851.7369035412487,1.61,1.95,0.9,1.01,1.6,223.0,11.08,7.0600000000000005,13.55,0
2026-05-23 04:00:00+00:00,1.64,9.28,855.3226871346833,1.6,2.03,1.22,0.94,1.55,234.0,10.82,6.73,13.1,0
2026-05-23 04:30:00+00:00,1.66,9.24,866.4041283848451,1.56,1.98,1.19,0.96,1.54,221.0,10.82,7.15,13.32,0
2026-05-23 05:00:00+00:00,1.55,8.94,818.2631339752411,1.42,1.72,0.68,0.9,1.43,236.0,9.7,6.71,13.2,0
2026-05-23 05:30:00+00:00,1.56,8.77,903.5026801549128,1.5,1.94,1.62,0.94,1.5,226.0,9.4,6.98,13.44,0
2026-05-23 06:00:00+00:00,1.56,8.81,1160.7412006642646,1.47,1.81,0.93,0.95,1.5,230.0,9.04,6.890000000000001,14.13,0
2026-05-23 06:30:00+00:00,1.58,9.21,1256.192275237423,1.49,1.89,1.09,0.94,1.5,219.0,11.41,7.22,14.86,0
2026-05-23 07:00:00+00:00,1.48,8.77,1376.5833597154538,1.44,1.83,1.17,0.88,1.42,239.0,9.62,6.62,13.86,0
2026-05-23 07:30:00+00:00,1.45,8.58,1103.268741311481,1.32,1.61,0.94,0.88,1.36,234.0,6.0600000000000005,6.75,12.87,0
2026-05-23 08:00:00+00:00,1.61,8.950000000000001,1232.012219316496,1.52,1.9,1.16,0.98,1.55,223.0,11.24,7.11,13.67,0
2026-05-23 08:30:00+00:00,1.47,8.47,1170.1658742746135,1.41,1.8,1.02,0.91,1.44,225.0,8.700000000000001,7.0200000000000005,12.88,0
2026-05-23 09:00:00+00:00,1.38,8.55,1054.1308694567572,1.29,1.61,1.05,0.8300000000000001,1.32,230.0,7.27,6.88,13.24,0
2026-05-23 09:30:00+00:00,1.53,8.89,1212.8519250966249,1.44,1.71,1.14,0.94,1.46,213.0,9.91,7.44,13.2,0
2026-05-23 10:00:00+00:00,1.44,8.35,1327.9338725527305,1.39,1.7,0.88,0.88,1.39,234.0,9.54,6.76,13.03,0
2026-05-23 10:30:00+00:00,1.38,8.36,1685.302809182083,1.31,1.6,0.79,0.8300000000000001,1.32,242.0,10.19,6.5600000000000005,12.52,0
2026-05-23 11:00:00+00:00,1.46,8.92,1535.102838408858,1.4,1.7,0.75,0.92,1.44,211.0,9.2,7.49,14.91,0
2026-05-23 11:30:00+00:00,1.57,8.89,1567.5917193435089,1.48,1.81,0.97,0.93,1.48,225.0,10.44,7.04,13.09,0
2026-05-23 12:00:00+00:00,1.53,8.91,1638.1782389186203,1.46,1.82,0.94,0.92,1.46,222.0,9.82,7.11,12.85,0
2026-05-23 12:30:00+00:00,1.67,9.14,1417.807154144938,1.6,2.0,0.89,1.0,1.6,214.0,8.02,7.390000000000001,13.92,0
2026-05-23 13:00:00+00:00,1.65,8.9,1347.2698908555203,1.54,1.93,1.34,0.99,1.55,217.0,9.1,7.25,12.79,0
2026-05-23 13:30:00+00:00,1.59,8.8,1387.153810381517,1.52,1.97,1.13,0.91,1.49,230.0,9.99,6.890000000000001,12.76,0
2026-05-23 14:00:00+00:00,1.5,8.950000000000001,1344.9380165329892,1.44,1.79,1.51,0.93,1.47,212.0,9.19,7.48,13.39,0
2026-05-23 14:30:00+00:00,1.71,9.32,1259.9648898841358,1.69,2.08,1.11,1.06,1.68,196.0,10.68,8.09,12.77,0
2026-05-23 15:00:00+00:00,1.49,8.9,1125.9236962906673,1.48,1.83,1.1,0.87,1.43,219.0,8.3,7.21,12.4,0
2026-05-23 15:30:00+00:00,1.45,8.73,1066.045156250011,1.39,1.67,0.94,0.89,1.4,214.0,9.12,7.38,12.31,0
2026-05-23 16:00:00+00:00,1.51,9.14,1324.033305900279,1.48,1.83,0.73,0.91,1.46,207.0,9.89,7.61,12.49,0
2026-05-23 16:30:00+00:00,1.53,9.04,1267.0075122709266,1.44,1.72,0.66,0.9,1.44,208.0,8.47,7.63,13.86,0
2026-05-23 17:00:00+00:00,1.46,8.98,1259.330530918574,1.41,1.83,0.66,0.92,1.45,200.0,8.99,7.890000000000001,12.94,0
2026-05-23 17:30:00+00:00,1.4,8.790000000000001,1258.10017903752,1.37,1.6,0.75,0.89,1.39,206.0,9.07,7.71,13.94,0
2026-05-23 18:00:00+00:00,1.52,8.76,1220.465707859117,1.41,1.75,0.94,0.87,1.39,235.0,9.22,6.73,12.15,0
2026-05-23 18:30:00+00:00,1.59,8.86,1033.4917355970683,1.46,1.83,0.93,0.92,1.46,235.0,10.54,6.75,12.03,0
2026-05-23 19:00:00+00:00,1.54,8.700000000000001,755.0475268838369,1.42,1.85,0.77,0.8200000000000001,1.37,271.0,9.56,5.84,12.41,0
2026-05-23 19:30:00+00:00,1.46,8.18,835.5161906815052,1.37,1.74,0.93,0.81,1.33,278.0,8.57,5.71,12.36,0
2026-05-23 20:00:00+00:00,1.45,8.25,1151.951186854988,1.36,1.73,0.98,0.8,1.31,277.0,7.930000000000001,5.71,12.32,0
2026-05-23 20:30:00+00:00,1.4,8.15,1060.7795637906345,1.36,1.67,0.99,0.85,1.35,256.0,9.06,6.19,12.27,0
2026-05-23 21:00:00+00:00,1.51,8.620000000000001,1136.196361527263,1.41,1.74,1.14,0.89,1.41,244.0,10.17,6.49,12.61,0
2026-05-23 21:30:00+00:00,1.44,8.76,1024.1368709414517,1.36,1.7,1.03,0.84,1.34,239.0,11.56,6.61,12.3,0
2026-05-23 22:00:00+00:00,1.37,8.370000000000001,861.0474495632723,1.32,1.68,0.96,0.8,1.3,256.0,9.24,6.19,12.56,0
2026-05-23 22:30:00+00:00,1.4,8.49,946.8387092762848,1.36,1.7,1.38,0.84,1.35,234.0,6.93,6.75,12.78,0
2026-05-23 23:00:00+00:00,1.26,8.32,991.2643623629956,1.21,1.54,1.18,0.72,1.18,260.0,8.34,6.09,12.73,0
2026-05-23 23:30:00+00:00,1.22,8.43,1309.7945925730023,1.16,1.45,1.17,0.74,1.17,252.0,9.52,6.28,13.24,0
2026-05-24 00:00:00+00:00,1.3,8.74,1283.9831261125955,1.22,1.56,0.55,0.73,1.19,252.0,11.13,6.3,13.17,0
2026-05-24 00:30:00+00:00,1.27,8.66,1211.3496543702497,1.17,1.52,1.01,0.73,1.17,249.0,8.52,6.36,11.48,0
2026-05-24 01:00:00+00:00,1.28,8.81,1461.052996617037,1.26,1.6,0.8300000000000001,0.78,1.25,221.0,8.2,7.15,13.37,0
2026-05-24 01:30:00+00:00,1.28,9.07,1332.6891790677353,1.2,1.55,0.96,0.72,1.18,226.0,9.28,6.98,12.63,0
2026-05-24 02:00:00+00:00,1.36,9.12,1170.8857577335352,1.32,1.66,0.77,0.8,1.3,216.0,9.18,7.34,12.43,0
2026-05-24 02:30:00+00:00,1.15,8.6,53341.661012829005,1.11,1.38,0.75,0.7000000000000001,1.11,229.0,9.65,6.9,13.24,0
2026-05-24 03:00:00+00:00,1.14,8.69,155967.11096501257,1.11,1.44,0.51,0.68,1.09,227.0,9.88,6.95,12.92,0
2026-05-24 03:30:00+00:00,1.25,8.81,164570.7459061654,1.19,1.52,0.64,0.73,1.18,225.0,9.92,7.04,13.13,0
2026-05-24 04:00:00+00:00,1.36,9.08,160788.52770412096,1.32,1.63,0.72,0.8200000000000001,1.31,209.0,9.06,7.58,12.42,0
2026-05-24 04:30:00+00:00,1.19,8.63,158716.26856636442,1.15,1.45,0.63,0.7000000000000001,1.13,239.0,8.870000000000001,6.63,13.2,0
2026-05-24 05:00:00+00:00,1.3,8.99,149619.82779776142,1.32,1.68,0.89,0.79,1.28,218.0,9.41,7.26,12.87,0
2026-05-24 05:30:00+00:00,1.14,8.47,146032.71055793163,1.08,1.37,0.7000000000000001,0.65,1.06,252.0,8.36,6.2700000000000005,12.16,0
2026-05-24 06:00:00+00:00,1.27,8.700000000000001,166564.75563807617,1.27,1.63,1.01,0.75,1.23,236.0,8.89,6.71,11.82,0
2026-05-24 06:30:00+00:00,1.13,8.1,53876.63270952542,1.05,1.33,0.99,0.64,1.03,280.0,10.55,5.66,11.93,0
2026-05-24 07:00:00+00:00,1.16,7.9,1450.3079168677048,1.13,1.42,0.87,0.67,1.1,283.0,7.87,5.58,11.89,0
2026-05-24 07:30:00+00:00,1.21,8.02,153534.74525289363,1.16,1.47,0.81,0.68,1.12,287.0,9.49,5.53,12.23,0
2026-05-24 08:00:00+00:00,1.21,7.88,161581.51336300376,1.16,1.42,0.68,0.72,1.15,274.0,8.38,5.79,11.16,0
2026-05-24 08:30:00+00:00,1.14,7.51,167799.9479270707,1.05,1.34,1.12,0.64,1.03,303.0,8.870000000000001,5.24,10.51,0
2026-05-24 09:00:00+00:00,1.15,7.59,181572.7045080328,1.1,1.39,0.9,0.68,1.09,281.0,7.51,5.64,11.36,0
2026-05-24 09:30:00+00:00,1.18,7.640000000000001,164138.6092972622,1.14,1.46,0.9,0.7000000000000001,1.13,279.0,8.23,5.67,13.36,0
2026-05-24 10:00:00+00:00,1.24,7.65,164758.0194207266,1.13,1.39,0.99,0.73,1.14,266.0,8.61,5.92,12.11,0
2026-05-24 10:30:00+00:00,1.18,7.63,168785.30957478212,1.1,1.37,0.92,0.68,1.09,279.0,8.21,5.69,11.98,0
2026-05-24 11:00:00+00:00,1.17,7.4,179250.10264122163,1.1,1.36,1.19,0.72,1.12,275.0,7.2,5.76,12.43,0
2026-05-24 11:30:00+00:00,1.21,7.69,153267.64525044756,1.18,1.4,1.14,0.73,1.16,271.0,9.11,5.8100000000000005,11.31,0
2026-05-24 12:00:00+00:00,1.16,7.56,147043.7539466648,1.11,1.36,0.95,0.6900000000000001,1.1,277.0,8.700000000000001,5.71,10.71,0
2026-05-24 12:30:00+00:00,1.14,7.5,146200.65599551427,1.09,1.35,0.6,0.67,1.08,276.0,8.16,5.73,12.43,0
2026-05-24 13:00:00+00:00,1.16,7.57,171389.74271592902,1.12,1.39,1.03,0.72,1.13,252.0,7.34,6.29,11.66,0
2026-05-24 13:30:00+00:00,1.09,7.52,160755.57297628597,1.02,1.29,0.68,0.65,1.03,268.0,8.77,5.91,12.71,1
2026-05-24 14:00:00+00:00,1.23,7.99,150121.4032366429,1.15,1.45,0.7000000000000001,0.73,1.16,246.0,8.97,6.43,11.35,1
2026-05-24 14:30:00+00:00,1.07,7.53,139487.23349699983,1.01,1.28,0.74,0.65,1.03,258.0,8.17,6.13,11.49,1
2026-05-24 15:00:00+00:00,1.12,8.05,128853.06375735677,1.08,1.33,0.87,0.68,1.08,242.0,8.58,6.5600000000000005,11.94,1
2026-05-24 15:30:00+00:00,1.03,7.78,,0.99,1.21,0.86,0.62,0.99,259.0,8.98,6.13,11.41,0
2026-05-24 16:00:00+00:00,1.03,7.9,,1.01,1.26,0.78,0.65,1.02,237.0,9.18,6.67,12.63,0
2026-05-24 16:30:00+00:00,0.96,7.82,,0.95,1.21,0.49,0.5700000000000001,0.93,261.0,7.890000000000001,6.04,12.48,0
2026-05-24 17:00:00+00:00,1.01,7.890000000000001,,0.97,1.25,0.5,0.61,0.97,239.0,9.75,6.61,11.86,0
2026-05-24 17:30:00+00:00,0.97,8.01,,0.92,1.18,0.52,0.58,0.93,248.0,9.34,6.37,11.79,0
2026-05-24 18:00:00+00:00,0.95,8.0,,0.96,1.17,0.73,0.6,0.96,235.0,8.44,6.74,11.65,0
2026-05-24 18:30:00+00:00,1.0,8.16,,0.95,1.18,0.6,0.61,0.96,237.0,9.35,6.69,12.25,0
2026-05-24 19:00:00+00:00,0.88,7.8,43779.70584021225,0.84,1.03,0.29,0.54,0.84,246.0,9.23,6.44,12.31,1
2026-05-24 19:30:00+00:00,0.91,7.85,33145.53610056918,0.88,1.11,0.42,0.55,0.88,239.0,9.04,6.6000000000000005,13.37,1
2026-05-24 20:00:00+00:00,0.88,7.91,22511.366360926128,0.86,1.06,0.44,0.55,0.87,240.0,8.06,6.58,12.3,1
2026-05-24 20:30:00+00:00,0.91,8.07,11877.196621283045,0.89,1.09,0.67,0.54,0.87,245.0,9.38,6.46,11.54,1
2026-05-24 21:00:00+00:00,0.91,8.040000000000001,1243.0268816399814,0.89,1.13,0.78,0.54,0.87,245.0,9.51,6.46,11.98,0
2026-05-24 21:30:00+00:00,0.87,7.95,967.9554287112604,0.8300000000000001,1.06,0.8,0.53,0.8300000000000001,247.0,8.84,6.390000000000001,11.36,0
2026-05-24 22:00:00+00:00,0.87,8.24,926.5705367049142,0.84,1.05,0.45,0.54,0.86,227.0,7.42,7.0,12.37,0
2026-05-24 22:30:00+00:00,0.91,8.31,1060.587410456178,0.88,1.12,0.5700000000000001,0.55,0.87,233.0,10.52,6.8100000000000005,12.65,0
2026-05-24 23:00:00+00:00,0.91,8.19,983.2435083252872,0.86,1.1,0.72,0.53,0.85,244.0,8.98,6.48,13.75,0
2026-05-24 23:30:00+00:00,0.9,8.32,953.6817323453834,0.87,1.06,0.44,0.58,0.89,224.0,9.02,7.09,13.61,0
2026-05-25 00:00:00+00:00,0.9,8.35,988.6989313484704,0.88,1.08,0.65,0.56,0.89,231.0,9.76,6.82,12.56,0
2026-05-25 00:30:00+00:00,0.8300000000000001,8.55,1162.9719700309267,0.79,0.97,0.72,0.51,0.8,228.0,8.67,6.96,13.63,0
2026-05-25 01:00:00+00:00,0.89,8.72,1194.9354938481238,0.84,1.07,0.39,0.54,0.86,221.0,8.76,7.140000000000001,15.02,0
2026-05-25 01:30:00+00:00,0.9,8.74,1224.920113335858,0.86,1.04,0.73,0.54,0.85,226.0,9.68,6.98,14.08,0
2026-05-25 02:00:00+00:00,0.98,8.65,1164.1471853131266,0.91,1.15,0.6900000000000001,0.58,0.92,226.0,9.54,7.0,12.93,0
2026-05-25 02:30:00+00:00,1.01,8.96,1097.4872638757313,0.97,1.23,0.55,0.6,0.97,222.0,10.58,7.140000000000001,15.16,0
2026-05-25 03:00:00+00:00,0.93,8.74,1030.0134757485523,0.93,1.21,0.8200000000000001,0.6,0.96,217.0,9.24,7.3,15.47,0
2026-05-25 03:30:00+00:00,0.99,9.3,1056.9455243236407,0.94,1.18,0.62,0.5700000000000001,0.92,232.0,8.27,6.82,15.64,0
2026-05-25 04:00:00+00:00,1.02,10.0,1167.3744265881571,0.95,1.19,0.53,0.59,0.94,214.0,10.66,7.38,15.22,0
2026-05-25 04:30:00+00:00,1.02,9.54,1193.9609756538075,0.92,1.18,0.6900000000000001,0.6,0.94,228.0,9.6,6.890000000000001,16.41,0
2026-05-25 05:00:00+00:00,0.97,9.3,973.3428967833304,0.92,1.15,0.52,0.55,0.9,244.0,10.58,6.49,19.87,0
2026-05-25 05:30:00+00:00,1.12,9.93,1010.4303537855776,1.05,1.3,0.75,0.65,1.04,222.0,10.02,7.13,17.07,0
2026-05-25 06:00:00+00:00,1.1,9.16,1186.3211115681138,1.04,1.29,0.92,0.66,1.04,224.0,8.61,7.0600000000000005,15.16,0
2026-05-25 06:30:00+00:00,1.07,9.44,1390.472418647224,1.02,1.32,0.78,0.63,1.01,225.0,9.93,7.0600000000000005,15.75,0
2026-05-25 07:00:00+00:00,1.11,9.98,1397.3885353313087,1.05,1.34,0.58,0.65,1.04,220.0,10.66,7.18,16.41,0
2026-05-25 07:30:00+00:00,1.15,10.47,1248.6312882104858,1.1,1.32,1.07,0.7000000000000001,1.1,200.0,12.35,7.890000000000001,16.990000000000002,0
2026-05-25 08:00:00+00:00,1.16,10.72,236.8253565763565,1.1,1.34,0.88,0.68,1.08,202.0,10.21,7.81,16.86,0
2026-05-25 08:30:00+00:00,1.16,11.03,190.3730504669554,1.09,1.44,0.97,0.65,1.07,210.0,10.73,7.52,17.46,0
2026-05-25 09:00:00+00:00,1.31,11.65,333.4353259124783,1.25,1.58,0.99,0.74,1.22,193.0,12.48,8.22,18.89,0
2026-05-25 09:30:00+00:00,1.43,12.25,410.49723522349024,1.38,1.73,1.01,0.8200000000000001,1.34,177.0,13.08,8.93,17.23,0
2026-05-25 10:00:00+00:00,1.52,12.5,384.9864554443078,1.44,1.78,1.24,0.9,1.44,161.0,12.77,9.79,17.240000000000002,0
2026-05-25 10:30:00+00:00,1.46,12.47,1033.395018812227,1.48,1.9,1.23,0.87,1.43,163.0,11.4,9.69,17.3,0
2026-05-25 11:00:00+00:00,1.57,12.41,1176.0401257076746,1.55,1.95,1.04,0.97,1.56,153.0,12.14,10.31,17.89,0
2026-05-25 11:30:00+00:00,1.49,11.79,7212.689342465326,1.43,1.82,1.31,0.87,1.42,171.0,13.05,9.28,15.92,0
2026-05-25 12:00:00+00:00,1.49,12.0,5134.348107582144,1.48,1.84,0.64,0.89,1.45,167.0,12.04,9.46,17.64,0
2026-05-25 12:30:00+00:00,1.56,12.25,579.25084475424,1.47,1.81,1.18,0.88,1.44,166.0,11.35,9.56,17.900000000000002,0
2026-05-25 13:00:00+00:00,1.54,12.12,4342.865257440652,1.54,1.98,0.87,0.95,1.53,155.0,12.54,10.19,17.36,0
2026-05-25 13:30:00+00:00,1.7,12.24,0.0,1.64,2.15,0.86,0.97,1.62,159.0,13.1,9.92,17.46,0
2026-05-25 14:00:00+00:00,1.7,12.3,649.8371027191504,1.65,1.98,0.97,1.07,1.68,147.0,11.91,10.7,16.6,0
2026-05-25 14:30:00+00:00,1.59,11.98,0.0,1.53,1.92,1.11,0.95,1.53,158.0,12.44,10.0,17.66,0
2026-05-25 15:00:00+00:00,1.73,12.11,3165.258050136211,1.71,2.14,0.77,1.04,1.69,150.0,11.15,10.5,18.3,0
2026-05-25 15:30:00+00:00,1.86,11.97,4531.552182867295,1.81,2.19,1.0,1.19,1.85,146.0,12.15,10.82,16.36,0
2026-05-25 16:00:00+00:00,1.8,11.66,0.0,1.8,2.22,1.66,1.12,1.79,153.0,11.96,10.31,16.68,0
2026-05-25 16:30:00+00:00,1.55,11.63,0.0,1.48,1.86,1.35,0.92,1.48,164.0,11.75,9.63,15.51,0
2026-05-25 17:00:00+00:00,1.67,11.65,0.0,1.65,2.09,0.76,1.04,1.65,153.0,11.4,10.3,17.0,0
2026-05-25 17:30:00+00:00,1.73,11.66,0.0,1.67,2.1,1.1,1.06,1.68,153.0,12.34,10.32,16.37,0
2026-05-25 18:00:00+00:00,1.71,11.73,0.0,1.69,2.1,0.72,1.02,1.66,159.0,12.36,9.93,17.0,0
2026-05-25 18:30:00+00:00,1.67,11.62,0.0,1.6,2.01,0.84,0.98,1.59,163.0,11.15,9.66,15.94,0
2026-05-25 19:00:00+00:00,1.56,11.29,0.0,1.53,1.89,0.61,0.98,1.54,157.0,11.56,10.08,16.05,0
2026-05-25 19:30:00+00:00,1.74,11.46,0.0,1.62,2.05,0.44,1.03,1.63,156.0,12.0,10.09,16.1,0
2026-05-25 20:00:00+00:00,1.68,11.28,1409.4410210373608,1.64,2.0,0.88,1.1,1.7,153.0,10.87,10.26,16.75,0
2026-05-25 20:30:00+00:00,1.77,11.47,1177.7874809817415,1.75,2.13,0.94,1.12,1.76,158.0,12.07,9.95,16.96,0
2026-05-25 21:00:00+00:00,1.77,11.23,1162.0291602006623,1.73,2.23,1.07,1.07,1.73,162.0,12.26,9.76,16.81,0
2026-05-25 21:30:00+00:00,1.68,11.22,1070.9323062008914,1.63,2.02,0.85,1.03,1.65,158.0,10.83,9.98,16.15,0
2026-05-25 22:00:00+00:00,1.87,11.69,1041.7309873932145,1.83,2.31,1.12,1.17,1.86,153.0,12.2,10.34,18.25,0
2026-05-25 22:30:00+00:00,1.77,11.64,1129.4378554876016,1.72,2.14,0.74,1.02,1.68,164.0,11.96,9.63,18.01,0
2026-05-25 23:00:00+00:00,1.79,11.62,1378.9341489249969,1.77,2.24,1.6,1.09,1.76,159.0,13.9,9.97,16.71,0
2026-05-25 23:30:00+00:00,1.74,11.6,1216.9746235724217,1.65,2.09,1.05,1.02,1.64,167.0,12.53,9.42,17.650000000000002,0
2026-05-26 00:00:00+00:00,1.82,11.66,1231.7503113712012,1.79,2.21,1.07,1.13,1.8,158.0,11.5,10.0,15.88,0
2026-05-26 00:30:00+00:00,1.75,11.43,1178.5608996662363,1.72,2.07,0.97,1.08,1.73,163.0,11.39,9.73,16.4,0
2026-05-26 01:00:00+00:00,1.67,11.09,1118.892127716857,1.61,1.95,0.92,1.06,1.66,163.0,11.7,9.65,15.25,0
2026-05-26 01:30:00+00:00,1.93,11.83,1098.5796506779936,1.86,2.43,1.13,1.11,1.83,163.0,11.91,9.63,16.73,0
2026-05-26 02:00:00+00:00,1.72,11.61,1352.3548630931266,1.62,2.2,1.16,0.96,1.59,170.0,11.84,9.31,16.37,0
2026-05-26 02:30:00+00:00,1.76,11.76,1287.0138654331645,1.73,2.17,0.88,1.05,1.7,163.0,12.02,9.73,16.56,0
2026-05-26 03:00:00+00:00,1.48,11.24,1255.4363752316758,1.43,1.86,1.22,0.89,1.43,167.0,12.09,9.44,15.4,0
2026-05-26 03:30:00+00:00,1.64,11.62,1154.74454559916,1.58,1.95,0.73,1.01,1.61,155.0,9.82,10.18,16.16,0
2026-05-26 04:00:00+00:00,1.75,11.44,1194.169308256974,1.71,2.18,0.63,1.07,1.71,152.0,11.63,10.37,16.81,0
2026-05-26 04:30:00+00:00,1.55,11.42,1262.5058887237196,1.45,1.74,0.9,0.92,1.46,168.0,10.47,9.33,15.66,0
2026-05-26 05:00:00+00:00,1.6,11.14,856.7132076171018,1.55,1.96,1.34,0.96,1.55,169.0,11.27,9.36,16.56,0
2026-05-26 05:30:00+00:00,1.6,11.26,928.7963205224578,1.55,1.98,1.39,0.95,1.54,164.0,10.66,9.62,14.71,0
2026-05-26 06:00:00+00:00,1.41,10.95,1181.98074282961,1.42,1.74,0.53,0.91,1.44,162.0,11.12,9.71,15.99,0
2026-05-26 06:30:00+00:00,1.45,11.09,1300.87167670408,1.41,1.76,1.02,0.89,1.42,162.0,11.14,9.69,15.17,0
2026-05-26 07:00:00+00:00,1.5,11.0,1199.35501016847,1.46,1.87,0.75,0.9,1.45,166.0,11.79,9.49,16.22,0
2026-05-26 07:30:00+00:00,1.4,10.8,3664.3112038383824,1.35,1.72,1.03,0.87,1.38,166.0,11.67,9.53,16.47,0
2026-05-26 08:00:00+00:00,1.28,10.48,5587.990665236076,1.24,1.54,0.42,0.81,1.27,171.0,10.35,9.24,17.05,0
2026-05-26 08:30:00+00:00,1.38,10.64,3239.6323476319512,1.37,1.77,0.43,0.88,1.39,163.0,11.32,9.72,16.240000000000002,0
2026-05-26 09:00:00+00:00,1.48,10.71,2366.5011104861583,1.37,1.76,0.58,0.85,1.37,171.0,11.52,9.22,16.15,0
2026-05-26 09:30:00+00:00,1.55,10.79,2466.030398243655,1.44,1.74,0.64,0.89,1.43,171.0,12.07,9.23,16.72,0
2026-05-26 10:00:00+00:00,1.6,10.83,2587.106045215125,1.51,1.89,1.2,0.96,1.53,168.0,10.64,9.45,15.97,0
2026-05-26 10:30:00+00:00,1.53,10.99,2497.1878339158648,1.48,1.88,1.22,0.91,1.47,172.0,10.78,9.15,14.83,0
2026-05-26 11:00:00+00:00,1.65,10.73,2393.2898391204344,1.58,2.03,0.72,0.99,1.58,171.0,10.12,9.28,15.23,0
2026-05-26 11:30:00+00:00,1.47,10.4,2569.9821742765284,1.37,1.76,0.74,0.81,1.34,201.0,10.53,7.9,14.47,0
2026-05-26 12:00:00+00:00,1.61,10.75,2638.586890148369,1.56,2.18,1.85,0.93,1.55,182.0,11.1,8.64,14.91,0
2026-05-26 12:30:00+00:00,1.63,10.96,3435.7143155399963,1.58,1.88,0.87,1.03,1.61,161.0,9.89,9.83,17.080000000000002,0
2026-05-26 13:00:00+00:00,1.57,10.79,3531.2326843804567,1.52,1.97,0.71,0.95,1.52,176.0,11.48,9.02,15.11,0
2026-05-26 13:30:00+00:00,1.54,10.7,4508.141931963954,1.51,1.91,0.8,0.97,1.53,166.0,10.64,9.47,15.6,0
2026-05-26 14:00:00+00:00,1.64,10.87,4643.346015143023,1.64,2.12,0.97,1.02,1.64,164.0,11.44,9.58,14.73,0
2026-05-26 14:30:00+00:00,1.67,10.76,4737.739169936582,1.67,2.05,0.36,1.05,1.68,170.0,10.08,9.27,16.89,0
2026-05-26 15:00:00+00:00,1.51,10.69,1669.4776873166622,1.41,1.7,0.88,0.88,1.41,183.0,10.46,8.58,14.61,0
2026-05-26 15:30:00+00:00,1.69,10.7,1381.56667932986,1.62,2.15,0.68,0.95,1.58,183.0,10.59,8.64,17.240000000000002,0
2026-05-26 16:00:00+00:00,1.58,10.91,1213.6368221217397,1.59,1.99,0.67,0.96,1.57,166.0,11.43,9.51,15.91,0
2026-05-26 16:30:00+00:00,1.62,10.65,1138.8526838451105,1.54,1.96,1.27,0.94,1.53,181.0,11.14,8.71,15.11,0
2026-05-26 17:00:00+00:00,1.47,10.55,1330.1108515532362,1.44,1.86,0.65,0.92,1.46,171.0,9.9,9.28,18.69,0
2026-05-26 17:30:00+00:00,1.46,10.79,1013.0730705893876,1.45,1.86,1.11,0.92,1.47,167.0,12.25,9.46,15.04,0
2026-05-26 18:00:00+00:00,1.39,10.53,1068.2294741495189,1.36,1.68,0.98,0.86,1.37,177.0,10.62,8.94,16.14,0
2026-05-26 18:30:00+00:00,1.53,10.86,1229.7092727857184,1.53,1.87,0.67,0.98,1.55,161.0,9.72,9.86,16.47,0
2026-05-26 19:00:00+00:00,1.55,10.81,1280.1352938093496,1.5,1.92,0.72,0.95,1.51,164.0,10.36,9.6,15.66,0
2026-05-26 19:30:00+00:00,1.44,10.59,854.1700842162057,1.39,1.69,0.81,0.9,1.41,169.0,11.27,9.34,15.87,0
2026-05-26 20:00:00+00:00,1.56,10.35,968.7029660299938,1.56,1.91,0.85,0.95,1.53,173.0,10.78,9.13,15.3,0
2026-05-26 20:30:00+00:00,1.56,10.59,794.139941631188,1.46,1.76,1.1,0.94,1.48,171.0,10.72,9.26,14.34,0
2026-05-26 21:00:00+00:00,1.49,10.52,821.9050491673408,1.45,1.9,0.64,0.93,1.48,169.0,11.05,9.32,14.85,0
2026-05-26 21:30:00+00:00,1.6,10.84,950.704869816696,1.49,1.92,0.95,0.9,1.47,178.0,10.68,8.89,15.33,0
2026-05-26 22:00:00+00:00,1.35,10.58,889.1107840877901,1.32,1.66,0.9,0.88,1.37,167.0,12.92,9.44,14.53,0
2026-05-26 22:30:00+00:00,1.52,10.77,945.0034388599178,1.46,1.8,0.87,0.91,1.46,172.0,10.91,9.21,14.78,0
2026-05-26 23:00:00+00:00,1.61,10.73,1130.9971263702912,1.58,1.97,1.2,0.98,1.58,167.0,11.23,9.5,14.67,0
2026-05-26 23:30:00+00:00,1.28,10.57,1165.3461161350158,1.26,1.6,0.53,0.78,1.26,173.0,10.94,9.09,14.71,0
2026-05-27 00:00:00+00:00,1.4,10.48,992.5965653519056,1.4,1.83,0.8200000000000001,0.86,1.38,173.0,10.54,9.13,16.03,0
2026-05-27 00:30:00+00:00,1.32,10.54,1163.2074622241748,1.3,1.64,0.78,0.8,1.3,181.0,11.31,8.75,14.69,0
2026-05-27 01:00:00+00:00,1.39,10.51,1078.1053032962077,1.35,1.71,0.43,0.85,1.36,174.0,10.87,9.11,15.04,0
2026-05-27 01:30:00+00:00,1.21,10.29,1072.5363530006891,1.21,1.63,0.99,0.72,1.19,185.0,10.28,8.56,14.54,0
2026-05-27 02:00:00+00:00,1.21,10.04,1020.5381440376128,1.19,1.5,0.86,0.76,1.2,176.0,10.59,8.97,13.97,0
2026-05-27 02:30:00+00:00,1.37,10.46,979.1842557376442,1.36,1.66,0.98,0.89,1.39,163.0,10.23,9.71,14.09,0
2026-05-27 03:00:00+00:00,1.32,10.4,1398.858663580732,1.25,1.54,0.72,0.84,1.3,166.0,9.32,9.52,14.17,0
2026-05-27 03:30:00+00:00,1.3,10.21,1403.0236992402267,1.28,1.58,0.81,0.8200000000000001,1.3,170.0,10.49,9.34,14.59,0
2026-05-27 04:00:00+00:00,1.18,10.08,1301.9431179379883,1.17,1.38,0.5,0.75,1.18,173.0,10.81,9.11,14.14,0
2026-05-27 04:30:00+00:00,1.21,9.78,1363.7888691395328,1.2,1.5,0.78,0.77,1.21,179.0,10.72,8.81,16.52,0
2026-05-27 05:00:00+00:00,1.39,10.13,1117.1944976266668,1.38,1.71,0.66,0.9,1.4,168.0,10.3,9.38,14.59,0
2026-05-27 05:30:00+00:00,1.31,10.2,842.8220890203074,1.28,1.68,0.68,0.81,1.29,174.0,9.77,9.1,13.65,0
2026-05-27 06:00:00+00:00,1.32,9.85,906.5449059213096,1.23,1.63,0.72,0.76,1.24,188.0,10.12,8.4,13.7,0
2026-05-27 06:30:00+00:00,1.23,9.76,1155.3321996057143,1.25,1.61,0.74,0.78,1.26,183.0,10.13,8.63,14.47,0
2026-05-27 07:00:00+00:00,1.22,9.78,1374.1737628585386,1.19,1.52,0.44,0.75,1.2,181.0,9.59,8.72,13.73,0
2026-05-27 07:30:00+00:00,1.25,9.74,42.90006542586463,1.22,1.49,0.65,0.77,1.22,180.0,9.78,8.78,13.65,0
2026-05-27 08:00:00+00:00,1.19,9.71,0.0,1.19,1.57,0.62,0.76,1.21,180.0,9.64,8.790000000000001,13.22,0
2026-05-27 08:30:00+00:00,1.22,9.54,0.0,1.18,1.54,0.54,0.73,1.17,183.0,9.08,8.61,14.5,0
2026-05-27 09:00:00+00:00,1.26,9.77,7469.535455377086,1.24,1.56,0.35,0.77,1.23,178.0,10.39,8.83,14.35,0
2026-05-27 09:30:00+00:00,1.23,9.66,0.0,1.17,1.46,0.62,0.79,1.23,178.0,9.88,8.89,14.05,0
2026-05-27 10:00:00+00:00,1.33,9.97,0.0,1.32,1.66,0.63,0.8300000000000001,1.32,176.0,10.18,8.96,16.96,0
2026-05-27 10:30:00+00:00,1.27,9.91,2137.315701791137,1.23,1.55,0.7000000000000001,0.79,1.25,176.0,10.33,8.96,14.61,0
2026-05-27 11:00:00+00:00,1.21,9.63,1449.949706734551,1.19,1.47,0.27,0.75,1.2,182.0,9.74,8.71,13.85,0
2026-05-27 11:30:00+00:00,1.23,9.72,131119.5818518701,1.25,1.51,0.47,0.75,1.22,183.0,9.79,8.61,16.59,0
2026-05-27 12:00:00+00:00,1.24,9.71,130105.4084248276,1.22,1.48,0.48,0.79,1.24,180.0,8.950000000000001,8.75,13.72,0
2026-05-27 12:30:00+00:00,1.03,9.56,124533.63005145962,1.01,1.34,0.45,0.62,1.01,189.0,9.75,8.36,16.93,0
2026-05-27 13:00:00+00:00,1.1,9.82,116069.73771259793,1.1,1.36,0.6900000000000001,0.66,1.08,187.0,9.98,8.47,15.39,0
2026-05-27 13:30:00+00:00,1.06,9.91,123644.45741825146,0.98,1.22,0.45,0.64,1.0,181.0,9.99,8.76,14.14,0
2026-05-27 14:00:00+00:00,1.01,9.93,135836.0679175234,0.97,1.23,0.47,0.6,0.96,184.0,10.23,8.56,15.34,0
2026-05-27 14:30:00+00:00,1.06,9.88,144085.9121311198,1.03,1.28,0.6900000000000001,0.6900000000000001,1.07,173.0,9.76,9.16,15.05,0
2026-05-27 15:00:00+00:00,1.07,9.95,137478.24530221015,1.03,1.27,0.5700000000000001,0.66,1.04,180.0,9.31,8.77,13.45,0
2026-05-27 15:30:00+00:00,0.97,9.73,119838.5913709576,0.97,1.25,0.58,0.59,0.95,189.0,9.69,8.35,15.15,0
2026-05-27 16:00:00+00:00,1.07,9.96,130021.74910414052,1.05,1.31,0.31,0.6900000000000001,1.08,171.0,9.74,9.24,14.65,0
2026-05-27 16:30:00+00:00,1.01,9.89,138366.88879194815,0.97,1.21,0.54,0.62,0.98,178.0,9.69,8.91,13.72,0
2026-05-27 17:00:00+00:00,1.04,9.62,152135.10912117912,1.07,1.32,0.51,0.64,1.04,185.0,10.49,8.48,13.39,0
2026-05-27 17:30:00+00:00,1.03,9.61,150767.78868492428,1.02,1.27,0.64,0.64,1.02,187.0,9.71,8.47,13.69,0
2026-05-27 18:00:00+00:00,1.05,9.48,132069.19954377404,1.05,1.31,0.65,0.61,1.01,212.0,9.33,7.46,14.91,0
2026-05-27 18:30:00+00:00,0.95,9.16,142698.9450975442,0.9,1.14,0.84,0.54,0.88,234.0,10.57,6.7700000000000005,12.87,0
2026-05-27 19:00:00+00:00,1.1,9.64,155160.06286306414,1.07,1.33,0.52,0.66,1.07,206.0,9.91,7.69,14.15,0
2026-05-27 19:30:00+00:00,1.03,9.31,144769.22725620153,1.0,1.33,0.38,0.59,0.97,220.0,9.52,7.17,15.37,0
2026-05-27 20:00:00+00:00,1.02,9.39,143502.7572840087,1.01,1.23,0.9,0.59,0.98,223.0,10.57,7.09,12.93,0
2026-05-27 20:30:00+00:00,1.01,9.35,142570.05930533976,0.99,1.25,0.51,0.63,1.0,201.0,10.4,7.9,13.99,0
2026-05-27 21:00:00+00:00,0.96,9.45,138401.9586379528,0.92,1.15,0.74,0.6,0.94,196.0,8.71,8.07,13.5,0
2026-05-27 21:30:00+00:00,1.05,9.4,126272.55306704578,1.06,1.33,0.7000000000000001,0.66,1.05,195.0,9.81,8.06,14.49,0
2026-05-27 22:00:00+00:00,1.02,9.41,131891.9726633268,0.99,1.23,0.67,0.62,0.99,202.0,9.67,7.84,13.87,0
2026-05-27 22:30:00+00:00,1.15,9.42,133690.6293836467,1.06,1.37,0.59,0.66,1.07,201.0,9.63,7.86,13.81,0
2026-05-27 23:00:00+00:00,1.0,9.39,129494.23219902485,0.95,1.14,0.43,0.61,0.97,196.0,8.69,8.06,13.51,0
2026-05-27 23:30:00+00:00,0.97,9.32,128839.91436729072,0.95,1.19,0.4,0.62,0.98,191.0,9.58,8.28,14.46,0
2026-05-28 00:00:00+00:00,1.03,9.32,139386.1553929198,1.03,1.34,0.67,0.62,1.01,207.0,8.89,7.62,14.07,1
2026-05-28 00:30:00+00:00,1.05,9.51,149932.39641854892,1.03,1.22,0.59,0.66,1.05,191.0,11.37,8.290000000000001,13.87,0
2026-05-28 01:00:00+00:00,0.94,9.25,152141.7673948708,0.9,1.09,0.91,0.56,0.89,214.0,8.22,7.38,13.72,0
2026-05-28 01:30:00+00:00,1.08,9.3,139851.55228482708,1.06,1.26,0.41,0.67,1.06,204.0,9.55,7.77,12.75,0
2026-05-28 02:00:00+00:00,1.02,9.36,152926.43795330904,0.97,1.22,0.58,0.61,0.97,206.0,9.39,7.68,13.69,0
2026-05-28 02:30:00+00:00,1.03,9.25,159761.11191798898,1.01,1.27,0.56,0.63,1.01,208.0,9.01,7.62,15.42,0
2026-05-28 03:00:00+00:00,0.96,9.05,143020.84023005248,0.92,1.14,0.73,0.58,0.93,223.0,8.91,7.08,13.24,0
2026-05-28 03:30:00+00:00,0.97,9.05,157172.72606988164,0.9,1.17,0.71,0.52,0.87,262.0,9.71,6.04,13.86,0
2026-05-28 04:00:00+00:00,0.96,8.97,173277.73949301732,0.87,1.09,0.71,0.5,0.8300000000000001,282.0,8.120000000000001,5.61,13.34,0
2026-05-28 04:30:00+00:00,0.97,8.620000000000001,181910.16952699656,0.96,1.22,0.59,0.56,0.92,280.0,10.01,5.67,13.95,0
2026-05-28 05:00:00+00:00,0.96,8.13,162463.5163205406,0.84,1.09,0.51,0.51,0.8200000000000001,336.0,10.13,4.72,13.17,0
2026-05-28 05:30:00+00:00,0.96,7.97,159457.72916818733,0.86,1.17,0.86,0.51,0.84,340.0,9.83,4.66,12.23,0
2026-05-28 06:00:00+00:00,1.1,8.31,154941.62832685767,1.02,1.31,1.2,0.6,0.98,314.0,9.92,5.05,12.24,0
2026-05-28 06:30:00+00:00,1.03,8.13,148753.8356774448,0.92,1.19,0.77,0.56,0.91,315.0,9.43,5.01,12.77,1
2026-05-28 07:00:00+00:00,1.04,8.23,142566.04302803188,0.95,1.24,0.6900000000000001,0.5700000000000001,0.93,299.0,9.24,5.28,12.5,1
2026-05-28 07:30:00+00:00,0.99,8.0,136378.250378619,0.85,1.1,1.16,0.53,0.85,340.0,7.48,4.67,12.97,1
2026-05-28 08:00:00+00:00,1.03,8.09,130190.45772920613,0.93,1.21,0.92,0.58,0.92,314.0,9.71,5.0600000000000005,11.81,1
2026-05-28 08:30:00+00:00,0.94,7.75,,0.84,1.07,0.89,0.53,0.84,330.0,7.2,4.8,12.52,0
2026-05-28 09:00:00+00:00,1.03,7.97,,0.91,1.21,0.77,0.5700000000000001,0.91,327.0,8.82,4.84,12.28,0
2026-05-28 09:30:00+00:00,1.01,7.56,,0.9,1.15,1.04,0.56,0.89,347.0,10.05,4.57,11.64,0
2026-05-28 10:00:00+00:00,1.12,7.43,105439.28713155459,0.96,1.23,1.48,0.61,0.97,357.0,9.16,4.44,11.31,1
2026-05-28 10:30:00+00:00,1.05,7.19,99251.49448214172,0.95,1.18,0.78,0.61,0.96,348.0,9.51,4.55,11.33,1
2026-05-28 11:00:00+00:00,1.07,7.19,93063.70183272882,0.95,1.2,0.75,0.6,0.95,353.0,9.15,4.48,12.03,1
2026-05-28 11:30:00+00:00,1.08,6.8100000000000005,86875.90918331593,0.98,1.24,1.15,0.63,0.99,356.0,8.45,4.46,11.48,1
2026-05-28 12:00:00+00:00,1.08,6.49,80688.11653390306,0.96,1.16,0.68,0.64,0.98,378.0,3.9,4.2,12.21,0
2026-05-28 12:30:00+00:00,1.13,6.83,137168.1263039396,1.03,1.25,1.38,0.68,1.06,340.0,9.71,4.66,12.08,0
2026-05-28 13:00:00+00:00,1.09,6.12,140849.42959865672,0.98,1.22,1.16,0.63,0.99,395.0,4.09,4.0200000000000005,11.57,0
2026-05-28 13:30:00+00:00,1.19,6.16,132810.44782167734,1.06,1.29,1.19,0.71,1.09,376.0,3.95,4.21,11.81,0
2026-05-28 14:00:00+00:00,1.16,6.12,134297.72704166904,1.03,1.28,0.81,0.6900000000000001,1.07,379.0,4.24,4.17,11.9,0
2026-05-28 14:30:00+00:00,1.17,6.25,140807.83885581806,1.05,1.28,1.4,0.7000000000000001,1.08,380.0,8.71,4.18,11.71,0
2026-05-28 15:00:00+00:00,1.25,6.2,120811.95951434922,1.12,1.39,1.0,0.72,1.13,372.0,4.46,4.26,13.16,0
2026-05-28 15:30:00+00:00,1.18,6.04,131146.99522734733,1.03,1.24,1.12,0.7000000000000001,1.08,378.0,10.54,4.19,10.56,0
2026-05-28 16:00:00+00:00,1.15,5.96,137852.81744456745,1.05,1.3,0.9,0.67,1.06,383.0,4.49,4.15,10.54,0
2026-05-28 16:30:00+00:00,1.12,6.41,149425.3828077284,1.02,1.25,1.14,0.68,1.05,356.0,8.63,4.46,11.54,0
2026-05-28 17:00:00+00:00,1.17,6.55,131645.04019261652,1.07,1.29,0.91,0.7000000000000001,1.09,349.0,8.700000000000001,4.55,11.68,0
2026-05-28 17:30:00+00:00,1.05,5.83,126695.55915925272,0.93,1.17,1.46,0.62,0.96,394.0,6.42,4.03,11.09,0
2026-05-28 18:00:00+00:00,1.1,6.23,119618.19893087214,1.0,1.25,1.03,0.66,1.02,364.0,8.98,4.36,11.07,0
2026-05-28 18:30:00+00:00,1.09,5.78,123793.80114568508,0.98,1.2,0.95,0.66,1.01,377.0,4.96,4.21,10.26,0
2026-05-28 19:00:00+00:00,1.16,5.89,127116.96530082516,1.04,1.29,1.27,0.68,1.06,380.0,5.75,4.17,9.67,0
2026-05-28 19:30:00+00:00,1.22,6.0,120347.88514164073,1.11,1.36,0.91,0.72,1.12,364.0,5.12,4.3500000000000005,11.02,0
2026-05-28 20:00:00+00:00,1.19,5.93,125826.4866333897,1.12,1.35,1.17,0.72,1.13,362.0,5.78,4.38,11.61,0
2026-05-28 20:30:00+00:00,1.21,6.23,136855.09491954002,1.12,1.39,1.1,0.73,1.14,341.0,4.91,4.64,11.92,0
2026-05-28 21:00:00+00:00,1.25,6.15,135831.42147801205,1.14,1.42,0.68,0.73,1.15,355.0,5.98,4.47,11.02,0
2026-05-28 21:30:00+00:00,1.23,6.11,140929.53583487007,1.14,1.36,0.78,0.76,1.17,331.0,6.1000000000000005,4.79,11.98,0
2026-05-28 22:00:00+00:00,1.25,5.99,130839.62394567864,1.16,1.45,0.77,0.73,1.16,361.0,5.2,4.4,10.11,0
2026-05-28 22:30:00+00:00,1.29,6.01,130183.8304919892,1.22,1.54,1.01,0.8,1.25,324.0,5.99,4.9,12.15,0
2026-05-28 23:00:00+00:00,1.32,6.09,125030.77175205754,1.27,1.55,0.93,0.81,1.28,320.0,4.68,4.94,11.51,0
2026-05-28 23:30:00+00:00,1.3,6.1000000000000005,129219.19358671294,1.21,1.48,0.71,0.79,1.23,323.0,5.58,4.91,11.88,0
2026-05-29 00:00:00+00:00,1.3,6.08,134411.25646452024,1.24,1.51,0.54,0.8,1.25,316.0,5.47,5.0200000000000005,12.29,0
2026-05-29 00:30:00+00:00,1.34,6.04,139737.1465051211,1.22,1.5,0.9,0.8,1.25,319.0,5.09,4.98,10.86,0
2026-05-29 01:00:00+00:00,1.36,6.01,138697.7300943831,1.31,1.63,1.12,0.8200000000000001,1.31,319.0,5.8,4.97,9.92,0
2026-05-29 01:30:00+00:00,1.33,6.12,152733.52473686144,1.25,1.61,1.19,0.77,1.24,323.0,6.21,4.91,10.44,0
2026-05-29 02:00:00+00:00,1.36,6.36,152433.79014984428,1.3,1.62,0.79,0.8300000000000001,1.31,306.0,5.68,5.17,11.67,0
2026-05-29 02:30:00+00:00,1.43,6.25,150466.71943852663,1.38,1.68,1.28,0.88,1.38,305.0,5.23,5.2,9.6,0
2026-05-29 03:00:00+00:00,1.37,6.45,140492.05528256492,1.32,1.7,0.74,0.85,1.34,292.0,5.64,5.42,11.58,0
2026-05-29 03:30:00+00:00,1.17,6.54,148145.30072970397,1.09,1.33,1.07,0.73,1.13,289.0,5.6000000000000005,5.48,11.79,0
2026-05-29 04:00:00+00:00,1.2,6.42,144721.96204337955,1.15,1.41,0.8,0.74,1.17,296.0,6.25,5.36,12.23,0
2026-05-29 04:30:00+00:00,1.19,6.82,135606.22803906322,1.13,1.37,0.84,0.73,1.14,294.0,6.8,5.37,12.42,0
2026-05-29 05:00:00+00:00,1.05,6.68,133113.9363368784,0.97,1.18,0.49,0.64,1.0,293.0,5.93,5.4,13.21,0
2026-05-29 05:30:00+00:00,1.02,6.99,138960.37603644445,0.94,1.11,0.9,0.64,0.98,290.0,6.12,5.47,13.34,0
2026-05-29 06:00:00+00:00,0.97,7.31,130998.17066896618,0.86,1.06,0.66,0.58,0.9,292.0,5.72,5.4,12.58,0
2026-05-29 06:30:00+00:00,0.92,7.45,132117.61122289512,0.86,1.05,0.49,0.56,0.87,283.0,8.45,5.61,13.09,0
2026-05-29 07:00:00+00:00,0.89,8.16,128922.80823447174,0.85,1.07,1.02,0.53,0.85,264.0,7.86,6.0,14.22,0
2026-05-29 07:30:00+00:00,0.97,8.55,126172.68244407867,0.93,1.14,0.58,0.59,0.93,246.0,9.99,6.45,13.99,0
2026-05-29 08:00:00+00:00,0.91,8.18,121724.90161966352,0.84,1.05,0.49,0.54,0.85,264.0,8.69,5.99,14.04,0
2026-05-29 08:30:00+00:00,0.95,8.3,127057.4238666012,0.9,1.09,1.08,0.5700000000000001,0.9,255.0,8.85,6.2,13.51,0
2026-05-29 09:00:00+00:00,0.99,8.67,121976.99868203916,0.95,1.15,0.74,0.6,0.95,239.0,7.58,6.58,12.53,0
2026-05-29 09:30:00+00:00,0.99,8.35,133982.2518018688,0.91,1.19,1.07,0.58,0.92,263.0,11.41,6.03,12.92,0
2026-05-29 10:00:00+00:00,0.98,8.57,139959.60134942792,0.91,1.12,0.92,0.59,0.93,246.0,10.29,6.41,13.55,0
2026-05-29 10:30:00+00:00,1.07,8.75,141066.98270949567,0.99,1.2,0.63,0.63,0.99,237.0,10.72,6.68,14.39,0
2026-05-29 11:00:00+00:00,1.06,8.63,132511.51343836618,0.99,1.26,0.97,0.62,0.99,253.0,6.79,6.23,12.81,0
2026-05-29 11:30:00+00:00,1.13,8.700000000000001,105254.45815588233,1.04,1.29,0.76,0.66,1.05,241.0,8.06,6.55,13.93,0
2026-05-29 12:00:00+00:00,1.1,8.39,113162.97504488804,1.05,1.38,0.74,0.66,1.05,252.0,11.03,6.29,12.74,0
2026-05-29 12:30:00+00:00,1.01,7.62,107198.7440244736,0.95,1.19,0.74,0.61,0.96,278.0,6.5600000000000005,5.7,14.12,0
2026-05-29 13:00:00+00:00,1.0,7.59,114425.133869217,0.91,1.15,1.6,0.6,0.94,280.0,9.22,5.65,12.95,0
2026-05-29 13:30:00+00:00,1.07,7.98,42572.27606109613,0.96,1.2,0.7000000000000001,0.62,0.97,279.0,9.48,5.68,12.64,0
2026-05-29 14:00:00+00:00,1.08,8.14,2362.810891020852,1.02,1.26,1.45,0.65,1.02,261.0,10.12,6.07,13.12,0
2026-05-29 14:30:00+00:00,1.19,8.41,1206.039592688274,1.13,1.43,1.15,0.6900000000000001,1.11,253.0,10.46,6.2700000000000005,13.38,0
2026-05-29 15:00:00+00:00,1.14,8.05,1474.8613379735857,1.06,1.33,1.08,0.66,1.06,281.0,11.38,5.64,12.85,0
2026-05-29 15:30:00+00:00,1.07,7.82,1609.2850477769111,0.98,1.23,1.19,0.61,0.97,298.0,9.4,5.32,12.12,0
2026-05-29 16:00:00+00:00,1.1,8.23,1683.898652133531,1.0,1.22,1.09,0.63,1.0,285.0,8.27,5.5600000000000005,12.6,0
2026-05-29 16:30:00+00:00,1.13,8.290000000000001,1583.7722434998482,1.01,1.27,0.95,0.63,1.0,280.0,10.38,5.65,12.71,0
2026-05-29 17:00:00+00:00,1.09,7.96,1864.4089466564324,1.02,1.26,0.99,0.64,1.01,292.0,9.21,5.42,12.64,0
2026-05-29 17:30:00+00:00,1.15,7.77,1824.797694081442,1.03,1.27,0.96,0.65,1.03,306.0,10.42,5.17,11.89,0
2026-05-29 18:00:00+00:00,1.13,7.36,1766.9898847187796,1.08,1.3,1.05,0.68,1.07,304.0,8.51,5.21,12.67,0
2026-05-29 18:30:00+00:00,1.24,7.640000000000001,1644.9616957745989,1.07,1.34,0.8200000000000001,0.67,1.07,323.0,10.93,4.89,12.18,0
2026-05-29 19:00:00+00:00,1.19,7.19,1441.4190797771123,1.11,1.39,1.05,0.6900000000000001,1.1,321.0,9.19,4.94,11.38,0
2026-05-29 19:30:00+00:00,1.2,7.7,1365.864130486411,1.11,1.38,0.89,0.7000000000000001,1.11,290.0,9.03,5.46,12.91,0
2026-05-29 20:00:00+00:00,1.26,7.83,1474.6917155680444,1.15,1.49,1.05,0.71,1.14,290.0,6.76,5.41,11.92,0
2026-05-29 20:30:00+00:00,1.31,7.88,1271.0245387127916,1.22,1.52,0.99,0.75,1.21,283.0,6.98,5.6000000000000005,12.76,0
2026-05-29 21:00:00+00:00,1.2,7.74,1029.2186997270055,1.1,1.34,0.6900000000000001,0.7000000000000001,1.11,287.0,7.96,5.51,12.1,0
2026-05-29 21:30:00+00:00,1.25,7.76,1248.1215941993871,1.15,1.46,0.95,0.71,1.14,294.0,5.58,5.4,12.43,0
2026-05-29 22:00:00+00:00,1.38,7.9,1316.670261208931,1.27,1.6,0.96,0.8200000000000001,1.29,264.0,7.57,5.98,12.02,0
2026-05-29 22:30:00+00:00,1.34,7.61,1217.7225601710525,1.27,1.6,0.96,0.78,1.26,281.0,8.69,5.61,12.4,0
2026-05-29 23:00:00+00:00,1.3,7.6,1086.791462604192,1.23,1.56,1.17,0.78,1.24,279.0,11.18,5.69,11.6,0
2026-05-29 23:30:00+00:00,1.33,7.51,1003.3185511750296,1.28,1.54,1.3,0.79,1.27,278.0,6.91,5.7,11.92,0
2026-05-30 00:00:00+00:00,1.42,7.85,978.3038602818688,1.38,1.7,0.9,0.85,1.36,264.0,9.12,5.98,12.63,0
2026-05-30 00:30:00+00:00,1.26,7.47,1018.2663577363168,1.19,1.53,1.02,0.72,1.17,286.0,9.39,5.5200000000000005,11.94,0
2026-05-30 01:00:00+00:00,1.34,7.72,905.2842381742304,1.25,1.56,0.88,0.8,1.26,263.0,6.72,6.04,12.24,0
2026-05-30 01:30:00+00:00,1.33,7.42,876.1386074269903,1.25,1.52,1.05,0.8200000000000001,1.28,262.0,7.21,6.05,13.09,0
2026-05-30 02:00:00+00:00,1.45,7.52,822.674678314961,1.37,1.68,1.14,0.91,1.41,256.0,7.18,6.18,12.52,0
2026-05-30 02:30:00+00:00,1.23,7.07,820.1493167485855,1.17,1.45,0.59,0.75,1.18,278.0,6.9,5.7,11.43,0
2026-05-30 03:00:00+00:00,1.41,7.73,943.7470107066964,1.33,1.66,1.57,0.8300000000000001,1.33,264.0,8.05,5.99,11.65,0
2026-05-30 03:30:00+00:00,1.42,7.38,1026.9718539546768,1.32,1.66,0.81,0.85,1.34,268.0,9.87,5.89,12.43,0
2026-05-30 04:00:00+00:00,1.38,7.23,988.4806667434004,1.28,1.62,0.88,0.8300000000000001,1.31,273.0,6.37,5.8,11.29,0
2026-05-30 04:30:00+00:00,1.39,7.21,990.9541415274592,1.29,1.66,0.75,0.8200000000000001,1.3,280.0,10.19,5.65,12.85,0
2026-05-30 05:00:00+00:00,1.26,7.09,1223.6458852737364,1.18,1.48,0.75,0.78,1.22,278.0,8.35,5.71,12.23,0
2026-05-30 05:30:00+00:00,1.38,7.5,1125.328826972004,1.28,1.57,1.08,0.84,1.31,270.0,5.79,5.87,12.29,0
2026-05-30 06:00:00+00:00,1.35,7.24,1353.183077969961,1.28,1.61,0.8200000000000001,0.84,1.31,270.0,5.33,5.86,12.89,0
2026-05-30 06:30:00+00:00,1.33,7.34,1647.2666874104011,1.23,1.5,1.21,0.79,1.25,285.0,7.66,5.55,11.54,0
2026-05-30 07:00:00+00:00,1.38,7.45,1455.939627526112,1.31,1.61,0.8,0.8300000000000001,1.31,273.0,7.37,5.8,11.02,0
2026-05-30 07:30:00+00:00,1.36,7.6,1404.3343431538017,1.3,1.62,0.77,0.8,1.28,276.0,8.5,5.73,11.56,0
2026-05-30 08:00:00+00:00,1.29,7.28,1711.4916128668376,1.17,1.45,0.64,0.74,1.18,307.0,8.58,5.16,12.83,0
2026-05-30 08:30:00+00:00,1.34,7.390000000000001,1518.5385743315371,1.24,1.55,1.08,0.78,1.24,302.0,7.23,5.25,13.19,0
2026-05-30 09:00:00+00:00,1.38,7.63,1408.443877653464,1.28,1.57,0.95,0.8200000000000001,1.3,278.0,8.78,5.7,12.31,0
2026-05-30 09:30:00+00:00,1.38,7.83,1704.377823952011,1.29,1.58,1.29,0.81,1.28,280.0,7.44,5.66,13.71,0
2026-05-30 10:00:00+00:00,1.29,8.21,1573.2201257273314,1.17,1.42,0.94,0.75,1.19,282.0,8.96,5.62,12.66,0
2026-05-30 10:30:00+00:00,1.26,7.96,1404.0676087852562,1.15,1.44,1.05,0.73,1.15,291.0,9.68,5.42,12.58,0
2026-05-30 11:00:00+00:00,1.52,8.15,1479.12656302534,1.44,1.77,0.76,0.9,1.43,265.0,9.73,5.99,14.33,0
2026-05-30 11:30:00+00:00,1.55,8.47,1448.540216243084,1.38,1.75,1.67,0.88,1.39,277.0,9.14,5.73,14.13,0
2026-05-30 12:00:00+00:00,1.48,7.95,1428.579739211564,1.35,1.64,1.23,0.85,1.35,296.0,9.6,5.33,16.31,0
2026-05-30 12:30:00+00:00,1.7,8.98,1653.2157658188587,1.57,2.01,0.97,0.94,1.54,268.0,11.05,5.9,14.41,0
2026-05-30 13:00:00+00:00,1.59,8.88,1516.4393530304524,1.48,1.89,1.45,0.92,1.47,271.0,11.07,5.8500000000000005,15.43,0
2026-05-30 13:30:00+00:00,1.81,8.96,1458.0497839665045,1.69,2.06,1.59,1.02,1.65,263.0,10.65,6.03,13.93,0
2026-05-30 14:00:00+00:00,1.84,9.55,1323.572273592058,1.64,2.21,1.42,1.01,1.64,262.0,12.26,6.01,14.78,0
2026-05-30 14:30:00+00:00,1.94,9.58,1383.5605581736183,1.79,2.32,1.89,1.1,1.77,245.0,10.18,6.46,15.18,0
2026-05-30 15:00:00+00:00,1.92,9.21,1530.393359597723,1.8,2.25,1.69,1.11,1.78,255.0,10.14,6.18,15.36,0
2026-05-30 15:30:00+00:00,2.3000000000000003,10.21,1406.3722506277616,2.18,2.72,2.43,1.34,2.15,218.0,12.94,7.22,15.01,0
2026-05-30 16:00:00+00:00,2.07,9.38,1291.4354009052502,1.94,2.41,1.43,1.19,1.91,251.0,13.6,6.33,14.69,0
2026-05-30 16:30:00+00:00,2.2,9.29,1167.1249287783676,2.07,2.6,1.45,1.28,2.05,243.0,11.48,6.49,14.04,0
2026-05-30 17:00:00+00:00,2.45,9.94,1452.1474842976893,2.3000000000000003,2.81,3.1,1.44,2.29,223.0,12.25,7.11,14.33,0
2026-05-30 17:30:00+00:00,2.24,9.46,1620.5335996419894,2.03,2.67,1.98,1.24,2.01,254.0,11.35,6.21,13.98,0
2026-05-30 18:00:00+00:00,2.43,9.96,1654.5659195460632,2.25,2.79,1.65,1.45,2.28,211.0,11.2,7.46,14.72,0
2026-05-30 18:30:00+00:00,2.36,9.65,1684.7288275511924,2.28,2.85,1.97,1.38,2.23,234.0,10.7,6.75,15.45,0
2026-05-30 19:00:00+00:00,2.24,9.25,1412.22448596849,2.08,2.7,3.13,1.28,2.06,245.0,11.6,6.47,13.83,0
2026-05-30 19:30:00+00:00,2.41,9.16,1166.8774039075902,2.3000000000000003,2.85,1.78,1.37,2.23,247.0,11.19,6.41,15.65,0
2026-05-30 20:00:00+00:00,2.26,8.98,1356.4148417261172,2.13,2.72,2.01,1.32,2.11,253.0,11.79,6.2700000000000005,13.81,0
2026-05-30 20:30:00+00:00,2.39,9.31,1138.8054707502138,2.21,2.81,2.48,1.4,2.22,238.0,11.59,6.63,13.87,0
2026-05-30 21:00:00+00:00,2.49,9.24,1171.4745903812056,2.41,3.01,2.68,1.47,2.37,241.0,7.32,6.57,13.59,0
2026-05-30 21:30:00+00:00,2.36,8.68,1107.730934994248,2.18,2.72,2.06,1.38,2.2,254.0,8.66,6.22,13.31,0
2026-05-30 22:00:00+00:00,2.61,8.85,984.4644113451432,2.5,2.97,1.79,1.63,2.5500000000000003,230.0,7.04,6.87,13.94,0
2026-05-30 22:30:00+00:00,2.61,9.27,1016.50975700575,2.41,3.0500000000000003,2.41,1.43,2.34,253.0,11.04,6.28,13.23,0
2026-05-30 23:00:00+00:00,2.32,8.53,1057.8852823800023,2.16,2.76,1.98,1.32,2.13,263.0,8.26,6.01,14.94,0
2026-05-30 23:30:00+00:00,2.42,8.84,1169.868567529032,2.29,2.74,1.29,1.45,2.3000000000000003,235.0,10.85,6.74,13.19,0
2026-05-31 00:00:00+00:00,2.38,8.86,1176.6812748839404,2.22,2.73,1.49,1.4,2.23,236.0,10.02,6.72,15.0,0
2026-05-31 00:30:00+00:00,2.4,9.0,1084.914374124857,2.29,2.71,1.99,1.46,2.3000000000000003,233.0,9.9,6.79,13.47,0
2026-05-31 01:00:00+00:00,2.18,8.55,1001.8582712610594,2.04,2.6,1.42,1.24,2.01,254.0,7.3,6.18,13.43,0
2026-05-31 01:30:00+00:00,2.29,8.8,938.5911147619732,2.15,2.69,1.94,1.36,2.16,241.0,9.54,6.58,14.77,0
2026-05-31 02:00:00+00:00,2.31,8.790000000000001,895.9675556829443,2.21,2.79,2.73,1.38,2.2,226.0,10.15,6.98,12.98,0
2026-05-31 02:30:00+00:00,2.17,8.74,1020.9089554945208,1.95,2.48,1.62,1.25,1.98,248.0,10.03,6.37,13.11,0
2026-05-31 03:00:00+00:00,2.18,9.02,1221.1920866894209,2.1,2.63,1.46,1.31,2.09,223.0,8.68,7.1000000000000005,15.15,0
2026-05-31 03:30:00+00:00,1.93,8.540000000000001,1207.0245323963966,1.87,2.27,1.88,1.18,1.86,237.0,11.93,6.67,13.32,0
2026-05-31 04:00:00+00:00,2.07,9.29,1268.2859920555925,1.96,2.43,1.85,1.2,1.93,223.0,9.52,7.11,14.71,0
2026-05-31 04:30:00+00:00,2.02,9.22,1288.755379832892,1.92,2.39,1.22,1.2,1.91,228.0,9.63,6.95,14.11,0
2026-05-31 05:00:00+00:00,2.12,9.35,1354.6159289216926,2.05,2.48,1.07,1.33,2.08,207.0,11.05,7.640000000000001,13.98,0
2026-05-31 05:30:00+00:00,2.01,9.39,1736.7144611816982,1.96,2.47,0.84,1.24,1.97,215.0,9.23,7.36,17.1,0
2026-05-31 06:00:00+00:00,2.09,9.34,1685.0938694460383,1.97,2.37,1.75,1.21,1.94,230.0,8.98,6.88,15.33,0
2026-05-31 06:30:00+00:00,2.0,9.04,1512.452159800957,1.9,2.31,1.46,1.16,1.86,240.0,10.62,6.6000000000000005,14.31,0
2026-05-31 07:00:00+00:00,1.94,8.45,1482.7546263564786,1.82,2.22,1.15,1.13,1.8,256.0,9.06,6.2,13.11,0
2026-05-31 07:30:00+00:00,2.22,9.19,1432.4567462554285,2.08,2.65,1.48,1.29,2.07,225.0,11.06,7.03,14.32,0
2026-05-31 08:00:00+00:00,2.05,8.76,1262.0952030225706,1.88,2.28,1.34,1.21,1.9,241.0,8.52,6.55,14.42,0
2026-05-31 08:30:00+00:00,1.93,8.83,1111.7743459291862,1.75,2.18,1.06,1.1,1.75,258.0,7.79,6.12,13.96,0
2026-05-31 09:00:00+00:00,2.06,9.14,1171.1733964138443,1.89,2.38,2.06,1.2,1.9,240.0,10.75,6.6000000000000005,13.4,0
2026-05-31 09:30:00+00:00,2.08,8.950000000000001,1167.5774162134858,1.92,2.39,1.71,1.2,1.91,242.0,9.8,6.53,14.23,0
2026-05-31 10:00:00+00:00,2.08,8.63,1174.5699298198144,1.87,2.37,1.86,1.16,1.87,267.0,12.04,5.93,12.52,0
2026-05-31 10:30:00+00:00,2.02,8.32,1251.128465269236,1.82,2.25,1.92,1.14,1.82,280.0,9.82,5.64,12.31,0
2026-05-31 11:00:00+00:00,1.95,8.23,1374.611558292478,1.82,2.24,1.7,1.14,1.81,277.0,6.05,5.72,12.12,0
2026-05-31 11:30:00+00:00,2.0,8.35,1247.475028930826,1.81,2.23,2.53,1.11,1.79,286.0,8.68,5.54,12.93,0
2026-05-31 12:00:00+00:00,1.99,8.09,1150.4234486055343,1.92,2.39,1.29,1.23,1.93,270.0,10.92,5.86,13.58,0
2026-05-31 12:30:00+00:00,2.12,8.1,1090.942076037325,1.99,2.53,1.13,1.26,1.99,277.0,10.65,5.73,13.69,0
2026-05-31 13:00:00+00:00,2.08,8.17,1180.809337571838,1.95,2.43,1.75,1.22,1.94,279.0,9.91,5.64,13.1,0
2026-05-31 13:30:00+00:00,2.13,8.24,1164.6791162936663,1.95,2.44,1.39,1.2,1.92,289.0,8.01,5.48,12.83,0
2026-05-31 14:00:00+00:00,2.11,8.41,1133.7481111994853,2.0,2.5,1.62,1.23,1.98,273.0,10.97,5.8,14.48,0
2026-05-31 14:30:00+00:00,2.07,8.15,1173.9355974549871,1.87,2.33,2.12,1.18,1.87,288.0,10.77,5.49,12.7,0
2026-05-31 15:00:00+00:00,2.06,7.96,1169.5166782197982,1.86,2.4,1.56,1.18,1.88,294.0,6.38,5.38,12.95,0
2026-05-31 15:30:00+00:00,2.09,8.1,1195.5480688919013,1.94,2.41,1.9,1.21,1.92,283.0,9.58,5.59,14.27,0
2026-05-31 16:00:00+00:00,2.11,7.59,1164.395764455841,1.95,2.43,1.27,1.23,1.95,297.0,10.24,5.33,13.5,0
2026-05-31 16:30:00+00:00,2.24,8.32,1310.7491315483096,2.07,2.71,1.7,1.28,2.06,282.0,10.07,5.61,13.84,0
2026-05-31 17:00:00+00:00,2.14,8.040000000000001,1387.7061933648274,1.9,2.35,1.91,1.22,1.92,291.0,7.66,5.45,12.51,0
2026-05-31 17:30:00+00:00,2.01,7.83,1441.2707554532667,1.86,2.29,2.01,1.15,1.83,294.0,9.5,5.37,12.44,0
2026-05-31 18:00:00+00:00,2.1,7.67,1826.601220811442,1.92,2.38,1.53,1.22,1.93,293.0,9.71,5.39,12.21,0
2026-05-31 18:30:00+00:00,2.07,7.82,1564.2312439032526,1.92,2.38,2.2,1.22,1.92,285.0,8.91,5.57,12.34,0
2026-05-31 19:00:00+00:00,2.19,7.85,1478.18655566847,2.04,2.48,1.67,1.29,2.04,278.0,6.5,5.7,13.18,0
2026-05-31 19:30:00+00:00,2.2,7.9,1364.3412358451087,1.97,2.52,1.59,1.24,1.98,288.0,6.8100000000000005,5.49,13.72,0
2026-05-31 20:00:00+00:00,2.16,7.9,1182.0952192000589,1.98,2.6,1.78,1.24,1.98,283.0,7.140000000000001,5.57,13.43,0
2026-05-31 20:30:00+00:00,2.16,8.05,982.69456406052,2.04,2.51,1.68,1.3,2.05,266.0,9.54,5.93,12.51,0
2026-05-31 21:00:00+00:00,2.17,8.18,853.8658269127448,2.07,2.56,2.03,1.31,2.07,263.0,9.6,6.03,13.33,0
2026-05-31 21:30:00+00:00,2.45,8.3,999.0770743982,2.26,2.82,1.4,1.41,2.25,263.0,7.8,6.04,13.12,0
2026-05-31 22:00:00+00:00,2.14,7.42,822.7256497772859,2.03,2.49,1.15,1.29,2.04,289.0,7.82,5.48,12.72,0
2026-05-31 22:30:00+00:00,2.13,7.38,810.595224012188,1.99,2.47,1.71,1.25,1.98,287.0,7.23,5.53,12.01,0
2026-05-31 23:00:00+00:00,2.24,7.92,917.7442270815112,2.14,2.6,1.53,1.37,2.16,260.0,6.11,6.07,12.64,0
2026-05-31 23:30:00+00:00,2.21,7.930000000000001,1160.9651625497618,2.05,2.51,2.31,1.29,2.05,268.0,7.04,5.93,12.83,0
2026-06-01 00:00:00+00:00,2.21,7.12,1053.5881282306586,2.1,2.49,1.32,1.34,2.12,279.0,5.0200000000000005,5.65,12.54,0
2026-06-01 00:30:00+00:00,2.13,7.36,963.9398533565172,2.03,2.5,2.49,1.3,2.05,274.0,7.55,5.7700000000000005,11.99,0
2026-06-01 01:00:00+00:00,2.14,7.46,960.5420817560528,1.95,2.44,1.5,1.25,1.97,286.0,7.07,5.55,12.6,0
2026-06-01 01:30:00+00:00,2.17,7.97,885.8933570723152,2.0,2.48,1.56,1.29,2.03,271.0,6.29,5.86,12.76,0
2026-06-01 02:00:00+00:00,2.01,7.67,897.9656667730839,1.88,2.33,1.95,1.18,1.88,280.0,8.09,5.66,13.13,0
2026-06-01 02:30:00+00:00,1.88,7.22,862.1976717227435,1.73,2.16,1.72,1.06,1.71,308.0,6.25,5.15,12.29,0
2026-06-01 03:00:00+00:00,1.93,7.97,826.351120853681,1.85,2.32,1.14,1.15,1.83,274.0,9.39,5.79,13.11,0
2026-06-01 03:30:00+00:00,1.78,7.36,809.1436272941572,1.71,2.1,1.41,1.08,1.71,284.0,5.68,5.59,12.48,0
2026-06-01 04:00:00+00:00,1.94,8.13,816.3387003915358,1.8,2.2,1.34,1.14,1.81,274.0,9.83,5.8,13.49,0
2026-06-01 04:30:00+00:00,1.88,8.32,893.597498644645,1.77,2.2,1.31,1.08,1.75,266.0,10.79,5.94,12.41,0
2026-06-01 05:00:00+00:00,1.83,7.94,891.7419787260283,1.7,2.21,1.49,1.05,1.69,273.0,10.01,5.8,13.0,0
2026-06-01 05:30:00+00:00,1.85,8.23,1071.2078152260772,1.7,2.16,2.1,1.06,1.69,275.0,10.06,5.76,12.65,0
2026-06-01 06:00:00+00:00,1.67,8.06,1353.4143388650316,1.57,2.03,1.49,0.98,1.57,274.0,9.31,5.79,12.5,0
2026-06-01 06:30:00+00:00,1.76,8.51,1373.9706748419826,1.66,2.06,1.06,1.06,1.67,245.0,7.91,6.44,14.52,0
2026-06-01 07:00:00+00:00,1.63,8.31,1486.2650311773875,1.49,1.9,0.96,0.94,1.5,261.0,7.45,6.05,13.87,0
2026-06-01 07:30:00+00:00,1.69,8.45,2909.5623590939663,1.57,1.93,1.5,1.01,1.59,243.0,11.09,6.51,12.3,0
2026-06-01 08:00:00+00:00,1.78,8.69,3031.237027762485,1.65,2.03,1.3,1.05,1.65,238.0,10.58,6.67,13.82,0
2026-06-01 08:30:00+00:00,1.76,8.83,2815.39416227197,1.66,2.13,1.03,0.99,1.63,244.0,9.37,6.5,13.31,0
2026-06-01 09:00:00+00:00,1.72,8.55,3632.882715459059,1.58,1.96,1.28,1.0,1.59,249.0,9.35,6.36,13.7,0
2026-06-01 09:30:00+00:00,1.79,8.6,6043.605969866394,1.63,2.12,1.4,0.99,1.61,268.0,10.44,5.91,12.19,0
2026-06-01 10:00:00+00:00,1.75,8.21,2704.630647152163,1.55,1.99,1.54,0.96,1.54,286.0,9.96,5.53,12.7,0
2026-06-01 10:30:00+00:00,1.89,8.61,2296.7997577870865,1.74,2.25,2.33,1.06,1.71,265.0,11.03,5.95,12.43,0
2026-06-01 11:00:00+00:00,1.88,8.370000000000001,3607.3160497244894,1.79,2.27,1.9,1.06,1.74,267.0,9.64,5.93,13.2,0
2026-06-01 11:30:00+00:00,2.02,8.53,0.0,1.89,2.41,1.76,1.13,1.84,264.0,9.63,5.99,12.62,0
2026-06-01 12:00:00+00:00,1.72,7.74,0.0,1.57,1.91,1.47,0.99,1.57,293.0,9.44,5.4,12.12,0
2026-06-01 12:30:00+00:00,1.87,8.34,0.0,1.71,2.2,1.3,1.01,1.66,283.0,9.55,5.57,12.42,0
2026-06-01 13:00:00+00:00,1.88,8.24,5661.03947478335,1.75,2.26,1.38,1.07,1.73,270.0,9.39,5.8500000000000005,12.65,0
2026-06-01 13:30:00+00:00,1.73,8.01,4912.952466821776,1.58,1.98,1.68,1.01,1.6,269.0,8.75,5.88,11.83,0
2026-06-01 14:00:00+00:00,1.66,8.0,4179.183937668141,1.56,2.0,1.34,0.95,1.54,284.0,9.74,5.59,11.76,0
2026-06-01 14:30:00+00:00,1.58,7.99,1669.0690379895927,1.49,1.86,1.41,0.92,1.47,273.0,8.78,5.8100000000000005,11.86,0
2026-06-01 15:00:00+00:00,1.67,8.540000000000001,1074.3442116252572,1.58,1.99,1.16,0.96,1.55,255.0,9.77,6.22,13.14,0
2026-06-01 15:30:00+00:00,1.38,7.62,0.0,1.25,1.57,1.61,0.78,1.25,300.0,8.85,5.25,11.9,0
2026-06-01 16:00:00+00:00,1.43,7.81,153.67011890495743,1.33,1.69,0.96,0.84,1.33,284.0,10.32,5.57,13.45,0
2026-06-01 16:30:00+00:00,1.45,7.81,66.72036834250315,1.37,1.71,0.97,0.86,1.37,278.0,9.68,5.69,11.82,0
2026-06-01 17:00:00+00:00,1.33,7.52,7.698946403984934,1.23,1.65,0.62,0.77,1.23,300.0,9.1,5.28,11.67,0
2026-06-01 17:30:00+00:00,1.53,8.33,209.37733827253533,1.45,1.79,1.51,0.88,1.42,260.0,8.620000000000001,6.07,12.19,0
2026-06-01 18:00:00+00:00,1.24,7.71,289.9849779830484,1.15,1.48,0.96,0.7000000000000001,1.13,297.0,7.42,5.33,12.94,0
2026-06-01 18:30:00+00:00,1.37,8.21,255.56664838029772,1.27,1.6,1.03,0.79,1.26,272.0,9.82,5.8,12.21,0
2026-06-01 19:00:00+00:00,1.3,8.13,248.83147461585065,1.23,1.56,0.98,0.73,1.2,276.0,8.93,5.72,12.39,0
2026-06-01 19:30:00+00:00,1.27,7.99,243.22614120349232,1.2,1.52,0.92,0.72,1.17,275.0,9.17,5.7700000000000005,12.41,0
2026-06-01 20:00:00+00:00,1.34,8.36,219.9019806157722,1.29,1.65,0.96,0.77,1.26,253.0,8.98,6.23,12.23,0
2026-06-01 20:30:00+00:00,1.33,8.49,183.30958218038705,1.28,1.63,1.49,0.77,1.25,246.0,9.41,6.44,12.05,0
2026-06-01 21:00:00+00:00,1.27,8.42,202.25150622877163,1.21,1.54,0.9,0.75,1.21,245.0,9.33,6.47,12.45,0
2026-06-01 21:30:00+00:00,1.29,8.5,206.5237943961012,1.25,1.6,0.7000000000000001,0.76,1.23,246.0,9.29,6.43,12.64,0
2026-06-01 22:00:00+00:00,1.17,8.01,181.62256214504075,1.14,1.38,1.0,0.7000000000000001,1.12,256.0,8.17,6.2,12.25,0
2026-06-01 22:30:00+00:00,1.2,8.14,186.95404241750236,1.14,1.46,0.61,0.73,1.15,247.0,8.0,6.42,12.57,0
2026-06-01 23:00:00+00:00,1.16,7.99,239.8933878195612,1.07,1.36,1.1,0.67,1.07,254.0,8.46,6.22,12.74,0
2026-06-01 23:30:00+00:00,1.17,8.2,262.8747848672211,1.09,1.38,0.93,0.68,1.09,255.0,10.16,6.23,12.52,0
2026-06-02 00:00:00+00:00,1.2,8.18,262.23897698585176,1.16,1.42,0.74,0.73,1.16,243.0,8.67,6.49,11.96,0
2026-06-02 00:30:00+00:00,1.16,8.2,262.6818379969183,1.08,1.38,0.62,0.71,1.11,237.0,9.72,6.68,11.08,0
2026-06-02 01:00:00+00:00,1.13,8.22,260.47763989881634,1.11,1.38,0.86,0.6900000000000001,1.1,239.0,8.67,6.6000000000000005,12.34,0
2026-06-02 01:30:00+00:00,1.08,8.09,248.28320906065036,1.05,1.23,0.65,0.67,1.05,240.0,7.99,6.6000000000000005,12.73,0
2026-06-02 02:00:00+00:00,1.2,8.370000000000001,264.6792533350479,1.15,1.43,0.9,0.74,1.16,227.0,8.72,6.97,12.13,0
2026-06-02 02:30:00+00:00,1.1,8.24,261.74132685842613,1.03,1.27,0.91,0.66,1.04,237.0,8.82,6.68,11.59,0
2026-06-02 03:00:00+00:00,0.98,7.8,268.0677857601009,0.95,1.16,0.65,0.6,0.95,255.0,10.11,6.2,12.17,0
2026-06-02 03:30:00+00:00,1.19,8.3,258.4382265030831,1.16,1.42,0.77,0.74,1.17,233.0,8.31,6.78,12.17,0
2026-06-02 04:00:00+00:00,1.06,7.79,243.4404192829197,1.03,1.31,0.6,0.63,1.02,277.0,8.53,5.74,12.04,0
2026-06-02 04:30:00+00:00,1.22,8.17,233.11985780481288,1.16,1.51,0.8200000000000001,0.7000000000000001,1.14,261.0,9.09,6.08,13.86,0
2026-06-02 05:00:00+00:00,1.11,7.54,235.8900615695557,1.05,1.34,0.62,0.65,1.04,283.0,7.24,5.61,12.16,0
2026-06-02 05:30:00+00:00,1.17,7.48,83795.5610033206,1.08,1.4,1.07,0.67,1.08,290.0,8.370000000000001,5.45,12.79,0
2026-06-02 06:00:00+00:00,1.14,7.48,145874.00703154365,1.08,1.36,1.08,0.66,1.06,297.0,7.82,5.33,11.12,0
2026-06-02 06:30:00+00:00,1.24,7.53,171698.69040006693,1.17,1.46,1.02,0.74,1.17,276.0,10.93,5.73,13.49,0
2026-06-02 07:00:00+00:00,1.14,7.46,145894.36304049444,1.03,1.33,0.8200000000000001,0.66,1.04,296.0,8.8,5.33,11.5,0
2026-06-02 07:30:00+00:00,1.25,7.44,145449.4687389565,1.16,1.43,0.74,0.73,1.16,279.0,9.1,5.69,12.62,0
2026-06-02 08:00:00+00:00,1.23,7.46,154285.1328954571,1.17,1.49,0.71,0.73,1.17,266.0,8.73,5.95,12.21,0
2026-06-02 08:30:00+00:00,1.19,7.32,136773.82786810477,1.11,1.37,1.03,0.73,1.14,268.0,8.78,5.91,11.35,0
2026-06-02 09:00:00+00:00,1.28,7.42,124045.94455212267,1.22,1.51,0.72,0.78,1.23,267.0,8.05,5.95,10.94,0
2026-06-02 09:30:00+00:00,1.26,7.42,121385.57031540856,1.21,1.5,0.65,0.77,1.22,263.0,7.36,6.03,11.37,0
2026-06-02 10:00:00+00:00,1.27,7.28,127439.3397696802,1.19,1.47,0.53,0.76,1.2,279.0,6.86,5.66,11.19,0
2026-06-02 10:30:00+00:00,1.33,6.97,127828.04623468449,1.27,1.58,0.84,0.8,1.27,293.0,7.35,5.42,11.04,0
2026-06-02 11:00:00+00:00,1.32,6.76,126556.25617229332,1.22,1.47,1.0,0.77,1.22,317.0,6.5,5.0,11.55,0
2026-06-02 11:30:00+00:00,1.38,7.0600000000000005,65861.93352233696,1.29,1.57,1.15,0.84,1.31,290.0,9.04,5.46,10.87,0
2026-06-02 12:00:00+00:00,1.34,6.63,1303.793009813037,1.26,1.6,0.92,0.79,1.25,329.0,7.22,4.82,12.41,0
2026-06-02 12:30:00+00:00,1.38,6.8500000000000005,1882.3549723075296,1.26,1.53,1.08,0.8200000000000001,1.29,300.0,8.22,5.26,11.83,0
2026-06-02 13:00:00+00:00,1.39,6.44,2094.243176529467,1.3,1.62,0.77,0.84,1.31,318.0,5.8100000000000005,4.99,13.06,0
2026-06-02 13:30:00+00:00,1.45,6.8500000000000005,918.2643997317446,1.34,1.68,1.13,0.84,1.34,303.0,7.07,5.23,11.35,0
2026-06-02 14:00:00+00:00,1.5,6.71,846.4128212255719,1.41,1.78,1.14,0.89,1.41,298.0,6.2,5.3100000000000005,10.67,0
2026-06-02 14:30:00+00:00,1.51,6.65,1437.4104293424002,1.42,1.76,0.81,0.9,1.42,305.0,7.72,5.21,11.19,0
2026-06-02 15:00:00+00:00,1.4,6.66,490.2560614085483,1.31,1.66,1.59,0.81,1.3,317.0,5.16,5.01,10.95,0
2026-06-02 15:30:00+00:00,1.48,6.890000000000001,333.90557159168105,1.38,1.69,0.7000000000000001,0.89,1.39,284.0,6.62,5.55,11.19,0
2026-06-02 16:00:00+00:00,1.45,6.84,67.16304447824672,1.36,1.74,0.93,0.86,1.37,291.0,8.19,5.44,11.5,0
2026-06-02 16:30:00+00:00,1.5,6.86,480.7704570530888,1.48,1.84,0.74,0.94,1.49,275.0,6.3,5.75,11.84,0
2026-06-02 17:00:00+00:00,1.51,6.82,547.3873511846208,1.42,1.81,1.01,0.87,1.4,299.0,6.87,5.29,10.67,0
2026-06-02 17:30:00+00:00,1.53,6.63,589.1600595628396,1.43,1.77,0.84,0.87,1.41,315.0,6.49,5.0200000000000005,11.0,0
2026-06-02 18:00:00+00:00,1.53,6.67,682.035987768353,1.45,1.78,1.1,0.9,1.44,306.0,6.22,5.16,11.01,0
2026-06-02 18:30:00+00:00,1.55,6.76,488.01608035563646,1.41,1.75,1.17,0.91,1.43,307.0,6.7,5.16,9.62,0
2026-06-02 19:00:00+00:00,1.5,6.59,481.5701080633612,1.42,1.79,0.78,0.87,1.4,308.0,8.96,5.14,11.79,0
2026-06-02 19:30:00+00:00,1.67,6.91,119.24518003925007,1.57,2.01,1.61,0.99,1.57,296.0,7.47,5.32,10.76,0
2026-06-02 20:00:00+00:00,1.58,6.93,224.27066011223337,1.53,1.93,1.33,0.93,1.5,302.0,7.3,5.25,10.55,0
2026-06-02 20:30:00+00:00,1.59,6.71,169.1990135354792,1.52,1.88,1.47,0.97,1.53,297.0,6.73,5.3500000000000005,12.13,0
2026-06-02 21:00:00+00:00,1.71,7.0200000000000005,0.0,1.61,2.04,0.84,1.02,1.62,290.0,6.98,5.45,10.9,0
2026-06-02 21:30:00+00:00,1.7,7.13,24.634323728052586,1.59,2.05,0.75,0.98,1.58,289.0,6.98,5.48,12.13,0
2026-06-02 22:00:00+00:00,1.74,7.390000000000001,241.01846546253225,1.66,2.1,1.68,1.04,1.66,275.0,8.09,5.75,12.54,0
2026-06-02 22:30:00+00:00,1.7,7.25,305.57606897145587,1.64,2.06,1.37,1.05,1.65,272.0,8.290000000000001,5.82,12.56,0
2026-06-02 23:00:00+00:00,1.81,7.25,274.5152187744628,1.73,2.09,1.12,1.07,1.72,281.0,6.99,5.63,11.5,0
2026-06-02 23:30:00+00:00,1.77,7.42,51.512802197705135,1.66,2.1,0.78,1.02,1.64,275.0,8.39,5.78,12.14,0
2026-06-03 00:00:00+00:00,1.65,7.43,0.0,1.59,2.01,1.64,0.99,1.58,270.0,7.54,5.86,11.38,0
2026-06-03 00:30:00+00:00,1.65,7.73,0.0,1.54,1.95,0.98,0.99,1.56,260.0,8.8,6.09,13.58,0
2026-06-03 01:00:00+00:00,1.73,7.84,0.0,1.64,2.0,1.57,1.01,1.62,267.0,8.57,5.95,12.26,0
2026-06-03 01:30:00+00:00,1.73,8.040000000000001,0.0,1.66,2.06,0.9,1.07,1.69,240.0,8.98,6.61,13.97,0
2026-06-03 02:00:00+00:00,1.72,8.07,16.65545917970161,1.67,2.1,0.95,1.02,1.65,245.0,6.6000000000000005,6.46,12.98,0
2026-06-03 02:30:00+00:00,1.79,8.41,0.0,1.71,2.09,1.16,1.1,1.73,231.0,8.63,6.88,12.13,0
2026-06-03 03:00:00+00:00,1.81,8.31,0.0,1.68,2.17,1.54,1.03,1.66,242.0,8.11,6.54,13.46,0
2026-06-03 03:30:00+00:00,1.98,8.89,0.0,1.88,2.24,1.2,1.21,1.9,214.0,10.22,7.42,14.83,0
2026-06-03 04:00:00+00:00,1.75,8.73,0.0,1.69,2.16,1.62,1.05,1.68,224.0,8.71,7.0600000000000005,14.13,0
2026-06-03 04:30:00+00:00,1.74,9.08,4.638701206429281,1.62,2.04,1.21,1.02,1.63,227.0,9.0,6.97,15.2,0
2026-06-03 05:00:00+00:00,1.87,9.24,0.0,1.77,2.1,1.11,1.12,1.78,214.0,7.18,7.35,14.89,0
2026-06-03 05:30:00+00:00,2.14,9.44,108.0449120550363,1.99,2.39,1.39,1.3,2.04,205.0,11.1,7.73,17.05,0
2026-06-03 06:00:00+00:00,2.01,9.47,168.320292017938,1.93,2.41,1.48,1.18,1.91,210.0,10.12,7.51,18.45,0
2026-06-03 06:30:00+00:00,1.97,9.12,946.3232999431845,1.88,2.38,0.94,1.19,1.89,209.0,7.34,7.57,14.87,0
2026-06-03 07:00:00+00:00,1.91,9.1,1075.1922760099187,1.85,2.18,1.42,1.21,1.88,206.0,11.27,7.7,14.29,0
2026-06-03 07:30:00+00:00,1.97,9.57,842.6800373376528,1.87,2.27,2.16,1.18,1.87,201.0,8.88,7.890000000000001,15.4,0
2026-06-03 08:00:00+00:00,1.86,9.41,1318.0383944437228,1.74,2.17,1.73,1.07,1.72,220.0,10.05,7.19,14.9,0
2026-06-03 08:30:00+00:00,2.05,9.71,853.3967171207987,1.96,2.39,0.76,1.25,1.97,201.0,10.62,7.86,14.92,0
2026-06-03 09:00:00+00:00,2.05,9.46,963.7552355330882,1.9,2.44,1.68,1.17,1.89,217.0,9.33,7.26,15.64,0
2026-06-03 09:30:00+00:00,2.18,9.5,992.0761745833408,2.09,2.6,1.57,1.35,2.13,201.0,9.78,7.890000000000001,15.62,0
2026-06-03 10:00:00+00:00,2.28,10.13,1830.5022503899884,2.2,2.7,1.84,1.36,2.18,192.0,10.09,8.24,15.97,0
2026-06-03 10:30:00+00:00,2.26,10.15,1883.550452917849,2.15,2.66,2.18,1.32,2.13,195.0,9.86,8.14,15.37,0
2026-06-03 11:00:00+00:00,2.22,9.92,2027.373888374742,2.15,2.62,1.35,1.39,2.18,188.0,11.08,8.38,15.45,0
2026-06-03 11:30:00+00:00,2.27,10.36,0.0,2.16,2.61,0.85,1.33,2.14,187.0,11.17,8.44,14.67,0
2026-06-03 12:00:00+00:00,2.05,9.85,0.0,1.96,2.37,1.42,1.26,1.98,200.0,11.33,7.930000000000001,14.89,0
2026-06-03 12:30:00+00:00,2.08,9.71,0.0,1.93,2.46,1.08,1.21,1.94,197.0,9.96,8.040000000000001,15.1,0
2026-06-03 13:00:00+00:00,2.16,10.14,0.0,2.1,2.63,1.16,1.32,2.11,190.0,11.59,8.32,14.84,0
2026-06-03 13:30:00+00:00,2.21,10.21,27.229935693928645,2.04,2.66,1.51,1.29,2.08,188.0,11.29,8.42,14.77,0
2026-06-03 14:00:00+00:00,2.02,9.71,65.31922195060139,1.92,2.32,1.47,1.24,1.95,193.0,10.46,8.17,14.42,0
2026-06-03 14:30:00+00:00,1.94,9.66,1421.412056423758,1.81,2.28,2.31,1.11,1.81,208.0,10.19,7.61,14.12,0
2026-06-03 15:00:00+00:00,1.93,9.67,845.8681000769245,1.8,2.22,1.28,1.11,1.79,206.0,9.97,7.66,13.86,0
2026-06-03 15:30:00+00:00,1.87,9.53,452.9517221789824,1.78,2.13,1.5,1.17,1.83,195.0,8.96,8.14,14.91,0
2026-06-03 16:00:00+00:00,2.02,9.55,322.2067449338141,1.88,2.31,0.59,1.19,1.89,198.0,9.38,7.99,14.33,0
2026-06-03 16:30:00+00:00,2.09,9.91,834.0404334351791,2.02,2.47,2.03,1.31,2.05,185.0,11.27,8.52,13.91,0
2026-06-03 17:00:00+00:00,2.04,9.29,413.0921324814059,1.94,2.35,1.52,1.28,1.99,198.0,10.53,8.0,14.51,0
2026-06-03 17:30:00+00:00,1.84,9.41,211.622527333121,1.78,2.13,1.64,1.16,1.81,193.0,8.31,8.19,13.8,0
2026-06-03 18:00:00+00:00,1.96,9.49,381.9264681271802,1.92,2.3000000000000003,1.62,1.2,1.91,197.0,11.18,8.0,13.8,0
2026-06-03 18:30:00+00:00,2.09,9.22,47.20314057676546,2.04,2.52,1.54,1.29,2.05,196.0,8.71,8.08,14.15,0
2026-06-03 19:00:00+00:00,1.84,9.09,0.0,1.85,2.26,1.35,1.17,1.85,202.0,9.44,7.85,14.14,0
2026-06-03 19:30:00+00:00,1.89,8.93,0.0,1.81,2.29,1.34,1.14,1.82,211.0,9.56,7.48,12.42,0
2026-06-03 20:00:00+00:00,1.93,9.07,0.0,1.86,2.34,0.55,1.12,1.82,218.0,7.55,7.25,15.37,0
2026-06-03 20:30:00+00:00,1.92,9.23,0.0,1.89,2.32,1.57,1.19,1.89,209.0,9.71,7.57,13.36,0
2026-06-03 21:00:00+00:00,1.86,8.55,0.0,1.74,2.19,1.1,1.09,1.74,234.0,8.9,6.7700000000000005,12.68,0
2026-06-03 21:30:00+00:00,1.88,8.51,0.0,1.82,2.26,1.39,1.15,1.83,225.0,8.11,7.05,13.93,0
2026-06-03 22:00:00+00:00,1.93,8.73,0.0,1.84,2.22,1.53,1.19,1.87,225.0,8.24,7.03,14.8,0
2026-06-03 22:30:00+00:00,1.96,8.66,0.0,1.84,2.26,1.31,1.11,1.81,239.0,9.93,6.6000000000000005,13.3,0
2026-06-03 23:00:00+00:00,2.03,8.68,0.0,1.95,2.36,1.11,1.21,1.94,226.0,9.04,7.01,13.01,0
2026-06-03 23:30:00+00:00,1.87,8.68,0.0,1.76,2.21,1.52,1.11,1.76,228.0,9.64,6.96,13.28,0
2026-06-04 00:00:00+00:00,1.94,8.76,0.0,1.85,2.3000000000000003,1.09,1.15,1.84,224.0,10.31,7.07,13.64,1
2026-06-04 00:30:00+00:00,1.92,8.870000000000001,0.0,1.82,2.27,1.27,1.15,1.83,225.0,8.19,7.05,14.79,0
2026-06-04 01:00:00+00:00,2.03,8.73,0.0,1.96,2.4,0.92,1.25,1.98,219.0,8.43,7.24,14.24,0
2026-06-04 01:30:00+00:00,1.92,8.78,0.0,1.86,2.35,2.26,1.21,1.9,213.0,8.55,7.41,13.14,0
2026-06-04 02:00:00+00:00,1.99,8.71,0.0,1.9,2.32,1.52,1.23,1.92,214.0,9.88,7.38,13.61,0
2026-06-04 02:30:00+00:00,1.94,8.43,0.0,1.84,2.33,0.99,1.15,1.85,236.0,8.03,6.74,14.62,0
2026-06-04 03:00:00+00:00,1.99,8.45,0.0,1.89,2.38,1.52,1.2,1.9,223.0,9.32,7.12,13.82,0
2026-06-04 03:30:00+00:00,1.95,8.58,0.0,1.82,2.24,0.79,1.17,1.85,221.0,8.69,7.16,13.12,0
2026-06-04 04:00:00+00:00,1.95,8.81,0.0,1.87,2.31,1.28,1.19,1.87,218.0,9.38,7.23,14.47,0
2026-06-04 04:30:00+00:00,1.99,8.65,0.0,1.92,2.5,1.45,1.21,1.93,222.0,9.62,7.140000000000001,14.15,0
2026-06-04 05:00:00+00:00,2.01,8.69,0.0,1.91,2.39,1.33,1.22,1.93,217.0,8.99,7.3,13.62,0
2026-06-04 05:30:00+00:00,2.02,8.44,662.9894950706813,1.9,2.38,1.69,1.22,1.92,226.0,8.39,7.0,12.63,0
2026-06-04 06:00:00+00:00,2.02,8.56,793.9549079341489,1.93,2.48,1.54,1.21,1.93,220.0,8.86,7.16,14.08,0
2026-06-04 06:30:00+00:00,2.16,8.620000000000001,1217.6812360732556,2.08,2.63,1.57,1.34,2.12,214.0,8.22,7.390000000000001,13.99,0
2026-06-04 07:00:00+00:00,2.17,8.58,37.127003400558735,2.09,2.6,1.36,1.33,2.1,217.0,8.55,7.27,13.16,0
2026-06-04 07:30:00+00:00,1.99,8.46,1645.8293827086368,1.94,2.47,0.91,1.23,1.95,221.0,10.11,7.18,14.22,0
2026-06-04 08:00:00+00:00,2.15,8.53,1850.80223097501,2.06,2.58,1.17,1.31,2.08,220.0,8.74,7.2,12.33,0
2026-06-04 08:30:00+00:00,2.15,8.540000000000001,1706.745086903659,2.1,2.64,1.56,1.31,2.09,227.0,10.4,6.97,13.95,0
2026-06-04 09:00:00+00:00,2.18,8.67,543.790790696526,2.08,2.62,1.02,1.28,2.07,232.0,9.59,6.83,12.55,0
2026-06-04 09:30:00+00:00,2.39,8.65,1430.0036364226098,2.33,2.84,1.24,1.45,2.33,225.0,8.25,7.0200000000000005,13.51,0
2026-06-04 10:00:00+00:00,2.35,8.31,1476.6853523945504,2.22,2.91,1.71,1.32,2.17,253.0,8.31,6.26,13.16,0
2026-06-04 10:30:00+00:00,2.29,8.38,1162.769256943219,2.21,2.73,1.76,1.37,2.2,241.0,8.53,6.57,13.39,0
2026-06-04 11:00:00+00:00,2.46,8.78,1382.8941376292732,2.32,3.09,1.33,1.44,2.31,230.0,10.22,6.890000000000001,12.39,0
2026-06-04 11:30:00+00:00,2.26,8.39,1239.2173875058188,2.11,2.64,1.63,1.35,2.13,226.0,7.98,7.01,14.19,0
2026-06-04 12:00:00+00:00,2.26,8.700000000000001,1146.411384680233,2.16,2.66,1.27,1.4,2.19,212.0,8.82,7.45,12.89,0
2026-06-04 12:30:00+00:00,2.35,8.75,1155.9207933983737,2.28,2.8000000000000003,2.21,1.44,2.29,218.0,9.54,7.25,14.34,0
2026-06-04 13:00:00+00:00,2.38,8.97,1919.5469611590536,2.3000000000000003,2.73,0.93,1.47,2.32,214.0,9.08,7.41,14.39,0
2026-06-04 13:30:00+00:00,2.43,8.94,1617.7384775724936,2.33,2.92,2.02,1.45,2.32,218.0,9.73,7.27,13.17,0
2026-06-04 14:00:00+00:00,2.73,9.11,1675.682662225515,2.61,3.29,2.26,1.67,2.64,204.0,8.77,7.78,13.17,0
2026-06-04 14:30:00+00:00,2.61,9.17,1754.781996116399,2.62,3.17,1.94,1.59,2.57,214.0,9.1,7.37,13.21,0
2026-06-04 15:00:00+00:00,2.66,9.15,1558.984421621071,2.63,3.29,2.21,1.62,2.61,213.0,10.15,7.44,14.84,0
2026-06-04 15:30:00+00:00,2.5500000000000003,8.92,1588.7051243595831,2.41,3.12,1.92,1.47,2.39,237.0,8.76,6.69,13.63,0
2026-06-04 16:00:00+00:00,2.79,9.31,1739.678713215594,2.74,3.37,2.44,1.67,2.7,216.0,10.01,7.33,13.91,0
2026-06-04 16:30:00+00:00,2.8000000000000003,9.19,1782.8465974354626,2.68,3.46,1.75,1.67,2.69,218.0,8.97,7.27,13.91,0
2026-06-04 17:00:00+00:00,2.65,8.97,1603.887533719614,2.57,3.22,1.78,1.59,2.5500000000000003,226.0,11.84,6.99,14.04,0
2026-06-04 17:30:00+00:00,2.78,9.31,1511.2139291433732,2.67,3.35,1.85,1.67,2.66,218.0,9.49,7.24,13.94,0
2026-06-04 18:00:00+00:00,2.83,9.74,1677.3580024147525,2.72,3.34,2.15,1.73,2.73,206.0,10.29,7.67,15.89,0
2026-06-04 18:30:00+00:00,2.75,9.52,1656.8105106354026,2.7,3.24,1.39,1.72,2.71,205.0,10.44,7.7,14.48,0
2026-06-04 19:00:00+00:00,2.98,9.43,1320.8176172680242,2.81,3.45,2.02,1.8,2.84,209.0,10.92,7.54,13.72,0
2026-06-04 19:30:00+00:00,3.0,9.93,1268.3239938850384,2.82,3.69,1.68,1.7,2.78,214.0,10.55,7.37,14.77,0
2026-06-04 20:00:00+00:00,2.91,9.92,1351.4378590012743,2.7,3.3200000000000003,2.06,1.67,2.68,216.0,9.73,7.33,15.6,0
2026-06-04 20:30:00+00:00,2.94,10.06,1565.191450066322,2.79,3.51,1.01,1.7,2.75,207.0,9.91,7.640000000000001,14.44,0
2026-06-04 21:00:00+00:00,3.11,10.23,1470.9979941795204,2.99,3.72,1.98,1.88,3.0,196.0,9.98,8.08,14.93,0
2026-06-04 21:30:00+00:00,3.0500000000000003,10.15,1413.17936850076,2.93,3.61,1.94,1.79,2.88,201.0,11.1,7.87,14.43,0
2026-06-04 22:00:00+00:00,3.14,10.44,1605.160092001376,2.99,3.91,2.61,1.79,2.92,202.0,10.62,7.8,14.01,0
2026-06-04 22:30:00+00:00,3.36,10.53,1376.1574332346397,3.25,3.94,2.5,2.05,3.27,185.0,8.84,8.540000000000001,15.26,0
2026-06-04 23:00:00+00:00,3.3000000000000003,10.81,1183.7443273144968,3.13,3.84,2.01,1.93,3.11,185.0,11.57,8.540000000000001,16.38,0
2026-06-04 23:30:00+00:00,3.34,10.79,1102.4016961693665,3.25,4.0200000000000005,2.59,1.89,3.13,192.0,12.05,8.2,15.87,0
2026-06-05 00:00:00+00:00,3.3200000000000003,10.74,1067.1814336528578,3.15,3.94,3.49,1.87,3.09,205.0,11.93,7.75,14.89,0
2026-06-05 00:30:00+00:00,3.23,10.66,1030.5627653639249,3.16,3.95,3.08,1.93,3.12,191.0,9.83,8.290000000000001,14.78,0
2026-06-05 01:00:00+00:00,3.26,10.41,967.7489550005578,3.0700000000000003,3.74,2.09,1.91,3.06,192.0,11.14,8.23,14.44,0
2026-06-05 01:30:00+00:00,3.11,10.2,940.5588612300552,2.93,3.77,2.37,1.79,2.91,199.0,9.59,7.930000000000001,14.72,0
2026-06-05 02:00:00+00:00,3.17,10.5,992.4954250450248,3.02,3.75,2.37,1.85,2.96,194.0,13.62,8.120000000000001,14.22,0
2026-06-05 02:30:00+00:00,3.47,10.75,1241.9659056115074,3.17,4.07,1.64,1.87,3.09,196.0,10.55,8.040000000000001,16.35,0
2026-06-05 03:00:00+00:00,3.29,10.89,1255.0839881871125,3.1,3.87,2.13,2.0,3.15,175.0,11.01,8.97,16.81,0
2026-06-05 03:30:00+00:00,3.27,10.65,1161.5106561921352,3.13,3.99,2.13,1.98,3.17,184.0,12.94,8.6,16.5,0
2026-06-05 04:00:00+00:00,3.21,10.75,1253.39664756648,3.0700000000000003,3.76,1.31,1.88,3.03,191.0,11.35,8.31,15.42,0
2026-06-05 04:30:00+00:00,3.24,10.65,1297.3158044213037,3.09,4.04,2.12,1.91,3.0700000000000003,182.0,11.32,8.68,16.06,0
2026-06-05 05:00:00+00:00,3.27,10.81,988.425951557891,3.01,3.85,2.52,1.85,2.98,186.0,11.98,8.53,15.57,0
2026-06-05 05:30:00+00:00,3.0,10.38,1069.4062088781798,2.85,3.61,1.22,1.87,2.92,179.0,9.22,8.88,14.66,0
2026-06-05 06:00:00+00:00,3.09,10.55,105097.81883835063,2.98,3.67,2.73,1.89,3.0,180.0,11.73,8.81,14.9,0
2026-06-05 06:30:00+00:00,2.92,10.56,146253.3936323656,2.71,3.31,1.74,1.69,2.69,191.0,10.66,8.3,15.83,0
2026-06-05 07:00:00+00:00,3.04,10.12,138940.11519568585,2.89,3.51,1.74,1.85,2.93,187.0,11.71,8.48,16.09,0
2026-06-05 07:30:00+00:00,2.92,10.71,136744.7730007298,2.89,3.6,1.87,1.83,2.9,176.0,11.53,8.98,16.03,0
2026-06-05 08:00:00+00:00,2.99,10.42,134288.24365849118,2.92,3.74,1.99,1.75,2.87,185.0,10.64,8.55,14.99,0
2026-06-05 08:30:00+00:00,2.8000000000000003,10.71,127356.82628729683,2.73,3.45,1.8,1.63,2.67,182.0,11.87,8.72,16.1,0
2026-06-05 09:00:00+00:00,2.81,10.13,129647.1102611443,2.67,3.28,1.86,1.66,2.64,191.0,11.96,8.26,15.79,0
2026-06-05 09:30:00+00:00,2.86,10.38,36989.29650401918,2.75,3.5500000000000003,1.25,1.65,2.69,188.0,11.2,8.44,16.87,0
2026-06-05 10:00:00+00:00,2.64,10.04,360.23359846438007,2.47,3.08,1.9,1.61,2.52,189.0,9.14,8.370000000000001,14.61,0
2026-06-05 10:30:00+00:00,2.69,10.31,442.4116058585532,2.59,3.16,1.74,1.65,2.61,183.0,12.83,8.65,15.92,0
2026-06-05 11:00:00+00:00,2.59,10.18,479.65710186597687,2.51,2.97,0.92,1.66,2.59,179.0,10.75,8.83,15.63,0
2026-06-05 11:30:00+00:00,2.43,9.78,994.63257555249,2.29,2.8000000000000003,1.6,1.45,2.3000000000000003,195.0,10.96,8.1,14.5,0
2026-06-05 12:00:00+00:00,2.5500000000000003,10.44,1497.0147331938645,2.41,2.97,1.22,1.52,2.41,184.0,11.53,8.57,15.36,0
2026-06-05 12:30:00+00:00,2.77,10.21,1475.622446437383,2.66,3.4,1.88,1.56,2.58,194.0,10.37,8.14,16.54,0
2026-06-05 13:00:00+00:00,2.54,10.05,1061.4437506376937,2.47,3.03,1.55,1.57,2.48,187.0,10.93,8.44,15.42,0
2026-06-05 13:30:00+00:00,2.66,10.02,635.6365642134895,2.53,3.17,1.8,1.64,2.57,187.0,9.56,8.45,14.64,0
2026-06-05 14:00:00+00:00,2.6,10.07,686.5204698102391,2.51,3.11,1.59,1.53,2.48,191.0,10.94,8.28,16.12,0
2026-06-05 14:30:00+00:00,2.53,10.16,739.4358903522719,2.42,3.06,1.61,1.51,2.42,188.0,9.0,8.370000000000001,14.39,0
2026-06-05 15:00:00+00:00,2.44,10.01,698.6777233374614,2.29,2.91,1.36,1.42,2.28,195.0,9.42,8.14,16.46,0
2026-06-05 15:30:00+00:00,2.34,10.01,582.3227967531569,2.23,2.83,0.92,1.36,2.2,197.0,10.46,8.03,14.59,0
2026-06-05 16:00:00+00:00,2.24,10.2,1188.7297032043575,2.19,2.67,1.54,1.41,2.23,179.0,11.3,8.83,16.34,0
2026-06-05 16:30:00+00:00,2.23,10.14,1663.8981456847837,2.17,2.58,1.51,1.43,2.23,180.0,9.21,8.82,14.92,0
2026-06-05 17:00:00+00:00,2.26,9.92,1620.5237534656374,2.19,2.67,1.31,1.37,2.18,191.0,10.86,8.27,15.85,0
2026-06-05 17:30:00+00:00,2.18,9.84,1722.6150925004015,2.13,2.6,1.5,1.33,2.12,189.0,10.63,8.34,15.27,0
2026-06-05 18:00:00+00:00,2.21,9.83,1751.2842028803166,2.12,2.71,1.25,1.31,2.11,192.0,9.33,8.25,14.82,0
2026-06-05 18:30:00+00:00,2.23,10.16,1265.2791912363334,2.09,2.65,1.74,1.32,2.1,184.0,11.91,8.57,14.52,0
2026-06-05 19:00:00+00:00,1.97,9.73,867.9414181256915,1.88,2.39,1.28,1.11,1.83,208.0,9.01,7.59,13.65,0
2026-06-05 19:30:00+00:00,1.96,9.57,831.0294776184465,1.9,2.3000000000000003,1.18,1.23,1.94,191.0,10.0,8.27,13.48,0
2026-06-05 20:00:00+00:00,1.96,9.66,950.7256735658884,1.87,2.38,0.64,1.15,1.86,200.0,9.95,7.92,13.58,0
2026-06-05 20:30:00+00:00,1.97,9.73,791.3106267210882,1.95,2.4,1.2,1.24,1.97,188.0,8.55,8.4,14.82,0
2026-06-05 21:00:00+00:00,1.96,9.42,937.7914428529748,1.9,2.4,1.75,1.23,1.94,195.0,8.78,8.11,13.16,0
2026-06-05 21:30:00+00:00,2.06,9.54,916.7227932314554,1.9,2.47,1.0,1.19,1.9,205.0,10.48,7.72,14.8,0
2026-06-05 22:00:00+00:00,1.95,9.39,922.113459227789,1.89,2.29,1.2,1.18,1.88,207.0,9.51,7.6,13.28,0
2026-06-05 22:30:00+00:00,1.98,9.15,826.1224197701844,1.86,2.35,1.69,1.15,1.85,219.0,8.98,7.23,14.23,0
2026-06-05 23:00:00+00:00,2.01,9.3,1032.073585087099,1.94,2.47,1.6,1.21,1.93,214.0,9.19,7.37,13.34,0
2026-06-05 23:30:00+00:00,1.92,8.74,923.9120776289255,1.84,2.27,1.21,1.13,1.82,236.0,11.79,6.72,13.53,0
2026-06-06 00:00:00+00:00,2.03,8.68,779.3107607166316,1.86,2.29,1.27,1.15,1.85,243.0,9.18,6.49,14.24,0
2026-06-06 00:30:00+00:00,2.01,8.33,809.3129351879771,1.94,2.43,1.09,1.21,1.94,245.0,10.95,6.45,12.36,0
2026-06-06 01:00:00+00:00,2.14,8.66,866.9963171880659,2.06,2.5500000000000003,1.91,1.25,2.02,238.0,10.42,6.65,13.86,0
2026-06-06 01:30:00+00:00,2.05,8.36,747.9086485757442,1.94,2.47,2.12,1.19,1.92,253.0,9.2,6.26,12.4,0
2026-06-06 02:00:00+00:00,2.28,8.71,673.9645828918275,2.21,2.67,1.02,1.37,2.19,225.0,9.19,7.0200000000000005,13.3,0
2026-06-06 02:30:00+00:00,2.31,8.38,591.5614749417659,2.2,2.7,1.57,1.4,2.21,233.0,6.74,6.8100000000000005,12.5,0
2026-06-06 03:00:00+00:00,2.26,8.2,616.2341580526078,2.19,2.77,1.76,1.42,2.23,231.0,8.41,6.8500000000000005,12.89,0
2026-06-06 03:30:00+00:00,2.44,8.55,537.4312063815922,2.27,2.73,1.59,1.46,2.3000000000000003,226.0,10.08,6.98,13.27,0
2026-06-06 04:00:00+00:00,2.36,8.53,549.4403085808972,2.18,2.69,1.45,1.4,2.22,223.0,8.83,7.07,13.51,0
2026-06-06 04:30:00+00:00,2.37,8.94,535.3933526158066,2.28,2.9,1.4,1.41,2.27,219.0,9.4,7.24,13.84,0
2026-06-06 05:00:00+00:00,2.26,8.88,471.59835899539866,2.15,2.7,1.52,1.36,2.15,214.0,10.67,7.42,13.17,0
2026-06-06 05:30:00+00:00,2.25,8.8,530.471757275753,2.17,2.79,1.3,1.33,2.15,218.0,10.25,7.27,14.42,0
2026-06-06 06:00:00+00:00,2.47,9.02,881.9814456773216,2.32,3.02,1.78,1.43,2.31,209.0,9.85,7.56,13.17,0
2026-06-06 06:30:00+00:00,2.29,9.1,1038.3831006443777,2.23,2.67,1.42,1.43,2.25,203.0,8.97,7.78,13.92,0
2026-06-06 07:00:00+00:00,2.25,9.27,1152.150002162845,2.16,2.67,1.59,1.38,2.18,204.0,9.31,7.77,12.94,0
2026-06-06 07:30:00+00:00,2.11,9.25,958.9526923907172,2.04,2.61,1.63,1.24,2.02,213.0,9.04,7.37,13.44,0
2026-06-06 08:00:00+00:00,2.43,9.46,1279.8011580458146,2.37,2.95,2.26,1.49,2.36,198.0,9.69,8.01,13.49,0
2026-06-06 08:30:00+00:00,2.2,9.45,1239.162331615889,2.16,2.72,1.17,1.38,2.18,195.0,9.65,8.09,14.43,0
2026-06-06 09:00:00+00:00,2.31,9.53,1393.2746132860898,2.12,2.67,1.53,1.33,2.13,205.0,10.34,7.73,15.53,0
2026-06-06 09:30:00+00:00,2.36,9.6,1666.8282889998245,2.28,2.82,1.83,1.46,2.31,190.0,9.09,8.32,14.32,0
2026-06-06 10:00:00+00:00,2.27,9.68,1594.9884217980814,2.18,2.61,1.31,1.42,2.23,189.0,9.87,8.36,14.53,0
2026-06-06 10:30:00+00:00,2.19,9.67,1518.9773578588663,2.12,2.6,1.65,1.28,2.07,204.0,10.14,7.71,15.42,0
2026-06-06 11:00:00+00:00,2.25,9.49,1264.1938817583257,2.15,2.69,1.79,1.37,2.17,203.0,9.39,7.78,13.33,0
2026-06-06 11:30:00+00:00,2.31,9.56,1096.7559434417924,2.21,2.82,2.88,1.31,2.16,222.0,9.94,7.15,12.9,0
2026-06-06 12:00:00+00:00,2.49,9.59,1067.0171436618575,2.39,3.14,1.77,1.45,2.36,218.0,10.13,7.24,13.51,0
2026-06-06 12:30:00+00:00,2.6,9.62,1172.616953833654,2.56,3.22,2.25,1.59,2.5500000000000003,206.0,12.06,7.71,13.84,0
2026-06-06 13:00:00+00:00,2.86,9.8,1136.5387868168775,2.87,3.63,1.99,1.76,2.85,196.0,10.83,8.01,14.28,0
2026-06-06 13:30:00+00:00,2.81,9.69,1159.8949872373144,2.69,3.26,1.74,1.66,2.66,208.0,9.53,7.63,15.22,0
2026-06-06 14:00:00+00:00,2.68,9.56,1146.8545092296952,2.57,3.25,2.29,1.57,2.53,217.0,10.74,7.32,14.82,0
2026-06-06 14:30:00+00:00,2.93,9.6,1149.706199757936,2.88,3.5500000000000003,1.41,1.72,2.81,214.0,11.41,7.41,13.48,0
2026-06-06 15:00:00+00:00,2.95,9.75,1189.2894001693046,2.78,3.58,1.67,1.68,2.76,216.0,10.57,7.3,13.4,0
2026-06-06 15:30:00+00:00,3.18,9.66,1388.0233192499416,3.12,3.85,1.7,1.9,3.0700000000000003,209.0,9.68,7.56,13.7,0
2026-06-06 16:00:00+00:00,3.15,9.66,1416.4730241165344,3.04,3.9,1.75,1.88,3.03,207.0,10.22,7.640000000000001,13.29,0
2026-06-06 16:30:00+00:00,3.15,9.4,1356.7115422741686,3.08,3.75,2.06,1.97,3.11,206.0,9.8,7.71,13.15,0
2026-06-06 17:00:00+00:00,3.44,9.64,1309.3327743785185,3.35,4.3,3.28,2.07,3.3200000000000003,209.0,10.05,7.57,13.77,0
2026-06-06 17:30:00+00:00,3.45,9.34,1069.485103158846,3.27,4.09,1.88,2.03,3.25,218.0,9.72,7.21,15.48,0
2026-06-06 18:00:00+00:00,3.35,9.38,1072.763855100216,3.19,3.92,2.12,2.01,3.19,214.0,10.56,7.4,14.44,0
2026-06-06 18:30:00+00:00,3.63,9.71,1025.9455154493796,3.44,4.4,2.0,2.07,3.39,215.0,9.72,7.36,14.06,0
2026-06-06 19:00:00+00:00,3.4,9.26,720.1719318841948,3.25,4.3,2.87,1.93,3.18,230.0,10.39,6.88,13.28,0
2026-06-06 19:30:00+00:00,3.53,9.58,700.8666783280154,3.38,4.17,2.84,2.11,3.37,210.0,10.65,7.53,14.08,0
2026-06-06 20:00:00+00:00,3.44,9.32,868.0138388736524,3.26,4.11,2.03,2.0,3.22,218.0,9.31,7.25,14.32,0
2026-06-06 20:30:00+00:00,3.26,9.46,775.0420682975886,3.15,4.0200000000000005,2.64,1.96,3.15,209.0,10.84,7.58,14.04,0
2026-06-06 21:00:00+00:00,3.45,9.73,823.1965127937881,3.37,4.2700000000000005,2.49,2.04,3.3200000000000003,206.0,10.5,7.71,13.38,0
2026-06-06 21:30:00+00:00,3.4,9.63,854.5250930675619,3.27,4.0200000000000005,3.1,2.09,3.3000000000000003,198.0,9.38,7.99,13.52,0
2026-06-06 22:00:00+00:00,3.19,9.27,963.2432454637144,3.01,3.6,1.35,1.95,3.0500000000000003,207.0,9.86,7.68,14.49,0
2026-06-06 22:30:00+00:00,3.17,9.75,1040.5154996125138,3.09,3.88,2.18,1.9,3.06,204.0,10.47,7.74,14.53,0
2026-06-06 23:00:00+00:00,3.33,9.78,1129.3609945823832,3.16,3.91,3.93,2.01,3.2,199.0,10.31,7.95,13.65,0
2026-06-06 23:30:00+00:00,3.3000000000000003,9.83,1290.7993371810735,3.03,3.68,3.12,1.95,3.08,203.0,11.66,7.79,14.49,0
2026-06-07 00:00:00+00:00,2.97,9.57,1415.9069512311935,2.83,3.44,1.88,1.76,2.82,211.0,8.74,7.51,14.51,0
2026-06-07 00:30:00+00:00,3.01,9.6,1021.9704329588238,2.86,3.5700000000000003,2.48,1.82,2.89,208.0,11.3,7.59,15.65,0
2026-06-07 01:00:00+00:00,3.12,9.73,1005.8112905527267,2.87,3.67,2.68,1.81,2.88,212.0,10.84,7.49,12.88,0
2026-06-07 01:30:00+00:00,2.91,9.51,1058.3043302254296,2.76,3.39,2.16,1.7,2.73,219.0,9.62,7.24,13.81,0
2026-06-07 02:00:00+00:00,2.87,9.51,976.0510297370544,2.74,3.5,1.85,1.69,2.72,220.0,11.62,7.2,14.09,0
2026-06-07 02:30:00+00:00,2.88,9.36,939.5446655266164,2.74,3.39,2.49,1.76,2.77,212.0,10.09,7.46,13.16,0
2026-06-07 03:00:00+00:00,2.87,9.67,940.3120541283608,2.66,3.48,2.83,1.57,2.6,224.0,9.07,7.03,13.46,0
2026-06-07 03:30:00+00:00,2.87,10.05,878.5228791465671,2.8000000000000003,3.24,2.07,1.76,2.8000000000000003,197.0,11.13,8.01,14.54,0
2026-06-07 04:00:00+00:00,2.57,9.4,936.6810323893573,2.38,3.02,1.2,1.48,2.36,225.0,10.63,7.03,13.36,0
2026-06-07 04:30:00+00:00,2.92,10.04,880.2407182582899,2.87,3.49,1.59,1.82,2.89,190.0,10.3,8.32,14.73,0
2026-06-07 05:00:00+00:00,2.57,9.56,810.703051217406,2.43,3.01,1.84,1.53,2.44,214.0,9.42,7.4,14.77,0
2026-06-07 05:30:00+00:00,2.76,9.91,783.3049993277785,2.57,3.2,1.54,1.69,2.66,191.0,9.49,8.3,13.91,0
2026-06-07 06:00:00+00:00,2.78,10.1,1143.2426836777308,2.79,3.43,1.47,1.69,2.73,194.0,11.82,8.16,14.71,0
2026-06-07 06:30:00+00:00,2.69,9.98,952.9165651166788,2.64,3.26,1.56,1.63,2.62,196.0,10.59,8.06,14.86,0
2026-06-07 07:00:00+00:00,2.8000000000000003,9.97,1024.8688007054852,2.75,3.43,2.14,1.62,2.67,204.0,10.91,7.71,14.1,0
2026-06-07 07:30:00+00:00,2.62,9.82,1245.4807566145057,2.53,3.15,2.8000000000000003,1.51,2.47,211.0,10.9,7.49,13.45,0
2026-06-07 08:00:00+00:00,2.59,9.62,1207.186997213034,2.47,3.15,1.79,1.49,2.42,213.0,8.540000000000001,7.46,13.74,0
2026-06-07 08:30:00+00:00,2.67,9.69,984.620854935974,2.61,3.25,1.3,1.58,2.57,204.0,10.15,7.71,15.44,0
2026-06-07 09:00:00+00:00,2.47,9.55,1213.871622601188,2.36,2.99,1.27,1.43,2.33,213.0,10.22,7.45,13.18,0
2026-06-07 09:30:00+00:00,2.6,9.66,1246.3496321727616,2.46,3.04,1.24,1.52,2.44,205.0,10.08,7.71,15.06,0
2026-06-07 10:00:00+00:00,2.5,9.63,1357.3380001662845,2.46,3.17,1.84,1.53,2.45,207.0,11.09,7.67,13.24,0
2026-06-07 10:30:00+00:00,2.47,9.38,1496.093798340118,2.36,3.0500000000000003,1.63,1.4,2.3000000000000003,226.0,11.34,7.01,13.01,0
2026-06-07 11:00:00+00:00,2.48,9.28,1626.6298942539927,2.37,3.08,2.04,1.42,2.33,227.0,9.26,6.96,12.84,0
2026-06-07 11:30:00+00:00,2.45,9.04,1523.291430687428,2.3000000000000003,2.82,1.4,1.44,2.3000000000000003,227.0,8.58,6.98,12.42,0
2026-06-07 12:00:00+00:00,2.56,9.24,1275.1975663049643,2.45,2.97,1.32,1.48,2.39,226.0,9.75,6.99,13.18,0
2026-06-07 12:30:00+00:00,2.5,9.0,1160.2643157465277,2.37,3.18,1.16,1.42,2.34,235.0,9.72,6.73,14.47,0
2026-06-07 13:00:00+00:00,2.58,8.94,1077.36688338012,2.4,2.9,1.83,1.51,2.39,228.0,8.85,6.91,12.84,0
2026-06-07 13:30:00+00:00,2.75,9.0,1086.006258600142,2.58,3.21,1.8,1.64,2.61,223.0,9.36,7.09,14.78,0
2026-06-07 14:00:00+00:00,2.62,8.82,1131.950308515679,2.43,3.04,1.9,1.51,2.43,238.0,7.42,6.66,12.43,0
2026-06-07 14:30:00+00:00,2.7,9.14,1100.0249923334225,2.57,3.0700000000000003,1.61,1.63,2.58,215.0,9.84,7.38,12.76,0
2026-06-07 15:00:00+00:00,2.79,9.18,1181.7142695193472,2.64,3.44,1.12,1.61,2.62,229.0,10.79,6.91,12.96,0
2026-06-07 15:30:00+00:00,2.68,9.28,1328.4727496873188,2.59,3.3000000000000003,1.41,1.57,2.54,227.0,10.32,6.99,13.06,0
2026-06-07 16:00:00+00:00,2.48,8.82,1209.4811555513445,2.3000000000000003,3.0500000000000003,1.8,1.36,2.24,256.0,9.58,6.17,12.45,0
2026-06-07 16:30:00+00:00,2.42,8.68,1324.7237332905058,2.25,2.76,2.17,1.4,2.24,247.0,10.28,6.38,12.95,0
2026-06-07 17:00:00+00:00,2.4,8.99,1397.6848985812862,2.17,2.66,1.74,1.32,2.13,244.0,10.86,6.5,13.91,0
2026-06-07 17:30:00+00:00,2.4,9.06,1159.4024979341573,2.24,2.86,1.52,1.37,2.21,246.0,10.11,6.45,13.37,0
2026-06-07 18:00:00+00:00,2.41,9.08,1061.4524208958555,2.29,2.96,2.5,1.39,2.26,239.0,10.14,6.59,13.43,0
2026-06-07 18:30:00+00:00,2.29,8.9,930.1275821781602,2.2,2.76,1.57,1.31,2.14,244.0,9.91,6.44,14.64,0
2026-06-07 19:00:00+00:00,2.13,8.66,1006.6347928550576,1.99,2.48,1.81,1.24,1.98,263.0,11.38,6.0,13.71,0
2026-06-07 19:30:00+00:00,1.99,8.49,1026.1295236037645,1.83,2.29,1.08,1.14,1.82,279.0,6.32,5.69,14.44,0
2026-06-07 20:00:00+00:00,2.17,8.8,876.3105679618441,2.05,2.61,1.2,1.24,2.01,252.0,10.12,6.25,13.79,0
2026-06-07 20:30:00+00:00,2.12,9.04,655.7146189982409,2.03,2.49,1.88,1.26,2.02,239.0,11.04,6.61,14.09,0
2026-06-07 21:00:00+00:00,1.98,8.8,669.3567862426759,1.84,2.23,1.55,1.13,1.82,252.0,9.77,6.2700000000000005,13.86,0
2026-06-07 21:30:00+00:00,1.81,8.67,564.7155804134946,1.63,2.05,1.11,0.99,1.6,269.0,9.68,5.89,14.66,0
2026-06-07 22:00:00+00:00,1.91,9.32,709.2231943275411,1.78,2.24,2.42,1.1,1.76,240.0,10.47,6.6000000000000005,13.27,0
2026-06-07 22:30:00+00:00,1.79,9.06,909.0051386583068,1.6,2.05,1.51,0.98,1.58,257.0,9.73,6.17,14.35,0
2026-06-07 23:00:00+00:00,1.74,9.05,995.8668726073118,1.68,2.16,1.86,0.99,1.63,246.0,8.790000000000001,6.42,13.55,0
2026-06-07 23:30:00+00:00,1.75,9.05,902.5165246379248,1.66,2.08,1.5,1.02,1.64,239.0,10.45,6.62,12.19,0
2026-06-08 00:00:00+00:00,1.84,9.25,1196.4759162916614,1.71,2.11,0.94,1.06,1.7,226.0,9.97,7.0200000000000005,13.36,0
2026-06-08 00:30:00+00:00,1.79,9.37,1117.8204625367102,1.75,2.19,1.38,1.06,1.72,221.0,10.58,7.16,13.55,0
2026-06-08 01:00:00+00:00,1.93,9.43,957.529852124626,1.89,2.28,1.81,1.17,1.87,208.0,10.22,7.62,14.05,0
2026-06-08 01:30:00+00:00,1.76,9.13,910.918823217062,1.65,2.08,1.19,1.0,1.62,233.0,10.1,6.82,12.43,0
2026-06-08 02:00:00+00:00,1.87,9.29,870.1981895218552,1.79,2.29,1.6,1.09,1.77,221.0,9.92,7.17,13.37,0
2026-06-08 02:30:00+00:00,1.94,9.13,848.6830848764625,1.79,2.25,2.57,1.16,1.82,208.0,9.14,7.6,12.77,0
2026-06-08 03:00:00+00:00,1.76,8.81,881.7209045283817,1.64,2.09,0.78,1.01,1.63,226.0,9.65,7.0,12.69,0
2026-06-08 03:30:00+00:00,1.84,9.12,920.7691471159404,1.79,2.29,1.38,1.1,1.77,219.0,10.49,7.25,13.41,0
2026-06-08 04:00:00+00:00,1.84,8.94,765.2045407399335,1.78,2.13,1.08,1.12,1.78,221.0,9.95,7.17,12.67,0
2026-06-08 04:30:00+00:00,1.81,8.950000000000001,803.1031772053764,1.71,2.11,1.36,1.08,1.72,222.0,8.58,7.140000000000001,13.3,0
2026-06-08 05:00:00+00:00,1.87,8.94,942.3403752273518,1.77,2.29,1.15,1.06,1.74,225.0,9.7,7.04,13.03,0
2026-06-08 05:30:00+00:00,1.86,8.77,741.0795157898606,1.81,2.39,1.56,1.12,1.81,219.0,8.63,7.21,13.56,0
2026-06-08 06:00:00+00:00,1.86,8.790000000000001,1030.0723647191658,1.82,2.26,1.43,1.16,1.83,211.0,9.79,7.49,12.67,0
2026-06-08 06:30:00+00:00,1.78,8.69,1023.5479340385988,1.76,2.18,1.02,1.11,1.77,215.0,9.81,7.36,12.6,0
2026-06-08 07:00:00+00:00,1.87,8.790000000000001,1118.7253378054309,1.8,2.24,1.51,1.14,1.81,212.0,8.55,7.48,13.37,0
2026-06-08 07:30:00+00:00,1.83,8.540000000000001,1229.1298907094017,1.78,2.25,1.29,1.1,1.77,222.0,9.3,7.11,12.5,0
2026-06-08 08:00:00+00:00,1.74,8.55,7094.34683847319,1.66,2.05,0.78,1.05,1.66,217.0,8.5,7.31,13.35,0
2026-06-08 08:30:00+00:00,1.64,8.38,4885.130380203525,1.53,1.93,1.02,0.97,1.54,231.0,9.41,6.84,12.71,0
2026-06-08 09:00:00+00:00,1.68,8.69,6322.835990721644,1.68,2.14,1.02,1.04,1.67,213.0,9.6,7.43,13.88,0
2026-06-08 09:30:00+00:00,1.64,8.8,0.0,1.59,1.89,0.95,1.07,1.65,201.0,8.71,7.890000000000001,12.89,0
2026-06-08 10:00:00+00:00,1.58,8.69,0.0,1.45,1.8,1.08,0.92,1.46,223.0,8.65,7.1000000000000005,12.71,0
2026-06-08 10:30:00+00:00,1.68,8.89,0.0,1.6,2.05,0.99,1.01,1.61,210.0,8.85,7.53,13.07,0
2026-06-08 11:00:00+00:00,1.44,8.78,0.0,1.46,1.84,0.86,0.93,1.47,205.0,8.93,7.72,13.32,0
2026-06-08 11:30:00+00:00,1.41,8.56,0.0,1.34,1.66,0.8200000000000001,0.86,1.35,219.0,8.36,7.21,12.41,0
2026-06-08 12:00:00+00:00,1.39,8.84,6604.632741186627,1.37,1.75,1.12,0.86,1.37,214.0,8.69,7.35,12.77,0
2026-06-08 12:30:00+00:00,1.4,8.81,6625.12186433772,1.34,1.7,1.07,0.8300000000000001,1.34,219.0,8.9,7.23,13.6,0
2026-06-08 13:00:00+00:00,1.4,9.13,6548.140967005224,1.32,1.72,0.71,0.79,1.3,222.0,7.8,7.140000000000001,13.93,0
2026-06-08 13:30:00+00:00,1.44,9.22,6590.253386512645,1.38,1.73,1.04,0.9,1.41,197.0,10.16,8.01,13.89,0
2026-06-08 14:00:00+00:00,1.41,9.11,6552.80768675433,1.37,1.71,0.65,0.86,1.37,206.0,10.28,7.69,13.27,0
2026-06-08 14:30:00+00:00,1.42,9.04,6505.668426539041,1.39,1.72,0.75,0.87,1.38,208.0,9.56,7.55,12.99,0
2026-06-08 15:00:00+00:00,1.49,9.19,5424.322797189676,1.46,1.87,1.12,0.93,1.47,200.0,9.49,7.930000000000001,13.54,0
2026-06-08 15:30:00+00:00,1.44,8.99,1579.6075650902908,1.38,1.69,0.74,0.88,1.39,207.0,8.57,7.63,13.0,0
2026-06-08 16:00:00+00:00,1.52,9.17,1414.3845823233169,1.51,1.91,1.17,0.94,1.5,199.0,10.17,7.92,13.57,0
2026-06-08 16:30:00+00:00,1.36,9.05,1317.580747533921,1.31,1.65,1.08,0.8200000000000001,1.32,209.0,9.83,7.57,13.12,0
2026-06-08 17:00:00+00:00,1.42,9.16,1298.2606988504526,1.34,1.73,1.3,0.8200000000000001,1.32,210.0,8.74,7.5,14.62,0
2026-06-08 17:30:00+00:00,1.48,9.33,1330.5603917692408,1.47,1.82,1.04,0.92,1.46,197.0,9.38,8.01,13.45,0
2026-06-08 18:00:00+00:00,1.4,9.04,1438.0643509924948,1.39,1.69,0.81,0.87,1.38,206.0,9.11,7.69,13.96,0
2026-06-08 18:30:00+00:00,1.45,9.05,1223.3454982496723,1.4,1.74,0.81,0.86,1.39,224.0,7.97,7.07,15.86,0
2026-06-08 19:00:00+00:00,1.49,8.66,1266.183347997257,1.44,1.79,1.13,0.91,1.45,238.0,9.6,6.68,12.95,0
2026-06-08 19:30:00+00:00,1.44,8.03,1187.2222139319604,1.36,1.67,1.02,0.84,1.34,277.0,8.02,5.7,12.27,0
2026-06-08 20:00:00+00:00,1.54,7.83,1187.4166680356511,1.44,1.88,1.21,0.88,1.42,300.0,11.78,5.28,12.91,0
2026-06-08 20:30:00+00:00,1.56,7.38,1188.57588773178,1.45,1.75,1.56,0.92,1.45,307.0,8.370000000000001,5.15,11.9,0
2026-06-08 21:00:00+00:00,1.77,7.0,1084.887123821526,1.61,2.05,1.51,1.02,1.61,323.0,6.28,4.91,10.78,0
2026-06-08 21:30:00+00:00,1.82,7.08,1162.7342343159005,1.67,2.08,1.34,1.07,1.69,308.0,6.140000000000001,5.14,11.76,0
2026-06-08 22:00:00+00:00,1.9,7.18,1251.1839940341113,1.79,2.2,2.03,1.09,1.76,308.0,7.44,5.12,12.44,0
2026-06-08 22:30:00+00:00,1.87,6.66,1119.5782367813129,1.73,2.2,1.23,1.1,1.74,314.0,9.69,5.05,10.57,0
2026-06-08 23:00:00+00:00,1.99,6.92,1074.8524531184507,1.85,2.26,1.34,1.16,1.84,302.0,8.33,5.25,11.09,0
2026-06-08 23:30:00+00:00,2.04,6.58,967.0538163145574,1.92,2.4,2.25,1.23,1.94,302.0,6.08,5.23,11.45,0
2026-06-09 00:00:00+00:00,2.15,6.82,1034.096348344223,2.0,2.53,1.42,1.26,2.01,293.0,7.13,5.41,11.42,0
2026-06-09 00:30:00+00:00,2.12,6.69,1091.6145564090336,1.99,2.54,1.92,1.2,1.95,313.0,6.86,5.05,10.72,0
2026-06-09 01:00:00+00:00,2.06,6.47,1104.959370228171,1.95,2.41,1.39,1.22,1.94,312.0,7.49,5.08,11.07,0
2026-06-09 01:30:00+00:00,2.17,6.88,1138.3473186068393,2.0,2.39,0.73,1.29,2.03,294.0,6.65,5.4,11.12,0
2026-06-09 02:00:00+00:00,2.14,6.78,1029.7591007318024,1.97,2.47,1.48,1.23,1.95,312.0,7.54,5.09,11.85,0
2026-06-09 02:30:00+00:00,2.17,6.88,1002.7285697077242,2.02,2.49,1.51,1.31,2.06,289.0,6.2,5.5,11.53,0
2026-06-09 03:00:00+00:00,2.27,7.08,1077.648572407528,2.17,2.78,2.11,1.34,2.15,287.0,6.72,5.53,10.99,0
2026-06-09 03:30:00+00:00,2.19,7.01,1132.2043138159638,2.05,2.51,2.04,1.29,2.06,290.0,8.0,5.47,12.28,0
2026-06-09 04:00:00+00:00,2.26,7.0200000000000005,1162.655239100187,2.13,2.78,1.48,1.26,2.08,298.0,7.84,5.32,12.5,0
2026-06-09 04:30:00+00:00,2.23,7.16,1096.3537924324685,2.16,2.63,1.91,1.34,2.13,277.0,7.86,5.73,11.56,0
2026-06-09 05:00:00+00:00,2.12,6.8500000000000005,842.5946518484477,1.95,2.48,1.51,1.23,1.95,293.0,5.8100000000000005,5.41,11.22,0
2026-06-09 05:30:00+00:00,2.11,7.03,1002.8269207276315,2.01,2.48,1.39,1.28,2.03,279.0,7.640000000000001,5.64,11.76,0
2026-06-09 06:00:00+00:00,2.14,6.98,1283.7131707950202,2.04,2.59,1.72,1.25,2.01,283.0,6.95,5.5600000000000005,11.2,0
2026-06-09 06:30:00+00:00,2.05,6.74,1410.94894442291,1.94,2.33,1.79,1.26,1.97,285.0,6.23,5.57,10.8,0
2026-06-09 07:00:00+00:00,2.08,6.7700000000000005,1252.169282547667,1.93,2.35,1.61,1.25,1.96,291.0,8.48,5.44,11.71,0
2026-06-09 07:30:00+00:00,1.98,6.58,1242.4804792761197,1.85,2.32,1.19,1.16,1.85,310.0,6.9,5.12,12.15,0
2026-06-09 08:00:00+00:00,2.04,6.83,1311.96780152741,1.93,2.4,2.02,1.23,1.95,290.0,5.75,5.45,10.89,0
2026-06-09 08:30:00+00:00,2.18,7.22,1338.8608729068203,2.09,2.52,1.6,1.34,2.11,272.0,8.01,5.84,12.18,0
2026-06-09 09:00:00+00:00,2.14,7.0,1234.8830464157852,2.0,2.52,1.32,1.27,2.01,293.0,6.62,5.41,12.4,0
2026-06-09 09:30:00+00:00,2.12,7.04,1266.205620441056,1.98,2.45,1.91,1.23,1.96,296.0,5.66,5.34,11.69,0
2026-06-09 10:00:00+00:00,2.15,6.84,1256.8373557161492,2.0,2.5500000000000003,1.2,1.28,2.02,296.0,6.82,5.3500000000000005,12.23,0
2026-06-09 10:30:00+00:00,2.16,6.91,1263.3772820588308,1.99,2.52,1.5,1.23,1.98,303.0,6.66,5.24,10.82,0
2026-06-09 11:00:00+00:00,2.1,6.8500000000000005,1232.4916383638752,1.89,2.3000000000000003,1.19,1.22,1.92,312.0,7.22,5.09,11.6,0
2026-06-09 11:30:00+00:00,2.21,7.09,1101.050535892812,2.09,2.56,1.28,1.3,2.06,299.0,5.97,5.3,11.12,0
2026-06-09 12:00:00+00:00,2.11,6.8100000000000005,1075.2867934885232,1.93,2.31,1.88,1.24,1.95,308.0,5.36,5.14,12.45,0
2026-06-09 12:30:00+00:00,2.11,6.9,1202.941985786582,1.98,2.52,1.42,1.23,1.98,310.0,8.24,5.11,10.43,0
2026-06-09 13:00:00+00:00,2.14,6.92,1161.9999066667726,2.02,2.53,1.82,1.24,1.99,307.0,9.84,5.14,12.34,0
2026-06-09 13:30:00+00:00,2.26,7.03,1147.3576599010794,2.09,2.65,1.88,1.33,2.12,294.0,6.68,5.39,12.31,0
2026-06-09 14:00:00+00:00,2.11,6.69,1237.297038142373,1.93,2.35,1.73,1.25,1.96,311.0,5.63,5.09,11.31,0
2026-06-09 14:30:00+00:00,2.24,6.87,1227.6625354942912,2.07,2.56,1.47,1.33,2.1,301.0,5.76,5.25,11.44,0
2026-06-09 15:00:00+00:00,2.32,6.68,1112.053527601004,2.2,2.7,1.4,1.44,2.26,287.0,7.29,5.53,11.17,0
2026-06-09 15:30:00+00:00,2.34,6.74,3408.148467044726,2.18,2.82,1.73,1.35,2.17,304.0,8.1,5.21,11.62,0
2026-06-09 16:00:00+00:00,2.2,6.88,8260.099663244608,2.05,2.53,1.67,1.3,2.06,305.0,6.98,5.21,11.5,0
2026-06-09 16:30:00+00:00,2.18,6.61,1279.432815740843,2.03,2.43,1.52,1.31,2.06,307.0,6.72,5.16,10.76,0
2026-06-09 17:00:00+00:00,2.23,6.69,1387.1327384602548,2.03,2.49,1.96,1.28,2.03,312.0,8.02,5.08,10.85,0
2026-06-09 17:30:00+00:00,2.31,7.0,6247.661356614018,2.24,2.79,1.52,1.42,2.26,283.0,8.02,5.59,12.51,0
2026-06-09 18:00:00+00:00,2.46,7.29,2171.0454479451514,2.31,2.76,1.67,1.49,2.35,270.0,8.33,5.8500000000000005,10.94,0
2026-06-09 18:30:00+00:00,2.36,7.0,1065.8787350384482,2.31,2.9,1.43,1.42,2.28,294.0,6.87,5.4,11.62,0
2026-06-09 19:00:00+00:00,2.51,6.94,1097.8242209868474,2.35,3.02,2.1,1.49,2.37,288.0,6.72,5.5,12.42,0
2026-06-09 19:30:00+00:00,2.58,6.99,1019.9925870047856,2.49,3.1,1.17,1.6,2.52,272.0,7.99,5.83,11.8,0
2026-06-09 20:00:00+00:00,2.41,6.7700000000000005,1142.5783073346404,2.32,2.89,2.22,1.44,2.31,298.0,7.72,5.3100000000000005,11.43,0
2026-06-09 20:30:00+00:00,2.47,7.33,1005.7147622275616,2.32,2.78,1.44,1.51,2.37,269.0,7.11,5.88,11.62,0
2026-06-09 21:00:00+00:00,2.28,7.09,870.8587647486572,2.08,2.58,0.84,1.32,2.09,297.0,8.39,5.34,13.25,0
2026-06-09 21:30:00+00:00,2.3000000000000003,7.03,948.0599527872472,2.17,2.72,1.28,1.36,2.17,291.0,7.63,5.44,11.62,0
2026-06-09 22:00:00+00:00,2.2,7.0200000000000005,1109.2431202168254,2.05,2.52,1.71,1.33,2.08,290.0,4.98,5.48,11.23,0
2026-06-09 22:30:00+00:00,2.14,7.13,1130.0915606941664,1.97,2.42,1.64,1.27,2.0,283.0,7.33,5.6000000000000005,11.54,0
2026-06-09 23:00:00+00:00,2.13,7.53,998.2104278523224,2.01,2.54,1.71,1.27,2.01,272.0,6.8,5.83,12.44,0
2026-06-09 23:30:00+00:00,2.06,7.71,917.5181316033364,1.83,2.29,1.59,1.16,1.84,290.0,9.98,5.47,11.8,0
2026-06-10 00:00:00+00:00,1.99,7.56,910.03248195945,1.9,2.36,1.49,1.17,1.87,283.0,10.16,5.58,11.74,0
2026-06-10 00:30:00+00:00,2.04,7.97,1310.6060357550334,1.93,2.41,1.59,1.19,1.91,271.0,11.57,5.84,12.53,0
2026-06-10 01:00:00+00:00,1.95,8.01,1358.903168098841,1.9,2.4,1.74,1.17,1.88,263.0,10.54,6.03,13.07,0
2026-06-10 01:30:00+00:00,1.99,8.09,1287.4152036030314,1.86,2.29,1.42,1.18,1.87,265.0,8.69,5.98,12.8,0
2026-06-10 02:00:00+00:00,2.08,8.36,1142.511187237201,1.94,2.42,1.34,1.19,1.92,265.0,10.02,5.97,12.34,0
2026-06-10 02:30:00+00:00,1.94,8.36,1145.8923572161734,1.83,2.25,1.56,1.14,1.81,260.0,9.75,6.09,13.03,0
2026-06-10 03:00:00+00:00,1.86,8.4,1376.5749724786406,1.76,2.17,1.75,1.11,1.76,258.0,10.78,6.13,13.18,0
2026-06-10 03:30:00+00:00,1.89,8.53,1174.6130627422335,1.75,2.18,1.43,1.05,1.7,263.0,8.21,6.0200000000000005,12.92,0
2026-06-10 04:00:00+00:00,1.81,8.56,1145.717822454509,1.71,2.13,1.74,1.04,1.68,263.0,9.18,6.0200000000000005,13.66,0
2026-06-10 04:30:00+00:00,1.8,8.620000000000001,1205.17056230941,1.72,2.17,0.8300000000000001,1.07,1.72,241.0,9.52,6.58,12.78,0
2026-06-10 05:00:00+00:00,1.74,8.32,1131.184511409269,1.64,2.2,1.17,0.98,1.6,280.0,9.66,5.64,13.03,0
2026-06-10 05:30:00+00:00,1.78,8.24,1083.080721470246,1.74,2.2,1.03,1.05,1.69,268.0,9.1,5.92,12.56,0
2026-06-10 06:00:00+00:00,1.81,8.16,1218.9367112602492,1.74,2.17,1.24,1.1,1.74,258.0,9.18,6.12,13.92,0
2026-06-10 06:30:00+00:00,1.79,8.040000000000001,1470.5607523350127,1.64,2.08,1.87,0.99,1.61,288.0,9.74,5.5,11.76,0
2026-06-10 07:00:00+00:00,1.91,8.46,1332.745315810604,1.79,2.26,1.52,1.07,1.75,268.0,9.69,5.93,14.14,0
2026-06-10 07:30:00+00:00,1.94,8.58,144.24914088841143,1.79,2.35,2.23,1.08,1.76,264.0,8.48,5.98,12.11,0
2026-06-10 08:00:00+00:00,1.84,8.69,0.0,1.75,2.22,1.12,1.06,1.71,254.0,10.16,6.22,12.77,0
2026-06-10 08:30:00+00:00,1.78,8.120000000000001,5889.095251422595,1.63,2.06,1.57,1.02,1.63,272.0,8.4,5.8100000000000005,12.18,0
2026-06-10 09:00:00+00:00,1.88,8.25,5893.300000068054,1.71,2.25,1.52,1.05,1.7,274.0,9.11,5.7700000000000005,11.85,0
2026-06-10 09:30:00+00:00,1.95,8.370000000000001,409.3576235103736,1.9,2.4,1.6,1.19,1.89,245.0,9.94,6.47,12.05,0
2026-06-10 10:00:00+00:00,1.88,8.1,2166.728752764338,1.75,2.18,1.14,1.06,1.71,280.0,9.69,5.65,13.22,0
2026-06-10 10:30:00+00:00,1.97,8.03,0.0,1.88,2.38,1.33,1.13,1.84,269.0,9.48,5.89,12.45,0
2026-06-10 11:00:00+00:00,1.93,7.68,0.0,1.8,2.15,1.68,1.11,1.78,287.0,8.32,5.5,12.55,0
2026-06-10 11:30:00+00:00,1.86,7.51,3906.402474758247,1.73,2.15,0.97,1.08,1.72,294.0,8.68,5.39,12.61,0
2026-06-10 12:00:00+00:00,2.17,8.14,3758.47859721096,1.93,2.43,1.4,1.17,1.89,288.0,8.69,5.47,12.43,0
2026-06-10 12:30:00+00:00,1.94,7.53,2731.539017288422,1.84,2.35,1.8,1.11,1.8,300.0,8.43,5.29,12.11,0
2026-06-10 13:00:00+00:00,2.07,7.84,1817.7918687885024,1.89,2.39,1.5,1.15,1.86,293.0,9.89,5.38,11.94,0
2026-06-10 13:30:00+00:00,1.92,7.13,1811.64320660647,1.81,2.18,2.4,1.16,1.83,297.0,9.5,5.33,12.3,0
2026-06-10 14:00:00+00:00,2.01,7.42,1464.2476506147243,1.88,2.32,1.42,1.17,1.87,304.0,10.56,5.23,12.53,0
2026-06-10 14:30:00+00:00,2.08,7.24,1104.1859589824403,1.88,2.33,1.27,1.21,1.9,302.0,10.61,5.22,12.43,0
2026-06-10 15:00:00+00:00,2.02,7.2,1109.0606665206208,1.89,2.34,1.84,1.19,1.89,305.0,6.59,5.21,11.29,0
2026-06-10 15:30:00+00:00,1.91,6.84,1122.5744614158702,1.78,2.16,1.4,1.16,1.82,303.0,5.65,5.21,12.09,0
2026-06-10 16:00:00+00:00,1.91,7.25,1195.5552536788764,1.79,2.27,1.41,1.12,1.79,306.0,8.72,5.18,10.54,0
2026-06-10 16:30:00+00:00,1.88,7.09,1156.7269032048553,1.71,2.08,1.81,1.08,1.72,308.0,7.23,5.15,12.37,0
2026-06-10 17:00:00+00:00,1.86,7.0,1093.4274310650887,1.7,2.15,1.24,1.08,1.71,316.0,6.67,5.0,13.19,0
2026-06-10 17:30:00+00:00,1.95,6.92,1055.2184336296405,1.75,2.16,1.63,1.12,1.77,321.0,4.83,4.94,10.93,0
2026-06-10 18:00:00+00:00,1.98,7.0200000000000005,968.6384456525606,1.83,2.26,1.4,1.19,1.86,299.0,8.540000000000001,5.3100000000000005,11.69,0
2026-06-10 18:30:00+00:00,1.85,6.57,1017.6015382279244,1.72,2.03,1.58,1.1,1.72,325.0,10.46,4.86,11.19,0
2026-06-10 19:00:00+00:00,1.91,6.78,1120.805994202597,1.75,2.14,1.93,1.11,1.75,318.0,10.59,4.99,11.08,0
2026-06-10 19:30:00+00:00,1.85,6.87,926.5198757194872,1.7,2.11,1.2,1.1,1.72,315.0,7.24,5.04,11.67,0
2026-06-10 20:00:00+00:00,1.84,6.68,1030.5350136078596,1.68,2.12,1.8,1.06,1.68,333.0,9.85,4.76,11.62,0
2026-06-10 20:30:00+00:00,1.91,6.8100000000000005,1056.6306692337666,1.77,2.28,1.68,1.1,1.77,321.0,8.28,4.94,12.11,0
2026-06-10 21:00:00+00:00,1.78,6.73,1068.9024748608974,1.73,2.08,1.78,1.11,1.74,302.0,6.58,5.25,12.32,0
2026-06-10 21:30:00+00:00,1.9,7.2,1107.7936024561802,1.81,2.25,1.34,1.13,1.8,293.0,7.4,5.4,11.82,0
2026-06-10 22:00:00+00:00,1.72,7.13,1079.9750037374515,1.64,2.01,1.27,1.05,1.65,291.0,7.01,5.45,12.33,0
2026-06-10 22:30:00+00:00,1.74,6.94,1024.9317487972958,1.64,2.06,1.69,1.05,1.66,294.0,7.01,5.38,13.04,0
2026-06-10 23:00:00+00:00,1.73,7.38,965.8045523149638,1.61,2.07,0.99,1.01,1.62,284.0,8.1,5.57,11.46,0
2026-06-10 23:30:00+00:00,1.77,7.54,902.3147427644312,1.66,2.06,0.9,1.04,1.65,276.0,7.24,5.71,14.55,0
2026-06-11 00:00:00+00:00,1.63,7.3,1081.3646133438197,1.54,1.93,1.89,0.96,1.53,286.0,8.1,5.5200000000000005,10.82,1
2026-06-11 00:30:00+00:00,1.6,7.4,1260.4144839232083,1.51,1.86,1.23,0.94,1.5,286.0,9.37,5.55,11.61,0
2026-06-11 01:00:00+00:00,1.51,7.2,1095.9565634053502,1.45,1.74,1.18,0.93,1.45,284.0,6.41,5.58,11.3,0
2026-06-11 01:30:00+00:00,1.59,7.19,1104.918910600532,1.49,1.87,1.43,0.93,1.48,300.0,7.22,5.28,12.43,0
2026-06-11 02:00:00+00:00,1.62,7.19,977.6607618117904,1.48,1.92,1.16,0.9,1.46,304.0,8.08,5.2,11.98,0
2026-06-11 02:30:00+00:00,1.54,6.93,882.7025371810172,1.45,1.8,0.87,0.93,1.47,296.0,7.95,5.3500000000000005,12.61,0
2026-06-11 03:00:00+00:00,1.58,7.46,845.4761477555516,1.51,1.85,1.75,0.93,1.5,281.0,10.21,5.65,11.28,0
2026-06-11 03:30:00+00:00,1.4,6.98,889.4641156992983,1.3,1.58,1.09,0.8300000000000001,1.31,311.0,8.56,5.09,10.67,0
2026-06-11 04:00:00+00:00,1.45,6.88,1006.9665932954238,1.35,1.67,1.44,0.87,1.37,302.0,6.4,5.24,10.95,0
2026-06-11 04:30:00+00:00,1.4,6.96,1067.772752986784,1.3,1.65,1.26,0.8,1.28,319.0,7.47,4.98,11.47,0
2026-06-11 05:00:00+00:00,1.38,6.74,942.0534305376244,1.28,1.56,0.75,0.8300000000000001,1.3,303.0,6.3100000000000005,5.23,11.26,0
2026-06-11 05:30:00+00:00,1.5,7.2,887.8343953634469,1.4,1.68,0.79,0.87,1.39,294.0,8.66,5.38,12.31,0
2026-06-11 06:00:00+00:00,1.38,7.2,1260.3614868672878,1.34,1.7,1.07,0.8200000000000001,1.32,286.0,9.5,5.55,12.04,0
2026-06-11 06:30:00+00:00,1.34,7.04,1195.8186511961924,1.3,1.6,0.97,0.8200000000000001,1.3,281.0,8.03,5.64,10.66,0
2026-06-11 07:00:00+00:00,1.23,6.5,1273.5379625765686,1.17,1.44,0.9,0.73,1.17,312.0,7.27,5.0600000000000005,11.29,0
2026-06-11 07:30:00+00:00,1.25,6.82,93088.15848261758,1.17,1.47,1.15,0.74,1.17,298.0,6.34,5.3100000000000005,10.58,0
2026-06-11 08:00:00+00:00,1.33,7.1000000000000005,152009.08227972733,1.28,1.63,0.93,0.8,1.28,282.0,6.43,5.61,11.21,0
2026-06-11 08:30:00+00:00,1.41,7.19,150958.76005109504,1.33,1.6,0.8300000000000001,0.84,1.33,278.0,8.72,5.7,12.44,0
2026-06-11 09:00:00+00:00,1.33,7.17,147793.5220865674,1.27,1.6,0.78,0.81,1.28,277.0,7.85,5.72,10.68,0
2026-06-11 09:30:00+00:00,1.29,7.0600000000000005,138947.49721750733,1.17,1.48,0.86,0.75,1.18,289.0,8.26,5.48,10.44,0
2026-06-11 10:00:00+00:00,1.34,6.96,133578.14290574112,1.28,1.61,1.25,0.79,1.27,295.0,8.120000000000001,5.36,10.58,0
2026-06-11 10:30:00+00:00,1.32,6.92,126971.91630299378,1.25,1.52,0.75,0.81,1.27,282.0,7.59,5.59,11.92,0
2026-06-11 11:00:00+00:00,1.3,6.92,127776.15018832094,1.23,1.57,0.8300000000000001,0.78,1.24,297.0,7.140000000000001,5.34,10.98,0
2026-06-11 11:30:00+00:00,1.22,6.6000000000000005,128006.15072635603,1.16,1.4,0.7000000000000001,0.74,1.17,308.0,7.98,5.15,10.61,0
2026-06-11 12:00:00+00:00,1.36,7.38,145092.68015950476,1.29,1.59,1.22,0.8,1.28,292.0,9.11,5.41,10.76,0
2026-06-11 12:30:00+00:00,1.23,6.59,147669.73652694625,1.15,1.46,1.24,0.73,1.16,328.0,6.09,4.84,10.63,0
2026-06-11 13:00:00+00:00,1.29,7.2,90569.84743554635,1.25,1.53,1.12,0.76,1.23,302.0,8.83,5.26,11.01,0
2026-06-11 13:30:00+00:00,1.17,6.74,0.0,1.09,1.35,0.74,0.7000000000000001,1.1,315.0,8.41,5.01,10.82,0
2026-06-11 14:00:00+00:00,1.17,6.7700000000000005,0.0,1.06,1.37,0.87,0.66,1.06,341.0,7.25,4.65,10.11,0
2026-06-11 14:30:00+00:00,1.19,6.67,0.0,1.08,1.36,0.87,0.6900000000000001,1.09,342.0,7.09,4.63,11.45,0
2026-06-11 15:00:00+00:00,1.18,6.72,0.0,1.11,1.4,0.6900000000000001,0.68,1.1,344.0,7.88,4.59,11.32,0
2026-06-11 15:30:00+00:00,1.04,6.23,0.0,0.94,1.2,1.0,0.6,0.95,371.0,9.2,4.2700000000000005,11.16,0
2026-06-11 16:00:00+00:00,1.08,6.51,0.0,1.0,1.28,0.7000000000000001,0.63,1.0,350.0,8.38,4.51,10.72,0
2026-06-11 16:30:00+00:00,1.05,6.63,74.25515401279915,0.95,1.21,0.88,0.61,0.96,348.0,8.55,4.5600000000000005,11.71,0
2026-06-11 17:00:00+00:00,1.06,6.5200000000000005,176.48189378888864,0.99,1.24,0.68,0.63,0.99,334.0,6.95,4.74,10.45,0
2026-06-11 17:30:00+00:00,1.13,6.66,173.70099395775088,1.0,1.25,1.23,0.64,1.01,342.0,8.78,4.63,11.02,0
2026-06-11 18:00:00+00:00,1.17,6.8,277.9961734529318,1.08,1.34,1.09,0.67,1.07,331.0,7.58,4.78,11.02,0
2026-06-11 18:30:00+00:00,1.1,6.36,0.0,1.0,1.24,0.92,0.64,1.01,347.0,9.02,4.5600000000000005,10.5,0
2026-06-11 19:00:00+00:00,1.09,6.53,0.0,1.04,1.3,1.08,0.64,1.03,335.0,7.140000000000001,4.73,10.04,0
2026-06-11 19:30:00+00:00,1.09,6.36,0.0,1.01,1.25,1.28,0.63,1.0,345.0,6.890000000000001,4.6000000000000005,10.14,0
2026-06-11 20:00:00+00:00,1.13,6.66,0.0,1.06,1.32,0.72,0.67,1.06,313.0,6.11,5.04,10.7,0
2026-06-11 20:30:00+00:00,1.17,6.74,0.0,1.12,1.39,1.06,0.6900000000000001,1.11,311.0,9.28,5.1000000000000005,10.86,0
2026-06-11 21:00:00+00:00,1.13,6.5200000000000005,0.0,1.07,1.3,0.91,0.6900000000000001,1.08,305.0,6.6000000000000005,5.19,11.23,0
2026-06-11 21:30:00+00:00,1.07,6.67,0.0,1.02,1.31,0.88,0.64,1.03,301.0,6.2700000000000005,5.2700000000000005,10.11,0
2026-06-11 22:00:00+00:00,1.16,6.88,0.0,1.09,1.38,0.48,0.68,1.09,291.0,6.7700000000000005,5.46,11.5,0
2026-06-11 22:30:00+00:00,1.17,6.98,0.0,1.08,1.37,0.7000000000000001,0.6900000000000001,1.1,282.0,6.08,5.61,12.39,0
2026-06-11 23:00:00+00:00,1.11,6.7,0.0,1.03,1.3,0.72,0.65,1.04,297.0,6.59,5.32,11.25,0
2026-06-11 23:30:00+00:00,1.13,6.97,0.0,1.06,1.34,0.7000000000000001,0.68,1.08,270.0,8.76,5.86,10.23,0
2026-06-12 00:00:00+00:00,1.14,6.890000000000001,27.45450260830311,1.06,1.32,0.59,0.68,1.07,279.0,8.89,5.69,10.32,0
2026-06-12 00:30:00+00:00,1.21,7.23,1.1523250501860467,1.17,1.47,0.58,0.74,1.17,263.0,8.88,6.04,10.51,0
2026-06-12 01:00:00+00:00,1.08,6.65,0.0,1.02,1.26,0.68,0.65,1.03,289.0,7.82,5.48,11.35,0
2026-06-12 01:30:00+00:00,0.99,6.5600000000000005,0.0,0.94,1.19,0.46,0.61,0.96,291.0,7.58,5.43,10.85,0
2026-06-12 02:00:00+00:00,1.05,6.78,0.0,1.01,1.25,0.53,0.64,1.01,287.0,7.9,5.53,10.4,0
2026-06-12 02:30:00+00:00,1.05,6.5200000000000005,0.0,1.01,1.3,0.65,0.63,1.01,314.0,7.49,5.05,9.84,0
2026-06-12 03:00:00+00:00,1.05,6.63,0.0,0.99,1.24,1.22,0.61,0.98,312.0,7.22,5.08,10.28,0
2026-06-12 03:30:00+00:00,1.1,6.57,0.0,1.04,1.32,0.72,0.64,1.03,316.0,7.19,5.03,10.35,0
2026-06-12 04:00:00+00:00,1.12,6.8,0.0,1.06,1.33,0.72,0.65,1.05,310.0,7.75,5.12,10.03,0
2026-06-12 04:30:00+00:00,1.02,6.45,0.0,0.96,1.25,0.93,0.6,0.96,329.0,6.22,4.82,10.18,0
2026-06-12 05:00:00+00:00,0.96,6.36,0.0,0.91,1.13,0.5700000000000001,0.5700000000000001,0.91,329.0,7.48,4.83,9.95,0
2026-06-12 05:30:00+00:00,0.98,6.43,7377.53732192829,0.9,1.13,0.67,0.5700000000000001,0.9,337.0,7.62,4.71,10.85,0
2026-06-12 06:00:00+00:00,0.99,6.58,8980.675981102557,0.93,1.17,0.8,0.59,0.94,316.0,6.96,5.01,10.66,0
2026-06-12 06:30:00+00:00,0.98,6.51,10458.72797619058,0.92,1.17,0.77,0.5700000000000001,0.91,329.0,5.37,4.82,10.58,0
2026-06-12 07:00:00+00:00,0.88,6.58,5977.535092760575,0.8300000000000001,1.05,0.78,0.51,0.81,335.0,7.96,4.74,10.54,0
2026-06-12 07:30:00+00:00,0.85,6.58,0.0,0.81,1.02,0.66,0.5,0.8,333.0,7.27,4.76,10.69,0
2026-06-12 08:00:00+00:00,0.8,6.3500000000000005,0.0,0.73,0.92,0.65,0.45,0.72,376.0,7.24,4.22,9.94,0
2026-06-12 08:30:00+00:00,0.85,6.3,0.0,0.76,1.0,0.72,0.48,0.77,375.0,7.85,4.22,10.12,0
2026-06-12 09:00:00+00:00,0.8200000000000001,6.2,0.0,0.76,0.95,0.55,0.47,0.75,384.0,7.3,4.14,9.72,0
2026-06-12 09:30:00+00:00,0.79,6.29,0.0,0.73,0.94,0.65,0.45,0.72,373.0,6.34,4.25,10.5,0
2026-06-12 10:00:00+00:00,0.8,6.45,0.0,0.73,0.91,0.85,0.47,0.74,351.0,7.7,4.51,9.73,0
2026-06-12 10:30:00+00:00,0.8200000000000001,6.75,41677.21350596412,0.78,0.97,1.03,0.49,0.77,326.0,7.26,4.8500000000000005,10.17,0
2026-06-12 11:00:00+00:00,0.8200000000000001,6.890000000000001,70437.97349137175,0.76,0.95,0.63,0.48,0.76,312.0,7.03,5.08,12.22,0
2026-06-12 11:30:00+00:00,0.81,6.73,315.4474825965321,0.78,0.94,0.74,0.48,0.76,312.0,7.07,5.05,12.03,0
2026-06-12 12:00:00+00:00,0.76,6.94,679.3767204932168,0.72,0.93,0.42,0.44,0.71,309.0,9.03,5.14,12.37,0
2026-06-12 12:30:00+00:00,0.79,7.31,2066.092672338332,0.78,0.94,0.52,0.48,0.77,267.0,6.84,5.94,10.64,0
2026-06-12 13:00:00+00:00,0.7000000000000001,6.84,1175.0819155565673,0.67,0.8300000000000001,0.39,0.42,0.67,291.0,8.11,5.44,11.86,0
2026-06-12 13:30:00+00:00,0.68,7.07,1306.37250144516,0.63,0.8,0.56,0.41,0.64,299.0,7.67,5.29,10.5,0
2026-06-12 14:00:00+00:00,0.73,7.4,1420.3330653541277,0.6900000000000001,0.85,0.49,0.44,0.7000000000000001,282.0,7.76,5.62,11.52,0
2026-06-12 14:30:00+00:00,0.7000000000000001,7.54,1411.150201749693,0.67,0.86,0.47,0.41,0.66,294.0,7.76,5.39,11.59,0
2026-06-12 15:00:00+00:00,0.66,7.4,1351.341190769348,0.6,0.78,0.42,0.36,0.59,323.0,7.81,4.9,11.03,0
2026-06-12 15:30:00+00:00,0.67,7.47,1539.1857474161454,0.64,0.78,0.56,0.39,0.63,294.0,10.05,5.4,12.05,0
2026-06-12 16:00:00+00:00,0.7000000000000001,7.47,1727.995832250338,0.67,0.8200000000000001,0.38,0.43,0.68,276.0,8.28,5.75,12.52,0
2026-06-12 16:30:00+00:00,0.67,7.53,1590.0399928199265,0.65,0.8300000000000001,0.73,0.4,0.64,295.0,8.19,5.38,13.02,0
2026-06-12 17:00:00+00:00,0.67,7.57,1433.6904791585516,0.66,0.8,0.67,0.41,0.66,275.0,7.640000000000001,5.76,13.05,0
2026-06-12 17:30:00+00:00,0.7000000000000001,7.96,1521.4633650648789,0.67,0.8300000000000001,0.41,0.43,0.67,260.0,9.82,6.07,13.95,0
2026-06-12 18:00:00+00:00,0.73,8.53,1452.226521924575,0.7000000000000001,0.89,0.55,0.42,0.68,263.0,8.790000000000001,6.04,13.2,0
2026-06-12 18:30:00+00:00,0.6900000000000001,8.11,1084.076812227933,0.66,0.81,0.63,0.42,0.67,246.0,8.27,6.45,12.75,0
2026-06-12 19:00:00+00:00,0.6900007975954481,8.079137575974746,1059.717217447028,0.6600382360862207,0.8100498731559401,0.6306532318597559,0.4200232741394387,0.6700365736476894,246.00041897940508,8.270136319959569,6.449987932553464,12.726954469848671,1
2026-06-12 19:30:00+00:00,0.6900034231772701,8.048711620855137,1003.5051949998694,0.6601521796231585,0.8101984951606415,0.6312870573069389,0.42009263107496597,0.6701455631178038,246.0017319891968,8.270542553439086,6.449950518702794,12.704585749238905,1
2026-06-12 20:00:00+00:00,0.690008225938684,8.018719038885665,1124.3107613901354,0.6603406835282266,0.810444369819426,0.6319017706597904,0.42020737258239876,0.6703258712009125,246.00402313673987,8.271214610839763,6.449885941181397,12.682883552240176,1
2026-06-12 20:30:00+00:00,0.6900155550729071,7.989156734310835,1072.0142826908354,0.6606026007188384,0.8107860009376153,0.6324976662365511,0.4203668004375538,0.6705764006875846,246.00737652939898,8.272148402562815,6.449792382722679,12.661837592921954,1
2026-06-12 21:00:00+00:00,,,924.5237159415605,,,,,,,,,,0
2026-06-12 21:30:00+00:00,,,990.2906201242683,,,,,,,,,,0
2026-06-12 22:00:00+00:00,,,993.3325240711262,,,,,,,,,,0
2026-06-12 22:30:00+00:00,,,923.0613231445114,,,,,,,,,,0
2026-06-12 23:00:00+00:00,,,925.756426158657,,,,,,,,,,0
2026-06-12 23:30:00+00:00,,,725.9231087500153,,,,,,,,,,0
2026-06-13 00:00:00+00:00,,,678.073946509991,,,,,,,,,,0
2026-06-13 00:30:00+00:00,,,715.7405303959149,,,,,,,,,,0
2026-06-13 01:00:00+00:00,,,1017.6269353531288,,,,,,,,,,0
2026-06-13 01:30:00+00:00,,,1068.2834952252456,,,,,,,,,,0
2026-06-13 02:00:00+00:00,,,1056.0589414308542,,,,,,,,,,0
2026-06-13 02:30:00+00:00,,,1014.705317238058,,,,,,,,,,0
2026-06-13 03:00:00+00:00,,,1026.3248927542652,,,,,,,,,,0
2026-06-13 03:30:00+00:00,,,1140.4331235110858,,,,,,,,,,0
2026-06-13 04:00:00+00:00,,,1285.8994621872866,,,,,,,,,,0
2026-06-13 04:30:00+00:00,,,1287.7958216464383,,,,,,,,,,0
2026-06-13 05:00:00+00:00,,,1273.1781198830383,,,,,,,,,,0
2026-06-13 05:30:00+00:00,,,1161.835432353639,,,,,,,,,,0
2026-06-13 06:00:00+00:00,,,1418.5019372834322,,,,,,,,,,0
2026-06-13 06:30:00+00:00,,,1300.0561764677525,,,,,,,,,,0
2026-06-13 07:00:00+00:00,,,1329.720824161585,,,,,,,,,,0
2026-06-13 07:30:00+00:00,,,1264.570905160063,,,,,,,,,,0
2026-06-13 08:00:00+00:00,,,1413.786140976982,,,,,,,,,,0
2026-06-13 08:30:00+00:00,,,1442.0082975794585,,,,,,,,,,0
2026-06-13 09:00:00+00:00,,,1259.6959375997967,,,,,,,,,,0
2026-06-13 09:30:00+00:00,,,1297.638901825187,,,,,,,,,,0
2026-06-13 10:00:00+00:00,,,1213.0077296050936,,,,,,,,,,0
2026-06-13 10:30:00+00:00,,,1172.5615575850868,,,,,,,,,,0
2026-06-13 11:00:00+00:00,,,1000.9287011816012,,,,,,,,,,0
2026-06-13 11:30:00+00:00,,,1048.511909793725,,,,,,,,,,0
2026-06-13 12:00:00+00:00,,,1410.061876634206,,,,,,,,,,0
2026-06-13 12:30:00+00:00,,,1306.4047963633002,,,,,,,,,,0
2026-06-13 13:00:00+00:00,,,1197.3517379315952,,,,,,,,,,0
2026-06-13 13:30:00+00:00,,,1156.052645556318,,,,,,,,,,0
2026-06-13 14:00:00+00:00,,,1135.339164906721,,,,,,,,,,0
2026-06-13 14:30:00+00:00,,,1025.9123729406429,,,,,,,,,,0
2026-06-13 15:00:00+00:00,,,1001.746434315421,,,,,,,,,,0
2026-06-13 15:30:00+00:00,,,1114.0326690300462,,,,,,,,,,0
2026-06-13 16:00:00+00:00,,,1267.6806069006986,,,,,,,,,,0
2026-06-13 16:30:00+00:00,,,1513.0331109289305,,,,,,,,,,0
2026-06-13 17:00:00+00:00,,,1437.3200543593657,,,,,,,,,,0
2026-06-13 17:30:00+00:00,,,1554.2815347460592,,,,,,,,,,0
2026-06-13 18:00:00+00:00,,,1405.8589056556568,,,,,,,,,,0
2026-06-13 18:30:00+00:00,,,1296.4654214315374,,,,,,,,,,0
2026-06-13 19:00:00+00:00,,,1227.357529227177,,,,,,,,,,0
2026-06-13 19:30:00+00:00,,,1133.786009127595,,,,,,,,,,0
2026-06-13 20:00:00+00:00,,,885.7842068922107,,,,,,,,,,0
2026-06-13 20:30:00+00:00,,,659.2141802006572,,,,,,,,,,0
2026-06-13 21:00:00+00:00,,,684.9230534833754,,,,,,,,,,0
2026-06-13 21:30:00+00:00,,,634.5507312534833,,,,,,,,,,0
2026-06-13 22:00:00+00:00,,,709.5390940550689,,,,,,,,,,0
2026-06-13 22:30:00+00:00,,,697.4558751969079,,,,,,,,,,0
2026-06-13 23:00:00+00:00,,,706.9938275547696,,,,,,,,,,0
2026-06-13 23:30:00+00:00,,,845.8198461147562,,,,,,,,,,0
2026-06-14 00:00:00+00:00,,,909.8705946149712,,,,,,,,,,0
2026-06-14 00:30:00+00:00,,,869.666761384715,,,,,,,,,,0
2026-06-14 01:00:00+00:00,,,816.6671847913801,,,,,,,,,,0
2026-06-14 01:30:00+00:00,,,752.675697337017,,,,,,,,,,0
2026-06-14 02:00:00+00:00,,,732.2411820961078,,,,,,,,,,0
2026-06-14 02:30:00+00:00,,,677.8011837913544,,,,,,,,,,0
2026-06-14 03:00:00+00:00,,,656.1536930561585,,,,,,,,,,0
2026-06-14 03:30:00+00:00,,,650.6286335607834,,,,,,,,,,0
2026-06-14 04:00:00+00:00,,,638.2706669521436,,,,,,,,,,0
2026-06-14 04:30:00+00:00,,,861.2677641833254,,,,,,,,,,0
2026-06-14 05:00:00+00:00,,,1097.4980340136374,,,,,,,,,,0
2026-06-14 05:30:00+00:00,,,1178.946560784153,,,,,,,,,,0
2026-06-14 06:00:00+00:00,,,1367.257350987308,,,,,,,,,,0
2026-06-14 06:30:00+00:00,,,1357.1847967959238,,,,,,,,,,0
2026-06-14 07:00:00+00:00,,,1160.618462965354,,,,,,,,,,0
2026-06-14 07:30:00+00:00,,,1122.0065285645485,,,,,,,,,,0
2026-06-14 08:00:00+00:00,,,1419.3349279470244,,,,,,,,,,0
2026-06-14 08:30:00+00:00,,,1357.3752850448236,,,,,,,,,,0
2026-06-14 09:00:00+00:00,,,1324.5120479778734,,,,,,,,,,0
2026-06-14 09:30:00+00:00,,,1575.2127441895784,,,,,,,,,,0
2026-06-14 10:00:00+00:00,,,1220.0875729694744,,,,,,,,,,0
2026-06-14 10:30:00+00:00,,,1216.1497821362525,,,,,,,,,,0
2026-06-14 11:00:00+00:00,,,1220.0999280723795,,,,,,,,,,0
2026-06-14 11:30:00+00:00,,,1232.072493417748,,,,,,,,,,0
2026-06-14 12:00:00+00:00,,,1222.1927620800736,,,,,,,,,,0
2026-06-14 12:30:00+00:00,,,1247.590160513383,,,,,,,,,,0
2026-06-14 13:00:00+00:00,,,1255.289827068058,,,,,,,,,,0
2026-06-14 13:30:00+00:00,,,1267.0673146985637,,,,,,,,,,0
2026-06-14 14:00:00+00:00,,,1167.263644393401,,,,,,,,,,0
2026-06-14 14:30:00+00:00,,,1285.5884636036865,,,,,,,,,,0
2026-06-14 15:00:00+00:00,,,1322.6621756681538,,,,,,,,,,0
2026-06-14 15:30:00+00:00,,,1321.512252090072,,,,,,,,,,0
2026-06-14 16:00:00+00:00,,,1316.2234167818335,,,,,,,,,,0
2026-06-14 16:30:00+00:00,,,1428.1399801828727,,,,,,,,,,0
2026-06-14 17:00:00+00:00,,,1473.9785715285389,,,,,,,,,,0
2026-06-14 17:30:00+00:00,,,1450.6021334522525,,,,,,,,,,0
2026-06-14 18:00:00+00:00,,,1487.4721409308083,,,,,,,,,,0
2026-06-14 18:30:00+00:00,,,1353.3092846774011,,,,,,,,,,0
2026-06-14 19:00:00+00:00,,,1246.622030218918,,,,,,,,,,0
2026-06-14 19:30:00+00:00,,,1212.4070936223582,,,,,,,,,,0
2026-06-14 20:00:00+00:00,,,991.87326042502,,,,,,,,,,0
2026-06-14 20:30:00+00:00,,,767.8419518161309,,,,,,,,,,0
2026-06-14 21:00:00+00:00,,,700.9372587831834,,,,,,,,,,0
2026-06-14 21:30:00+00:00,,,718.5649631451377,,,,,,,,,,0
2026-06-14 22:00:00+00:00,,,706.1751445720923,,,,,,,,,,0
2026-06-14 22:30:00+00:00,,,653.4469345190827,,,,,,,,,,0
2026-06-14 23:00:00+00:00,,,844.9488315085672,,,,,,,,,,0
2026-06-14 23:30:00+00:00,,,912.4693108438404,,,,,,,,,,0
2026-06-15 00:00:00+00:00,,,842.4586842820245,,,,,,,,,,0
2026-06-15 00:30:00+00:00,,,734.0869833280817,,,,,,,,,,0
2026-06-15 01:00:00+00:00,,,616.7607165438095,,,,,,,,,,0
2026-06-15 01:30:00+00:00,,,566.2848099342124,,,,,,,,,,0
2026-06-15 02:00:00+00:00,,,611.9797152817715,,,,,,,,,,0
2026-06-15 02:30:00+00:00,,,588.4313978546196,,,,,,,,,,0
2026-06-15 03:00:00+00:00,,,607.9212471834401,,,,,,,,,,0
2026-06-15 03:30:00+00:00,,,571.990015292684,,,,,,,,,,0
2026-06-15 04:00:00+00:00,,,725.23461441915,,,,,,,,,,0
2026-06-15 04:30:00+00:00,,,1085.2407105634634,,,,,,,,,,0
2026-06-15 05:00:00+00:00,,,8788.72209586769,,,,,,,,,,0
2026-06-15 05:30:00+00:00,,,5182.722428862408,,,,,,,,,,0
2026-06-15 06:00:00+00:00,,,0.0,,,,,,,,,,0
2026-06-15 06:30:00+00:00,,,0.0,,,,,,,,,,0
2026-06-15 07:00:00+00:00,,,4717.29395356641,,,,,,,,,,0
2026-06-15 07:30:00+00:00,,,5109.109541025239,,,,,,,,,,0
2026-06-15 08:00:00+00:00,,,1604.38495319892,,,,,,,,,,0
2026-06-15 08:30:00+00:00,,,4766.322527145505,,,,,,,,,,0
2026-06-15 09:00:00+00:00,,,4596.222140522481,,,,,,,,,,0
2026-06-15 09:30:00+00:00,,,2966.5491572524297,,,,,,,,,,0
2026-06-15 10:00:00+00:00,,,0.0,,,,,,,,,,0
2026-06-15 10:30:00+00:00,,,0.0,,,,,,,,,,0
2026-06-15 11:00:00+00:00,0.8272391715942142,6.650255654827267,0.0,,,,,,,,,,1
2026-06-15 11:30:00+00:00,0.830358718635303,6.6501391622070845,0.0,0.8893973992811617,1.1092139990623848,0.6574926662680333,0.5596331995624462,0.8894235993124153,283.64116291275184,9.087851597437185,5.585756336905411,11.749234581137937,1
2026-06-15 12:00:00+00:00,0.8335251395878185,6.650059786032815,0.0,0.8896593164717734,1.1095556301805742,0.658090922944636,0.5597926274176013,0.8896741287990876,284.46304609550106,9.088785389160234,5.567211456537525,11.72792676392432,1
2026-06-15 12:30:00+00:00,0.8367387836449784,6.650014430548954,0.0,0.8898478203768415,1.1098015048393588,0.6587080345800039,0.559907368925034,0.8898544368821963,285.296757266049,9.089457446560914,5.54840498510839,11.70595858528381,1
2026-06-15 13:00:00+00:00,0.84,6.65,0.0,0.8899617639137793,1.1099501268440601,0.6593442954923783,0.5599767258605614,0.8899634263523106,286.1423805317604,9.08986368004043,5.529335105351413,11.683319759285878,0
2026-06-15 13:30:00+00:00,0.94,7.42,1560.3748831911594,0.89,1.11,0.66,0.56,0.89,287.0,9.09,5.51,11.66,0
2026-06-15 14:00:00+00:00,0.91,7.05,1367.4504795719342,0.85,1.03,0.91,0.55,0.86,298.0,6.12,5.32,10.98,0
2026-06-15 14:30:00+00:00,0.97,7.07,1315.3856347620658,0.9,1.12,0.6,0.58,0.91,297.0,8.56,5.32,10.59,0
2026-06-15 15:00:00+00:00,1.04,7.12,1247.613912613269,0.98,1.22,0.8,0.61,0.98,302.0,9.17,5.24,11.88,0
2026-06-15 15:30:00+00:00,1.0,6.99,1363.7738003577217,0.93,1.18,1.08,0.5700000000000001,0.91,326.0,10.33,4.86,11.83,0
2026-06-15 16:00:00+00:00,1.0,6.8100000000000005,1217.412161882349,0.91,1.14,0.79,0.58,0.92,326.0,8.66,4.87,11.23,0
2026-06-15 16:30:00+00:00,1.0,6.91,878.5925620244205,0.93,1.14,0.58,0.6,0.94,314.0,7.81,5.05,10.96,0
2026-06-15 17:00:00+00:00,0.96,6.51,1101.3351844890208,0.86,1.06,0.67,0.55,0.87,350.0,7.86,4.54,10.39,0
2026-06-15 17:30:00+00:00,1.01,6.5,1125.4886091855717,0.93,1.15,0.6,0.59,0.93,346.0,7.79,4.59,11.52,0
2026-06-15 18:00:00+00:00,1.0,6.23,1701.1816608424774,0.89,1.11,1.3,0.58,0.9,380.0,8.99,4.18,10.44,0
2026-06-15 18:30:00+00:00,1.04,6.19,1737.8137044404905,0.97,1.2,0.9,0.6,0.95,370.0,4.36,4.29,11.87,0
2026-06-15 19:00:00+00:00,1.07,6.09,1576.1897625195077,1.0,1.23,0.92,0.63,1.0,358.0,6.2700000000000005,4.41,10.33,0
2026-06-15 19:30:00+00:00,1.05,5.9,1062.8052681240397,0.96,1.18,0.96,0.63,0.98,379.0,5.67,4.19,10.23,0
2026-06-15 20:00:00+00:00,1.11,6.24,1064.6548009793871,1.0,1.28,0.53,0.65,1.02,365.0,5.34,4.33,11.44,0
2026-06-15 20:30:00+00:00,1.06,5.68,966.0875320876572,0.97,1.15,0.5700000000000001,0.63,0.98,395.0,4.28,4.01,10.45,0
2026-06-15 21:00:00+00:00,1.08,5.57,937.2012052792268,0.98,1.21,0.85,0.63,0.99,394.0,5.3100000000000005,4.01,10.19,0
2026-06-15 21:30:00+00:00,1.08,5.6000000000000005,1079.8640960083478,1.0,1.22,0.91,0.65,1.02,380.0,8.59,4.18,10.97,0
2026-06-15 22:00:00+00:00,1.09,6.01,1020.5128473739852,1.01,1.24,0.91,0.65,1.02,365.0,8.71,4.3500000000000005,10.43,0
2026-06-15 22:30:00+00:00,1.03,5.8100000000000005,980.5972244296496,0.92,1.15,0.85,0.6,0.94,381.0,4.89,4.15,9.65,0
2026-06-15 23:00:00+00:00,1.01,5.89,1247.394571638034,0.94,1.14,0.88,0.61,0.95,360.0,4.97,4.4,10.7,0
2026-06-15 23:30:00+00:00,1.0,6.22,1095.116150006606,0.9,1.12,0.59,0.5700000000000001,0.91,358.0,8.120000000000001,4.43,10.97,0
2026-06-16 00:00:00+00:00,1.0,5.96,1055.219180602782,0.91,1.1,0.92,0.59,0.92,365.0,8.8,4.3500000000000005,10.12,0
2026-06-16 00:30:00+00:00,1.03,6.07,1004.0612709699072,0.95,1.17,1.08,0.63,0.97,330.0,6.1000000000000005,4.82,10.18,0
2026-06-16 01:00:00+00:00,1.02,6.21,1086.302550250614,0.96,1.19,0.65,0.63,0.98,317.0,8.72,4.99,11.02,0
2026-06-16 01:30:00+00:00,0.98,6.25,1027.9835807448742,0.93,1.15,1.03,0.6,0.94,324.0,6.13,4.88,10.4,0
2026-06-16 02:00:00+00:00,1.01,5.98,974.2151625133084,0.95,1.17,0.99,0.6,0.95,329.0,5.0200000000000005,4.83,9.69,0
2026-06-16 02:30:00+00:00,1.04,5.9,922.0293418324512,0.97,1.18,0.75,0.64,1.0,320.0,4.64,4.96,11.1,0
2026-06-16 03:00:00+00:00,1.03,6.07,875.9237155106402,0.97,1.21,0.9,0.63,0.98,322.0,5.04,4.93,11.23,0
2026-06-16 03:30:00+00:00,1.05,6.16,884.9691762757375,0.95,1.15,0.4,0.64,0.99,315.0,4.98,5.03,11.83,0
2026-06-16 04:00:00+00:00,1.12,6.28,925.1573553293466,1.03,1.37,0.61,0.64,1.03,321.0,6.62,4.94,11.16,0
2026-06-16 04:30:00+00:00,1.15,6.140000000000001,1065.135112458072,1.08,1.35,0.93,0.71,1.11,300.0,4.91,5.2700000000000005,10.38,0
2026-06-16 05:00:00+00:00,1.07,6.0,0.0,1.01,1.26,1.02,0.66,1.03,318.0,6.0600000000000005,4.98,11.05,0
2026-06-16 05:30:00+00:00,1.1,6.2700000000000005,7223.193188034987,1.03,1.32,0.66,0.67,1.05,300.0,6.79,5.2700000000000005,10.36,0
2026-06-16 06:00:00+00:00,1.03,6.1000000000000005,661.2880658119715,0.94,1.18,0.8300000000000001,0.62,0.96,316.0,5.93,5.03,10.37,0
2026-06-16 06:30:00+00:00,1.04,6.48,0.0,1.0,1.21,0.88,0.64,1.01,301.0,7.53,5.26,10.58,0
2026-06-16 07:00:00+00:00,1.01,6.3500000000000005,0.0,0.94,1.17,0.38,0.61,0.96,306.0,7.930000000000001,5.17,13.26,0
2026-06-16 07:30:00+00:00,0.92,6.22,891.5692601828683,0.88,1.11,0.48,0.56,0.89,312.0,8.24,5.05,9.84,0
2026-06-16 08:00:00+00:00,1.02,6.3100000000000005,1307.693262867307,0.94,1.16,0.76,0.62,0.96,306.0,6.87,5.19,10.1,0
2026-06-16 08:30:00+00:00,1.01,6.390000000000001,1028.046315827438,0.93,1.17,0.74,0.6,0.95,316.0,5.23,5.01,10.39,0
2026-06-16 09:00:00+00:00,0.93,6.36,1036.3644024027074,0.88,1.11,0.68,0.58,0.9,311.0,7.0,5.09,11.16,0
2026-06-16 09:30:00+00:00,0.89,6.22,1086.8994858462192,0.8300000000000001,1.07,0.5,0.53,0.84,325.0,8.92,4.87,10.76,0
2026-06-16 10:00:00+00:00,0.94,6.32,1098.3510900364654,0.86,1.08,0.59,0.56,0.87,325.0,6.04,4.87,10.69,0
2026-06-16 10:30:00+00:00,0.92,6.41,1032.4814213544123,0.86,1.06,0.56,0.56,0.88,317.0,6.66,5.0,10.9,0
2026-06-16 11:00:00+00:00,0.9,6.5,4416.904534431383,0.85,1.03,0.62,0.55,0.86,318.0,6.17,4.98,10.67,0
2026-06-16 11:30:00+00:00,0.97,6.67,6991.467405344995,0.91,1.15,1.03,0.56,0.9,329.0,8.45,4.82,11.3,0
2026-06-16 12:00:00+00:00,0.92,6.63,1114.580468301425,0.84,1.02,0.67,0.53,0.84,340.0,7.6,4.65,10.72,0
2026-06-16 12:30:00+00:00,0.93,6.51,921.7225571718164,0.86,1.09,0.73,0.54,0.86,355.0,7.82,4.47,12.2,0
2026-06-16 13:00:00+00:00,0.98,6.49,826.9974127582041,0.89,1.13,0.6,0.56,0.89,367.0,7.65,4.3100000000000005,11.01,0
2026-06-16 13:30:00+00:00,0.99,6.76,804.1832145801449,0.86,1.09,0.68,0.55,0.86,374.0,9.04,4.22,11.17,0
2026-06-16 14:00:00+00:00,1.03,7.05,1128.0568814776198,0.93,1.19,0.97,0.59,0.93,348.0,8.86,4.55,11.74,0
2026-06-16 14:30:00+00:00,1.08,7.17,885.2784828912436,0.99,1.25,1.32,0.62,0.98,355.0,7.930000000000001,4.44,12.48,0
2026-06-16 15:00:00+00:00,1.12,7.58,863.8095008489267,1.0,1.23,1.09,0.62,0.99,346.0,10.89,4.59,12.84,0
2026-06-16 15:30:00+00:00,1.17,7.12,984.9057927402156,1.05,1.39,1.43,0.66,1.05,362.0,10.59,4.39,12.02,0
2026-06-16 16:00:00+00:00,1.24,6.98,974.3906195754768,1.09,1.41,1.32,0.7000000000000001,1.1,361.0,6.72,4.38,12.56,0
2026-06-16 16:30:00+00:00,1.25,7.0200000000000005,894.2165090157748,1.1,1.38,1.32,0.72,1.12,366.0,10.51,4.32,12.7,0
2026-06-16 17:00:00+00:00,1.27,6.91,983.3546176348171,1.12,1.43,0.99,0.73,1.14,361.0,9.43,4.39,11.91,0
2026-06-16 17:30:00+00:00,1.29,6.88,952.0768871915674,1.16,1.5,1.11,0.72,1.15,368.0,9.7,4.3100000000000005,12.53,0
2026-06-16 18:00:00+00:00,1.32,6.58,1088.3387862473517,1.19,1.51,0.98,0.75,1.19,369.0,5.93,4.3,12.72,0
2026-06-16 18:30:00+00:00,1.34,7.19,1020.8760630271642,1.21,1.53,0.92,0.78,1.23,344.0,11.45,4.61,13.6,0
2026-06-16 19:00:00+00:00,1.21,6.63,1019.497645799037,1.11,1.35,1.07,0.72,1.12,352.0,7.09,4.51,11.82,0
2026-06-16 19:30:00+00:00,1.28,7.140000000000001,1264.7274977715354,1.15,1.43,1.34,0.74,1.17,342.0,9.85,4.63,11.93,0
2026-06-16 20:00:00+00:00,1.37,7.390000000000001,1365.4782249872726,1.25,1.55,1.18,0.78,1.24,332.0,10.99,4.75,12.83,0
2026-06-16 20:30:00+00:00,1.28,7.46,1230.7007323254525,1.18,1.53,1.13,0.74,1.18,327.0,10.29,4.86,12.34,0
2026-06-16 21:00:00+00:00,1.31,7.640000000000001,1095.8006692145298,1.16,1.51,1.05,0.73,1.17,326.0,8.14,4.86,12.0,0
2026-06-16 21:30:00+00:00,1.34,7.92,947.3303341244005,1.21,1.56,1.13,0.75,1.2,305.0,9.95,5.18,11.67,0
2026-06-16 22:00:00+00:00,1.33,7.91,1071.4957053760954,1.22,1.52,1.12,0.76,1.21,301.0,9.95,5.26,13.14,0
2026-06-16 22:30:00+00:00,1.39,8.35,989.3884893323888,1.26,1.63,1.4,0.78,1.25,284.0,9.94,5.58,12.87,0
2026-06-16 23:00:00+00:00,1.37,8.55,732.7853635032354,1.27,1.63,1.08,0.78,1.25,273.0,9.46,5.82,13.92,0
2026-06-16 23:30:00+00:00,1.45,8.620000000000001,685.8970685349409,1.39,1.73,0.85,0.84,1.37,250.0,9.58,6.34,14.16,0
2026-06-17 00:00:00+00:00,1.46,8.870000000000001,722.6987280959429,1.41,1.81,1.27,0.86,1.39,238.0,9.55,6.66,12.96,0
2026-06-17 00:30:00+00:00,1.38,8.47,735.2780579846021,1.32,1.61,0.85,0.8200000000000001,1.3,248.0,8.78,6.37,12.27,0
2026-06-17 01:00:00+00:00,1.46,8.8,928.530461396002,1.4,1.66,1.1,0.87,1.38,233.0,9.68,6.8,12.43,0
2026-06-17 01:30:00+00:00,1.32,8.26,880.4617780411979,1.24,1.61,0.89,0.76,1.23,268.0,9.84,5.93,12.71,0
2026-06-17 02:00:00+00:00,1.38,8.33,813.665015597751,1.33,1.67,1.06,0.8300000000000001,1.33,247.0,8.120000000000001,6.4,12.67,0
2026-06-17 02:30:00+00:00,1.43,8.56,833.3891685499425,1.34,1.66,1.15,0.84,1.34,241.0,9.51,6.5600000000000005,13.14,0
2026-06-17 03:00:00+00:00,1.37,8.22,821.148904768309,1.26,1.56,0.51,0.77,1.24,257.0,9.49,6.16,12.79,0
2026-06-17 03:30:00+00:00,1.37,8.03,763.5833088026477,1.29,1.63,0.6900000000000001,0.8,1.28,259.0,8.98,6.1000000000000005,12.48,0
2026-06-17 04:00:00+00:00,1.4,8.4,791.6278514909422,1.35,1.7,0.94,0.8200000000000001,1.33,245.0,7.63,6.44,12.66,0
2026-06-17 04:30:00+00:00,1.5,8.39,848.4838583082111,1.43,1.81,0.93,0.91,1.45,243.0,10.06,6.5200000000000005,13.23,0
2026-06-17 05:00:00+00:00,1.46,8.22,0.0,1.36,1.68,1.13,0.88,1.38,244.0,9.64,6.47,13.32,0
2026-06-17 05:30:00+00:00,1.46,8.46,7263.045015186584,1.4,1.79,1.02,0.86,1.38,244.0,10.07,6.48,13.04,0
2026-06-17 06:00:00+00:00,1.55,8.91,0.0,1.47,1.95,0.72,0.88,1.44,238.0,9.55,6.66,13.1,0
2026-06-17 06:30:00+00:00,1.56,9.26,7094.665509303967,1.48,1.83,1.31,0.95,1.5,210.0,10.33,7.56,12.99,0
2026-06-17 07:00:00+00:00,1.55,9.11,6852.580291254574,1.48,1.87,1.28,0.92,1.47,230.0,9.28,6.890000000000001,12.75,0
2026-06-17 07:30:00+00:00,1.51,9.0,0.0,1.44,1.81,0.99,0.93,1.46,215.0,9.17,7.35,12.68,0
2026-06-17 08:00:00+00:00,1.46,8.73,0.0,1.4,1.81,1.3,0.86,1.39,237.0,10.17,6.68,12.74,0
2026-06-17 08:30:00+00:00,1.55,9.03,884.1207264678291,1.48,1.9,0.73,0.9,1.46,226.0,9.25,6.95,15.1,0
2026-06-17 09:00:00+00:00,1.51,9.06,6159.021177046989,1.45,1.81,1.08,0.88,1.43,231.0,9.62,6.87,13.66,0
2026-06-17 09:30:00+00:00,1.53,8.97,6072.849083936409,1.43,1.81,1.25,0.88,1.42,232.0,9.71,6.78,14.68,0
2026-06-17 10:00:00+00:00,1.6,9.02,6077.056615404587,1.58,1.93,1.84,0.95,1.54,222.0,9.46,7.11,13.18,0
2026-06-17 10:30:00+00:00,1.66,9.01,6024.142051051494,1.56,1.94,0.73,0.99,1.57,224.0,10.88,7.03,13.07,0
2026-06-17 11:00:00+00:00,1.62,8.91,6043.69804439961,1.53,1.94,1.46,0.94,1.52,236.0,8.66,6.73,12.82,0
2026-06-17 11:30:00+00:00,1.62,8.85,5474.962760934024,1.53,1.96,1.31,0.95,1.52,234.0,9.71,6.7700000000000005,13.01,0
2026-06-17 12:00:00+00:00,1.61,8.84,3581.3461593883185,1.56,1.92,1.12,0.99,1.57,227.0,8.8,6.95,13.06,0
2026-06-17 12:30:00+00:00,1.65,9.03,2399.154352720435,1.6,1.91,1.12,0.99,1.58,227.0,9.42,6.95,13.12,0
2026-06-17 13:00:00+00:00,1.67,8.74,0.0,1.6,1.99,0.92,0.96,1.57,247.0,9.53,6.42,13.41,0
2026-06-17 13:30:00+00:00,1.56,8.57,0.0,1.45,1.78,0.94,0.93,1.46,241.0,10.17,6.5600000000000005,12.87,0
2026-06-17 14:00:00+00:00,1.52,8.44,1124.1778449987198,1.42,1.72,1.18,0.9,1.43,254.0,8.370000000000001,6.25,14.51,0
2026-06-17 14:30:00+00:00,1.45,7.95,1054.0968224747014,1.39,1.73,1.09,0.85,1.37,277.0,9.26,5.71,12.73,0
2026-06-17 15:00:00+00:00,1.62,8.28,0.0,1.5,1.95,1.18,0.9,1.47,286.0,9.04,5.55,12.72,0
2026-06-17 15:30:00+00:00,1.62,8.14,0.0,1.56,1.92,1.43,0.97,1.55,266.0,8.96,5.95,12.21,0
2026-06-17 16:00:00+00:00,1.64,8.07,0.0,1.5,1.87,1.37,0.94,1.49,285.0,9.68,5.5600000000000005,12.97,0
2026-06-17 16:30:00+00:00,1.6,7.71,0.0,1.49,1.87,1.74,0.93,1.49,288.0,9.35,5.5,11.81,0
2026-06-17 17:00:00+00:00,1.55,7.55,0.0,1.43,1.8,1.58,0.89,1.42,311.0,8.21,5.1000000000000005,11.65,0
2026-06-17 17:30:00+00:00,1.49,6.96,0.0,1.35,1.69,0.84,0.88,1.38,319.0,9.77,4.97,10.94,0
2026-06-17 18:00:00+00:00,1.59,7.45,0.0,1.49,1.8,1.33,0.92,1.47,303.0,9.45,5.21,11.61,0
2026-06-17 18:30:00+00:00,1.68,7.75,0.0,1.54,1.92,1.39,0.98,1.55,286.0,7.53,5.54,11.97,0
2026-06-17 19:00:00+00:00,1.54,7.35,0.0,1.38,1.7,1.08,0.89,1.4,304.0,10.05,5.22,12.86,0
2026-06-17 19:30:00+00:00,1.67,7.75,0.0,1.56,1.96,2.0,0.98,1.56,285.0,10.12,5.54,11.88,0
2026-06-17 20:00:00+00:00,1.65,7.62,0.0,1.56,1.96,0.99,0.99,1.56,274.0,9.15,5.78,12.37,0
2026-06-17 20:30:00+00:00,1.55,7.33,0.0,1.49,1.83,1.11,0.94,1.49,278.0,7.37,5.69,11.59,0
2026-06-17 21:00:00+00:00,1.55,7.81,0.0,1.49,1.86,0.8300000000000001,0.93,1.48,262.0,10.01,6.05,12.45,0
2026-06-17 21:30:00+00:00,1.49,7.58,0.0,1.4,1.76,0.75,0.89,1.41,269.0,7.91,5.91,12.5,0
2026-06-17 22:00:00+00:00,1.68,8.24,0.0,1.62,2.02,1.87,1.01,1.62,244.0,8.14,6.49,12.59,0
2026-06-17 22:30:00+00:00,1.66,8.0,0.0,1.57,1.96,1.29,1.0,1.59,246.0,9.2,6.42,11.9,0
2026-06-17 23:00:00+00:00,1.69,8.08,0.0,1.62,2.08,1.2,1.03,1.64,235.0,9.52,6.73,12.5,0
2026-06-17 23:30:00+00:00,1.65,7.88,0.0,1.59,1.93,1.53,1.0,1.59,247.0,9.14,6.42,12.94,0
2026-06-18 00:00:00+00:00,1.63,7.87,0.0,1.56,1.88,1.13,0.98,1.56,248.0,8.15,6.38,13.01,1
2026-06-18 00:30:00+00:00,1.61,8.0,0.0,1.61,2.04,1.06,0.99,1.59,241.0,9.26,6.55,12.16,0
2026-06-18 01:00:00+00:00,1.55,7.79,0.0,1.49,1.8,1.43,0.93,1.48,252.0,9.16,6.24,11.52,0
2026-06-18 01:30:00+00:00,1.67,7.7,0.0,1.6,2.07,1.11,1.0,1.6,253.0,8.19,6.26,12.31,0
2026-06-18 02:00:00+00:00,1.64,7.72,0.0,1.57,1.89,0.77,0.98,1.56,253.0,7.29,6.22,12.07,0
2026-06-18 02:30:00+00:00,1.58,7.9,0.0,1.54,1.93,1.15,0.96,1.54,240.0,8.89,6.57,12.65,0
2026-06-18 03:00:00+00:00,1.49,7.11,0.0,1.4,1.74,1.75,0.89,1.41,278.0,6.25,5.71,11.08,0
2026-06-18 03:30:00+00:00,1.51,7.35,0.0,1.42,1.75,1.08,0.93,1.45,263.0,8.8,6.01,11.56,0
2026-06-18 04:00:00+00:00,1.51,7.5,0.0,1.46,1.77,1.17,0.9,1.44,257.0,7.31,6.15,12.12,0
2026-06-18 04:30:00+00:00,1.52,7.54,0.0,1.44,1.82,0.84,0.92,1.46,262.0,7.88,6.05,11.81,0
2026-06-18 05:00:00+00:00,1.41,7.16,0.0,1.32,1.66,0.71,0.85,1.34,277.0,9.81,5.72,12.27,0
2026-06-18 05:30:00+00:00,1.39,7.44,0.0,1.28,1.52,0.66,0.8300000000000001,1.3,270.0,9.11,5.86,11.5,0
2026-06-18 06:00:00+00:00,1.37,7.61,0.0,1.33,1.69,0.84,0.8300000000000001,1.33,265.0,7.82,5.98,12.49,0
2026-06-18 06:30:00+00:00,1.32,7.73,0.0,1.2,1.5,0.77,0.76,1.2,267.0,9.28,5.93,11.92,0
2026-06-18 07:00:00+00:00,1.39,7.85,0.0,1.31,1.65,0.96,0.81,1.3,256.0,6.98,6.19,12.26,0
2026-06-18 07:30:00+00:00,1.27,7.77,13965.046011323697,1.19,1.49,0.54,0.74,1.18,259.0,7.25,6.11,12.9,0
2026-06-18 08:00:00+00:00,1.18,7.86,169179.1615648804,1.12,1.45,0.91,0.7000000000000001,1.12,253.0,8.11,6.24,12.4,0
2026-06-18 08:30:00+00:00,1.12,7.7,167222.1554909607,1.07,1.36,1.0,0.66,1.06,258.0,7.98,6.140000000000001,11.29,0
2026-06-18 09:00:00+00:00,1.18,8.09,165415.9787356118,1.13,1.38,0.6900000000000001,0.73,1.14,233.0,7.55,6.78,12.7,0
2026-06-18 09:30:00+00:00,1.15,8.02,170568.74450348038,1.14,1.44,0.92,0.72,1.14,239.0,8.94,6.62,12.3,0
2026-06-18 10:00:00+00:00,1.23,8.13,163450.58217348886,1.17,1.39,0.88,0.74,1.18,238.0,8.97,6.63,11.43,0
2026-06-18 10:30:00+00:00,1.18,8.11,158359.28317798683,1.14,1.44,0.64,0.7000000000000001,1.13,238.0,8.76,6.66,11.33,0
2026-06-18 11:00:00+00:00,1.28,8.3,184565.5833268974,1.27,1.57,0.92,0.8,1.27,222.0,8.73,7.13,11.78,0
2026-06-18 11:30:00+00:00,1.26,7.99,177071.58420607247,1.24,1.52,0.49,0.78,1.24,231.0,9.04,6.86,11.7,0
2026-06-18 12:00:00+00:00,1.29,8.1,174431.67345296286,1.23,1.5,0.72,0.77,1.22,237.0,9.23,6.68,13.92,0
2026-06-18 12:30:00+00:00,1.2,8.11,176900.66801535003,1.21,1.47,0.56,0.76,1.2,224.0,8.73,7.08,13.17,0
2026-06-18 13:00:00+00:00,1.31,8.05,177439.05293097688,1.27,1.58,1.19,0.8,1.27,235.0,8.51,6.73,12.03,0
2026-06-18 13:30:00+00:00,1.24,7.88,160844.65871828614,1.17,1.47,0.68,0.75,1.19,236.0,7.98,6.72,13.28,0
2026-06-18 14:00:00+00:00,1.15,7.66,37842.5170899458,1.13,1.43,0.73,0.6900000000000001,1.11,255.0,8.69,6.2,11.49,0
2026-06-18 14:30:00+00:00,1.16,7.61,151620.00208155104,1.14,1.41,0.68,0.72,1.14,246.0,7.640000000000001,6.44,12.36,0
2026-06-18 15:00:00+00:00,1.14,7.54,13838.156731084417,1.12,1.38,0.53,0.7000000000000001,1.12,255.0,7.62,6.21,11.64,0
2026-06-18 15:30:00+00:00,1.15,7.52,1316.684261368475,1.1,1.33,0.64,0.7000000000000001,1.1,257.0,9.01,6.17,11.86,0
2026-06-18 16:00:00+00:00,1.23,7.59,1587.8284014213673,1.18,1.47,0.64,0.73,1.17,261.0,8.13,6.08,13.21,0
2026-06-18 16:30:00+00:00,1.19,7.55,1605.4971280812092,1.14,1.41,0.77,0.71,1.14,264.0,8.69,6.0,11.27,0
2026-06-18 17:00:00+00:00,1.1,7.17,1668.200116532431,1.04,1.3,0.9,0.64,1.03,294.0,8.24,5.39,11.41,0
2026-06-18 17:30:00+00:00,1.23,7.54,1474.3120619839906,1.17,1.45,1.31,0.73,1.16,281.0,9.04,5.65,11.3,0
2026-06-18 18:00:00+00:00,1.27,7.62,1692.2497447363464,1.23,1.5,0.67,0.77,1.22,271.0,8.52,5.86,11.76,0
2026-06-18 18:30:00+00:00,1.22,7.49,1355.1016712175144,1.18,1.48,0.87,0.72,1.16,287.0,9.17,5.54,11.24,0
2026-06-18 19:00:00+00:00,1.19,7.31,1220.8977561843817,1.13,1.4,0.88,0.7000000000000001,1.11,298.0,8.77,5.32,12.0,0
2026-06-18 19:30:00+00:00,1.13,6.98,1133.8836129222375,1.04,1.33,1.16,0.64,1.02,325.0,6.98,4.87,11.37,0
2026-06-18 20:00:00+00:00,1.23,7.38,1261.6390665481715,1.13,1.44,0.99,0.7000000000000001,1.13,304.0,7.88,5.22,10.99,0
2026-06-18 20:30:00+00:00,1.13,7.03,1119.6990796575096,1.05,1.39,0.77,0.64,1.04,337.0,7.8,4.71,11.13,0
2026-06-18 21:00:00+00:00,1.24,7.32,1147.4027311572331,1.16,1.43,1.25,0.72,1.14,306.0,6.8100000000000005,5.18,10.69,0
2026-06-18 21:30:00+00:00,1.11,7.15,1072.9158523297892,1.05,1.32,0.99,0.65,1.04,315.0,8.35,5.03,11.15,0
2026-06-18 22:00:00+00:00,1.1,7.42,1506.0295655906232,1.06,1.36,0.67,0.65,1.04,296.0,10.06,5.34,11.97,0
2026-06-18 22:30:00+00:00,1.13,7.61,1168.4473369152652,1.05,1.3,0.9,0.65,1.04,289.0,8.59,5.49,11.34,0
2026-06-18 23:00:00+00:00,1.15,7.83,1376.954462804624,1.08,1.43,0.79,0.64,1.06,281.0,8.89,5.64,11.37,0
2026-06-18 23:30:00+00:00,1.05,7.44,1318.310434593356,0.97,1.25,0.85,0.59,0.96,293.0,8.06,5.41,11.39,0
2026-06-19 00:00:00+00:00,1.04,7.71,1230.472132563168,0.99,1.25,0.84,0.61,0.98,271.0,9.29,5.8500000000000005,11.65,0
2026-06-19 00:30:00+00:00,1.04,7.74,1098.6367135087137,1.03,1.27,0.86,0.62,1.01,266.0,7.54,5.94,11.08,0
2026-06-19 01:00:00+00:00,0.98,7.640000000000001,1037.856434495399,0.93,1.16,0.72,0.5700000000000001,0.92,280.0,8.0,5.67,11.62,0
2026-06-19 01:30:00+00:00,1.16,8.1,1006.6943720674764,1.13,1.5,1.16,0.68,1.12,240.0,8.26,6.6000000000000005,11.77,0
2026-06-19 02:00:00+00:00,0.99,8.07,941.0438422244316,0.95,1.22,0.86,0.58,0.94,250.0,8.25,6.34,11.93,0
2026-06-19 02:30:00+00:00,0.95,8.06,1030.9964297813003,0.92,1.13,0.53,0.5700000000000001,0.91,246.0,9.02,6.43,11.51,0
2026-06-19 03:00:00+00:00,1.05,8.05,1221.032380651462,1.05,1.31,0.65,0.65,1.05,228.0,7.86,6.92,12.34,0
2026-06-19 03:30:00+00:00,0.97,8.08,1227.587488666583,0.95,1.16,0.74,0.61,0.96,224.0,8.73,7.09,10.95,0
2026-06-19 04:00:00+00:00,0.89,8.06,1250.1470083456618,0.85,1.11,0.51,0.54,0.86,229.0,7.74,6.91,13.05,0
2026-06-19 04:30:00+00:00,0.92,7.92,1378.977526209993,0.93,1.15,0.64,0.5700000000000001,0.92,230.0,7.62,6.86,12.96,0
2026-06-19 05:00:00+00:00,0.88,7.95,1009.0338681592912,0.85,1.06,0.56,0.53,0.85,236.0,7.53,6.69,11.02,0
2026-06-19 05:30:00+00:00,0.89,8.01,1135.1671172882614,0.88,1.06,0.5700000000000001,0.5700000000000001,0.9,221.0,8.42,7.17,11.59,0
2026-06-19 06:00:00+00:00,0.95,8.27,1174.4565670276947,0.92,1.15,0.38,0.58,0.92,225.0,9.15,7.01,13.21,0
2026-06-19 06:30:00+00:00,0.9,7.75,1375.377724052254,0.9,1.13,0.38,0.5700000000000001,0.9,233.0,7.97,6.8,11.95,0
2026-06-19 07:00:00+00:00,0.92,7.85,1129.4034762670517,0.9,1.18,0.62,0.5700000000000001,0.92,234.0,9.37,6.76,12.31,0
2026-06-19 07:30:00+00:00,0.94,8.01,1276.5319584576723,0.91,1.17,0.39,0.58,0.92,229.0,8.15,6.9,11.82,0
2026-06-19 08:00:00+00:00,0.9,7.63,1152.772371634176,0.87,1.09,0.43,0.54,0.87,242.0,8.18,6.5600000000000005,11.82,0
2026-06-19 08:30:00+00:00,0.86,7.640000000000001,1235.730334060854,0.86,1.06,0.39,0.55,0.87,238.0,7.0,6.65,12.08,0
2026-06-19 09:00:00+00:00,0.89,7.71,1098.9977086977278,0.87,1.06,0.59,0.55,0.87,235.0,8.290000000000001,6.73,11.82,0
2026-06-19 09:30:00+00:00,0.88,7.69,1243.3929479977935,0.8300000000000001,1.04,0.32,0.56,0.86,230.0,8.43,6.87,13.9,0
2026-06-19 10:00:00+00:00,0.87,7.82,1280.6096494820931,0.86,1.05,0.6,0.55,0.86,229.0,8.38,6.92,11.16,0
2026-06-19 10:30:00+00:00,0.88,7.84,1066.7153976459665,0.87,1.08,0.41,0.58,0.9,219.0,8.18,7.24,11.22,0
2026-06-19 11:00:00+00:00,0.87,7.78,1002.6122565452944,0.84,1.04,0.46,0.56,0.87,226.0,8.19,7.01,11.58,0
2026-06-19 11:30:00+00:00,0.84,7.61,1131.3355488554214,0.81,1.02,0.37,0.51,0.81,244.0,7.13,6.5,12.57,0
2026-06-19 12:00:00+00:00,0.93,7.88,1061.1846587889863,0.89,1.11,0.35,0.56,0.9,232.0,8.18,6.83,12.31,0
2026-06-19 12:30:00+00:00,0.91,7.97,1219.1527941716793,0.91,1.1,0.46,0.58,0.91,222.0,8.05,7.11,12.37,0
2026-06-19 13:00:00+00:00,0.91,7.55,1232.145710732133,0.88,1.13,0.66,0.53,0.87,257.0,7.5,6.16,12.47,0
2026-06-19 13:30:00+00:00,0.87,7.390000000000001,1280.866949852958,0.8300000000000001,1.03,0.63,0.52,0.8300000000000001,263.0,7.16,6.0200000000000005,10.71,0
2026-06-19 14:00:00+00:00,0.91,7.56,1206.9043243962797,0.88,1.09,0.52,0.56,0.89,246.0,8.290000000000001,6.43,12.68,0
2026-06-19 14:30:00+00:00,0.92,7.75,1139.3440531041406,0.87,1.1,0.66,0.55,0.88,250.0,8.22,6.34,11.17,0
2026-06-19 15:00:00+00:00,0.95,7.49,982.2724816179124,0.92,1.15,0.76,0.5700000000000001,0.91,259.0,6.84,6.12,11.46,0
2026-06-19 15:30:00+00:00,0.96,7.32,1068.4041504697018,0.93,1.13,0.8300000000000001,0.59,0.93,253.0,7.79,6.26,10.9,0
2026-06-19 16:00:00+00:00,0.87,7.32,1237.2448356549446,0.85,1.05,0.63,0.53,0.85,259.0,6.49,6.12,10.18,0
2026-06-19 16:30:00+00:00,0.87,7.390000000000001,1151.1252460244807,0.8300000000000001,1.05,0.68,0.53,0.84,249.0,6.97,6.3500000000000005,11.14,0
2026-06-19 17:00:00+00:00,0.91,7.53,914.3606453045784,0.86,1.06,0.64,0.56,0.88,241.0,7.23,6.59,11.38,0
2026-06-19 17:30:00+00:00,0.9,7.49,821.6621124315218,0.89,1.11,0.52,0.55,0.89,251.0,8.28,6.3100000000000005,11.98,0
2026-06-19 18:00:00+00:00,0.94,7.4,944.6805952693404,0.9,1.11,0.44,0.5700000000000001,0.9,253.0,7.83,6.26,12.18,0
2026-06-19 18:30:00+00:00,0.89,7.35,1188.4278839487692,0.84,1.04,0.59,0.52,0.84,268.0,8.0,5.93,11.56,0
2026-06-19 19:00:00+00:00,0.94,7.52,1350.0489340563088,0.89,1.04,0.37,0.58,0.91,249.0,6.63,6.36,10.73,0
2026-06-19 19:30:00+00:00,0.94,7.390000000000001,1260.6849498145289,0.93,1.13,0.46,0.59,0.93,253.0,8.16,6.2700000000000005,11.85,0
2026-06-19 20:00:00+00:00,0.8300000000000001,7.26,1138.244724859681,0.79,0.97,0.61,0.52,0.81,267.0,8.33,5.92,11.28,0
2026-06-19 20:30:00+00:00,0.93,7.35,1013.5995347043608,0.91,1.16,0.92,0.56,0.9,270.0,7.140000000000001,5.88,10.78,0
2026-06-19 21:00:00+00:00,0.84,7.21,1055.8909932923702,0.8200000000000001,1.01,0.46,0.5,0.8,284.0,8.700000000000001,5.55,11.3,0
2026-06-19 21:30:00+00:00,0.89,7.1000000000000005,1033.5518719178967,0.85,1.1,0.87,0.51,0.8300000000000001,299.0,8.02,5.3,10.22,0
2026-06-19 22:00:00+00:00,0.87,7.09,1155.1195312216082,0.84,1.05,0.71,0.53,0.84,276.0,7.47,5.73,10.9,0
2026-06-19 22:30:00+00:00,0.92,7.16,1115.6775507308084,0.89,1.11,0.43,0.54,0.88,285.0,7.65,5.54,10.93,0
2026-06-19 23:00:00+00:00,0.89,7.05,1398.7657417860169,0.88,1.11,0.88,0.53,0.86,289.0,8.08,5.48,11.21,0
2026-06-19 23:30:00+00:00,0.89,6.95,1245.973040183382,0.86,1.05,0.61,0.52,0.84,306.0,7.53,5.19,10.56,0
2026-06-20 00:00:00+00:00,0.92,6.95,1309.6394817471992,0.89,1.15,0.52,0.54,0.87,310.0,7.69,5.11,10.15,0
2026-06-20 00:30:00+00:00,0.97,7.03,1179.5657717131146,0.96,1.23,0.61,0.59,0.95,281.0,7.4,5.64,10.57,0
2026-06-20 01:00:00+00:00,0.94,6.96,1151.9818549659228,0.91,1.17,0.53,0.5700000000000001,0.92,279.0,7.83,5.67,10.16,0
2026-06-20 01:30:00+00:00,0.96,7.04,1165.8815026459288,0.9,1.13,0.79,0.55,0.88,281.0,6.890000000000001,5.62,10.88,0
2026-06-20 02:00:00+00:00,0.88,6.75,1183.994041346902,0.8300000000000001,1.02,0.6,0.53,0.84,291.0,6.05,5.42,9.58,0
2026-06-20 02:30:00+00:00,0.93,7.11,1146.8505609940942,0.88,1.09,0.48,0.56,0.89,267.0,7.75,5.92,10.26,0
2026-06-20 03:00:00+00:00,0.95,7.05,1156.7479480804705,0.9,1.17,0.92,0.55,0.89,279.0,6.8500000000000005,5.69,10.42,0
2026-06-20 03:30:00+00:00,0.99,6.98,1152.874310103893,0.96,1.16,0.66,0.59,0.94,282.0,7.98,5.62,11.03,0
2026-06-20 04:00:00+00:00,0.93,6.75,1192.0801491984223,0.9,1.12,0.68,0.5700000000000001,0.9,290.0,6.51,5.45,12.55,0
2026-06-20 04:30:00+00:00,0.93,6.68,1141.9701572932215,0.92,1.16,0.44,0.56,0.9,304.0,6.9,5.22,10.86,0
2026-06-20 05:00:00+00:00,0.96,6.94,939.5314015583004,0.92,1.17,0.92,0.56,0.91,289.0,7.390000000000001,5.46,10.84,0
2026-06-20 05:30:00+00:00,0.95,6.88,999.2809274475176,0.91,1.14,0.51,0.59,0.93,279.0,6.98,5.66,10.6,0
2026-06-20 06:00:00+00:00,0.98,6.84,1210.1298768785657,0.95,1.17,0.73,0.6,0.95,283.0,6.91,5.61,9.88,0
2026-06-20 06:30:00+00:00,0.91,6.83,1298.4645786934682,0.85,1.04,0.54,0.55,0.86,284.0,6.2700000000000005,5.57,10.87,0
2026-06-20 07:00:00+00:00,1.0,6.96,1211.450618687228,0.97,1.21,0.99,0.62,0.98,265.0,7.38,5.98,10.55,0
2026-06-20 07:30:00+00:00,0.91,6.86,1270.3337779570645,0.9,1.09,0.5,0.58,0.91,275.0,7.67,5.7700000000000005,9.81,0
2026-06-20 08:00:00+00:00,0.86,6.78,1164.733075905517,0.8300000000000001,1.08,0.72,0.52,0.8300000000000001,284.0,7.47,5.57,10.11,0
2026-06-20 08:30:00+00:00,0.85,6.79,1276.0746317183557,0.8300000000000001,1.05,0.47,0.53,0.84,275.0,8.120000000000001,5.76,11.48,0
2026-06-20 09:00:00+00:00,0.94,7.17,1466.3784798088905,0.91,1.12,0.54,0.5700000000000001,0.9,263.0,7.18,6.01,12.6,0
2026-06-20 09:30:00+00:00,0.86,7.08,1305.5046139598485,0.8200000000000001,0.99,0.28,0.52,0.8200000000000001,265.0,7.43,5.96,10.99,0
2026-06-20 10:00:00+00:00,0.8,7.03,1254.8905733826437,0.79,0.98,0.28,0.5,0.8,268.0,7.68,5.9,11.45,0
2026-06-20 10:30:00+00:00,0.95,7.18,1336.278295006233,0.89,1.17,0.66,0.55,0.89,279.0,6.76,5.68,10.15,0
2026-06-20 11:00:00+00:00,0.89,6.890000000000001,1480.1929771923724,0.87,1.08,0.49,0.52,0.85,278.0,8.41,5.67,11.1,0
2026-06-20 11:30:00+00:00,0.8300000000000001,6.95,1464.1725260485894,0.81,0.98,0.66,0.51,0.81,276.0,6.72,5.75,11.11,0
2026-06-20 12:00:00+00:00,0.87,7.0600000000000005,1343.6780216977215,0.81,1.02,0.46,0.49,0.79,293.0,7.54,5.38,10.34,0
2026-06-20 12:30:00+00:00,0.93,6.72,1382.6545675831692,0.89,1.14,0.55,0.54,0.87,321.0,6.5200000000000005,4.93,10.05,0
2026-06-20 13:00:00+00:00,0.94,6.08,1417.250387849517,0.89,1.13,1.02,0.55,0.88,372.0,7.68,4.2700000000000005,10.14,0
2026-06-20 13:30:00+00:00,0.98,5.94,1435.5071779388422,0.92,1.15,0.81,0.58,0.92,374.0,6.94,4.24,9.36,0
2026-06-20 14:00:00+00:00,0.99,5.66,1405.091759590257,0.87,1.11,0.8200000000000001,0.5700000000000001,0.89,401.0,7.55,3.95,8.620000000000001,0
2026-06-20 14:30:00+00:00,0.99,5.58,1406.5009655130968,0.88,1.05,0.66,0.58,0.9,414.0,6.43,3.83,9.49,0
2026-06-20 15:00:00+00:00,1.0,5.76,1369.9941174219446,0.92,1.16,0.65,0.59,0.93,384.0,6.640000000000001,4.14,10.02,0
2026-06-20 15:30:00+00:00,1.03,5.68,1183.260576046393,0.95,1.17,0.9,0.6,0.95,390.0,7.11,4.07,10.26,0
2026-06-20 16:00:00+00:00,1.03,5.69,1140.6000511722764,0.94,1.24,0.78,0.6,0.96,397.0,6.07,4.0,8.94,0
2026-06-20 16:30:00+00:00,1.03,5.32,1140.4470289717372,0.95,1.18,0.71,0.61,0.96,417.0,6.17,3.79,9.76,0
2026-06-20 17:00:00+00:00,0.94,5.41,1261.219879572994,0.87,1.09,0.79,0.55,0.87,416.0,6.87,3.8,9.68,0
2026-06-20 17:30:00+00:00,0.95,5.54,1095.5366016425464,0.85,1.07,0.77,0.54,0.85,403.0,6.75,3.92,9.39,0
2026-06-20 18:00:00+00:00,0.91,5.5600000000000005,1145.757514280389,0.8300000000000001,1.03,0.86,0.54,0.85,392.0,6.640000000000001,4.03,9.27,0
2026-06-20 18:30:00+00:00,0.96,5.5200000000000005,1263.4993933322532,0.88,1.09,0.8200000000000001,0.5700000000000001,0.89,397.0,3.74,3.99,9.31,0
2026-06-20 19:00:00+00:00,0.97,5.38,1337.0909414447815,0.89,1.07,0.72,0.5700000000000001,0.89,412.0,6.72,3.85,9.08,0
2026-06-20 19:30:00+00:00,1.03,5.66,1134.6407067045557,0.94,1.15,0.71,0.6,0.95,391.0,7.54,4.0600000000000005,9.55,0
2026-06-20 20:00:00+00:00,0.98,5.36,1078.777503521333,0.91,1.12,0.71,0.59,0.92,391.0,6.91,4.0600000000000005,9.45,0
2026-06-20 20:30:00+00:00,0.95,5.42,872.6226983802891,0.89,1.11,0.79,0.58,0.91,381.0,4.09,4.16,9.46,0
2026-06-20 21:00:00+00:00,0.96,5.44,905.0130971985028,0.87,1.07,0.79,0.56,0.89,382.0,6.8,4.14,9.48,0
2026-06-20 21:30:00+00:00,0.89,5.58,821.5224854738232,0.8300000000000001,1.04,0.51,0.53,0.84,379.0,5.78,4.18,9.7,0
2026-06-20 22:00:00+00:00,0.89,5.67,963.4958395523698,0.84,1.03,0.8300000000000001,0.54,0.85,363.0,5.48,4.36,9.36,0
2026-06-20 22:30:00+00:00,0.85,5.79,940.1205688508046,0.81,0.97,0.65,0.52,0.8200000000000001,339.0,5.58,4.68,10.36,0
2026-06-20 23:00:00+00:00,0.85,5.9,878.0316105600301,0.81,1.0,0.47,0.52,0.8200000000000001,326.0,6.71,4.84,9.6,0
2026-06-20 23:30:00+00:00,0.86,6.03,842.548030433388,0.8200000000000001,1.07,0.79,0.51,0.8200000000000001,326.0,5.12,4.86,11.39,0
2026-06-21 00:00:00+00:00,0.84,5.9,1006.3069041877104,0.81,0.98,0.5,0.52,0.81,331.0,5.74,4.79,9.57,0
2026-06-21 00:30:00+00:00,0.8300000000000001,6.05,899.7063655633855,0.78,0.95,0.56,0.51,0.79,314.0,6.42,5.04,10.29,0
2026-06-21 01:00:00+00:00,0.8200000000000001,5.8500000000000005,803.2308898630255,0.77,0.95,0.67,0.51,0.79,322.0,5.29,4.94,9.86,0
2026-06-21 01:30:00+00:00,0.81,6.0,787.0217249995103,0.77,0.98,0.32,0.49,0.77,332.0,8.370000000000001,4.7700000000000005,10.95,0
2026-06-21 02:00:00+00:00,0.8200000000000001,5.98,798.2998720543311,0.77,0.96,0.46,0.5,0.78,327.0,4.44,4.84,10.09,0
2026-06-21 02:30:00+00:00,0.89,6.13,786.9718516095766,0.87,1.05,0.65,0.56,0.88,299.0,7.34,5.3,10.7,0
2026-06-21 03:00:00+00:00,0.81,6.2,750.4969694937145,0.74,0.92,0.78,0.49,0.76,325.0,8.73,4.88,10.21,0
2026-06-21 03:30:00+00:00,0.81,6.24,806.6411151098787,0.74,0.88,0.41,0.48,0.75,314.0,5.13,5.04,9.65,0
2026-06-21 04:00:00+00:00,0.78,6.09,879.2838396623804,0.73,0.91,0.34,0.47,0.74,321.0,7.4,4.95,9.45,0
2026-06-21 04:30:00+00:00,0.76,5.86,874.1809732087215,0.6900000000000001,0.88,0.62,0.46,0.72,331.0,5.18,4.78,9.48,0
2026-06-21 05:00:00+00:00,0.81,6.21,865.8881227781944,0.77,0.97,0.47,0.5,0.78,304.0,6.84,5.21,11.87,0
2026-06-21 05:30:00+00:00,0.75,6.3,926.9876872265056,0.7000000000000001,0.86,0.59,0.45,0.71,312.0,5.84,5.07,11.01,0
2026-06-21 06:00:00+00:00,0.73,6.3,1167.9653312171874,0.7000000000000001,0.85,0.46,0.45,0.7000000000000001,308.0,8.27,5.14,12.01,0
2026-06-21 06:30:00+00:00,0.72,6.3100000000000005,969.0382329001254,0.68,0.85,0.6,0.44,0.6900000000000001,307.0,6.75,5.15,10.18,0
2026-06-21 07:00:00+00:00,0.68,6.3,1041.1042715460646,0.63,0.8,0.53,0.4,0.64,317.0,7.21,4.99,10.54,0
2026-06-21 07:30:00+00:00,0.73,6.2,959.1829569292992,0.6900000000000001,0.85,0.28,0.45,0.7000000000000001,300.0,7.25,5.2700000000000005,11.83,0
2026-06-21 08:00:00+00:00,0.7000000000000001,6.3500000000000005,1098.7468242376492,0.67,0.86,0.56,0.43,0.68,306.0,6.37,5.19,10.85,0
2026-06-21 08:30:00+00:00,0.72,6.36,1185.3536710988992,0.68,0.84,0.59,0.44,0.6900000000000001,309.0,7.9,5.12,9.68,0
2026-06-21 09:00:00+00:00,0.68,6.19,1294.657183256669,0.64,0.78,0.74,0.42,0.65,307.0,6.83,5.14,10.12,0
2026-06-21 09:30:00+00:00,0.73,6.3500000000000005,1155.083416945631,0.68,0.86,0.35,0.44,0.6900000000000001,309.0,4.88,5.13,10.84,0
2026-06-21 10:00:00+00:00,0.71,6.4,1223.195886442085,0.68,0.84,0.56,0.44,0.6900000000000001,304.0,6.45,5.21,11.44,0
2026-06-21 10:30:00+00:00,0.67,6.01,1138.077251601301,0.64,0.79,0.84,0.41,0.64,325.0,6.22,4.86,11.76,0
2026-06-21 11:00:00+00:00,0.7000000000000001,6.15,1173.1299459236752,0.66,0.85,0.52,0.42,0.67,324.0,7.47,4.89,9.71,0
2026-06-21 11:30:00+00:00,0.7000000000000001,6.07,1178.8629300195182,0.67,0.81,0.46,0.42,0.67,326.0,6.84,4.87,9.61,0
2026-06-21 12:00:00+00:00,0.65,6.0200000000000005,1164.1729028640525,0.63,0.78,0.42,0.4,0.63,329.0,7.34,4.8100000000000005,12.55,0
2026-06-21 12:30:00+00:00,0.63,6.05,1158.8650646537512,0.61,0.75,0.51,0.4,0.62,314.0,6.86,5.05,10.4,0
2026-06-21 13:00:00+00:00,0.64,6.25,1072.1437374504987,0.6,0.74,0.28,0.4,0.61,309.0,8.19,5.14,10.88,0
2026-06-21 13:30:00+00:00,0.62,6.09,1041.8338686336408,0.58,0.73,0.35,0.36,0.58,348.0,6.34,4.55,10.21,0
2026-06-21 14:00:00+00:00,0.61,5.87,1152.9840295895688,0.58,0.71,0.4,0.37,0.59,352.0,7.2,4.49,10.51,0
2026-06-21 14:30:00+00:00,0.61,6.17,1121.625352473258,0.5700000000000001,0.7000000000000001,0.44,0.36,0.5700000000000001,366.0,7.09,4.34,10.39,0
2026-06-21 15:00:00+00:00,0.64,6.140000000000001,1094.0686173985073,0.6,0.75,0.42,0.37,0.6,361.0,6.24,4.39,10.85,0
2026-06-21 15:30:00+00:00,0.68,6.0200000000000005,1118.022746980232,0.62,0.77,0.4,0.39,0.62,354.0,6.12,4.49,10.19,0
2026-06-21 16:00:00+00:00,0.67,6.07,1151.5971727539356,0.61,0.77,0.54,0.38,0.61,378.0,6.36,4.19,10.19,0
2026-06-21 16:30:00+00:00,0.6900000000000001,5.7,1118.358204491116,0.64,0.79,0.51,0.41,0.64,407.0,6.95,3.9,9.79,0
2026-06-21 17:00:00+00:00,0.74,5.29,1164.244880909292,0.6900000000000001,0.9,0.72,0.44,0.7000000000000001,427.0,6.11,3.72,10.79,0
2026-06-21 17:30:00+00:00,0.77,5.22,1012.5726074880404,0.68,0.84,0.89,0.45,0.6900000000000001,448.0,3.35,3.54,9.19,0
2026-06-21 18:00:00+00:00,0.79,5.04,1072.0312184279987,0.72,0.89,0.85,0.46,0.72,454.0,3.74,3.49,8.52,0
2026-06-21 18:30:00+00:00,0.78,5.17,1156.551424866587,0.7000000000000001,0.88,0.73,0.46,0.72,430.0,3.37,3.69,10.28,0
2026-06-21 19:00:00+00:00,0.78,5.17,1086.5481556906673,0.7000000000000001,0.87,0.62,0.46,0.72,445.0,4.14,3.56,9.99,0
2026-06-21 19:30:00+00:00,0.86,5.0200000000000005,1088.1525780648913,0.78,0.98,0.72,0.5,0.79,439.0,7.390000000000001,3.61,9.56,0
2026-06-21 20:00:00+00:00,0.81,4.79,1222.0577481599262,0.74,0.9,0.8,0.49,0.76,441.0,6.33,3.6,8.86,0
2026-06-21 20:30:00+00:00,0.84,4.61,962.1926955050236,0.75,0.93,0.6,0.51,0.78,447.0,7.2,3.56,8.81,0
2026-06-21 21:00:00+00:00,0.85,4.4,802.2617609474686,0.78,0.98,0.75,0.5,0.79,485.0,4.73,3.27,7.68,0
2026-06-21 21:30:00+00:00,0.84,4.63,790.7120620021648,0.75,0.94,0.8,0.49,0.77,457.0,4.26,3.47,8.75,0
2026-06-21 22:00:00+00:00,0.84,4.83,886.5027933958578,0.77,0.95,0.6900000000000001,0.51,0.79,423.0,5.2,3.76,8.64,0
2026-06-21 22:30:00+00:00,0.79,4.73,869.8840732434317,0.72,0.88,0.93,0.48,0.75,423.0,3.68,3.76,8.58,0
2026-06-21 23:00:00+00:00,0.77,5.21,767.3075846888727,0.71,0.86,0.44,0.46,0.72,409.0,3.91,3.87,10.31,0
2026-06-21 23:30:00+00:00,0.72,5.13,686.4627113810868,0.66,0.8,0.66,0.43,0.67,404.0,3.89,3.93,8.93,0
2026-06-22 00:00:00+00:00,0.76,5.38,796.0692021605801,0.6900000000000001,0.86,0.55,0.45,0.7000000000000001,410.0,6.17,3.87,11.76,0
2026-06-22 00:30:00+00:00,0.74,5.3,785.1183901132187,0.68,0.8300000000000001,0.64,0.45,0.6900000000000001,388.0,7.85,4.08,11.05,0
2026-06-22 01:00:00+00:00,0.71,5.1000000000000005,809.6691829167983,0.66,0.8,0.56,0.44,0.68,383.0,7.19,4.14,8.78,0
2026-06-22 01:30:00+00:00,0.7000000000000001,5.13,796.9002896774921,0.65,0.78,0.51,0.42,0.66,405.0,4.73,3.92,10.04,0
2026-06-22 02:00:00+00:00,0.74,4.95,1111.2207706070114,0.68,0.85,0.53,0.45,0.7000000000000001,417.0,4.3100000000000005,3.8,9.15,0
2026-06-22 02:30:00+00:00,0.74,5.01,992.9488543190312,0.6900000000000001,0.86,0.72,0.45,0.7000000000000001,413.0,7.36,3.84,9.71,0
2026-06-22 03:00:00+00:00,0.75,4.99,1004.637387975142,0.6900000000000001,0.87,0.4,0.45,0.7000000000000001,404.0,4.36,3.93,11.17,0
2026-06-22 03:30:00+00:00,0.73,5.12,1046.6242194442348,0.67,0.8300000000000001,0.37,0.44,0.6900000000000001,392.0,4.24,4.04,9.43,0
2026-06-22 04:00:00+00:00,0.68,5.22,849.9695517190569,0.62,0.74,0.47,0.41,0.64,384.0,4.64,4.12,9.23,0
2026-06-22 04:30:00+00:00,0.74,5.28,837.8139900950077,0.7000000000000001,0.87,0.6900000000000001,0.45,0.7000000000000001,379.0,4.83,4.19,9.81,0
2026-06-22 05:00:00+00:00,0.73,5.51,945.1424362976976,0.6900000000000001,0.85,0.91,0.46,0.71,352.0,4.63,4.5,9.15,0
2026-06-22 05:30:00+00:00,0.73,5.4,894.8393226926988,0.67,0.81,0.39,0.44,0.6900000000000001,359.0,4.7,4.42,9.68,0
2026-06-22 06:00:00+00:00,0.79,5.42,827.9981638790567,0.74,0.92,0.45,0.49,0.76,341.0,4.88,4.65,11.35,0
2026-06-22 06:30:00+00:00,0.8200000000000001,5.44,944.2983800115296,0.76,0.94,0.66,0.5,0.77,340.0,5.5600000000000005,4.66,10.26,0
2026-06-22 07:00:00+00:00,0.77,5.48,8629.23862033862,0.74,0.91,0.75,0.48,0.75,342.0,5.96,4.63,8.98,0
2026-06-22 07:30:00+00:00,0.72,5.71,7530.66562911848,0.6900000000000001,0.84,0.51,0.44,0.6900000000000001,332.0,5.73,4.78,10.78,0
2026-06-22 08:00:00+00:00,0.75,5.69,3691.129298739521,0.71,0.9,0.73,0.46,0.72,334.0,5.1000000000000005,4.74,9.43,0
2026-06-22 08:30:00+00:00,0.74,5.64,0.0,0.71,0.85,0.88,0.46,0.71,331.0,5.6000000000000005,4.78,10.29,0
2026-06-22 09:00:00+00:00,0.73,5.5,203.70965821882731,0.67,0.84,0.65,0.44,0.6900000000000001,350.0,5.58,4.54,9.14,0
2026-06-22 09:30:00+00:00,0.6900000000000001,5.57,1778.1623446509593,0.64,0.78,0.49,0.42,0.65,356.0,6.26,4.45,10.03,0
2026-06-22 10:00:00+00:00,0.73,5.46,1992.066950495643,0.6900000000000001,0.84,0.39,0.45,0.7000000000000001,371.0,5.55,4.28,10.17,0
2026-06-22 10:30:00+00:00,0.71,5.48,0.0,0.67,0.81,0.54,0.43,0.67,375.0,5.45,4.23,9.71,0
2026-06-22 11:00:00+00:00,0.6900000000000001,5.54,0.0,0.63,0.79,0.89,0.41,0.64,374.0,5.23,4.24,8.57,0
2026-06-22 11:30:00+00:00,0.71,5.57,199405.77174483333,0.66,0.8300000000000001,0.44,0.42,0.67,365.0,5.61,4.3500000000000005,9.3,0
2026-06-22 12:00:00+00:00,0.68,5.6000000000000005,188843.35044622736,0.66,0.8200000000000001,0.43,0.42,0.66,345.0,5.58,4.6000000000000005,8.98,0
2026-06-22 12:30:00+00:00,0.64,5.68,212645.58493032624,0.61,0.78,0.4,0.4,0.62,344.0,6.36,4.6000000000000005,9.91,0
2026-06-22 13:00:00+00:00,0.66,5.92,215926.15653274863,0.62,0.76,0.36,0.4,0.63,335.0,6.18,4.73,10.63,0
2026-06-22 13:30:00+00:00,0.65,6.03,198338.8069602288,0.61,0.75,0.42,0.4,0.62,321.0,6.4,4.93,10.65,0
2026-06-22 14:00:00+00:00,0.6900000000000001,6.13,200522.7161183883,0.65,0.79,0.31,0.43,0.67,312.0,5.07,5.08,10.15,0
2026-06-22 14:30:00+00:00,0.66,6.0600000000000005,204080.65043403988,0.62,0.78,0.52,0.4,0.63,316.0,6.01,5.01,9.73,0
2026-06-22 15:00:00+00:00,0.64,6.07,186747.49577992797,0.62,0.79,0.41,0.4,0.63,311.0,6.32,5.08,10.83,0
2026-06-22 15:30:00+00:00,0.66,6.12,170969.18334212285,0.64,0.78,0.25,0.41,0.64,307.0,5.7,5.15,10.23,0
2026-06-22 16:00:00+00:00,0.68,6.01,143106.37710145523,0.63,0.78,0.35,0.41,0.65,318.0,5.38,4.99,11.45,0
2026-06-22 16:30:00+00:00,0.66,6.28,12042.406804393508,0.63,0.77,0.71,0.4,0.63,309.0,6.38,5.14,10.33,0
2026-06-22 17:00:00+00:00,0.64,6.63,322.9380161440483,0.61,0.73,0.5,0.4,0.62,297.0,9.34,5.34,12.4,0
2026-06-22 17:30:00+00:00,0.68,6.46,276.66437237159016,0.63,0.77,0.42,0.42,0.66,291.0,6.11,5.46,11.69,0
2026-06-22 18:00:00+00:00,0.6900000000000001,6.63,367.3230547075447,0.65,0.79,0.66,0.42,0.66,287.0,5.09,5.5,10.71,0
2026-06-22 18:30:00+00:00,0.72,6.65,410.0407218375872,0.68,0.85,0.48,0.44,0.6900000000000001,292.0,7.69,5.43,12.41,0
2026-06-22 19:00:00+00:00,0.77,6.47,517.0137072745872,0.72,0.88,0.59,0.48,0.74,288.0,6.38,5.51,11.08,0
2026-06-22 19:30:00+00:00,0.79,6.58,350.64488259588967,0.73,0.92,0.45,0.47,0.74,293.0,6.53,5.42,12.61,0
2026-06-22 20:00:00+00:00,0.79,6.45,223.4602750502357,0.76,0.97,0.42,0.48,0.77,295.0,6.37,5.37,12.13,0
2026-06-22 20:30:00+00:00,0.78,6.65,0.0,0.74,0.91,0.47,0.48,0.75,279.0,5.83,5.66,11.25,0
2026-06-22 21:00:00+00:00,0.8,6.640000000000001,19.434698765275947,0.78,0.96,0.29,0.51,0.79,283.0,9.38,5.61,11.14,0
2026-06-22 21:30:00+00:00,0.8,6.83,0.0,0.77,0.94,0.37,0.49,0.77,280.0,7.12,5.66,12.08,0
2026-06-22 22:00:00+00:00,0.75,6.73,233.69616010674596,0.7000000000000001,0.87,0.62,0.47,0.73,280.0,8.71,5.66,11.53,0
2026-06-22 22:30:00+00:00,0.76,7.26,193.177670604832,0.74,0.91,0.44,0.46,0.73,269.0,8.42,5.88,13.83,0
2026-06-22 23:00:00+00:00,0.87,7.52,411.5455121408598,0.8300000000000001,1.01,0.53,0.53,0.8300000000000001,270.0,9.95,5.87,12.92,0
2026-06-22 23:30:00+00:00,0.81,7.4,356.3058368056856,0.76,0.91,0.35,0.5,0.78,265.0,8.790000000000001,5.94,13.58,0
2026-06-23 00:00:00+00:00,0.81,7.24,248.0486829230872,0.78,0.96,0.62,0.49,0.78,270.0,6.38,5.86,11.58,0
2026-06-23 00:30:00+00:00,0.72,6.93,33.48163429617502,0.68,0.85,0.46,0.44,0.6900000000000001,275.0,8.19,5.7700000000000005,12.34,0
2026-06-23 01:00:00+00:00,0.77,7.32,0.0,0.74,0.91,0.36,0.48,0.75,266.0,7.45,5.96,11.26,0
2026-06-23 01:30:00+00:00,0.9,7.8,134.14713649766423,0.86,1.1,0.7000000000000001,0.54,0.86,252.0,8.790000000000001,6.29,11.67,0
2026-06-23 02:00:00+00:00,0.81,7.28,109.0269000913992,0.76,0.97,0.58,0.48,0.77,267.0,8.63,5.94,10.98,0
2026-06-23 02:30:00+00:00,0.81,7.48,36.00015804705688,0.76,0.98,0.47,0.48,0.76,261.0,6.79,6.08,11.12,0
2026-06-23 03:00:00+00:00,0.77,7.13,0.5792420342709867,0.73,0.94,0.54,0.47,0.74,269.0,7.66,5.89,11.37,0
2026-06-23 03:30:00+00:00,0.86,7.63,0.0,0.85,1.08,0.73,0.52,0.84,252.0,8.14,6.3,12.51,0
2026-06-23 04:00:00+00:00,0.77,7.12,130.7197142837692,0.74,0.9,0.66,0.48,0.75,267.0,6.890000000000001,5.91,11.46,0
2026-06-23 04:30:00+00:00,0.8,7.24,0.0,0.75,0.95,0.58,0.49,0.77,267.0,6.640000000000001,5.95,10.71,0
2026-06-23 05:00:00+00:00,0.79,7.49,0.0,0.75,0.91,0.41,0.48,0.76,254.0,7.81,6.21,11.57,0
2026-06-23 05:30:00+00:00,0.77,7.52,0.0,0.75,0.97,0.3,0.47,0.75,258.0,7.890000000000001,6.13,12.77,0
2026-06-23 06:00:00+00:00,0.74,7.2,174.1483209000088,0.71,0.91,0.55,0.46,0.72,265.0,7.2,5.96,13.06,0
2026-06-23 06:30:00+00:00,0.75,7.5,115.76669199861986,0.72,0.89,0.45,0.46,0.73,248.0,6.47,6.37,11.29,0
2026-06-23 07:00:00+00:00,0.6900000000000001,7.27,32.52372504248881,0.68,0.86,0.3,0.43,0.6900000000000001,249.0,7.58,6.36,11.68,0
2026-06-23 07:30:00+00:00,0.75,7.42,204.0049014864726,0.71,0.86,0.42,0.47,0.73,244.0,8.07,6.5,12.2,0
2026-06-23 08:00:00+00:00,0.8200000000000001,7.33,0.0,0.81,0.99,0.21,0.53,0.8200000000000001,241.0,8.02,6.54,13.24,0
2026-06-23 08:30:00+00:00,0.73,7.0600000000000005,23.57485727091185,0.6900000000000001,0.85,0.47,0.48,0.73,244.0,7.21,6.47,11.76,0
2026-06-23 09:00:00+00:00,0.8200000000000001,7.29,132.89232174156362,0.79,1.01,0.53,0.5,0.8,252.0,9.42,6.2700000000000005,11.07,0
2026-06-23 09:30:00+00:00,0.8300000000000001,7.27,1767.325763556956,0.8,0.99,0.42,0.52,0.81,244.0,7.75,6.5,12.55,0
2026-06-23 10:00:00+00:00,0.78,6.95,5775.4673613226005,0.76,0.92,0.52,0.5,0.77,265.0,6.07,5.96,11.01,0
2026-06-23 10:30:00+00:00,0.74,6.91,9269.768415152235,0.71,0.85,0.46,0.46,0.72,267.0,6.18,5.93,11.94,0
2026-06-23 11:00:00+00:00,0.74,7.09,6181.612291752506,0.71,0.89,0.7000000000000001,0.46,0.72,258.0,7.25,6.12,11.37,0
2026-06-23 11:30:00+00:00,0.8,7.23,5842.945530665721,0.76,0.92,0.46,0.49,0.77,257.0,6.65,6.140000000000001,11.73,0
2026-06-23 12:00:00+00:00,0.77,7.15,5733.75355905034,0.74,0.93,0.8200000000000001,0.47,0.75,269.0,7.17,5.91,11.29,0
2026-06-23 12:30:00+00:00,0.77,7.22,5704.866292751267,0.72,0.9,0.51,0.47,0.74,256.0,6.5200000000000005,6.18,11.38,0
2026-06-23 13:00:00+00:00,0.77,7.09,2683.5646368427947,0.74,0.88,0.51,0.47,0.75,256.0,7.57,6.19,10.88,0
2026-06-23 13:30:00+00:00,0.76,7.41,1504.246775929408,0.75,0.95,0.78,0.48,0.76,242.0,7.55,6.54,11.37,0
2026-06-23 14:00:00+00:00,0.76,7.11,1436.9888083856938,0.74,0.93,0.21,0.47,0.74,252.0,6.28,6.2700000000000005,11.3,0
2026-06-23 14:30:00+00:00,0.76,7.3,1392.9493897653676,0.74,0.94,0.35,0.48,0.75,241.0,7.42,6.5600000000000005,11.61,0
2026-06-23 15:00:00+00:00,0.78,7.34,1221.850894919923,0.75,0.94,0.38,0.49,0.77,242.0,7.390000000000001,6.53,11.9,0
2026-06-23 15:30:00+00:00,0.77,7.21,1168.8020572778132,0.74,0.94,0.39,0.47,0.75,247.0,7.34,6.390000000000001,10.93,0
2026-06-23 16:00:00+00:00,0.78,7.46,1136.43322268265,0.77,0.95,0.48,0.49,0.77,241.0,8.26,6.55,11.48,0
2026-06-23 16:30:00+00:00,0.72,7.03,932.515149061973,0.67,0.84,0.4,0.44,0.6900000000000001,255.0,7.03,6.21,11.27,0
2026-06-23 17:00:00+00:00,0.78,7.31,961.560386597588,0.77,0.96,0.34,0.49,0.77,249.0,7.08,6.36,10.9,0
2026-06-23 17:30:00+00:00,0.74,7.08,922.8084109208104,0.74,0.94,0.51,0.46,0.74,257.0,7.84,6.13,10.95,0
2026-06-23 18:00:00+00:00,0.73,7.11,916.1978254226902,0.68,0.87,0.39,0.44,0.6900000000000001,253.0,8.03,6.24,11.66,0
2026-06-23 18:30:00+00:00,0.71,7.08,824.2468691381821,0.68,0.85,0.26,0.45,0.7000000000000001,249.0,6.69,6.36,11.08,0
2026-06-23 19:00:00+00:00,0.74,7.31,1005.369114659436,0.73,0.91,0.47,0.47,0.74,238.0,7.91,6.65,10.8,0
2026-06-23 19:30:00+00:00,0.79,7.31,983.5018387376024,0.73,0.96,0.35,0.46,0.73,249.0,7.390000000000001,6.36,11.04,0
2026-06-23 20:00:00+00:00,0.8,7.35,874.4438190027333,0.77,0.95,0.44,0.49,0.78,241.0,7.47,6.5600000000000005,11.73,0
2026-06-23 20:30:00+00:00,0.73,7.07,683.209764713561,0.6900000000000001,0.89,0.37,0.44,0.7000000000000001,255.0,6.92,6.2,10.91,0
2026-06-23 21:00:00+00:00,0.79,7.07,1129.6193139684442,0.76,0.98,0.44,0.49,0.77,253.0,7.69,6.26,11.95,0
2026-06-23 21:30:00+00:00,0.76,6.82,1070.2315786684917,0.72,0.89,0.43,0.47,0.74,251.0,6.22,6.28,11.09,0
2026-06-23 22:00:00+00:00,0.76,6.99,1016.4072833868144,0.71,0.9,0.43,0.45,0.72,257.0,6.5,6.16,12.27,0
2026-06-23 22:30:00+00:00,0.78,7.09,889.3213890204372,0.74,0.9,0.44,0.48,0.75,243.0,7.17,6.49,11.38,0
2026-06-23 23:00:00+00:00,0.74,6.82,1163.80969117255,0.71,0.88,0.42,0.46,0.72,263.0,7.84,6.01,10.54,0
2026-06-23 23:30:00+00:00,0.75,6.7700000000000005,1212.294284305896,0.72,0.92,0.49,0.48,0.74,259.0,6.69,6.13,11.42,0
2026-06-24 00:00:00+00:00,0.75,6.91,1170.5167744891337,0.74,0.93,0.5,0.48,0.75,249.0,6.8500000000000005,6.36,11.59,0
2026-06-24 00:30:00+00:00,0.6900000000000001,6.74,1081.1470326585047,0.67,0.81,0.34,0.43,0.68,262.0,6.72,6.03,11.74,0
2026-06-24 01:00:00+00:00,0.6900000000000001,6.8100000000000005,1448.0744591774962,0.65,0.8,0.22,0.43,0.67,258.0,6.79,6.12,11.1,0
2026-06-24 01:30:00+00:00,0.68,6.73,1285.4703698890464,0.65,0.8300000000000001,0.32,0.43,0.67,270.0,6.62,5.88,11.07,0
2026-06-24 02:00:00+00:00,0.68,7.03,1282.7743095079252,0.66,0.8,0.26,0.42,0.66,261.0,7.67,6.0600000000000005,10.54,0
2026-06-24 02:30:00+00:00,0.61,6.78,1149.8537440215937,0.59,0.75,0.52,0.37,0.59,276.0,6.1000000000000005,5.74,11.13,0
2026-06-24 03:00:00+00:00,0.61,6.66,1261.3657472800635,0.59,0.73,0.5,0.37,0.58,297.0,7.3,5.34,10.46,0
2026-06-24 03:30:00+00:00,0.64,6.8,1119.710180560319,0.63,0.79,0.34,0.42,0.65,260.0,6.76,6.08,11.36,0
2026-06-24 04:00:00+00:00,0.64,6.83,1036.8182140441577,0.62,0.78,0.47,0.4,0.63,268.0,6.8,5.89,10.14,0
2026-06-24 04:30:00+00:00,0.6,6.87,1049.5463023290615,0.5700000000000001,0.71,0.27,0.37,0.58,267.0,6.92,5.92,10.4,0
2026-06-24 05:00:00+00:00,0.55,6.72,1023.964923353552,0.52,0.65,0.37,0.33,0.52,268.0,6.58,5.93,10.4,0
2026-06-24 05:30:00+00:00,0.55,6.83,1027.4034826253346,0.54,0.68,0.29,0.34,0.54,281.0,7.0,5.63,9.89,0
2026-06-24 06:00:00+00:00,0.52,6.63,1114.280813307906,0.51,0.64,0.28,0.32,0.51,289.0,7.31,5.5,11.58,0
2026-06-24 06:30:00+00:00,0.54,6.640000000000001,1181.641115312266,0.51,0.63,0.26,0.32,0.51,304.0,6.87,5.21,10.48,0
2026-06-24 07:00:00+00:00,0.5700000000000001,6.4,7640.527719209988,0.56,0.72,0.22,0.34,0.55,330.0,7.53,4.79,9.95,0
2026-06-24 07:30:00+00:00,0.5700000000000001,6.15,5278.3625944832565,0.55,0.6900000000000001,0.49,0.34,0.54,355.0,5.9,4.47,10.16,0
2026-06-24 08:00:00+00:00,0.59,6.12,1940.9721567738195,0.55,0.7000000000000001,0.53,0.33,0.54,368.0,6.46,4.3,10.76,0
2026-06-24 08:30:00+00:00,0.63,6.3500000000000005,44.18833753721088,0.6,0.77,0.4,0.38,0.6,334.0,7.43,4.75,10.93,0
2026-06-24 09:00:00+00:00,0.5700000000000001,6.28,367.759785180691,0.55,0.68,0.5,0.34,0.54,338.0,7.65,4.68,10.08,0
2026-06-24 09:30:00+00:00,0.62,6.26,3261.767942632034,0.5700000000000001,0.71,0.44,0.36,0.5700000000000001,348.0,5.92,4.54,9.76,0
2026-06-24 10:00:00+00:00,0.67,6.41,0.0,0.64,0.78,0.37,0.4,0.63,308.0,6.66,5.14,10.01,0
2026-06-24 10:30:00+00:00,0.63,6.43,0.0,0.6,0.73,0.29,0.39,0.61,295.0,7.390000000000001,5.38,10.15,0
2026-06-24 11:00:00+00:00,0.66,6.5600000000000005,0.0,0.64,0.79,0.55,0.41,0.64,282.0,6.45,5.6000000000000005,9.52,0
2026-06-24 11:30:00+00:00,0.6,6.5,0.0,0.5700000000000001,0.72,0.32,0.37,0.58,290.0,6.16,5.47,10.13,0
2026-06-24 12:00:00+00:00,0.61,6.5200000000000005,0.0,0.59,0.72,0.34,0.36,0.58,307.0,6.12,5.17,10.53,0
2026-06-24 12:30:00+00:00,0.5700000000000001,6.46,0.0,0.55,0.66,0.27,0.36,0.56,291.0,7.77,5.44,9.88,0
2026-06-24 13:00:00+00:00,0.6,6.390000000000001,1172.9537469226063,0.58,0.75,0.34,0.37,0.58,294.0,7.04,5.38,10.56,0
2026-06-24 13:30:00+00:00,0.5700000000000001,6.43,1678.661136272426,0.5700000000000001,0.7000000000000001,0.43,0.36,0.5700000000000001,290.0,5.84,5.46,10.23,0
2026-06-24 14:00:00+00:00,0.61,6.6000000000000005,1484.1920484382176,0.6,0.74,0.41,0.38,0.59,274.0,7.29,5.78,10.06,0
2026-06-24 14:30:00+00:00,0.56,6.51,896.7000883467787,0.56,0.71,0.39,0.36,0.5700000000000001,281.0,6.93,5.63,9.96,0
2026-06-24 15:00:00+00:00,0.51,6.44,382.3954593389881,0.5,0.61,0.29,0.33,0.51,279.0,6.5200000000000005,5.69,11.25,0
2026-06-24 15:30:00+00:00,0.52,6.7,2018.487335435348,0.52,0.65,0.36,0.33,0.52,265.0,7.56,5.99,10.76,0
2026-06-24 16:00:00+00:00,0.51,6.54,1539.2303963900342,0.49,0.6,0.38,0.32,0.5,275.0,6.25,5.75,10.56,0
2026-06-24 16:30:00+00:00,0.5,6.46,1228.8821528889307,0.49,0.6,0.29,0.31,0.49,276.0,7.15,5.74,9.52,0
2026-06-24 17:00:00+00:00,0.48,6.55,1072.169133759338,0.48,0.6,0.28,0.3,0.47,283.0,6.92,5.6000000000000005,10.55,0
2026-06-24 17:30:00+00:00,0.53,6.57,829.5371753455496,0.52,0.64,0.24,0.33,0.52,276.0,5.97,5.72,10.36,0
2026-06-24 18:00:00+00:00,0.5,6.58,814.6885024463987,0.49,0.59,0.35,0.31,0.49,277.0,7.67,5.72,10.48,0
2026-06-24 18:30:00+00:00,0.49,6.45,1019.1753076685698,0.48,0.58,0.24,0.32,0.49,277.0,6.8500000000000005,5.72,12.48,0
2026-06-24 19:00:00+00:00,0.52,6.3100000000000005,1225.5955116354476,0.5,0.62,0.24,0.33,0.51,290.0,6.21,5.48,11.34,0
2026-06-24 19:30:00+00:00,0.52,6.390000000000001,1066.686641314985,0.49,0.62,0.2,0.32,0.5,291.0,6.38,5.44,9.77,0
2026-06-24 20:00:00+00:00,0.54,6.45,1217.1828516300095,0.51,0.63,0.16,0.33,0.52,281.0,7.390000000000001,5.63,11.62,0
2026-06-24 20:30:00+00:00,0.52,6.28,1325.2739178715476,0.5,0.62,0.28,0.31,0.5,294.0,6.01,5.38,10.7,0
2026-06-24 21:00:00+00:00,0.53,6.43,1252.6202806224146,0.5,0.65,0.35,0.33,0.51,289.0,6.26,5.47,10.54,0
2026-06-24 21:30:00+00:00,0.49,6.47,1117.4700402833175,0.49,0.59,0.37,0.31,0.49,280.0,6.57,5.66,10.24,0
2026-06-24 22:00:00+00:00,0.49,6.48,1135.8312262417471,0.48,0.61,0.35,0.3,0.48,286.0,6.7700000000000005,5.5200000000000005,10.36,0
2026-06-24 22:30:00+00:00,0.49,6.45,1061.2228700942214,0.47,0.58,0.37,0.3,0.47,291.0,6.36,5.44,12.48,0
2026-06-24 23:00:00+00:00,0.52,6.46,1025.317734421885,0.51,0.63,0.37,0.34,0.53,280.0,6.37,5.67,10.75,0
2026-06-24 23:30:00+00:00,0.55,6.1000000000000005,882.8182552505488,0.53,0.66,0.52,0.35,0.54,309.0,6.28,5.14,10.26,0
2026-06-25 00:00:00+00:00,0.51,6.29,915.6266360480668,0.48,0.6,0.22,0.31,0.48,302.0,6.33,5.25,9.63,1
2026-06-25 00:30:00+00:00,0.49,6.15,948.4350168455848,0.47,0.59,0.36,0.3,0.48,301.0,6.7700000000000005,5.2700000000000005,10.66,0
2026-06-25 01:00:00+00:00,0.48,6.36,1173.8597955618586,0.47,0.59,0.21,0.3,0.48,286.0,7.76,5.54,9.33,0
2026-06-25 01:30:00+00:00,0.48,6.3,1151.7748927919436,0.45,0.5700000000000001,0.21,0.29,0.46,301.0,7.07,5.2700000000000005,10.65,0
2026-06-25 02:00:00+00:00,0.47,6.38,1117.8814907922842,0.45,0.58,0.28,0.29,0.46,295.0,6.26,5.38,10.66,0
2026-06-25 02:30:00+00:00,0.47,6.17,1083.3836444358217,0.44,0.54,0.31,0.28,0.44,315.0,7.23,5.04,10.85,0
2026-06-25 03:00:00+00:00,0.45,6.22,1089.055668473356,0.44,0.54,0.39,0.28,0.44,304.0,5.82,5.22,10.6,0
2026-06-25 03:30:00+00:00,0.44,6.46,1034.5455238761956,0.41,0.52,0.27,0.27,0.42,293.0,7.81,5.41,10.45,0
2026-06-25 04:00:00+00:00,0.42,6.140000000000001,1115.2193741817985,0.39,0.47,0.33,0.26,0.4,305.0,5.95,5.2,10.01,0
2026-06-25 04:30:00+00:00,0.42,6.38,1201.070817198599,0.41,0.5,0.3,0.26,0.41,295.0,6.08,5.36,11.47,0
2026-06-25 05:00:00+00:00,0.43,6.2700000000000005,1311.0599221448958,0.41,0.5,0.34,0.26,0.41,310.0,9.93,5.11,10.35,0
2026-06-25 05:30:00+00:00,0.43,6.22,5842.744728321036,0.42,0.53,0.31,0.26,0.42,317.0,6.76,5.0,10.25,0
2026-06-25 06:00:00+00:00,0.45,6.11,4931.938870797193,0.43,0.54,0.44,0.27,0.43,340.0,6.72,4.64,10.0,0
2026-06-25 06:30:00+00:00,0.45,5.93,3308.875728121279,0.43,0.54,0.25,0.28,0.44,342.0,7.12,4.62,10.52,0
2026-06-25 07:00:00+00:00,0.48,5.83,3741.5401139133473,0.45,0.59,0.29,0.27,0.44,390.0,6.09,4.05,9.83,0
2026-06-25 07:30:00+00:00,0.47,5.62,3458.388874116046,0.42,0.54,0.39,0.27,0.42,429.0,6.48,3.7,9.05,0
2026-06-25 08:00:00+00:00,0.5,5.23,4056.337132273052,0.46,0.5700000000000001,0.49,0.3,0.46,433.0,6.5600000000000005,3.66,9.07,0
2026-06-25 08:30:00+00:00,0.55,4.72,3634.3405501031857,0.49,0.62,0.5700000000000001,0.32,0.49,490.0,5.53,3.24,10.05,0
2026-06-25 09:00:00+00:00,0.55,5.0,3055.442563875247,0.49,0.6,0.5700000000000001,0.33,0.51,446.0,7.48,3.56,9.31,0
2026-06-25 09:30:00+00:00,0.54,5.09,3632.622196797348,0.49,0.58,0.44,0.33,0.51,420.0,6.9,3.76,9.17,0
2026-06-25 10:00:00+00:00,0.52,4.87,4114.816812678054,0.47,0.59,0.47,0.32,0.49,445.0,5.59,3.5700000000000003,8.96,0
2026-06-25 10:30:00+00:00,0.53,5.21,2844.6315985377173,0.49,0.61,0.54,0.32,0.5,405.0,8.01,3.91,9.46,0
2026-06-25 11:00:00+00:00,0.5,5.05,2513.7847552010758,0.45,0.56,0.37,0.3,0.47,438.0,6.43,3.62,9.12,0
2026-06-25 11:30:00+00:00,0.51,5.0600000000000005,2651.673745583889,0.46,0.58,0.47,0.3,0.47,458.0,6.79,3.46,9.81,0
2026-06-25 12:00:00+00:00,0.55,4.86,3227.8597523419635,0.5,0.62,0.45,0.33,0.52,462.0,5.8,3.43,9.02,0
2026-06-25 12:30:00+00:00,0.58,4.5,3921.1005797490448,0.52,0.65,0.44,0.34,0.54,482.0,3.0500000000000003,3.29,9.85,0
2026-06-25 13:00:00+00:00,0.58,4.75,2819.9236863287924,0.52,0.65,0.53,0.34,0.54,464.0,4.24,3.42,8.290000000000001,0
2026-06-25 13:30:00+00:00,0.5700000000000001,4.82,4240.860063381502,0.51,0.62,0.46,0.34,0.53,435.0,6.29,3.65,11.23,0
2026-06-25 14:00:00+00:00,0.64,4.78,3683.2437296248263,0.58,0.7000000000000001,0.31,0.39,0.6,425.0,3.87,3.73,8.89,0
2026-06-25 14:30:00+00:00,0.71,4.8500000000000005,1946.815370548449,0.66,0.8,0.63,0.44,0.68,394.0,5.49,4.0200000000000005,9.14,0
2026-06-25 15:00:00+00:00,0.76,4.79,2643.8682685537933,0.71,0.9,0.63,0.46,0.73,403.0,5.3100000000000005,3.94,10.38,0
2026-06-25 15:30:00+00:00,0.7000000000000001,4.7700000000000005,1328.4431767447104,0.65,0.8,0.5,0.43,0.67,398.0,7.71,3.98,8.31,0
2026-06-25 16:00:00+00:00,0.67,5.03,1316.981791403025,0.61,0.76,0.33,0.4,0.63,396.0,4.63,4.0,9.58,0
2026-06-25 16:30:00+00:00,0.68,5.07,1116.1148981785152,0.63,0.78,0.37,0.42,0.65,394.0,5.19,4.03,9.46,0
2026-06-25 17:00:00+00:00,0.72,5.08,1260.2073580666677,0.66,0.81,0.8,0.44,0.68,397.0,4.47,3.99,9.89,0
2026-06-25 17:30:00+00:00,0.7000000000000001,5.23,1168.7106990476336,0.64,0.8,0.71,0.43,0.66,401.0,4.76,3.96,8.75,0
2026-06-25 18:00:00+00:00,0.76,5.0200000000000005,1175.185515777205,0.7000000000000001,0.88,0.42,0.47,0.73,390.0,4.7,4.07,9.14,0
2026-06-25 18:30:00+00:00,0.72,5.16,1388.8984592283057,0.67,0.8200000000000001,0.46,0.43,0.67,412.0,4.57,3.86,10.44,0
2026-06-25 19:00:00+00:00,0.76,4.87,1248.1307014863803,0.6900000000000001,0.85,0.55,0.45,0.71,424.0,5.79,3.74,8.36,0
2026-06-25 19:30:00+00:00,0.79,5.0200000000000005,1030.1820106294408,0.73,0.9,0.67,0.47,0.74,418.0,4.72,3.8,10.39,0
2026-06-25 20:00:00+00:00,0.86,4.95,1251.8949315846469,0.81,1.02,0.81,0.52,0.8200000000000001,412.0,4.16,3.84,8.16,0
2026-06-25 20:30:00+00:00,0.85,5.05,1124.188880418715,0.79,0.98,0.52,0.52,0.81,414.0,4.21,3.82,9.07,0
2026-06-25 21:00:00+00:00,0.9,5.07,984.6324139375098,0.84,1.04,0.63,0.54,0.85,414.0,5.07,3.83,9.92,0
2026-06-25 21:30:00+00:00,0.9,4.97,1319.2963717128748,0.84,1.01,0.63,0.56,0.86,391.0,4.25,4.0600000000000005,9.97,0
2026-06-25 22:00:00+00:00,0.91,4.92,1213.2435675004665,0.84,1.04,0.47,0.54,0.85,420.0,5.4,3.77,8.17,0
2026-06-25 22:30:00+00:00,0.95,5.16,996.5036029078908,0.88,1.1,0.64,0.5700000000000001,0.89,411.0,4.6000000000000005,3.85,9.15,0
2026-06-25 23:00:00+00:00,0.96,5.45,1085.8945335251888,0.89,1.09,1.6,0.5700000000000001,0.89,398.0,10.3,3.99,10.3,0
2026-06-25 23:30:00+00:00,0.94,5.33,1008.103734597562,0.85,1.07,0.86,0.55,0.87,420.0,3.74,3.77,9.7,0
2026-06-26 00:00:00+00:00,0.89,4.98,1129.0747008336848,0.8200000000000001,1.05,0.86,0.54,0.85,426.0,3.4,3.73,9.0,0
2026-06-26 00:30:00+00:00,0.91,5.7700000000000005,969.5079021401544,0.8200000000000001,1.04,0.62,0.52,0.8300000000000001,421.0,5.84,3.77,10.57,0
2026-06-26 01:00:00+00:00,0.88,5.38,1082.0833723741096,0.8,1.02,0.93,0.53,0.8200000000000001,410.0,5.12,3.84,10.44,0
2026-06-26 01:30:00+00:00,0.96,5.54,960.187431013226,0.86,1.07,0.64,0.56,0.88,403.0,5.09,3.94,10.33,0
2026-06-26 02:00:00+00:00,0.97,5.33,885.44253003383,0.88,1.06,0.78,0.58,0.9,422.0,4.84,3.76,11.64,0
2026-06-26 02:30:00+00:00,1.05,5.79,817.6762227714371,0.96,1.16,0.99,0.64,0.99,384.0,4.58,4.13,11.29,0
2026-06-26 03:00:00+00:00,1.07,5.8500000000000005,852.6769810162994,0.99,1.24,1.36,0.64,1.01,384.0,8.08,4.13,10.52,0
2026-06-26 03:30:00+00:00,1.12,5.87,908.8414715975422,1.01,1.26,1.19,0.67,1.04,376.0,5.08,4.21,12.57,0
2026-06-26 04:00:00+00:00,1.17,6.1000000000000005,941.3459767706662,1.04,1.29,0.79,0.67,1.06,370.0,4.97,4.29,11.6,0
2026-06-26 04:30:00+00:00,1.15,5.84,997.0535060336116,1.06,1.29,0.87,0.6900000000000001,1.08,366.0,6.8100000000000005,4.33,10.96,0
2026-06-26 05:00:00+00:00,1.13,5.63,1071.162553199296,1.05,1.26,0.89,0.7000000000000001,1.08,360.0,5.0200000000000005,4.4,10.52,0
2026-06-26 05:30:00+00:00,1.13,6.03,1083.3701434145887,1.05,1.32,0.66,0.67,1.05,361.0,6.45,4.39,13.19,0
2026-06-26 06:00:00+00:00,1.09,5.53,1258.2172801533068,1.0,1.22,1.12,0.65,1.02,376.0,4.49,4.2,9.54,0
2026-06-26 06:30:00+00:00,1.11,6.08,4220.240825059622,1.03,1.3,0.6900000000000001,0.66,1.04,361.0,5.26,4.39,11.37,0
2026-06-26 07:00:00+00:00,1.1,5.69,7250.922407879065,1.01,1.26,1.08,0.67,1.04,367.0,4.5,4.32,10.82,0
2026-06-26 07:30:00+00:00,1.15,5.97,0.0,1.06,1.29,1.28,0.6900000000000001,1.08,358.0,4.8500000000000005,4.42,10.62,0
2026-06-26 08:00:00+00:00,1.16,5.79,0.0,1.07,1.31,1.18,0.6900000000000001,1.08,368.0,3.99,4.3100000000000005,10.09,0
2026-06-26 08:30:00+00:00,1.16,5.76,0.0,1.08,1.33,0.92,0.68,1.07,376.0,5.53,4.21,11.33,0
2026-06-26 09:00:00+00:00,1.19,5.91,0.0,1.09,1.37,0.84,0.7000000000000001,1.1,366.0,5.57,4.34,11.75,0
2026-06-26 09:30:00+00:00,1.15,5.88,3448.5274013709736,1.05,1.3,0.6,0.68,1.07,355.0,5.14,4.47,10.7,0
2026-06-26 10:00:00+00:00,1.17,6.15,6794.120036734834,1.07,1.34,0.74,0.68,1.08,357.0,5.91,4.43,10.27,0
2026-06-26 10:30:00+00:00,1.08,6.0,0.0,1.0,1.22,0.6900000000000001,0.64,1.01,356.0,5.5,4.45,11.09,0
2026-06-26 11:00:00+00:00,1.02,5.7700000000000005,0.0,0.94,1.15,0.56,0.62,0.97,361.0,5.13,4.37,11.16,0
2026-06-26 11:30:00+00:00,1.03,6.13,0.0,0.93,1.15,0.68,0.6,0.94,365.0,8.25,4.34,12.24,0
2026-06-26 12:00:00+00:00,1.03,6.22,0.0,0.96,1.17,0.73,0.6,0.95,354.0,4.97,4.46,11.44,0
2026-06-26 12:30:00+00:00,1.03,6.0,1438.3041787685715,0.97,1.23,0.88,0.61,0.97,357.0,4.55,4.43,10.96,0
2026-06-26 13:00:00+00:00,1.01,6.32,1260.6286840112916,0.94,1.16,0.8,0.61,0.96,336.0,5.58,4.72,11.82,0
2026-06-26 13:30:00+00:00,1.04,6.62,1134.6968068960523,0.97,1.22,1.2,0.64,1.0,297.0,7.48,5.34,11.92,0
2026-06-26 14:00:00+00:00,1.03,6.8,1177.5551725499731,0.98,1.22,0.61,0.64,1.0,289.0,9.48,5.49,10.84,0
2026-06-26 14:30:00+00:00,1.07,6.8,1118.7594667638332,1.03,1.28,0.8,0.64,1.02,291.0,5.44,5.44,11.64,0
2026-06-26 15:00:00+00:00,1.06,6.84,1367.4224065699996,0.98,1.24,1.02,0.63,0.99,294.0,5.8,5.38,11.33,0
2026-06-26 15:30:00+00:00,1.01,6.91,6650.246601142116,0.96,1.18,0.81,0.63,0.99,280.0,8.66,5.67,11.71,0
2026-06-26 16:00:00+00:00,1.03,7.07,6359.166422837536,0.98,1.17,0.54,0.62,0.98,280.0,5.96,5.66,12.2,0
2026-06-26 16:30:00+00:00,1.06,6.91,1188.0800952525765,0.97,1.18,0.7000000000000001,0.64,0.99,282.0,6.68,5.6000000000000005,10.99,0
2026-06-26 17:00:00+00:00,1.09,6.95,1094.4528246385769,1.02,1.23,0.94,0.66,1.04,282.0,8.06,5.61,11.59,0
2026-06-26 17:30:00+00:00,1.08,7.0,1413.664439574456,1.02,1.26,0.92,0.66,1.03,274.0,7.34,5.7700000000000005,12.71,0
2026-06-26 18:00:00+00:00,1.1,7.08,1412.788331547112,1.02,1.29,0.92,0.66,1.04,268.0,7.88,5.92,12.16,0
2026-06-26 18:30:00+00:00,1.11,7.01,1097.977708690879,1.03,1.33,0.5700000000000001,0.66,1.04,282.0,7.78,5.61,10.98,0
2026-06-26 19:00:00+00:00,1.17,6.9,1133.7960613107157,1.12,1.37,0.58,0.71,1.12,269.0,6.87,5.88,11.61,0
2026-06-26 19:30:00+00:00,1.27,7.08,1074.7055809073215,1.21,1.56,0.34,0.78,1.23,258.0,7.71,6.16,12.62,0
2026-06-26 20:00:00+00:00,1.29,7.12,1112.64039772542,1.25,1.57,1.0,0.76,1.23,268.0,7.77,5.91,12.94,0
2026-06-26 20:30:00+00:00,1.38,6.93,1089.8609309509034,1.34,1.72,0.61,0.8300000000000001,1.33,266.0,6.65,5.95,12.93,0
2026-06-26 21:00:00+00:00,1.31,6.94,980.3845905841454,1.22,1.49,0.68,0.78,1.23,262.0,7.78,6.04,10.92,0
2026-06-26 21:30:00+00:00,1.33,7.04,963.9659319957434,1.29,1.61,0.78,0.8,1.28,262.0,6.62,6.04,11.67,0
2026-06-26 22:00:00+00:00,1.39,6.91,908.6990117189528,1.35,1.66,1.1,0.84,1.34,267.0,7.76,5.94,10.11,0
2026-06-26 22:30:00+00:00,1.31,6.79,821.3537559026761,1.25,1.54,0.96,0.78,1.25,278.0,7.36,5.69,10.58,0
2026-06-26 23:00:00+00:00,1.39,6.92,1139.0328657564153,1.32,1.67,0.51,0.8300000000000001,1.33,268.0,6.74,5.92,11.85,0
2026-06-26 23:30:00+00:00,1.25,7.0,1032.3916308695948,1.2,1.47,0.52,0.8,1.24,257.0,6.8500000000000005,6.17,13.06,0
2026-06-27 00:00:00+00:00,1.34,7.0200000000000005,1046.5198177606562,1.25,1.51,0.71,0.81,1.27,265.0,8.19,5.96,10.8,0
2026-06-27 00:30:00+00:00,1.27,7.07,933.1478390051424,1.23,1.5,1.02,0.8200000000000001,1.27,251.0,6.38,6.32,12.09,0
2026-06-27 01:00:00+00:00,1.28,6.98,849.0334656451222,1.25,1.56,0.65,0.79,1.25,262.0,7.96,6.05,11.48,0
2026-06-27 01:30:00+00:00,1.26,6.91,834.3931174296275,1.19,1.49,0.49,0.76,1.2,271.0,6.69,5.8500000000000005,11.11,0
2026-06-27 02:00:00+00:00,1.27,7.01,830.2474543948526,1.21,1.46,0.9,0.76,1.21,268.0,7.18,5.9,10.91,0
2026-06-27 02:30:00+00:00,1.38,7.17,1029.2822689537932,1.31,1.62,0.55,0.85,1.33,253.0,6.95,6.24,10.91,0
2026-06-27 03:00:00+00:00,1.32,7.09,977.6434431151356,1.27,1.55,0.38,0.8200000000000001,1.29,252.0,7.99,6.29,11.09,0
2026-06-27 03:30:00+00:00,1.29,7.0200000000000005,975.3820181919872,1.26,1.56,0.84,0.79,1.25,257.0,6.42,6.15,11.29,0
2026-06-27 04:00:00+00:00,1.29,7.13,1001.9494796252798,1.26,1.54,0.87,0.84,1.3,251.0,7.75,6.32,10.8,0
2026-06-27 04:30:00+00:00,1.24,7.13,961.7188905009426,1.2,1.47,1.09,0.77,1.21,255.0,7.46,6.21,11.37,0
2026-06-27 05:00:00+00:00,1.32,7.18,874.228904933399,1.25,1.55,1.17,0.78,1.25,259.0,7.08,6.13,10.71,0
2026-06-27 05:30:00+00:00,1.14,6.890000000000001,960.6605436962514,1.08,1.37,0.78,0.72,1.12,261.0,7.63,6.0600000000000005,10.73,0
2026-06-27 06:00:00+00:00,1.28,7.23,1213.7610002951812,1.18,1.48,0.5700000000000001,0.76,1.2,263.0,6.7700000000000005,6.0200000000000005,10.31,0
2026-06-27 06:30:00+00:00,1.21,7.23,1298.8741966080904,1.14,1.38,0.6900000000000001,0.72,1.14,262.0,8.36,6.04,12.63,0
2026-06-27 07:00:00+00:00,1.26,7.25,1155.948275791919,1.2,1.54,1.02,0.77,1.21,253.0,7.04,6.26,10.96,0
2026-06-27 07:30:00+00:00,1.3,7.09,1406.4463677160966,1.24,1.52,0.63,0.8,1.25,255.0,6.95,6.21,11.94,0
2026-06-27 08:00:00+00:00,1.18,7.13,1319.0024041495892,1.14,1.37,0.75,0.73,1.15,258.0,7.5,6.16,11.11,0
2026-06-27 08:30:00+00:00,1.21,7.11,1357.9317372006517,1.16,1.42,0.62,0.73,1.16,263.0,6.37,6.03,10.9,0
2026-06-27 09:00:00+00:00,1.18,7.11,1360.9479314839566,1.12,1.37,0.6900000000000001,0.72,1.13,263.0,7.6,6.0200000000000005,11.22,0
2026-06-27 09:30:00+00:00,1.23,6.92,1269.1905552119626,1.21,1.47,0.41,0.79,1.23,258.0,7.390000000000001,6.15,12.46,0
2026-06-27 10:00:00+00:00,1.18,7.0200000000000005,1263.6758564697177,1.11,1.4,0.4,0.7000000000000001,1.12,275.0,7.7,5.75,11.2,0
2026-06-27 10:30:00+00:00,1.27,6.94,1209.6321096931683,1.19,1.44,0.95,0.77,1.21,277.0,8.700000000000001,5.72,11.34,0
2026-06-27 11:00:00+00:00,1.24,6.79,1259.3853309987342,1.2,1.46,0.91,0.77,1.21,281.0,7.38,5.64,11.47,0
2026-06-27 11:30:00+00:00,1.3,6.79,1392.6795196475216,1.24,1.51,1.09,0.76,1.23,291.0,7.19,5.45,10.99,0
2026-06-27 12:00:00+00:00,1.23,7.01,1324.5454212799273,1.17,1.46,0.88,0.74,1.18,289.0,8.38,5.48,10.8,0
2026-06-27 12:30:00+00:00,1.21,7.09,1350.2044365184124,1.18,1.47,0.58,0.73,1.17,279.0,6.36,5.69,10.65,0
2026-06-27 13:00:00+00:00,1.18,6.93,1376.70538152924,1.12,1.37,1.24,0.72,1.13,281.0,7.55,5.63,10.61,0
2026-06-27 13:30:00+00:00,1.21,7.08,1269.039602203986,1.18,1.53,0.77,0.76,1.21,263.0,7.94,6.04,11.43,0
2026-06-27 14:00:00+00:00,1.3,7.41,1289.2987399969836,1.24,1.54,0.74,0.76,1.22,261.0,8.07,6.07,11.45,0
2026-06-27 14:30:00+00:00,1.25,7.28,1266.3295686101908,1.18,1.5,0.81,0.77,1.21,257.0,7.23,6.16,12.31,0
2026-06-27 15:00:00+00:00,1.2,7.31,1257.4579417566597,1.17,1.39,0.49,0.74,1.17,252.0,7.72,6.2700000000000005,12.27,0
2026-06-27 15:30:00+00:00,1.2,7.51,1230.1795476062446,1.16,1.45,1.02,0.72,1.15,259.0,7.09,6.12,11.72,0
2026-06-27 16:00:00+00:00,1.14,7.29,1181.394511781205,1.11,1.38,0.56,0.71,1.12,257.0,6.54,6.15,10.9,0
2026-06-27 16:30:00+00:00,1.3,7.74,1398.1118108879737,1.22,1.54,0.51,0.79,1.24,242.0,7.79,6.5600000000000005,11.09,0
2026-06-27 17:00:00+00:00,1.09,7.12,1586.7687004205163,1.05,1.35,0.54,0.67,1.06,266.0,7.82,5.97,11.07,0
2026-06-27 17:30:00+00:00,1.16,7.58,1415.0186778026557,1.13,1.44,0.66,0.7000000000000001,1.12,251.0,8.48,6.3,11.19,0
2026-06-27 18:00:00+00:00,1.13,7.44,1275.4948856887538,1.08,1.31,0.64,0.6900000000000001,1.1,246.0,5.25,6.44,10.43,0
2026-06-27 18:30:00+00:00,1.18,7.33,1267.6345274423825,1.15,1.41,0.85,0.73,1.16,249.0,8.53,6.37,11.46,0
2026-06-27 19:00:00+00:00,1.25,7.36,1090.396433134982,1.2,1.54,0.97,0.76,1.21,246.0,6.71,6.45,10.85,0
2026-06-27 19:30:00+00:00,1.15,7.41,1147.138489103825,1.1,1.38,0.64,0.6900000000000001,1.1,254.0,7.41,6.23,11.33,0
2026-06-27 20:00:00+00:00,1.18,7.44,1327.4397620140735,1.15,1.49,0.8,0.7000000000000001,1.13,257.0,7.55,6.15,11.26,0
2026-06-27 20:30:00+00:00,1.1,7.36,1284.1434885265555,1.07,1.39,0.81,0.67,1.07,255.0,7.55,6.21,10.59,0
2026-06-27 21:00:00+00:00,1.26,7.67,1248.2447699437255,1.22,1.48,0.78,0.8,1.25,230.0,7.28,6.8500000000000005,10.56,0
2026-06-27 21:30:00+00:00,1.15,7.36,1044.175358479501,1.07,1.3,0.55,0.71,1.1,243.0,8.73,6.5,11.67,0
2026-06-27 22:00:00+00:00,1.22,7.4,896.571770477328,1.19,1.52,0.6900000000000001,0.73,1.17,252.0,7.74,6.28,11.04,0
2026-06-27 22:30:00+00:00,1.22,7.45,893.6670068302554,1.2,1.52,0.74,0.76,1.21,246.0,8.26,6.44,10.78,0
2026-06-27 23:00:00+00:00,1.17,7.44,929.263085988722,1.14,1.42,0.7000000000000001,0.72,1.14,249.0,7.84,6.3500000000000005,11.17,0
2026-06-27 23:30:00+00:00,1.13,7.5,1085.8907242591222,1.09,1.39,0.86,0.6900000000000001,1.1,242.0,7.03,6.5200000000000005,11.13,0
2026-06-28 00:00:00+00:00,1.15,7.42,1016.5540376011676,1.11,1.38,0.63,0.7000000000000001,1.12,243.0,7.79,6.53,11.46,0
2026-06-28 00:30:00+00:00,1.14,7.48,973.5436932165976,1.11,1.35,0.53,0.7000000000000001,1.11,244.0,7.1000000000000005,6.5,12.79,0
2026-06-28 01:00:00+00:00,1.12,7.51,944.5440852960498,1.07,1.31,0.78,0.6900000000000001,1.09,237.0,7.7,6.71,10.58,0
2026-06-28 01:30:00+00:00,1.07,7.3,1300.9124663264802,1.02,1.3,0.67,0.65,1.02,251.0,7.46,6.32,11.45,0
2026-06-28 02:00:00+00:00,1.09,7.57,1268.7929599432614,1.08,1.33,0.63,0.67,1.07,238.0,7.01,6.65,11.89,0
2026-06-28 02:30:00+00:00,1.08,7.54,1213.80433956541,1.0,1.19,0.47,0.67,1.04,233.0,7.56,6.78,11.0,0
2026-06-28 03:00:00+00:00,1.09,7.42,1181.4209756993032,1.02,1.27,0.45,0.65,1.03,253.0,7.51,6.28,11.48,0
2026-06-28 03:30:00+00:00,0.99,7.34,1183.3305088422414,0.95,1.2,0.42,0.6,0.95,254.0,7.84,6.23,11.47,0
2026-06-28 04:00:00+00:00,1.05,7.29,1226.7519708834802,1.04,1.28,0.36,0.67,1.06,241.0,7.6,6.5600000000000005,11.05,0
2026-06-28 04:30:00+00:00,1.0,7.1000000000000005,1247.3222111014256,0.98,1.22,0.46,0.63,0.99,257.0,6.9,6.15,11.07,0
2026-06-28 05:00:00+00:00,1.08,7.13,1089.68846740167,1.06,1.32,0.62,0.64,1.03,276.0,7.49,5.71,13.6,0
2026-06-28 05:30:00+00:00,1.08,6.8500000000000005,960.4856638519814,0.99,1.32,0.78,0.58,0.96,327.0,6.95,4.86,9.87,0
2026-06-28 06:00:00+00:00,1.14,7.0600000000000005,1174.996828470626,1.08,1.36,0.79,0.66,1.07,297.0,7.61,5.33,10.8,0
2026-06-28 06:30:00+00:00,1.0,6.54,1350.601230536192,0.95,1.2,0.79,0.59,0.94,323.0,7.12,4.9,10.09,0
2026-06-28 07:00:00+00:00,1.06,6.69,1408.8027653006563,1.0,1.23,0.8200000000000001,0.64,1.01,300.0,8.1,5.29,10.19,0
2026-06-28 07:30:00+00:00,0.98,6.67,1428.2250429967432,0.93,1.2,0.8,0.58,0.92,314.0,6.79,5.04,9.68,0
2026-06-28 08:00:00+00:00,1.01,6.7,1205.941211372026,0.95,1.2,0.77,0.5700000000000001,0.93,321.0,7.47,4.95,9.63,0
2026-06-28 08:30:00+00:00,1.0,6.72,1241.2666651531486,0.97,1.19,0.49,0.6,0.96,299.0,8.08,5.3,10.9,0
2026-06-28 09:00:00+00:00,1.01,6.7,1175.6265658159266,0.99,1.25,0.71,0.61,0.98,299.0,6.33,5.29,9.78,0
2026-06-28 09:30:00+00:00,1.05,6.7,1221.5308656847662,1.02,1.34,0.8,0.6,0.99,315.0,7.0600000000000005,5.03,12.26,0
2026-06-28 10:00:00+00:00,1.0,6.53,1143.1913057296986,0.97,1.22,0.85,0.6,0.96,321.0,7.16,4.95,10.54,0
2026-06-28 10:30:00+00:00,1.05,6.38,1089.3358647806338,0.95,1.18,0.8200000000000001,0.62,0.97,324.0,7.54,4.88,9.51,0
2026-06-28 11:00:00+00:00,1.08,6.2,1085.1968236084176,1.03,1.26,0.95,0.65,1.03,337.0,6.63,4.71,9.86,0
2026-06-28 11:30:00+00:00,1.09,6.11,1077.3128561689953,0.99,1.22,0.49,0.63,0.99,349.0,7.22,4.5200000000000005,9.56,0
2026-06-28 12:00:00+00:00,1.08,5.84,1192.6670955847635,0.99,1.25,0.8300000000000001,0.63,1.0,377.0,7.41,4.21,10.21,0
2026-06-28 12:30:00+00:00,1.04,5.6000000000000005,1161.2827227244022,0.96,1.18,0.8,0.62,0.97,370.0,7.59,4.29,9.44,0
2026-06-28 13:00:00+00:00,1.11,5.89,1224.9973501000577,1.06,1.31,1.3,0.6900000000000001,1.07,345.0,7.23,4.58,10.09,0
2026-06-28 13:30:00+00:00,1.23,5.8100000000000005,1389.2276338558768,1.12,1.39,0.93,0.71,1.12,366.0,7.04,4.34,9.62,0
2026-06-28 14:00:00+00:00,1.16,5.46,1267.4522881810242,1.08,1.33,0.88,0.7000000000000001,1.09,374.0,5.8100000000000005,4.24,9.67,0
2026-06-28 14:30:00+00:00,1.27,5.28,1408.6792802872724,1.17,1.41,1.28,0.76,1.18,388.0,5.4,4.09,9.24,0
2026-06-28 15:00:00+00:00,1.37,5.22,1429.3378280390743,1.27,1.61,0.85,0.81,1.28,389.0,4.74,4.07,8.47,0
2026-06-28 15:30:00+00:00,1.43,5.14,1466.493943455513,1.37,1.67,1.41,0.87,1.37,376.0,5.32,4.22,9.24,0
2026-06-28 16:00:00+00:00,1.52,5.07,1360.4873564480283,1.43,1.77,1.43,0.93,1.46,377.0,5.14,4.2,9.01,0
2026-06-28 16:30:00+00:00,1.6,5.18,1336.2299657439162,1.5,1.82,1.15,0.95,1.5,378.0,5.57,4.2,8.58,0
2026-06-28 17:00:00+00:00,1.64,5.1000000000000005,1384.3258480965171,1.55,1.93,0.71,0.97,1.55,378.0,6.5,4.19,8.950000000000001,0
2026-06-28 17:30:00+00:00,1.7,5.34,1236.76104337864,1.61,2.0,0.96,1.04,1.63,347.0,5.53,4.58,9.25,0
2026-06-28 18:00:00+00:00,1.62,5.2700000000000005,1337.1236520039247,1.51,1.85,1.12,0.96,1.52,373.0,4.59,4.26,8.61,0
2026-06-28 18:30:00+00:00,1.91,5.5,1131.39556564672,1.77,2.25,0.59,1.11,1.78,354.0,5.63,4.48,8.92,0
2026-06-28 19:00:00+00:00,1.94,5.5200000000000005,1244.3103376588606,1.83,2.3000000000000003,1.35,1.19,1.87,341.0,5.72,4.66,8.94,0
2026-06-28 19:30:00+00:00,1.82,5.5200000000000005,1244.4937230781975,1.71,2.12,0.77,1.09,1.71,347.0,5.47,4.57,9.77,0
2026-06-28 20:00:00+00:00,1.91,5.66,1263.4538518982877,1.84,2.3000000000000003,0.77,1.19,1.87,328.0,6.3100000000000005,4.83,9.15,0
2026-06-28 20:30:00+00:00,1.98,5.8100000000000005,1085.2941287818962,1.87,2.28,0.93,1.2,1.89,316.0,5.38,5.0200000000000005,9.76,0
2026-06-28 21:00:00+00:00,1.98,5.94,1062.9415916734788,1.87,2.33,1.25,1.18,1.87,323.0,6.5600000000000005,4.91,9.56,0
2026-06-28 21:30:00+00:00,1.9,6.1000000000000005,965.4688536024896,1.83,2.27,1.42,1.11,1.79,324.0,6.69,4.88,9.8,0
2026-06-28 22:00:00+00:00,1.82,6.18,831.4140797847622,1.71,2.13,1.31,1.07,1.7,316.0,6.08,5.0,10.16,0
2026-06-28 22:30:00+00:00,1.75,6.34,1072.7646720145217,1.67,2.03,1.8,1.05,1.66,313.0,6.71,5.0600000000000005,11.12,0
2026-06-28 23:00:00+00:00,1.76,6.58,1069.4674521066595,1.65,2.08,1.15,1.04,1.66,300.0,6.99,5.28,10.34,0
2026-06-28 23:30:00+00:00,1.89,7.2,1011.1194888882976,1.71,2.16,1.41,1.05,1.7,299.0,7.32,5.3100000000000005,10.87,0
2026-06-29 00:00:00+00:00,1.81,7.22,961.0291359699128,1.73,2.15,1.34,1.08,1.73,282.0,7.26,5.61,11.6,0
2026-06-29 00:30:00+00:00,2.08,7.52,938.2908569662546,1.96,2.51,1.88,1.24,1.97,269.0,8.77,5.89,12.23,0
2026-06-29 01:00:00+00:00,2.0,7.62,911.028540543698,1.94,2.43,1.19,1.23,1.96,253.0,6.640000000000001,6.25,12.5,0
2026-06-29 01:30:00+00:00,2.02,8.05,954.4665038539893,1.97,2.45,1.39,1.19,1.93,252.0,8.93,6.2700000000000005,13.25,0
2026-06-29 02:00:00+00:00,2.19,8.25,938.7022701234469,2.07,2.53,1.05,1.27,2.04,247.0,8.15,6.41,14.6,0
2026-06-29 02:30:00+00:00,2.08,8.05,923.7422729747514,1.97,2.56,1.47,1.28,2.02,241.0,8.370000000000001,6.57,14.18,0
2026-06-29 03:00:00+00:00,2.2,8.31,943.8915379505308,2.05,2.53,1.51,1.27,2.03,247.0,10.51,6.38,13.48,0
2026-06-29 03:30:00+00:00,2.21,8.370000000000001,913.6004610150236,2.11,2.57,2.17,1.36,2.15,234.0,8.03,6.75,12.75,0
2026-06-29 04:00:00+00:00,2.4,8.700000000000001,972.8564561481325,2.22,2.79,1.99,1.39,2.23,236.0,9.26,6.69,13.46,0
2026-06-29 04:30:00+00:00,2.41,8.64,1151.9257653369748,2.24,2.79,1.84,1.41,2.25,237.0,10.95,6.67,12.72,0
2026-06-29 05:00:00+00:00,2.38,8.76,1194.7504856875128,2.14,2.58,2.1,1.38,2.17,234.0,7.65,6.7700000000000005,13.8,0
2026-06-29 05:30:00+00:00,2.44,8.67,1166.823998165467,2.29,2.78,1.79,1.48,2.33,226.0,9.3,7.01,13.08,0
2026-06-29 06:00:00+00:00,2.35,9.35,1261.1877378475488,2.15,2.89,1.59,1.28,2.12,236.0,8.8,6.72,13.63,0
2026-06-29 06:30:00+00:00,2.4,9.2,1185.5105386973696,2.32,2.78,1.32,1.46,2.32,217.0,9.96,7.28,14.62,0
2026-06-29 07:00:00+00:00,2.59,9.39,1265.179407561173,2.43,3.0700000000000003,2.0,1.48,2.4,228.0,9.56,6.95,13.66,0
2026-06-29 07:30:00+00:00,2.4,9.32,1203.8010843000088,2.29,2.87,1.28,1.47,2.31,215.0,10.06,7.32,14.28,0
2026-06-29 08:00:00+00:00,2.24,9.31,1307.031515410274,2.13,2.75,2.22,1.31,2.11,226.0,9.89,6.99,14.21,0
2026-06-29 08:30:00+00:00,2.54,9.63,1114.9090246937865,2.39,3.0700000000000003,1.3,1.5,2.4,206.0,9.47,7.71,15.58,0
2026-06-29 09:00:00+00:00,2.41,9.56,1166.1233290738423,2.33,2.84,1.44,1.47,2.34,205.0,9.68,7.72,14.63,0
2026-06-29 09:30:00+00:00,2.41,9.61,1769.2452401063942,2.28,2.84,1.7,1.49,2.34,197.0,11.34,8.02,14.65,0
2026-06-29 10:00:00+00:00,2.35,9.6,1909.741587201001,2.23,2.87,1.38,1.32,2.18,224.0,10.29,7.0600000000000005,12.88,0
2026-06-29 10:30:00+00:00,2.33,9.52,1815.9960226470885,2.3000000000000003,2.86,1.38,1.37,2.24,215.0,10.43,7.33,13.94,0
2026-06-29 11:00:00+00:00,2.37,9.4,1638.1464596276232,2.28,2.93,2.5500000000000003,1.34,2.22,227.0,9.62,6.95,13.6,0
2026-06-29 11:30:00+00:00,2.22,9.53,1684.0384875632726,2.16,2.76,1.32,1.33,2.14,216.0,9.78,7.32,14.78,0
2026-06-29 12:00:00+00:00,2.18,9.19,1752.9057575588274,2.12,2.6,1.43,1.27,2.06,226.0,7.890000000000001,6.98,14.14,0
2026-06-29 12:30:00+00:00,2.29,9.22,1917.0050500571256,2.23,2.93,1.16,1.38,2.23,214.0,9.36,7.37,14.46,0
2026-06-29 13:00:00+00:00,2.11,9.23,1871.2616127818403,2.04,2.49,1.39,1.3,2.05,220.0,9.7,7.22,13.25,0
2026-06-29 13:30:00+00:00,2.23,9.16,1857.977532628076,2.1,2.58,1.39,1.29,2.08,235.0,10.73,6.73,13.14,0
2026-06-29 14:00:00+00:00,2.36,9.48,1705.8504720386868,2.24,2.79,1.66,1.43,2.27,208.0,10.61,7.58,14.88,0
2026-06-29 14:30:00+00:00,2.29,9.33,1713.846881440499,2.16,2.7,1.46,1.29,2.1,238.0,10.22,6.63,13.52,0
2026-06-29 15:00:00+00:00,2.22,9.3,1688.1545351115867,2.06,2.5500000000000003,1.6,1.25,2.01,251.0,10.98,6.3100000000000005,13.89,0
2026-06-29 15:30:00+00:00,2.26,9.33,1534.5117982140498,2.11,2.66,1.69,1.32,2.11,228.0,10.06,6.95,15.17,0
2026-06-29 16:00:00+00:00,2.18,9.36,1359.5642042867514,2.05,2.58,2.59,1.22,1.98,244.0,10.33,6.48,12.89,0
2026-06-29 16:30:00+00:00,1.97,8.950000000000001,1270.3081208058295,1.88,2.37,1.74,1.12,1.83,246.0,11.83,6.44,14.43,0
2026-06-29 17:00:00+00:00,2.14,9.51,1151.865518771502,1.97,2.46,1.74,1.24,1.98,230.0,10.85,6.890000000000001,13.64,0
2026-06-29 17:30:00+00:00,1.98,8.94,1319.9852780219835,1.85,2.32,1.7,1.13,1.82,251.0,9.3,6.3100000000000005,14.08,0
2026-06-29 18:00:00+00:00,2.22,9.22,1296.9786022445626,2.18,2.75,1.57,1.33,2.16,225.0,9.72,7.04,13.54,0
2026-06-29 18:30:00+00:00,2.02,8.97,1359.4151841835185,1.86,2.4,2.05,1.1,1.81,267.0,8.57,5.91,13.1,0
2026-06-29 19:00:00+00:00,2.25,9.33,1298.4427170695476,2.09,2.67,0.8,1.27,2.05,238.0,9.82,6.640000000000001,13.35,0
2026-06-29 19:30:00+00:00,2.11,9.16,1265.244655927772,1.9,2.44,2.07,1.15,1.87,256.0,10.45,6.17,13.31,0
2026-06-29 20:00:00+00:00,2.1,8.81,1215.8036850328206,1.96,2.48,0.93,1.2,1.94,252.0,11.68,6.28,12.68,0
2026-06-29 20:30:00+00:00,2.17,9.43,1156.7504612045302,2.02,2.6,1.69,1.2,1.97,254.0,11.32,6.22,14.43,0
2026-06-29 21:00:00+00:00,2.28,9.29,886.9903747918244,2.03,2.58,1.92,1.23,1.99,256.0,10.63,6.19,13.26,0
2026-06-29 21:30:00+00:00,2.52,9.6,1021.2213705188608,2.36,2.92,1.64,1.5,2.37,214.0,10.06,7.37,14.78,0
2026-06-29 22:00:00+00:00,2.33,9.27,1204.7438709121516,2.28,2.83,1.39,1.45,2.29,216.0,8.86,7.3,14.06,0
2026-06-29 22:30:00+00:00,2.34,9.22,1312.597104695218,2.3000000000000003,2.95,1.68,1.38,2.25,226.0,11.05,6.99,14.37,0
2026-06-29 23:00:00+00:00,2.42,8.81,1339.9543853019989,2.27,2.83,1.38,1.39,2.23,240.0,7.85,6.6000000000000005,12.89,0
2026-06-29 23:30:00+00:00,2.43,9.11,1214.4947958314624,2.32,2.77,2.09,1.44,2.3000000000000003,222.0,7.04,7.13,13.95,0
2026-06-30 00:00:00+00:00,2.36,9.12,1150.72225320844,2.26,2.88,1.85,1.39,2.24,232.0,10.38,6.84,14.31,0
2026-06-30 00:30:00+00:00,2.46,9.01,1101.4793142236708,2.36,2.81,2.6,1.51,2.37,227.0,11.16,6.97,15.51,0
2026-06-30 01:00:00+00:00,2.42,8.51,1017.2359511845362,2.32,2.75,1.71,1.47,2.33,244.0,6.8100000000000005,6.48,14.81,0
2026-06-30 01:30:00+00:00,2.31,8.700000000000001,961.9330488106848,2.11,2.72,1.91,1.3,2.1,262.0,9.48,6.01,13.67,0
2026-06-30 02:00:00+00:00,2.4,8.38,905.701047514538,2.28,2.94,1.8,1.43,2.28,258.0,11.03,6.13,12.14,0
2026-06-30 02:30:00+00:00,2.45,8.52,843.51504570121,2.26,2.79,1.87,1.43,2.27,253.0,9.44,6.22,13.28,0
2026-06-30 03:00:00+00:00,2.42,8.6,858.8735533135331,2.28,2.94,3.37,1.37,2.24,256.0,9.65,6.18,13.21,0
2026-06-30 03:30:00+00:00,2.35,8.53,865.1439077532386,2.21,2.79,2.56,1.35,2.19,257.0,8.620000000000001,6.18,14.19,0
2026-06-30 04:00:00+00:00,2.43,8.540000000000001,952.5084336267277,2.24,2.79,2.25,1.41,2.25,250.0,10.97,6.34,13.29,0
2026-06-30 04:30:00+00:00,2.36,8.47,1042.6389437971773,2.27,2.84,2.57,1.42,2.26,243.0,10.36,6.5,15.11,0
2026-06-30 05:00:00+00:00,2.35,8.41,1106.624663504491,2.19,2.76,1.74,1.37,2.18,255.0,7.98,6.22,13.17,0
2026-06-30 05:30:00+00:00,2.26,8.24,1110.7895823014323,2.18,2.66,1.42,1.35,2.16,249.0,9.09,6.33,12.71,0
2026-06-30 06:00:00+00:00,2.17,7.75,1016.6599788399006,2.07,2.53,1.84,1.3,2.06,271.0,8.13,5.83,14.05,0
2026-06-30 06:30:00+00:00,2.35,8.0,446.2960276736196,2.19,2.66,1.53,1.38,2.2,258.0,9.08,6.140000000000001,14.23,0
2026-06-30 07:00:00+00:00,2.39,7.82,0.0,2.24,2.69,1.2,1.41,2.24,264.0,8.8,6.01,12.75,0
2026-06-30 07:30:00+00:00,2.11,7.44,0.0,2.02,2.49,2.01,1.28,2.03,271.0,9.18,5.84,12.53,0
2026-06-30 08:00:00+00:00,2.19,7.56,0.0,2.07,2.5500000000000003,2.2,1.37,2.13,253.0,8.92,6.24,11.67,0
2026-06-30 08:30:00+00:00,1.99,7.74,0.0,1.84,2.29,1.56,1.17,1.86,273.0,8.96,5.8100000000000005,11.83,0
2026-06-30 09:00:00+00:00,2.11,7.59,0.0,1.94,2.48,1.65,1.22,1.95,275.0,8.8,5.76,11.15,0
2026-06-30 09:30:00+00:00,2.2,7.55,165.4063230627938,2.04,2.49,1.05,1.3,2.04,275.0,8.13,5.76,11.75,0
2026-06-30 10:00:00+00:00,2.06,7.36,1091.0022179076675,1.96,2.49,1.41,1.18,1.92,292.0,8.13,5.43,11.0,0
2026-06-30 10:30:00+00:00,2.15,7.27,5508.919635580013,2.01,2.48,2.57,1.29,2.04,291.0,8.4,5.43,11.4,0
2026-06-30 11:00:00+00:00,2.16,7.46,7775.409879807798,1.98,2.42,1.23,1.25,1.98,291.0,5.75,5.44,13.0,0
2026-06-30 11:30:00+00:00,2.05,7.1000000000000005,3212.975399036968,1.88,2.27,1.44,1.23,1.93,287.0,8.68,5.5200000000000005,11.3,0
2026-06-30 12:00:00+00:00,2.13,6.87,7119.143486596227,2.02,2.48,1.43,1.32,2.06,284.0,7.15,5.58,12.03,0
2026-06-30 12:30:00+00:00,2.13,6.83,6429.6347776189095,2.05,2.51,1.54,1.27,2.03,293.0,6.48,5.4,12.19,0
2026-06-30 13:00:00+00:00,2.15,6.82,6733.903493327516,1.99,2.47,1.81,1.25,1.98,315.0,7.1000000000000005,5.04,10.61,0
2026-06-30 13:30:00+00:00,2.29,6.7,6634.668277866583,2.15,2.72,1.87,1.37,2.16,297.0,7.29,5.34,12.6,0
2026-06-30 14:00:00+00:00,2.25,6.58,0.0,2.05,2.59,1.68,1.3,2.06,312.0,8.47,5.08,11.39,0
2026-06-30 14:30:00+00:00,2.22,6.42,0.0,2.04,2.57,1.54,1.31,2.06,313.0,5.3,5.07,11.96,0
2026-06-30 15:00:00+00:00,2.37,6.75,3289.411025384412,2.19,2.76,1.43,1.36,2.18,303.0,6.66,5.23,10.15,0
2026-06-30 15:30:00+00:00,2.26,6.5200000000000005,1188.3522669202985,2.1,2.59,2.57,1.34,2.12,310.0,7.07,5.11,10.03,0
2026-06-30 16:00:00+00:00,2.26,6.63,1162.628466843841,2.16,2.67,2.47,1.38,2.19,291.0,7.23,5.45,11.06,0
2026-06-30 16:30:00+00:00,2.27,6.96,1207.3410473370643,2.14,2.66,1.76,1.32,2.12,300.0,7.16,5.29,10.61,0
2026-06-30 17:00:00+00:00,2.36,6.890000000000001,1100.31428948488,2.24,2.89,1.13,1.41,2.25,284.0,6.79,5.57,11.39,0
2026-06-30 17:30:00+00:00,2.43,6.68,1103.6344925445487,2.29,2.85,1.32,1.42,2.28,296.0,6.38,5.3500000000000005,11.46,0
2026-06-30 18:00:00+00:00,2.31,6.63,1059.2490617708422,2.24,2.76,1.86,1.46,2.28,283.0,8.22,5.61,11.15,0
2026-06-30 18:30:00+00:00,2.37,6.54,1134.647999053171,2.22,2.76,1.94,1.47,2.28,287.0,7.930000000000001,5.54,11.09,0
2026-06-30 19:00:00+00:00,2.4,6.67,1260.029560704328,2.25,2.83,1.54,1.44,2.28,293.0,6.57,5.4,10.21,0
2026-06-30 19:30:00+00:00,2.44,6.5,1307.966616951133,2.25,2.89,1.03,1.46,2.29,297.0,6.07,5.32,9.86,0
2026-06-30 20:00:00+00:00,2.5500000000000003,6.53,1163.6982607877114,2.38,2.98,1.04,1.49,2.37,300.0,6.93,5.28,10.09,0
2026-06-30 20:30:00+00:00,2.67,6.69,973.764546206534,2.52,3.09,1.37,1.63,2.56,280.0,5.61,5.67,10.94,0
2026-06-30 21:00:00+00:00,2.61,6.8,925.0893973553348,2.4,3.0,1.89,1.56,2.44,286.0,7.59,5.54,11.61,0
2026-06-30 21:30:00+00:00,2.53,6.82,921.1613677676706,2.4,3.01,1.15,1.5,2.4,287.0,6.8500000000000005,5.54,12.67,0
2026-06-30 22:00:00+00:00,2.5,6.9,1015.431620789166,2.38,2.93,2.23,1.51,2.39,277.0,6.65,5.71,9.59,0
2026-06-30 22:30:00+00:00,2.57,7.03,980.3894813996028,2.47,3.13,1.47,1.56,2.48,272.0,6.13,5.82,11.02,0
2026-06-30 23:00:00+00:00,2.529166666666667,7.025,1001.5075436669422,2.4295833333333334,3.04375,1.0821621621621622,1.5479166666666668,2.45125,272.0,6.5625,5.827661290322581,11.766347980997622,1
2026-06-30 23:30:00+00:00,2.39,6.99,846.56293457864,2.28,2.72,0.91,1.49,2.33,272.0,7.91,5.83,12.1,0
