time,waverider1.Hs__m,waverider1.Te__s,wec_power__W,waverider1.H1/3__m,waverider1.H1/10__m,waverider1.HTmax__m,waverider1.Havg__m,waverider1.Hsms__m,waverider1.NumberOfWaves,waverider1.THmax__s,waverider1.Tavg__s,waverider1.Tmax__s
2026-01-01 00:00:00+00:00,,,83019.17278798245,,,,,,,,,
2026-01-01 00:30:00+00:00,,,80116.60155512774,,,,,,,,,
2026-01-01 01:00:00+00:00,,,77450.67993592803,,,,,,,,,
2026-01-01 01:30:00+00:00,,,78483.82131354159,,,,,,,,,
2026-01-01 02:00:00+00:00,,,79461.13690415453,,,,,,,,,
2026-01-01 02:30:00+00:00,,,78340.24576333186,,,,,,,,,
2026-01-01 03:00:00+00:00,,,76334.58073903265,,,,,,,,,
2026-01-01 03:30:00+00:00,,,81592.71837321974,,,,,,,,,
2026-01-01 04:00:00+00:00,,,77950.94116019194,,,,,,,,,
2026-01-01 04:30:00+00:00,,,78060.99442107344,,,,,,,,,
2026-01-01 05:00:00+00:00,,,79686.35543726804,,,,,,,,,
2026-01-01 05:30:00+00:00,,,75910.2112698944,,,,,,,,,
2026-01-01 06:00:00+00:00,,,79119.38307851869,,,,,,,,,
2026-01-01 06:30:00+00:00,,,80816.89350105589,,,,,,,,,
2026-01-01 07:00:00+00:00,,,83685.49454964658,,,,,,,,,
2026-01-01 07:30:00+00:00,,,81370.67454648044,,,,,,,,,
2026-01-01 08:00:00+00:00,,,80282.7785285922,,,,,,,,,
2026-01-01 08:30:00+00:00,,,80255.80163941998,,,,,,,,,
2026-01-01 09:00:00+00:00,,,78050.22069131045,,,,,,,,,
2026-01-01 09:30:00+00:00,,,80452.42419902082,,,,,,,,,
2026-01-01 10:00:00+00:00,,,79990.08386615576,,,,,,,,,
2026-01-01 10:30:00+00:00,,,78741.19544282381,,,,,,,,,
2026-01-01 11:00:00+00:00,,,82798.36579099053,,,,,,,,,
2026-01-01 11:30:00+00:00,,,84526.79991504009,,,,,,,,,
2026-01-01 12:00:00+00:00,,,81640.84447261637,,,,,,,,,
2026-01-01 12:30:00+00:00,,,85563.072465688,,,,,,,,,
2026-01-01 13:00:00+00:00,,,83771.61793737246,,,,,,,,,
2026-01-01 13:30:00+00:00,,,89094.63017216763,,,,,,,,,
2026-01-01 14:00:00+00:00,,,85821.45706995841,,,,,,,,,
2026-01-01 14:30:00+00:00,,,87743.16166999441,,,,,,,,,
2026-01-01 15:00:00+00:00,,,87003.60642745216,,,,,,,,,
2026-01-01 15:30:00+00:00,,,84479.98255849576,,,,,,,,,
2026-01-01 16:00:00+00:00,,,82056.92780383091,,,,,,,,,
2026-01-01 16:30:00+00:00,,,82330.54522314137,,,,,,,,,
2026-01-01 17:00:00+00:00,,,84029.71322648464,,,,,,,,,
2026-01-01 17:30:00+00:00,,,79919.32353083084,,,,,,,,,
2026-01-01 18:00:00+00:00,,,81413.94163255942,,,,,,,,,
2026-01-01 18:30:00+00:00,,,81652.45133970326,,,,,,,,,
2026-01-01 19:00:00+00:00,,,81001.84891960249,,,,,,,,,
2026-01-01 19:30:00+00:00,,,81038.36870951546,,,,,,,,,
2026-01-01 20:00:00+00:00,,,80600.10145706384,,,,,,,,,
2026-01-01 20:30:00+00:00,,,85084.46353151108,,,,,,,,,
2026-01-01 21:00:00+00:00,,,79778.22613133832,,,,,,,,,
2026-01-01 21:30:00+00:00,,,78569.44495973071,,,,,,,,,
2026-01-01 22:00:00+00:00,,,80238.09748498292,,,,,,,,,
2026-01-01 22:30:00+00:00,,,77528.03334204329,,,,,,,,,
2026-01-01 23:00:00+00:00,,,76353.03383331139,,,,,,,,,
2026-01-01 23:30:00+00:00,,,75872.70952829647,,,,,,,,,
2026-01-02 00:00:00+00:00,,,77216.97389373727,,,,,,,,,
2026-01-02 00:30:00+00:00,,,77945.10497882933,,,,,,,,,
2026-01-02 01:00:00+00:00,,,77098.35863321173,,,,,,,,,
2026-01-02 01:30:00+00:00,,,77660.20520803588,,,,,,,,,
2026-01-02 02:00:00+00:00,,,76153.83413305173,,,,,,,,,
2026-01-02 02:30:00+00:00,,,74814.38948836701,,,,,,,,,
2026-01-02 03:00:00+00:00,,,75408.88942972328,,,,,,,,,
2026-01-02 03:30:00+00:00,,,75270.49955081956,,,,,,,,,
2026-01-02 04:00:00+00:00,,,74953.58419698013,,,,,,,,,
2026-01-02 04:30:00+00:00,,,75511.61218792952,,,,,,,,,
2026-01-02 05:00:00+00:00,,,74704.77268507796,,,,,,,,,
2026-01-02 05:30:00+00:00,,,76478.13813680592,,,,,,,,,
2026-01-02 06:00:00+00:00,,,75221.52196588927,,,,,,,,,
2026-01-02 06:30:00+00:00,,,76206.91242140447,,,,,,,,,
2026-01-02 07:00:00+00:00,,,77020.24858946401,,,,,,,,,
2026-01-02 07:30:00+00:00,,,77357.88137191857,,,,,,,,,
2026-01-02 08:00:00+00:00,,,79344.21785502665,,,,,,,,,
2026-01-02 08:30:00+00:00,,,79085.75051279634,,,,,,,,,
2026-01-02 09:00:00+00:00,,,78510.04426294939,,,,,,,,,
2026-01-02 09:30:00+00:00,,,78376.82875774635,,,,,,,,,
2026-01-02 10:00:00+00:00,,,83853.98413284002,,,,,,,,,
2026-01-02 10:30:00+00:00,,,83741.750566094,,,,,,,,,
2026-01-02 11:00:00+00:00,,,82796.84715562407,,,,,,,,,
2026-01-02 11:30:00+00:00,,,81195.62019955594,,,,,,,,,
2026-01-02 12:00:00+00:00,,,79528.01738237354,,,,,,,,,
2026-01-02 12:30:00+00:00,,,79103.38138559391,,,,,,,,,
2026-01-02 13:00:00+00:00,,,83046.27922432369,,,,,,,,,
2026-01-02 13:30:00+00:00,,,80629.94524160068,,,,,,,,,
2026-01-02 14:00:00+00:00,,,82660.1756644983,,,,,,,,,
2026-01-02 14:30:00+00:00,,,79005.81312025437,,,,,,,,,
2026-01-02 15:00:00+00:00,,,83855.59204430255,,,,,,,,,
2026-01-02 15:30:00+00:00,,,82584.3341628466,,,,,,,,,
2026-01-02 16:00:00+00:00,,,78660.33219304174,,,,,,,,,
2026-01-02 16:30:00+00:00,,,81545.87823528545,,,,,,,,,
2026-01-02 17:00:00+00:00,,,80735.16701573669,,,,,,,,,
2026-01-02 17:30:00+00:00,,,84673.30152386287,,,,,,,,,
2026-01-02 18:00:00+00:00,,,79194.1298164596,,,,,,,,,
2026-01-02 18:30:00+00:00,,,81274.93437070328,,,,,,,,,
2026-01-02 19:00:00+00:00,,,81133.6731769058,,,,,,,,,
2026-01-02 19:30:00+00:00,,,80373.1644666131,,,,,,,,,
2026-01-02 20:00:00+00:00,,,76932.33273799604,,,,,,,,,
2026-01-02 20:30:00+00:00,,,78289.33668372536,,,,,,,,,
2026-01-02 21:00:00+00:00,,,76777.37710173165,,,,,,,,,
2026-01-02 21:30:00+00:00,,,78091.04553012493,,,,,,,,,
2026-01-02 22:00:00+00:00,,,79580.73189065645,,,,,,,,,
2026-01-02 22:30:00+00:00,,,75368.2000921541,,,,,,,,,
2026-01-02 23:00:00+00:00,,,73579.80646425195,,,,,,,,,
2026-01-02 23:30:00+00:00,,,75919.06302716001,,,,,,,,,
2026-01-03 00:00:00+00:00,,,77178.31019364191,,,,,,,,,
2026-01-03 00:30:00+00:00,,,74716.45175333548,,,,,,,,,
2026-01-03 01:00:00+00:00,,,77315.60520898299,,,,,,,,,
2026-01-03 01:30:00+00:00,,,78217.00830803192,,,,,,,,,
2026-01-03 02:00:00+00:00,,,75043.5983690897,,,,,,,,,
2026-01-03 02:30:00+00:00,,,76376.5593566242,,,,,,,,,
2026-01-03 03:00:00+00:00,,,79890.6409822247,,,,,,,,,
2026-01-03 03:30:00+00:00,,,78781.52430261839,,,,,,,,,
2026-01-03 04:00:00+00:00,,,78156.78842825037,,,,,,,,,
2026-01-03 04:30:00+00:00,,,78636.6927114572,,,,,,,,,
2026-01-03 05:00:00+00:00,,,82587.81422511829,,,,,,,,,
2026-01-03 05:30:00+00:00,,,81389.90224384329,,,,,,,,,
2026-01-03 06:00:00+00:00,,,77847.08023648303,,,,,,,,,
2026-01-03 06:30:00+00:00,,,75295.89576692344,,,,,,,,,
2026-01-03 07:00:00+00:00,,,77165.33470480265,,,,,,,,,
2026-01-03 07:30:00+00:00,,,74896.77924719904,,,,,,,,,
2026-01-03 08:00:00+00:00,,,77494.1210635663,,,,,,,,,
2026-01-03 08:30:00+00:00,,,82608.03151326043,,,,,,,,,
2026-01-03 09:00:00+00:00,,,79701.59226570882,,,,,,,,,
2026-01-03 09:30:00+00:00,,,78163.23872043019,,,,,,,,,
2026-01-03 10:00:00+00:00,,,77991.99406476467,,,,,,,,,
2026-01-03 10:30:00+00:00,,,77288.32419778703,,,,,,,,,
2026-01-03 11:00:00+00:00,,,78704.92513411521,,,,,,,,,
2026-01-03 11:30:00+00:00,,,80156.9483881505,,,,,,,,,
2026-01-03 12:00:00+00:00,,,77300.95494952392,,,,,,,,,
2026-01-03 12:30:00+00:00,,,82489.07298833942,,,,,,,,,
2026-01-03 13:00:00+00:00,,,80796.03195762353,,,,,,,,,
2026-01-03 13:30:00+00:00,,,80650.2629693484,,,,,,,,,
2026-01-03 14:00:00+00:00,,,81086.11889958792,,,,,,,,,
2026-01-03 14:30:00+00:00,,,78946.82209100148,,,,,,,,,
2026-01-03 15:00:00+00:00,,,79276.8351843994,,,,,,,,,
2026-01-03 15:30:00+00:00,,,78893.54200968896,,,,,,,,,
2026-01-03 16:00:00+00:00,,,79759.76589525644,,,,,,,,,
2026-01-03 16:30:00+00:00,,,80894.31432557492,,,,,,,,,
2026-01-03 17:00:00+00:00,,,80875.48842664482,,,,,,,,,
2026-01-03 17:30:00+00:00,,,81753.12089497196,,,,,,,,,
2026-01-03 18:00:00+00:00,,,79595.79702576766,,,,,,,,,
2026-01-03 18:30:00+00:00,,,79438.94575210147,,,,,,,,,
2026-01-03 19:00:00+00:00,,,80253.11153150353,,,,,,,,,
2026-01-03 19:30:00+00:00,,,79238.96569143892,,,,,,,,,
2026-01-03 20:00:00+00:00,,,79967.66552574407,,,,,,,,,
2026-01-03 20:30:00+00:00,,,76856.76791960395,,,,,,,,,
2026-01-03 21:00:00+00:00,,,80460.38183925123,,,,,,,,,
2026-01-03 21:30:00+00:00,,,77987.77926187254,,,,,,,,,
2026-01-03 22:00:00+00:00,,,79382.31780876429,,,,,,,,,
2026-01-03 22:30:00+00:00,,,84821.9402150143,,,,,,,,,
2026-01-03 23:00:00+00:00,,,80718.20844348297,,,,,,,,,
2026-01-03 23:30:00+00:00,,,77994.60921700213,,,,,,,,,
2026-01-04 00:00:00+00:00,,,81785.05879514676,,,,,,,,,
2026-01-04 00:30:00+00:00,,,85098.19160361866,,,,,,,,,
2026-01-04 01:00:00+00:00,,,83765.19515740326,,,,,,,,,
2026-01-04 01:30:00+00:00,,,82197.89832876355,,,,,,,,,
2026-01-04 02:00:00+00:00,,,86139.97777505504,,,,,,,,,
2026-01-04 02:30:00+00:00,,,84058.90503675518,,,,,,,,,
2026-01-04 03:00:00+00:00,,,82381.22260679414,,,,,,,,,
2026-01-04 03:30:00+00:00,,,80486.64898288819,,,,,,,,,
2026-01-04 04:00:00+00:00,,,80878.37881767622,,,,,,,,,
2026-01-04 04:30:00+00:00,,,80204.77256394325,,,,,,,,,
2026-01-04 05:00:00+00:00,,,80648.79304619113,,,,,,,,,
2026-01-04 05:30:00+00:00,,,82840.77090709793,,,,,,,,,
2026-01-04 06:00:00+00:00,,,77425.54294034414,,,,,,,,,
2026-01-04 06:30:00+00:00,,,77840.66037643963,,,,,,,,,
2026-01-04 07:00:00+00:00,,,81358.22008976415,,,,,,,,,
2026-01-04 07:30:00+00:00,,,78067.58711084785,,,,,,,,,
2026-01-04 08:00:00+00:00,,,81988.25215163601,,,,,,,,,
2026-01-04 08:30:00+00:00,,,84028.559495368,,,,,,,,,
2026-01-04 09:00:00+00:00,,,82170.2445914347,,,,,,,,,
2026-01-04 09:30:00+00:00,,,89192.25402169419,,,,,,,,,
2026-01-04 10:00:00+00:00,,,86715.20397980274,,,,,,,,,
2026-01-04 10:30:00+00:00,,,83247.2868997457,,,,,,,,,
2026-01-04 11:00:00+00:00,,,81993.3790409308,,,,,,,,,
2026-01-04 11:30:00+00:00,,,80363.89011555696,,,,,,,,,
2026-01-04 12:00:00+00:00,,,81392.76177074126,,,,,,,,,
2026-01-04 12:30:00+00:00,,,78943.38677905487,,,,,,,,,
2026-01-04 13:00:00+00:00,,,79815.26058714665,,,,,,,,,
2026-01-04 13:30:00+00:00,,,82652.86819628622,,,,,,,,,
2026-01-04 14:00:00+00:00,,,81777.78397046537,,,,,,,,,
2026-01-04 14:30:00+00:00,,,77089.33484097966,,,,,,,,,
2026-01-04 15:00:00+00:00,,,78693.1521388033,,,,,,,,,
2026-01-04 15:30:00+00:00,,,77164.97681964494,,,,,,,,,
2026-01-04 16:00:00+00:00,,,77383.23914008436,,,,,,,,,
2026-01-04 16:30:00+00:00,,,79745.45330275089,,,,,,,,,
2026-01-04 17:00:00+00:00,,,74554.42393134625,,,,,,,,,
2026-01-04 17:30:00+00:00,,,75348.93474286373,,,,,,,,,
2026-01-04 18:00:00+00:00,,,73263.07621358767,,,,,,,,,
2026-01-04 18:30:00+00:00,,,74178.94719867375,,,,,,,,,
2026-01-04 19:00:00+00:00,,,74189.41198705377,,,,,,,,,
2026-01-04 19:30:00+00:00,,,77589.91201973472,,,,,,,,,
2026-01-04 20:00:00+00:00,,,79946.08650203666,,,,,,,,,
2026-01-04 20:30:00+00:00,,,80100.57958865837,,,,,,,,,
2026-01-04 21:00:00+00:00,,,83812.48118334841,,,,,,,,,
2026-01-04 21:30:00+00:00,,,81292.96918933603,,,,,,,,,
2026-01-04 22:00:00+00:00,,,79221.02166114203,,,,,,,,,
2026-01-04 22:30:00+00:00,,,81974.4469526768,,,,,,,,,
2026-01-04 23:00:00+00:00,,,82814.44374658493,,,,,,,,,
2026-01-04 23:30:00+00:00,,,81776.87673297366,,,,,,,,,
2026-01-05 00:00:00+00:00,,,84104.79802440603,,,,,,,,,
2026-01-05 00:30:00+00:00,,,82002.91480065526,,,,,,,,,
2026-01-05 01:00:00+00:00,,,79033.6715760196,,,,,,,,,
2026-01-05 01:30:00+00:00,,,80269.36431076936,,,,,,,,,
2026-01-05 02:00:00+00:00,,,77750.79873599831,,,,,,,,,
2026-01-05 02:30:00+00:00,,,76369.64334919008,,,,,,,,,
2026-01-05 03:00:00+00:00,,,78434.3295070649,,,,,,,,,
2026-01-05 03:30:00+00:00,,,76657.72726240121,,,,,,,,,
2026-01-05 04:00:00+00:00,,,67729.8460270832,,,,,,,,,
2026-01-05 04:30:00+00:00,,,66970.92931281864,,,,,,,,,
2026-01-05 05:00:00+00:00,,,75561.4243618455,,,,,,,,,
2026-01-05 05:30:00+00:00,,,75426.3926892247,,,,,,,,,
2026-01-05 06:00:00+00:00,,,66763.38133052758,,,,,,,,,
2026-01-05 06:30:00+00:00,,,72132.45744354172,,,,,,,,,
2026-01-05 07:00:00+00:00,,,78487.50460626764,,,,,,,,,
2026-01-05 07:30:00+00:00,,,79007.33255291474,,,,,,,,,
2026-01-05 08:00:00+00:00,,,73712.45385280564,,,,,,,,,
2026-01-05 08:30:00+00:00,,,63297.18207029908,,,,,,,,,
2026-01-05 09:00:00+00:00,,,59263.362041225366,,,,,,,,,
2026-01-05 09:30:00+00:00,,,60930.802425026275,,,,,,,,,
2026-01-05 10:00:00+00:00,1.32,7.66,71916.73786328953,1.25,1.55,0.71,0.78,1.24,274.0,6.49,5.78,13.7
2026-01-05 10:30:00+00:00,1.33,8.03,79202.43060555543,1.24,1.58,0.64,0.78,1.24,260.0,7.71,6.09,11.95
2026-01-05 11:00:00+00:00,1.24,7.640000000000001,79251.81848750194,1.18,1.43,0.75,0.74,1.18,269.0,6.58,5.9,14.79
2026-01-05 11:30:00+00:00,1.33,7.56,82417.2153881156,1.28,1.67,1.08,0.8,1.28,270.0,8.49,5.87,14.77
2026-01-05 12:00:00+00:00,1.27,7.55,79678.06689776681,1.21,1.51,0.66,0.77,1.23,260.0,6.7700000000000005,6.08,13.68
2026-01-05 12:30:00+00:00,1.24,7.67,79930.7518554904,1.17,1.4,0.95,0.76,1.18,265.0,6.92,5.98,12.56
2026-01-05 13:00:00+00:00,1.28,7.45,81911.62071566115,1.19,1.43,0.6,0.77,1.2,276.0,7.94,5.73,12.91
2026-01-05 13:30:00+00:00,1.29,7.390000000000001,81490.52853902151,1.21,1.49,0.97,0.77,1.21,293.0,6.84,5.4,12.99
2026-01-05 14:00:00+00:00,1.31,7.36,82278.44441413665,1.22,1.46,0.91,0.8,1.25,285.0,7.08,5.54,13.29
2026-01-05 14:30:00+00:00,1.28,7.3,82738.68689468806,1.19,1.47,1.21,0.75,1.19,307.0,6.58,5.17,13.68
2026-01-05 15:00:00+00:00,1.25,7.33,78012.51244298372,1.17,1.46,1.57,0.71,1.15,316.0,8.39,5.01,12.0
2026-01-05 15:30:00+00:00,1.36,7.2,77988.12863177368,1.25,1.54,1.18,0.78,1.24,314.0,10.92,5.0600000000000005,14.35
2026-01-05 16:00:00+00:00,1.39,7.0,81331.85626072205,1.24,1.52,1.81,0.77,1.23,336.0,12.7,4.71,12.7
2026-01-05 16:30:00+00:00,1.34,6.95,83631.59924513896,1.23,1.52,1.23,0.79,1.25,330.0,8.17,4.8100000000000005,11.95
2026-01-05 17:00:00+00:00,1.37,6.73,82719.75301725398,1.22,1.5,1.07,0.79,1.24,337.0,6.51,4.71,13.7
2026-01-05 17:30:00+00:00,1.37,6.17,86569.2108125597,1.25,1.54,1.62,0.79,1.25,372.0,5.8,4.25,11.39
2026-01-05 18:00:00+00:00,1.29,6.11,81168.29966789355,1.19,1.48,1.23,0.75,1.19,383.0,6.37,4.13,10.69
2026-01-05 18:30:00+00:00,1.35,6.2,83173.82813457488,1.22,1.53,0.99,0.77,1.22,377.0,8.1,4.2,12.55
2026-01-05 19:00:00+00:00,1.3,6.09,79166.57678132987,1.19,1.5,0.72,0.74,1.19,379.0,5.26,4.19,10.55
2026-01-05 19:30:00+00:00,1.24,5.84,74953.27555546896,1.12,1.36,1.18,0.72,1.13,391.0,6.390000000000001,4.0600000000000005,9.87
2026-01-05 20:00:00+00:00,1.34,5.93,76135.74332220513,1.19,1.45,1.19,0.79,1.23,376.0,7.44,4.22,12.01
2026-01-05 20:30:00+00:00,1.3,5.99,78527.00315564658,1.18,1.49,0.91,0.75,1.19,377.0,4.78,4.2,10.27
2026-01-05 21:00:00+00:00,1.42,6.04,77886.37061861917,1.3,1.6,1.11,0.85,1.34,347.0,9.67,4.57,12.72
2026-01-05 21:30:00+00:00,1.52,6.16,76603.59289396634,1.42,1.73,1.51,0.89,1.42,343.0,5.3500000000000005,4.63,11.19
2026-01-05 22:00:00+00:00,1.52,6.42,72928.83887723717,1.4,1.76,1.23,0.9,1.42,328.0,7.42,4.8100000000000005,11.23
2026-01-05 22:30:00+00:00,1.59,6.38,74946.50433000669,1.51,1.85,1.15,0.98,1.54,315.0,7.0200000000000005,5.03,11.04
2026-01-05 23:00:00+00:00,1.69,6.65,83388.07255341356,1.61,2.05,1.18,0.99,1.59,318.0,6.54,4.99,10.11
2026-01-05 23:30:00+00:00,1.71,6.57,79270.80136023684,1.58,1.98,1.17,1.0,1.58,325.0,7.18,4.88,11.56
2026-01-06 00:00:00+00:00,1.87,6.92,68966.44267364664,1.71,2.05,1.38,1.1,1.73,302.0,7.09,5.25,11.86
2026-01-06 00:30:00+00:00,1.93,7.09,66238.41133709943,1.82,2.22,1.57,1.1,1.79,305.0,6.8,5.19,11.29
2026-01-06 01:00:00+00:00,2.05,7.13,66201.5980827881,1.91,2.49,1.41,1.18,1.9,290.0,7.74,5.45,11.76
2026-01-06 01:30:00+00:00,2.16,7.18,59442.339256493935,2.06,2.62,1.49,1.3,2.06,274.0,7.57,5.78,10.62
2026-01-06 02:00:00+00:00,2.0,7.29,55470.6269671715,1.88,2.33,2.33,1.18,1.89,290.0,8.17,5.46,10.9
2026-01-06 02:30:00+00:00,2.08,7.63,55859.92387071706,1.98,2.45,1.35,1.21,1.96,275.0,8.52,5.7700000000000005,11.27
2026-01-06 03:00:00+00:00,1.98,7.41,71963.71763909711,1.87,2.45,2.14,1.13,1.84,285.0,7.44,5.57,10.8
2026-01-06 03:30:00+00:00,2.14,7.85,82419.50203363903,2.0,2.48,1.12,1.26,2.0,254.0,8.56,6.25,12.08
2026-01-06 04:00:00+00:00,1.96,7.67,81569.36762654633,1.84,2.27,1.1,1.1,1.79,280.0,6.65,5.64,12.02
2026-01-06 04:30:00+00:00,2.04,7.81,75814.16479248801,1.99,2.43,1.18,1.26,2.0,254.0,7.65,6.24,11.48
2026-01-06 05:00:00+00:00,2.1,7.79,58927.04390150348,1.96,2.46,1.49,1.22,1.96,257.0,8.19,6.140000000000001,12.46
2026-01-06 05:30:00+00:00,2.0,7.8,56223.27419746541,1.86,2.34,1.59,1.14,1.84,271.0,8.46,5.84,11.6
2026-01-06 06:00:00+00:00,2.2,8.09,67300.21844807974,2.17,2.69,1.54,1.32,2.13,245.0,7.36,6.48,12.01
2026-01-06 06:30:00+00:00,2.11,8.040000000000001,76774.08787496564,2.0,2.52,1.07,1.23,1.98,253.0,8.8,6.25,12.15
2026-01-06 07:00:00+00:00,2.0,8.06,74135.77551676286,1.94,2.5,1.87,1.16,1.9,258.0,9.58,6.15,12.91
2026-01-06 07:30:00+00:00,1.97,7.94,65474.61156659758,1.91,2.29,1.82,1.2,1.91,250.0,7.6,6.32,11.59
2026-01-06 08:00:00+00:00,1.93,7.84,64312.728425036155,1.85,2.32,1.37,1.09,1.79,272.0,6.23,5.82,11.27
2026-01-06 08:30:00+00:00,1.9,7.76,75186.3577678722,1.81,2.24,1.2,1.12,1.8,255.0,8.65,6.21,12.54
2026-01-06 09:00:00+00:00,1.84,7.83,89430.49133180226,1.73,2.19,1.0,1.1,1.74,258.0,7.98,6.16,11.79
2026-01-06 09:30:00+00:00,1.82,7.71,78572.16197789379,1.81,2.24,1.29,1.14,1.81,253.0,10.09,6.28,12.89
2026-01-06 10:00:00+00:00,1.8,7.78,81204.20822777413,1.76,2.2,0.88,1.07,1.73,260.0,9.3,6.07,12.04
2026-01-06 10:30:00+00:00,1.68,7.76,78429.73835014446,1.61,1.99,1.06,1.06,1.65,244.0,7.41,6.51,13.12
2026-01-06 11:00:00+00:00,1.73,7.9,78917.99006193482,1.61,2.02,1.3,1.03,1.62,256.0,9.06,6.16,11.58
2026-01-06 11:30:00+00:00,1.66,7.62,83432.50598991572,1.59,1.93,1.21,1.02,1.61,265.0,7.58,5.99,11.9
2026-01-06 12:00:00+00:00,1.69,7.53,88887.56686881528,1.62,2.02,1.21,1.02,1.62,268.0,8.09,5.89,11.77
2026-01-06 12:30:00+00:00,1.69,7.54,93592.63688928302,1.64,2.05,0.95,1.01,1.62,271.0,8.14,5.84,11.17
2026-01-06 13:00:00+00:00,1.67,7.32,92342.84719744608,1.64,2.06,0.95,1.03,1.64,274.0,7.0200000000000005,5.76,11.78
2026-01-06 13:30:00+00:00,1.61,7.62,86563.54937682927,1.52,1.82,1.2,0.96,1.52,277.0,9.68,5.72,11.3
2026-01-06 14:00:00+00:00,1.59,7.46,89099.32947305845,1.52,1.9,1.32,0.96,1.52,280.0,7.34,5.65,11.21
2026-01-06 14:30:00+00:00,1.51,6.98,93452.0460397536,1.43,1.81,1.41,0.91,1.44,301.0,6.62,5.26,11.12
2026-01-06 15:00:00+00:00,1.51,7.17,86643.94069381992,1.45,1.78,0.94,0.89,1.43,297.0,7.77,5.3100000000000005,11.42
2026-01-06 15:30:00+00:00,1.55,6.82,82716.66041781903,1.45,1.78,1.16,0.93,1.47,311.0,7.24,5.07,12.72
2026-01-06 16:00:00+00:00,1.55,6.91,83889.41147951264,1.45,1.89,1.56,0.89,1.44,334.0,7.85,4.73,11.14
2026-01-06 16:30:00+00:00,1.48,6.890000000000001,82961.62870201585,1.36,1.71,0.8300000000000001,0.86,1.36,323.0,8.96,4.91,11.14
2026-01-06 17:00:00+00:00,1.39,7.07,80504.2826212385,1.29,1.58,0.68,0.8,1.28,328.0,9.16,4.84,10.74
2026-01-06 17:30:00+00:00,1.34,7.04,80505.35657825155,1.25,1.63,0.8200000000000001,0.77,1.25,327.0,7.29,4.84,12.19
2026-01-06 18:00:00+00:00,1.23,7.07,84229.82400193028,1.15,1.46,0.73,0.71,1.14,313.0,7.34,5.0600000000000005,10.88
2026-01-06 18:30:00+00:00,1.22,7.52,78258.91543791129,1.14,1.42,1.34,0.72,1.14,295.0,9.04,5.36,11.76
2026-01-06 19:00:00+00:00,1.2,7.5,82408.2426906228,1.13,1.43,1.06,0.71,1.13,277.0,7.78,5.73,11.01
2026-01-06 19:30:00+00:00,1.15,7.78,78895.95632444305,1.09,1.38,0.93,0.67,1.09,271.0,8.2,5.84,12.64
2026-01-06 20:00:00+00:00,1.2,7.76,81870.90470492902,1.11,1.36,0.49,0.71,1.12,263.0,7.24,6.03,13.13
2026-01-06 20:30:00+00:00,1.17,7.76,77482.97616356092,1.11,1.38,0.75,0.73,1.14,247.0,7.2,6.4,12.83
2026-01-06 21:00:00+00:00,1.09,7.69,82271.13138577988,1.05,1.29,0.64,0.67,1.06,253.0,9.76,6.25,12.36
2026-01-06 21:30:00+00:00,1.08,7.42,83207.92738841071,1.02,1.27,0.48,0.65,1.03,262.0,7.12,6.03,11.93
2026-01-06 22:00:00+00:00,1.06,7.51,81766.11406035897,1.0,1.28,0.59,0.61,0.98,274.0,8.38,5.7700000000000005,13.34
2026-01-06 22:30:00+00:00,1.06,7.55,84847.86360429942,1.0,1.21,0.67,0.64,1.01,261.0,7.41,6.04,12.18
2026-01-06 23:00:00+00:00,1.09,7.6,85598.26395859547,1.03,1.22,1.05,0.68,1.06,254.0,6.75,6.23,12.68
2026-01-06 23:30:00+00:00,1.07,7.48,85019.09979066237,1.02,1.24,0.73,0.67,1.04,259.0,10.28,6.11,12.35
2026-01-07 00:00:00+00:00,1.03,7.28,80364.59537267448,0.96,1.24,0.51,0.59,0.96,306.0,9.0,5.18,11.46
2026-01-07 00:30:00+00:00,1.15,7.44,81798.31778128735,1.08,1.32,1.08,0.68,1.08,293.0,8.22,5.41,13.31
2026-01-07 01:00:00+00:00,1.12,7.36,89082.22623359767,1.05,1.35,0.88,0.63,1.03,314.0,8.18,5.03,12.5
2026-01-07 01:30:00+00:00,1.14,7.45,89449.70161274656,1.07,1.35,1.11,0.67,1.07,299.0,9.41,5.3,12.02
2026-01-07 02:00:00+00:00,1.08,7.15,89600.4459945324,0.97,1.22,1.1,0.61,0.96,346.0,12.09,4.59,14.49
2026-01-07 02:30:00+00:00,1.17,7.05,90012.39518708343,1.04,1.32,1.3,0.66,1.04,352.0,6.97,4.5,11.42
2026-01-07 03:00:00+00:00,1.16,6.51,88296.1763398638,1.03,1.29,1.14,0.67,1.05,382.0,6.42,4.15,12.13
2026-01-07 03:30:00+00:00,1.28,6.0200000000000005,82835.87760494987,1.15,1.42,1.09,0.75,1.17,402.0,6.26,3.93,11.84
2026-01-07 04:00:00+00:00,1.45,5.89,85949.78985938076,1.32,1.63,1.23,0.87,1.36,379.0,8.98,4.18,10.0
2026-01-07 04:30:00+00:00,1.61,5.71,86302.00619868583,1.48,1.85,1.14,0.97,1.52,366.0,4.54,4.33,11.26
2026-01-07 05:00:00+00:00,1.62,5.75,80809.74431788863,1.47,1.83,1.84,0.96,1.5,369.0,4.96,4.28,11.4
2026-01-07 05:30:00+00:00,1.53,5.98,87293.33250012527,1.42,1.78,0.9,0.91,1.43,350.0,4.72,4.5200000000000005,9.53
2026-01-07 06:00:00+00:00,1.49,6.1000000000000005,84398.26962569794,1.36,1.67,1.13,0.91,1.41,341.0,5.49,4.65,11.72
2026-01-07 06:30:00+00:00,1.57,6.2,87918.59146189797,1.45,1.75,1.14,0.94,1.47,342.0,5.71,4.63,10.56
2026-01-07 07:00:00+00:00,1.55,6.2,86548.58794623218,1.4,1.73,1.31,0.92,1.44,323.0,7.26,4.9,11.45
2026-01-07 07:30:00+00:00,1.66,6.15,87268.64050775032,1.54,1.87,0.81,1.01,1.57,313.0,5.23,5.0600000000000005,14.51
2026-01-07 08:00:00+00:00,1.64,6.45,87213.28903418273,1.55,1.96,1.45,1.01,1.59,305.0,5.72,5.19,11.02
2026-01-07 08:30:00+00:00,1.84,6.48,83449.2671645111,1.74,2.25,1.34,1.11,1.76,290.0,4.95,5.46,10.28
2026-01-07 09:00:00+00:00,1.82,6.7,84789.30866958784,1.76,2.18,1.48,1.14,1.79,279.0,7.2,5.68,10.97
2026-01-07 09:30:00+00:00,1.87,6.82,87140.98057077503,1.75,2.16,1.69,1.11,1.76,281.0,7.16,5.63,10.62
2026-01-07 10:00:00+00:00,1.76,7.08,89762.72397275176,1.65,2.04,1.14,1.06,1.67,262.0,7.15,6.04,14.38
2026-01-07 10:30:00+00:00,1.82,7.31,85617.44013666341,1.79,2.1,1.56,1.18,1.83,248.0,6.5,6.390000000000001,11.04
2026-01-07 11:00:00+00:00,1.99,7.52,85232.25954921114,1.92,2.36,0.9,1.26,1.97,245.0,7.65,6.46,11.16
2026-01-07 11:30:00+00:00,2.05,7.65,86016.2333544362,1.95,2.47,0.99,1.21,1.94,250.0,6.78,6.33,11.63
2026-01-07 12:00:00+00:00,2.04,7.79,80221.12706885474,1.97,2.56,1.24,1.25,1.99,242.0,8.91,6.57,13.15
2026-01-07 12:30:00+00:00,1.92,7.67,82547.58431961086,1.82,2.23,1.1,1.17,1.83,245.0,8.790000000000001,6.46,12.01
2026-01-07 13:00:00+00:00,1.97,7.83,80127.0390334962,1.92,2.38,1.26,1.22,1.93,241.0,7.03,6.57,12.81
2026-01-07 13:30:00+00:00,2.15,7.94,77977.84847128109,2.0,2.63,1.24,1.2,1.96,250.0,8.13,6.34,10.9
2026-01-07 14:00:00+00:00,1.98,7.99,78442.7235320814,1.86,2.34,1.03,1.12,1.82,257.0,8.07,6.15,11.21
2026-01-07 14:30:00+00:00,2.34,8.27,83334.34158451072,2.25,2.76,1.28,1.4,2.24,234.0,8.61,6.74,12.05
2026-01-07 15:00:00+00:00,2.14,8.1,80506.44489922265,2.06,2.63,1.63,1.25,2.03,251.0,9.01,6.28,12.29
2026-01-07 15:30:00+00:00,2.05,8.01,82177.4337459219,1.95,2.41,1.74,1.2,1.92,258.0,8.43,6.15,11.89
2026-01-07 16:00:00+00:00,2.09,8.18,79064.98105661532,1.97,2.48,1.57,1.21,1.95,253.0,8.57,6.2700000000000005,12.72
2026-01-07 16:30:00+00:00,2.09,8.290000000000001,81695.96008885658,1.97,2.45,1.66,1.26,2.0,234.0,7.21,6.74,12.43
2026-01-07 17:00:00+00:00,2.05,8.17,80277.65269932464,1.93,2.4,1.43,1.2,1.92,252.0,9.45,6.2700000000000005,12.47
2026-01-07 17:30:00+00:00,2.08,8.24,80015.17393143992,2.01,2.42,1.54,1.26,2.01,236.0,8.3,6.7,12.61
2026-01-07 18:00:00+00:00,2.12,8.22,80398.03750625442,1.97,2.49,1.55,1.22,1.96,243.0,8.86,6.5,11.97
2026-01-07 18:30:00+00:00,1.96,8.17,79865.04474262557,1.85,2.34,1.44,1.14,1.83,249.0,8.23,6.3500000000000005,12.91
2026-01-07 19:00:00+00:00,2.07,8.25,81417.23262040879,1.92,2.4,1.34,1.18,1.89,245.0,9.22,6.44,12.34
2026-01-07 19:30:00+00:00,2.17,8.27,80232.17608045721,2.09,2.67,1.31,1.29,2.09,233.0,10.51,6.8,12.54
2026-01-07 20:00:00+00:00,1.89,7.98,81922.29573320346,1.81,2.3000000000000003,0.97,1.09,1.78,255.0,8.91,6.21,13.47
2026-01-07 20:30:00+00:00,2.23,8.35,79862.00953051465,2.17,2.92,1.42,1.35,2.18,224.0,8.700000000000001,7.07,12.43
2026-01-07 21:00:00+00:00,2.26,8.370000000000001,84804.4658087157,2.22,2.79,1.01,1.41,2.24,215.0,8.56,7.34,14.37
2026-01-07 21:30:00+00:00,1.99,7.84,82568.9549881973,1.87,2.23,1.43,1.2,1.89,242.0,8.9,6.5200000000000005,11.97
2026-01-07 22:00:00+00:00,2.19,8.31,78918.49919585105,2.06,2.53,0.92,1.28,2.04,230.0,8.89,6.87,12.72
2026-01-07 22:30:00+00:00,2.02,8.06,74022.38600249136,1.9,2.5,0.55,1.17,1.9,248.0,8.5,6.37,11.22
2026-01-07 23:00:00+00:00,2.12,8.08,74805.9587175469,2.07,2.68,1.28,1.28,2.07,228.0,8.36,6.94,12.45
2026-01-07 23:30:00+00:00,2.08,8.32,74682.62766064718,2.05,2.45,1.09,1.3,2.06,221.0,9.56,7.16,12.26
2026-01-08 00:00:00+00:00,2.18,8.08,,2.05,2.48,1.51,1.32,2.08,235.0,8.3,6.75,11.05
2026-01-08 00:30:00+00:00,2.02,7.95,83294.18080683865,1.94,2.37,1.41,1.2,1.93,246,9.46,6.46,12.81
2026-01-08 01:00:00+00:00,1.95,7.97,82099.35226181427,1.85,2.27,1.94,1.19,1.88,243,8.21,6.53,12.1
2026-01-08 01:30:00+00:00,1.79,8.06,78868.9053690553,1.72,2.2,1.37,1.02,1.68,260,7.99,6.1000000000000005,12.8
2026-01-08 02:00:00+00:00,1.93,8.05,75574.40146995395,1.84,2.3000000000000003,1.27,1.17,1.85,232,8.83,6.8100000000000005,12.98
2026-01-08 02:30:00+00:00,1.79,7.95,76783.69849358691,1.71,2.12,0.99,1.11,1.74,234,8.16,6.7700000000000005,11.67
2026-01-08 03:00:00+00:00,1.79,7.95,76828.64732912529,1.76,2.2,1.2,1.15,1.8,226,7.37,7.01,14.37
2026-01-08 03:30:00+00:00,1.73,8.08,77157.99679762786,1.59,2.05,1.12,0.96,1.57,259,8.81,6.11,13.89
2026-01-08 04:00:00+00:00,1.68,7.96,77553.22022754488,1.61,2.01,1.2,1.01,1.61,245,8.96,6.47,11.67
2026-01-08 04:30:00+00:00,1.62,8.02,74577.6017142023,1.6,1.97,0.88,0.98,1.58,248,8.22,6.41,14.14
2026-01-08 05:00:00+00:00,1.52,7.84,75379.75922541399,1.47,1.86,1.16,0.92,1.48,256,8.61,6.17,13.46
2026-01-08 05:30:00+00:00,1.49,8.040000000000001,77106.89337370056,1.4,1.79,1.2,0.84,1.37,271,8.56,5.86,13.63
2026-01-08 06:00:00+00:00,1.42,7.99,78565.05623784936,1.35,1.71,1.2,0.84,1.34,262,8.71,6.04,12.5
2026-01-08 06:30:00+00:00,1.39,7.94,81058.61079040734,1.33,1.67,1.19,0.81,1.31,272,8.61,5.82,12.3
2026-01-08 07:00:00+00:00,1.33,7.72,78853.36162230076,1.27,1.67,1.32,0.78,1.26,284,8.23,5.57,11.32
2026-01-08 07:30:00+00:00,1.41,7.62,77214.98258806007,1.28,1.62,0.98,0.8,1.28,289,7.87,5.49,10.99
2026-01-08 08:00:00+00:00,1.4,7.62,74501.81031718818,1.3,1.69,1.4,0.78,1.27,320,9.67,4.96,11.94
2026-01-08 08:30:00+00:00,1.48,7.47,75462.50700945481,1.35,1.71,1.09,0.8200000000000001,1.32,321,9.57,4.94,12.58
2026-01-08 09:00:00+00:00,1.55,7.11,76577.77469770164,1.42,1.77,1.65,0.89,1.42,321,8.75,4.92,11.51
2026-01-08 09:30:00+00:00,1.56,6.96,78333.4471425561,1.49,1.83,1.5,0.94,1.49,315,7.33,5.03,11.01
2026-01-08 10:00:00+00:00,1.63,6.9,79759.29698643925,1.48,1.83,1.1,0.96,1.5,330,9.29,4.8100000000000005,13.24
2026-01-08 10:30:00+00:00,1.57,6.5600000000000005,76618.22637830583,1.44,1.76,1.28,0.93,1.47,337,8.42,4.7,11.82
2026-01-08 11:00:00+00:00,1.66,6.3500000000000005,75139.21124456062,1.54,1.91,1.19,0.97,1.53,333,8.1,4.76,12.2
2026-01-08 11:30:00+00:00,1.78,6.29,74113.31555230328,1.68,2.08,1.44,1.05,1.68,324,6.11,4.87,10.47
2026-01-08 12:00:00+00:00,1.77,6.33,75707.18666020429,1.65,1.99,1.15,1.1,1.7,316,5.71,5.01,10.94
2026-01-08 12:30:00+00:00,1.76,6.51,75356.83431199838,1.67,2.08,1.33,1.07,1.68,321,7.85,4.93,11.22
2026-01-08 13:00:00+00:00,1.73,6.3,75803.3326660094,1.6,2.0,1.68,1.02,1.61,333,5.62,4.7700000000000005,10.3
2026-01-08 13:30:00+00:00,1.78,6.13,77287.0429858642,1.64,2.04,1.43,1.05,1.66,345,6.54,4.59,9.76
2026-01-08 14:00:00+00:00,1.91,6.390000000000001,77558.26211139746,1.78,2.17,1.24,1.18,1.83,314,7.07,5.04,13.18
2026-01-08 14:30:00+00:00,1.98,6.29,78818.6532827211,1.83,2.25,1.41,1.18,1.86,313,5.59,5.0600000000000005,10.33
2026-01-08 15:00:00+00:00,2.06,6.32,83640.15612926184,1.89,2.35,1.39,1.16,1.86,332,8.61,4.7700000000000005,9.25
2026-01-08 15:30:00+00:00,2.0,6.390000000000001,78851.38506305168,1.93,2.44,1.69,1.21,1.93,311,5.47,5.1000000000000005,10.82
2026-01-08 16:00:00+00:00,2.07,6.37,82536.06758577438,1.92,2.4,1.37,1.21,1.93,316,6.88,5.03,10.77
2026-01-08 16:30:00+00:00,2.17,6.5200000000000005,81548.54548075673,2.07,2.53,1.32,1.31,2.07,298,5.7,5.3,10.63
2026-01-08 17:00:00+00:00,2.22,6.46,82354.17716958869,2.09,2.5500000000000003,1.62,1.32,2.09,308,8.55,5.15,10.61
2026-01-08 17:30:00+00:00,2.28,6.62,79479.97950003276,2.21,2.74,1.0,1.37,2.2,297,6.23,5.34,10.65
2026-01-08 18:00:00+00:00,2.45,6.72,79579.95415698487,2.32,2.84,1.83,1.5,2.36,282,7.6,5.6000000000000005,10.25
2026-01-08 18:30:00+00:00,2.46,6.68,82762.05609988899,2.38,3.09,1.35,1.52,2.4,280,6.45,5.65,10.28
2026-01-08 19:00:00+00:00,2.63,6.8,79492.37473559014,2.51,3.16,1.23,1.56,2.5,291,7.2,5.43,10.3
2026-01-08 19:30:00+00:00,2.52,6.72,75855.23032061306,2.4,3.04,2.1,1.47,2.37,297,6.9,5.3500000000000005,10.46
2026-01-08 20:00:00+00:00,2.62,6.83,76549.53276189283,2.47,3.1,1.52,1.55,2.48,288,6.3,5.51,10.74
2026-01-08 20:30:00+00:00,2.84,7.0600000000000005,77357.6274085497,2.67,3.3000000000000003,1.72,1.68,2.68,271,6.93,5.84,11.19
2026-01-08 21:00:00+00:00,2.96,7.140000000000001,78583.25937707319,2.74,3.56,1.41,1.7,2.73,278,6.96,5.71,11.76
2026-01-08 21:30:00+00:00,2.98,7.23,77833.06535087638,2.77,3.59,2.99,1.74,2.77,275,7.33,5.7700000000000005,11.59
2026-01-08 22:00:00+00:00,2.98,7.42,78210.15587188661,2.8000000000000003,3.43,1.66,1.82,2.85,254,7.83,6.24,11.28
2026-01-08 22:30:00+00:00,3.0700000000000003,7.88,81262.72449278111,2.9,3.67,1.9,1.78,2.86,256,8.09,6.2,11.48
2026-01-08 23:00:00+00:00,2.9,7.640000000000001,80921.63809139097,2.8000000000000003,3.71,1.38,1.77,2.83,252,8.870000000000001,6.28,12.57
2026-01-08 23:30:00+00:00,3.3000000000000003,8.25,80236.64135878182,3.14,4.1,1.94,1.91,3.1,242,9.68,6.5200000000000005,11.33
2026-01-09 00:00:00+00:00,3.09,8.13,83736.8077062125,2.94,3.72,1.64,1.83,2.92,241,9.22,6.57,11.81
2026-01-09 00:30:00+00:00,3.17,8.16,82685.83277827827,3.0700000000000003,3.89,2.5,1.93,3.08,227,7.34,6.97,12.38
2026-01-09 01:00:00+00:00,2.98,8.25,85703.68446425335,2.72,3.46,1.68,1.7,2.72,241,10.35,6.53,12.89
2026-01-09 01:30:00+00:00,2.98,8.41,85230.93408427993,2.74,3.42,1.52,1.76,2.78,239,8.78,6.65,13.95
2026-01-09 02:00:00+00:00,2.98,8.370000000000001,83246.3668326542,2.75,3.48,2.29,1.76,2.78,240,9.32,6.59,12.59
2026-01-09 02:30:00+00:00,2.99,8.72,82242.51724074596,2.89,3.67,2.44,1.84,2.9,220,8.38,7.21,12.58
2026-01-09 03:00:00+00:00,3.0,8.52,80422.8917378374,2.91,3.46,2.83,1.88,2.94,228,11.43,6.94,13.28
2026-01-09 03:30:00+00:00,3.24,8.94,78949.37710192452,3.15,3.97,2.43,1.88,3.06,222,10.36,7.12,13.37
2026-01-09 04:00:00+00:00,3.12,8.61,76939.10530399399,2.85,3.61,3.84,1.76,2.83,241,9.22,6.57,12.67
2026-01-09 04:30:00+00:00,2.98,8.88,79019.77940225785,2.82,3.48,2.1,1.83,2.86,219,9.97,7.24,13.27
2026-01-09 05:00:00+00:00,3.33,9.38,81619.37953573743,3.14,3.97,1.74,1.93,3.11,211,9.64,7.48,15.6
2026-01-09 05:30:00+00:00,3.19,9.1,76043.38688940738,3.0500000000000003,3.78,2.42,1.87,3.01,222,9.39,7.11,13.97
2026-01-09 06:00:00+00:00,3.19,9.01,76929.17371838444,3.08,3.84,2.03,1.9,3.0700000000000003,216,10.73,7.3,14.48
2026-01-09 06:30:00+00:00,3.3000000000000003,9.1,78634.42693031748,3.1,3.82,3.09,2.0,3.16,210,9.79,7.51,12.95
2026-01-09 07:00:00+00:00,3.34,9.42,79746.91133070244,3.2,4.08,2.61,1.96,3.16,213,11.14,7.43,13.22
2026-01-09 07:30:00+00:00,3.16,8.96,78879.69745892975,3.09,3.92,3.03,1.95,3.12,215,8.370000000000001,7.37,14.3
2026-01-09 08:00:00+00:00,3.37,9.18,78297.32469518049,3.23,4.08,2.21,1.94,3.17,226,8.67,7.03,14.65
2026-01-09 08:30:00+00:00,3.59,9.26,80416.57970038937,3.51,4.39,2.74,2.1,3.43,220,10.98,7.2,13.72
2026-01-09 09:00:00+00:00,3.9,9.75,80850.52192008085,3.64,4.37,3.42,2.32,3.67,196,9.71,8.02,14.22
2026-01-09 09:30:00+00:00,3.5,9.3,79377.76173776596,3.3000000000000003,3.93,3.42,2.13,3.35,209,11.35,7.57,14.03
2026-01-09 10:00:00+00:00,3.76,9.18,82885.00289740112,3.65,4.68,2.83,2.32,3.69,206,9.64,7.7,14.44
2026-01-09 10:30:00+00:00,3.54,9.55,81385.77185395327,3.42,4.2,3.11,2.16,3.43,207,12.41,7.640000000000001,15.9
2026-01-09 11:00:00+00:00,3.34,9.26,80593.83741948698,3.17,4.0,2.39,1.93,3.13,224,8.39,7.08,14.76
2026-01-09 11:30:00+00:00,3.54,9.36,79700.61919093435,3.2,3.9,3.21,1.98,3.18,220,10.25,7.16,13.59
2026-01-09 12:00:00+00:00,3.46,9.25,77868.05471081297,3.28,3.99,1.96,2.04,3.25,210,10.08,7.5,13.9
2026-01-09 12:30:00+00:00,3.5500000000000003,9.34,79934.23787582153,3.38,4.24,2.81,2.09,3.36,214,12.03,7.41,13.18
2026-01-09 13:00:00+00:00,3.81,9.56,81945.459203401,3.67,4.64,1.84,2.26,3.64,210,10.48,7.52,13.96
2026-01-09 13:30:00+00:00,3.66,9.24,84849.26250764767,3.33,4.03,2.0,2.15,3.38,215,9.36,7.37,14.24
2026-01-09 14:00:00+00:00,3.44,9.19,82300.61817257911,3.17,3.97,2.04,1.97,3.16,228,6.34,6.96,13.93
2026-01-09 14:30:00+00:00,3.45,9.05,81935.33479393079,3.24,4.0600000000000005,2.41,2.01,3.24,226,7.3,7.01,13.35
2026-01-09 15:00:00+00:00,3.5500000000000003,9.23,83148.82166850308,3.49,4.46,2.42,2.18,3.49,214,9.98,7.41,14.18
2026-01-09 15:30:00+00:00,3.5700000000000003,9.1,81193.3469839739,3.31,4.25,1.38,2.04,3.27,223,8.89,7.09,13.5
2026-01-09 16:00:00+00:00,3.49,9.45,78314.42077356507,3.31,4.13,1.82,2.07,3.3000000000000003,207,10.2,7.63,13.85
2026-01-09 16:30:00+00:00,3.44,9.25,78777.57715972453,3.34,4.12,1.85,2.08,3.34,207,9.99,7.640000000000001,13.57
2026-01-09 17:00:00+00:00,3.29,9.19,80371.58808573852,3.13,4.01,1.58,1.91,3.09,221,10.66,7.15,15.54
2026-01-09 17:30:00+00:00,3.22,9.17,79211.94981456609,3.01,3.82,2.32,1.84,2.97,233,10.19,6.78,13.14
2026-01-09 18:00:00+00:00,3.27,9.39,84255.1277089356,3.1,3.99,2.31,1.83,3.0,229,9.81,6.91,13.28
2026-01-09 18:30:00+00:00,3.33,9.52,87750.64227920046,3.22,3.97,1.95,1.93,3.14,215,10.31,7.33,13.98
2026-01-09 19:00:00+00:00,3.21,9.45,82234.37557295396,3.04,3.94,3.0,1.82,2.97,225,8.52,7.04,14.05
2026-01-09 19:30:00+00:00,3.21,9.32,84663.46440980835,2.94,3.74,2.73,1.79,2.91,227,10.63,6.96,14.26
2026-01-09 20:00:00+00:00,2.97,9.14,87075.97401779349,2.84,3.69,3.12,1.74,2.82,224,9.1,7.07,13.67
2026-01-09 20:30:00+00:00,3.17,9.72,81966.90992023352,2.97,3.7,2.39,1.92,3.02,204,8.950000000000001,7.75,14.25
2026-01-09 21:00:00+00:00,3.28,9.97,85649.38919138619,3.21,3.9,3.26,1.97,3.18,198,10.84,8.02,14.88
2026-01-09 21:30:00+00:00,3.0700000000000003,9.78,83107.28417486667,2.91,3.79,2.97,1.73,2.84,215,9.81,7.36,13.48
2026-01-09 22:00:00+00:00,3.03,9.87,85963.16328539443,2.94,3.5700000000000003,1.79,1.78,2.87,203,12.16,7.78,15.19
2026-01-09 22:30:00+00:00,3.3000000000000003,10.18,86749.65203341146,3.24,4.0600000000000005,1.4,1.98,3.2,188,11.1,8.43,14.49
2026-01-09 23:00:00+00:00,3.06,10.05,85971.5437292339,2.91,3.73,2.23,1.84,2.93,190,10.55,8.32,15.71
2026-01-09 23:30:00+00:00,3.17,10.07,82496.7403138882,3.06,3.76,2.39,2.02,3.15,180,10.58,8.77,14.62
2026-01-10 00:00:00+00:00,3.04,10.2,77961.30997756426,2.94,3.82,2.97,1.81,2.93,190,9.56,8.290000000000001,15.82
2026-01-10 00:30:00+00:00,3.26,10.2,78306.53109757882,3.0500000000000003,3.8,2.13,1.89,3.03,194,10.98,8.19,15.4
2026-01-10 01:00:00+00:00,3.23,10.2,84443.94030864637,3.08,3.89,2.76,1.94,3.09,184,9.87,8.59,16.16
2026-01-10 01:30:00+00:00,3.22,10.18,81810.95834028693,3.14,3.96,2.76,1.98,3.15,182,11.84,8.71,14.56
2026-01-10 02:00:00+00:00,3.71,10.69,79906.23318202137,3.62,4.59,2.15,2.23,3.58,175,11.07,9.02,14.89
2026-01-10 02:30:00+00:00,3.22,10.25,77927.65818334228,3.08,3.72,1.2,1.99,3.11,178,9.7,8.88,15.43
2026-01-10 03:00:00+00:00,3.48,10.35,78410.94125275244,3.28,4.12,2.11,2.02,3.25,187,11.72,8.49,16.0
2026-01-10 03:30:00+00:00,3.43,10.43,76192.1585394409,3.23,4.04,2.58,2.05,3.26,183,11.13,8.64,15.12
2026-01-10 04:00:00+00:00,3.53,10.36,81373.42411554098,3.42,4.42,1.25,2.11,3.41,181,10.09,8.74,16.62
2026-01-10 04:30:00+00:00,3.16,10.13,83622.23342725499,2.98,3.66,1.57,1.9,3.0,186,10.79,8.5,14.68
2026-01-10 05:00:00+00:00,3.41,10.6,83172.83992755646,3.31,4.09,1.87,2.01,3.25,184,10.77,8.57,15.45
2026-01-10 05:30:00+00:00,3.35,10.38,81632.12777036255,3.15,3.94,2.22,1.93,3.12,191,10.79,8.3,15.21
2026-01-10 06:00:00+00:00,3.29,10.31,83712.18067983785,3.22,3.93,1.77,2.01,3.21,184,9.75,8.59,15.32
2026-01-10 06:30:00+00:00,3.23,10.46,85128.13390643906,3.06,3.91,1.79,1.85,3.01,188,10.59,8.38,16.240000000000002
2026-01-10 07:00:00+00:00,3.16,10.36,83520.17426226853,2.98,4.03,1.75,1.88,3.02,184,11.16,8.57,16.92
2026-01-10 07:30:00+00:00,3.19,10.53,78818.28908706467,3.11,3.71,1.94,2.05,3.19,176,12.05,8.94,15.91
2026-01-10 08:00:00+00:00,3.14,10.51,79993.3710599016,2.97,3.73,2.52,1.82,2.94,190,11.43,8.33,14.45
2026-01-10 08:30:00+00:00,3.2,10.46,78323.86569892374,2.99,3.63,2.03,1.89,3.0,188,10.67,8.39,15.04
2026-01-10 09:00:00+00:00,3.14,10.84,76937.06309377812,2.95,3.9,1.43,1.84,2.97,180,10.82,8.78,16.02
2026-01-10 09:30:00+00:00,3.06,10.84,78534.24110825043,2.94,3.52,2.01,1.89,2.97,169,12.09,9.34,15.95
2026-01-10 10:00:00+00:00,2.81,10.56,80571.77233152304,2.75,3.34,2.27,1.69,2.73,182,11.77,8.66,14.9
2026-01-10 10:30:00+00:00,2.76,10.47,81572.5976675416,2.72,3.36,1.46,1.67,2.69,189,11.55,8.39,14.38
2026-01-10 11:00:00+00:00,2.69,10.62,83337.97510124996,2.58,3.26,2.17,1.51,2.49,197,11.5,8.01,14.96
2026-01-10 11:30:00+00:00,2.81,10.69,86864.16991876383,2.75,3.46,2.21,1.71,2.75,176,11.26,8.98,16.25
2026-01-10 12:00:00+00:00,2.86,10.87,83497.90668871996,2.79,3.71,1.93,1.71,2.78,178,13.4,8.88,16.2
2026-01-10 12:30:00+00:00,3.2,11.45,81888.6178243977,3.18,3.96,2.22,2.07,3.26,156,11.73,10.12,16.94
2026-01-10 13:00:00+00:00,3.08,11.54,83690.26115431284,2.93,3.67,2.16,1.77,2.87,172,11.52,9.14,17.03
2026-01-10 13:30:00+00:00,2.99,11.36,79574.96848063386,2.93,3.64,2.16,1.82,2.91,167,12.9,9.51,18.88
2026-01-10 14:00:00+00:00,2.78,11.16,79826.34242940592,2.59,3.26,2.21,1.6,2.58,183,11.87,8.64,18.13
2026-01-10 14:30:00+00:00,3.16,11.24,80614.65866532091,3.0500000000000003,3.84,1.06,1.82,2.97,176,10.86,8.97,15.37
2026-01-10 15:00:00+00:00,2.85,11.15,77715.41034710138,2.8000000000000003,3.54,2.42,1.64,2.71,187,11.1,8.48,16.25
2026-01-10 15:30:00+00:00,2.83,11.67,76858.17017513512,2.73,3.38,1.77,1.64,2.67,182,11.86,8.72,18.57
2026-01-10 16:00:00+00:00,3.04,11.7,73920.60062772204,2.91,3.65,2.28,1.76,2.87,171,12.15,9.18,17.56
2026-01-10 16:30:00+00:00,3.16,11.74,77983.78822334833,2.86,3.73,2.29,1.7,2.8000000000000003,176,11.07,8.98,16.09
2026-01-10 17:00:00+00:00,2.88,11.39,75484.38944006534,2.69,3.49,2.07,1.56,2.6,193,12.23,8.19,15.87
2026-01-10 17:30:00+00:00,2.9,11.51,74990.40268264707,2.8000000000000003,3.73,2.02,1.63,2.72,183,11.27,8.63,17.03
2026-01-10 18:00:00+00:00,3.04,11.56,78168.3204934255,2.93,3.86,2.23,1.66,2.8000000000000003,187,11.8,8.47,16.44
2026-01-10 18:30:00+00:00,3.04,11.64,78120.65227798297,2.95,3.71,2.72,1.82,2.92,173,12.62,9.11,15.28
2026-01-10 19:00:00+00:00,2.6,11.02,77821.74855487744,2.41,3.14,1.48,1.37,2.3000000000000003,209,12.53,7.58,15.72
2026-01-10 19:30:00+00:00,2.7,11.01,76999.05806854852,2.57,3.1,1.87,1.6,2.57,185,11.63,8.55,16.97
2026-01-10 20:00:00+00:00,2.64,10.84,77080.53028323912,2.54,3.25,1.8,1.57,2.53,190,10.97,8.28,15.36
2026-01-10 20:30:00+00:00,2.65,11.01,77228.41676535396,2.57,3.28,2.06,1.54,2.52,198,12.48,8.02,15.16
2026-01-10 21:00:00+00:00,2.65,10.74,81352.03462822325,2.43,3.0500000000000003,2.11,1.43,2.35,215,12.06,7.38,14.68
2026-01-10 21:30:00+00:00,2.62,10.65,78352.56573273682,2.5500000000000003,3.27,2.49,1.47,2.44,210,12.57,7.54,15.0
2026-01-10 22:00:00+00:00,2.6,10.46,75730.28324431909,2.47,2.99,1.57,1.45,2.38,217,12.45,7.28,15.57
2026-01-10 22:30:00+00:00,2.67,10.7,72822.83797626752,2.52,3.3000000000000003,1.58,1.52,2.49,209,11.86,7.59,14.87
2026-01-10 23:00:00+00:00,2.67,10.43,75811.79311968687,2.56,3.22,2.8000000000000003,1.44,2.42,227,10.63,6.98,15.69
2026-01-10 23:30:00+00:00,2.51,10.25,76258.83584552168,2.41,3.06,1.62,1.45,2.36,218,10.21,7.28,14.87
2026-01-11 00:00:00+00:00,2.51,10.3,81617.63897180452,2.34,3.0500000000000003,2.43,1.38,2.27,228,11.61,6.93,16.26
2026-01-11 00:30:00+00:00,2.4,9.87,83304.59819502069,2.23,2.76,1.33,1.37,2.2,229,11.82,6.91,16.59
2026-01-11 01:00:00+00:00,2.36,9.8,79151.33247980611,2.25,2.79,1.72,1.39,2.23,230,10.26,6.8500000000000005,15.38
2026-01-11 01:30:00+00:00,2.38,9.76,81084.88035170415,2.26,2.75,2.33,1.41,2.25,231,12.31,6.84,14.49
2026-01-11 02:00:00+00:00,2.33,9.44,76310.98006382384,2.14,2.66,2.54,1.32,2.11,254,13.36,6.25,14.78
2026-01-11 02:30:00+00:00,2.23,8.96,77982.11291941973,2.04,2.58,2.01,1.29,2.04,273,5.61,5.8,15.05
2026-01-11 03:00:00+00:00,2.29,9.08,75159.28367918971,2.17,2.73,3.52,1.37,2.18,250,11.09,6.33,13.8
2026-01-11 03:30:00+00:00,2.27,8.65,76943.95806864592,2.07,2.53,2.29,1.31,2.07,272,10.76,5.82,14.25
2026-01-11 04:00:00+00:00,2.3000000000000003,8.55,77342.18866662084,2.12,2.59,1.26,1.36,2.14,272,12.26,5.82,14.58
2026-01-11 04:30:00+00:00,2.15,8.07,75495.03178807633,1.92,2.48,2.35,1.22,1.93,298,6.47,5.3,13.83
2026-01-11 05:00:00+00:00,2.17,7.88,76038.02857764819,1.92,2.45,1.99,1.26,1.97,295,10.84,5.3500000000000005,13.81
2026-01-11 05:30:00+00:00,2.22,8.01,75676.00604597383,1.95,2.37,2.27,1.29,2.0,285,10.2,5.55,13.07
2026-01-11 06:00:00+00:00,2.05,7.3,80251.18647132978,1.84,2.22,1.38,1.16,1.84,314,6.6000000000000005,5.05,13.88
2026-01-11 06:30:00+00:00,2.2,8.06,81319.39793451775,2.1,2.59,3.06,1.3,2.08,284,11.78,5.57,14.03
2026-01-11 07:00:00+00:00,2.19,7.65,79587.77283444577,1.95,2.44,2.03,1.26,1.97,304,7.8,5.22,12.28
2026-01-11 07:30:00+00:00,2.03,7.42,74683.72011279917,1.87,2.33,1.47,1.23,1.92,288,6.22,5.48,13.24
2026-01-11 08:00:00+00:00,2.02,7.22,74083.16218455593,1.82,2.32,1.47,1.17,1.84,311,10.76,5.1000000000000005,13.04
2026-01-11 08:30:00+00:00,2.13,7.11,74293.36049471171,1.99,2.52,1.7,1.27,2.0,309,5.41,5.14,12.51
2026-01-11 09:00:00+00:00,2.0,7.15,75458.4504172204,1.84,2.27,2.31,1.18,1.86,309,10.83,5.12,12.99
2026-01-11 09:30:00+00:00,1.96,7.04,74848.26921794022,1.81,2.2,2.09,1.15,1.82,318,9.1,4.99,12.28
2026-01-11 10:00:00+00:00,2.1,6.88,76069.72759442282,1.97,2.5,1.37,1.29,2.02,304,5.38,5.21,11.64
2026-01-11 10:30:00+00:00,2.06,7.32,73622.51094193116,1.96,2.48,2.49,1.21,1.94,309,7.32,5.12,13.39
2026-01-11 11:00:00+00:00,1.94,6.62,72904.26762972375,1.78,2.16,1.67,1.16,1.81,320,10.03,4.95,12.68
2026-01-11 11:30:00+00:00,2.1,7.13,73644.79546098324,1.92,2.44,1.32,1.2,1.91,313,9.46,5.04,13.2
2026-01-11 12:00:00+00:00,2.18,7.12,73741.99182160977,2.06,2.63,1.43,1.31,2.07,297,6.18,5.33,12.61
2026-01-11 12:30:00+00:00,2.24,6.84,70856.71588291775,2.06,2.58,2.17,1.32,2.08,310,7.390000000000001,5.12,11.09
2026-01-11 13:00:00+00:00,2.14,6.88,72221.24381186663,1.99,2.46,1.41,1.29,2.03,302,4.8100000000000005,5.25,12.84
2026-01-11 13:30:00+00:00,2.07,6.6000000000000005,71936.80112528136,1.88,2.27,1.7,1.23,1.92,313,7.29,5.07,11.67
2026-01-11 14:00:00+00:00,2.12,6.73,71733.68791437708,1.98,2.4,1.07,1.29,2.03,304,6.8,5.21,12.93
2026-01-11 14:30:00+00:00,2.11,6.890000000000001,72423.82922694243,1.92,2.33,1.64,1.25,1.95,302,7.51,5.25,11.01
2026-01-11 15:00:00+00:00,2.18,6.83,74558.07725341864,1.95,2.4,2.44,1.3,2.01,303,5.64,5.23,10.48
2026-01-11 15:30:00+00:00,2.2,6.9,72265.60620302426,2.09,2.58,1.75,1.32,2.09,292,7.97,5.44,11.72
2026-01-11 16:00:00+00:00,2.08,6.8500000000000005,73015.37617943565,1.96,2.42,1.49,1.24,1.97,296,6.87,5.3500000000000005,12.33
2026-01-11 16:30:00+00:00,2.14,6.8,72993.17219158464,2.04,2.54,1.68,1.23,1.99,310,7.22,5.12,11.07
2026-01-11 17:00:00+00:00,2.01,6.55,76230.95776381354,1.91,2.37,1.71,1.2,1.9,311,8.78,5.1000000000000005,9.99
2026-01-11 17:30:00+00:00,2.05,7.09,79183.22368556097,1.92,2.35,2.61,1.2,1.92,294,6.5,5.4,12.53
2026-01-11 18:00:00+00:00,2.18,7.15,78367.307638048,2.02,2.49,1.06,1.27,2.02,287,7.28,5.53,13.28
2026-01-11 18:30:00+00:00,2.12,7.13,77833.1938003304,2.02,2.48,1.05,1.25,1.99,285,8.56,5.57,13.44
2026-01-11 19:00:00+00:00,2.11,7.11,74860.33115536178,1.99,2.54,1.42,1.23,1.99,293,7.49,5.4,10.83
2026-01-11 19:30:00+00:00,2.16,7.1000000000000005,76151.48539623205,2.1,2.62,2.2,1.31,2.1,279,7.32,5.68,11.47
2026-01-11 20:00:00+00:00,2.08,7.01,76593.99521180349,1.97,2.44,1.62,1.24,1.97,289,6.69,5.49,12.86
2026-01-11 20:30:00+00:00,2.21,6.97,79251.4211600266,2.13,2.64,1.56,1.34,2.14,279,8.17,5.66,11.57
2026-01-11 21:00:00+00:00,2.32,7.11,75845.33009522904,2.19,2.77,1.75,1.39,2.2,278,8.88,5.68,11.34
2026-01-11 21:30:00+00:00,2.31,6.93,76548.81484298264,2.17,2.67,1.66,1.37,2.17,295,9.21,5.36,11.67
2026-01-11 22:00:00+00:00,2.25,6.94,77124.08758808213,2.09,2.5500000000000003,1.92,1.28,2.06,308,6.36,5.15,11.29
2026-01-11 22:30:00+00:00,2.35,7.05,74248.37180078101,2.18,2.79,1.08,1.38,2.2,283,7.75,5.59,11.67
2026-01-11 23:00:00+00:00,2.31,6.88,77631.76370557807,2.21,2.78,2.3000000000000003,1.38,2.21,296,7.95,5.3500000000000005,10.97
2026-01-11 23:30:00+00:00,2.42,7.16,77455.8007824682,2.27,2.69,1.0,1.49,2.32,276,7.56,5.74,12.05
2026-01-12 00:00:00+00:00,2.45,7.23,76008.67625541249,2.32,2.85,2.04,1.46,2.32,279,7.8,5.69,11.31
2026-01-12 00:30:00+00:00,2.45,7.09,76955.89862023955,2.29,2.78,1.64,1.48,2.32,285,7.890000000000001,5.57,11.24
2026-01-12 01:00:00+00:00,2.28,6.93,75150.58392053464,2.07,2.69,2.06,1.34,2.1,296,6.2700000000000005,5.36,11.03
2026-01-12 01:30:00+00:00,2.57,7.31,79866.77288874297,2.51,3.26,1.23,1.56,2.51,278,6.48,5.7,12.41
2026-01-12 02:00:00+00:00,2.36,7.3,80458.68221687968,2.17,2.72,2.13,1.35,2.16,295,6.87,5.38,10.87
2026-01-12 02:30:00+00:00,2.78,7.36,78265.04721517873,2.6,3.15,1.98,1.75,2.7,260,6.82,6.07,11.72
2026-01-12 03:00:00+00:00,2.85,7.58,79452.1230301437,2.58,3.2,2.39,1.64,2.6,272,10.44,5.83,11.96
2026-01-12 03:30:00+00:00,2.87,7.46,78576.96574045924,2.63,3.29,1.88,1.68,2.66,273,7.09,5.79,11.62
2026-01-12 04:00:00+00:00,2.89,7.42,79640.79654120097,2.77,3.39,1.98,1.7,2.73,277,8.3,5.72,11.79
2026-01-12 04:30:00+00:00,3.03,7.58,81142.4772578121,2.83,3.49,3.01,1.81,2.85,265,8.34,5.96,11.9
2026-01-12 05:00:00+00:00,3.19,7.97,81593.08111113569,3.0700000000000003,3.89,1.97,1.92,3.0700000000000003,247,9.96,6.42,12.23
2026-01-12 05:30:00+00:00,3.26,8.07,79723.84198361562,3.19,4.12,1.92,1.97,3.16,248,7.52,6.390000000000001,12.13
2026-01-12 06:00:00+00:00,3.11,7.74,80067.38231526357,2.97,3.71,1.87,1.9,2.99,252,9.71,6.2700000000000005,13.05
2026-01-12 06:30:00+00:00,3.51,7.7,76326.4557165631,3.35,4.05,2.16,2.1,3.34,257,8.27,6.13,12.4
2026-01-12 07:00:00+00:00,3.59,7.65,77244.97292432385,3.4,4.03,1.45,2.14,3.39,262,6.97,6.05,13.74
2026-01-12 07:30:00+00:00,3.61,8.08,78008.65957061517,3.47,4.13,2.42,2.23,3.5,237,6.91,6.68,12.11
2026-01-12 08:00:00+00:00,3.54,7.74,81881.72372014621,3.36,4.07,2.54,2.16,3.4,248,8.09,6.4,13.1
2026-01-12 08:30:00+00:00,3.84,7.7,81748.77210717408,3.63,4.47,2.84,2.33,3.68,250,8.39,6.33,12.77
2026-01-12 09:00:00+00:00,3.94,7.69,81904.40112965122,3.69,4.57,2.75,2.34,3.72,259,7.22,6.11,12.5
2026-01-12 09:30:00+00:00,3.43,7.52,86809.88658315263,3.35,4.34,2.24,2.01,3.28,268,7.18,5.91,12.33
2026-01-12 10:00:00+00:00,3.74,7.63,84185.79833006734,3.61,4.57,3.19,2.26,3.6,251,7.0200000000000005,6.29,12.42
2026-01-12 10:30:00+00:00,3.67,7.61,83819.86683869334,3.45,4.13,3.03,2.13,3.41,264,8.06,6.0,12.97
2026-01-12 11:00:00+00:00,3.72,7.72,85242.82217011682,3.46,4.5,1.93,2.11,3.42,262,7.890000000000001,6.04,12.57
2026-01-12 11:30:00+00:00,3.61,7.7,84778.1881662116,3.51,4.47,2.33,2.26,3.58,246,7.56,6.44,13.66
2026-01-12 12:00:00+00:00,3.84,7.72,85185.03591047131,3.64,4.37,2.1,2.26,3.6,259,7.69,6.13,12.07
2026-01-12 12:30:00+00:00,3.85,7.9,82110.89205509705,3.52,4.43,2.87,2.23,3.56,252,8.06,6.2700000000000005,11.87
2026-01-12 13:00:00+00:00,3.43,7.84,85492.28864932877,3.17,3.82,2.15,2.0,3.18,258,6.83,6.140000000000001,12.55
2026-01-12 13:30:00+00:00,3.63,8.19,84199.35490242268,3.49,4.2700000000000005,1.93,2.11,3.41,248,7.05,6.38,13.76
2026-01-12 14:00:00+00:00,3.65,7.890000000000001,80450.75107098409,3.48,4.28,2.25,2.24,3.5500000000000003,244,8.950000000000001,6.48,12.24
2026-01-12 14:30:00+00:00,3.73,7.77,82451.08582459856,3.46,4.3500000000000005,1.85,2.13,3.42,260,7.640000000000001,6.08,13.16
2026-01-12 15:00:00+00:00,3.63,7.68,81593.29369368125,3.43,4.22,2.46,2.26,3.52,245,6.92,6.44,12.5
2026-01-12 15:30:00+00:00,3.56,8.03,80362.12667071541,3.3200000000000003,4.2700000000000005,2.53,2.08,3.33,253,7.72,6.2700000000000005,12.78
2026-01-12 16:00:00+00:00,3.68,8.26,81768.59601222334,3.44,4.13,3.1,2.2,3.47,235,8.1,6.72,12.41
2026-01-12 16:30:00+00:00,3.56,8.040000000000001,84832.54456062139,3.38,4.23,1.78,2.06,3.34,256,9.18,6.19,13.45
2026-01-12 17:00:00+00:00,3.65,8.040000000000001,83501.60814774984,3.38,4.3100000000000005,2.17,2.1,3.38,254,8.89,6.23,12.36
2026-01-12 17:30:00+00:00,3.88,8.21,77222.64861346906,3.74,4.72,2.78,2.29,3.69,244,7.72,6.47,13.2
2026-01-12 18:00:00+00:00,3.83,8.18,74061.77262930493,3.64,4.58,2.92,2.27,3.64,241,8.290000000000001,6.55,12.97
2026-01-12 18:30:00+00:00,3.82,8.25,76799.67001204891,3.7,4.6000000000000005,1.82,2.36,3.72,227,9.53,6.94,13.21
2026-01-12 19:00:00+00:00,3.53,7.86,79124.410637781,3.35,4.05,1.36,2.12,3.36,249,6.17,6.37,12.78
2026-01-12 19:30:00+00:00,3.77,8.040000000000001,80003.1911217465,3.44,4.28,1.02,2.17,3.44,251,9.22,6.2700000000000005,12.57
2026-01-12 20:00:00+00:00,3.89,8.24,78640.27938267951,3.69,4.61,2.99,2.32,3.69,237,9.23,6.66,12.22
2026-01-12 20:30:00+00:00,3.84,8.2,78399.68975641186,3.7,4.59,1.82,2.31,3.69,240,9.61,6.62,11.78
2026-01-12 21:00:00+00:00,3.62,8.22,82043.94757397276,3.42,4.23,2.37,2.13,3.43,248,8.53,6.37,12.0
2026-01-12 21:30:00+00:00,3.9,8.66,81537.25620563004,3.82,4.73,2.42,2.39,3.81,224,9.26,7.04,13.22
2026-01-12 22:00:00+00:00,3.99,8.6,83207.21741342965,3.82,4.71,3.12,2.36,3.78,232,9.85,6.8100000000000005,12.25
2026-01-12 22:30:00+00:00,3.9,8.43,82419.71904518186,3.75,4.63,2.51,2.32,3.72,229,8.31,6.91,12.43
2026-01-12 23:00:00+00:00,3.76,8.16,79226.06619571407,3.56,4.39,2.41,2.28,3.6,244,9.01,6.51,11.63
2026-01-12 23:30:00+00:00,3.97,8.370000000000001,77898.40832125218,3.83,4.76,1.19,2.41,3.82,234,7.53,6.7700000000000005,12.79
2026-01-13 00:00:00+00:00,4.0,8.25,78476.7553627047,3.92,4.58,2.35,2.48,3.93,230,9.03,6.87,12.27
2026-01-13 00:30:00+00:00,3.92,8.14,80922.689216835,3.75,4.64,2.49,2.35,3.76,240,8.25,6.59,11.94
2026-01-13 01:00:00+00:00,3.8,8.11,80903.86368246126,3.49,4.3500000000000005,3.33,2.21,3.52,245,8.55,6.42,12.63
2026-01-13 01:30:00+00:00,3.61,8.19,78814.01028667696,3.28,4.13,3.6,2.06,3.27,257,8.78,6.18,12.03
2026-01-13 02:00:00+00:00,3.89,8.19,78991.77533827792,3.6,4.53,2.56,2.27,3.64,247,9.36,6.43,12.11
2026-01-13 02:30:00+00:00,3.6,8.2,76276.97319649832,3.47,4.44,2.21,2.21,3.51,239,8.02,6.63,11.94
2026-01-13 03:00:00+00:00,3.66,8.44,77131.83822904574,3.47,4.2700000000000005,2.66,2.18,3.46,237,8.8,6.7,13.27
2026-01-13 03:30:00+00:00,3.65,8.5,75773.4675443592,3.53,4.42,2.44,2.18,3.5,236,8.23,6.72,12.12
2026-01-13 04:00:00+00:00,3.52,8.27,75488.65654235105,3.33,4.05,3.23,2.09,3.34,247,8.43,6.41,12.68
2026-01-13 04:30:00+00:00,3.63,8.67,74256.07099387894,3.48,4.42,1.56,2.08,3.39,243,7.74,6.5,13.7
2026-01-13 05:00:00+00:00,3.59,8.45,76092.6078248621,3.39,4.38,2.2,2.09,3.36,239,8.32,6.640000000000001,12.78
2026-01-13 05:30:00+00:00,3.59,8.44,76188.20632438877,3.42,4.22,2.38,2.18,3.45,239,9.3,6.62,13.45
2026-01-13 06:00:00+00:00,3.91,8.57,77053.28358493652,3.68,4.38,2.13,2.33,3.68,231,7.95,6.8100000000000005,13.97
2026-01-13 06:30:00+00:00,3.92,8.73,77682.35964232491,3.65,4.74,2.82,2.19,3.5700000000000003,243,10.08,6.53,13.64
2026-01-13 07:00:00+00:00,3.72,8.49,73869.63013204251,3.5500000000000003,4.42,2.95,2.29,3.6,233,9.23,6.79,13.1
2026-01-13 07:30:00+00:00,4.15,8.82,74229.9217813987,3.94,4.8500000000000005,4.98,2.42,3.88,228,7.79,6.93,12.93
2026-01-13 08:00:00+00:00,3.94,8.77,74716.70622037456,3.74,4.62,2.21,2.33,3.74,227,8.97,6.96,14.41
2026-01-13 08:30:00+00:00,3.67,8.61,76896.82843884567,3.46,4.22,2.5,2.23,3.5,233,10.53,6.75,12.58
2026-01-13 09:00:00+00:00,3.93,9.02,78376.03129743767,3.67,4.76,2.84,2.24,3.64,231,10.82,6.87,15.96
2026-01-13 09:30:00+00:00,3.44,8.71,78297.3213028155,3.31,4.16,1.83,2.07,3.31,238,8.74,6.65,13.81
2026-01-13 10:00:00+00:00,3.7,9.18,78075.57612024716,3.52,4.34,1.85,2.19,3.5,218,9.1,7.28,15.68
2026-01-13 10:30:00+00:00,3.53,9.15,80101.69193231117,3.27,4.11,2.58,2.03,3.26,229,9.73,6.93,13.51
2026-01-13 11:00:00+00:00,3.59,9.34,81248.39421042269,3.45,4.46,3.25,2.01,3.31,226,12.13,7.0,13.29
2026-01-13 11:30:00+00:00,3.34,9.07,79581.00534238221,3.11,3.76,2.02,1.94,3.09,225,8.22,7.03,13.64
2026-01-13 12:00:00+00:00,3.38,9.72,83257.27993623655,3.22,4.1,2.16,1.96,3.19,216,11.77,7.35,15.93
2026-01-13 12:30:00+00:00,3.14,9.7,76343.34119469013,2.95,3.66,2.74,1.87,2.96,204,10.36,7.7,14.28
2026-01-13 13:00:00+00:00,3.0500000000000003,9.57,76858.4652799615,2.92,3.51,3.27,1.82,2.91,215,9.14,7.34,15.73
2026-01-13 13:30:00+00:00,3.11,9.91,81027.92770767205,3.08,3.91,2.28,1.86,3.03,202,12.26,7.83,15.51
2026-01-13 14:00:00+00:00,2.96,9.55,81837.67931076419,2.79,3.47,2.66,1.77,2.8000000000000003,208,8.55,7.61,14.0
2026-01-13 14:30:00+00:00,3.08,10.3,81136.79697270347,2.9,3.53,2.06,1.81,2.9,196,10.19,8.1,14.12
2026-01-13 15:00:00+00:00,3.21,10.36,78422.21108641342,3.0700000000000003,3.65,1.89,1.99,3.12,186,10.36,8.51,16.16
2026-01-13 15:30:00+00:00,3.13,10.13,79047.44500819326,2.98,3.6,1.82,1.86,2.98,199,9.3,7.930000000000001,16.71
2026-01-13 16:00:00+00:00,2.89,9.49,81128.51460720778,2.72,3.49,1.54,1.64,2.66,224,10.62,7.04,15.49
2026-01-13 16:30:00+00:00,2.83,10.16,84462.7617607491,2.73,3.45,2.28,1.66,2.69,209,10.5,7.56,14.91
2026-01-13 17:00:00+00:00,3.18,9.92,78270.93952659362,2.96,3.61,1.5,1.8,2.91,205,10.13,7.68,16.25
2026-01-13 17:30:00+00:00,3.0500000000000003,10.07,75808.7099107715,2.97,3.79,2.16,1.78,2.91,205,10.85,7.75,15.1
2026-01-13 18:00:00+00:00,2.95,10.06,78916.57498253697,2.68,3.3000000000000003,2.46,1.69,2.71,205,11.29,7.74,16.11
2026-01-13 18:30:00+00:00,2.95,10.1,77113.81480814866,2.82,3.44,2.12,1.8,2.85,194,10.35,8.18,14.65
2026-01-13 19:00:00+00:00,2.8000000000000003,10.06,78293.01141101499,2.7,3.27,2.09,1.73,2.72,197,10.15,8.040000000000001,15.74
2026-01-13 19:30:00+00:00,3.0700000000000003,10.18,75712.66945330784,2.95,3.62,2.9,1.84,2.94,193,9.75,8.19,14.61
2026-01-13 20:00:00+00:00,2.87,10.43,78577.35895984517,2.68,3.47,1.88,1.62,2.65,206,12.06,7.63,14.71
2026-01-13 20:30:00+00:00,2.99,10.79,79531.36807847698,2.88,3.54,2.08,1.72,2.81,190,11.46,8.31,16.66
2026-01-13 21:00:00+00:00,2.95,10.44,79419.52682897582,2.85,3.42,2.64,1.73,2.79,195,9.71,8.120000000000001,15.14
2026-01-13 21:30:00+00:00,3.25,11.06,75890.46462821007,3.0700000000000003,3.95,2.18,1.85,3.01,186,9.95,8.5,16.15
2026-01-13 22:00:00+00:00,3.21,11.16,78152.26660583212,3.04,3.73,1.98,1.91,3.0500000000000003,178,11.34,8.91,15.86
2026-01-13 22:30:00+00:00,3.25,10.42,77278.06769355529,3.16,3.99,1.43,1.94,3.13,191,11.64,8.27,15.72
2026-01-13 23:00:00+00:00,3.21,10.86,79305.25564865541,3.14,3.93,1.66,1.93,3.1,182,12.13,8.71,17.240000000000002
2026-01-13 23:30:00+00:00,3.22,10.75,76206.83819850802,3.04,3.81,1.99,1.87,3.01,186,12.42,8.47,17.05
2026-01-14 00:00:00+00:00,3.4,11.33,78846.04160455565,3.29,4.17,1.22,2.06,3.3000000000000003,170,10.85,9.31,16.740000000000002
2026-01-14 00:30:00+00:00,3.44,10.86,79354.44442645562,3.27,4.03,2.29,1.95,3.18,189,10.94,8.35,16.080000000000002
2026-01-14 01:00:00+00:00,3.92,11.47,76829.25860014131,3.78,4.9,2.62,2.38,3.8,164,10.97,9.63,17.2
2026-01-14 01:30:00+00:00,3.65,10.79,79368.67198155286,3.56,4.4,2.13,2.23,3.5700000000000003,179,11.36,8.82,15.35
2026-01-14 02:00:00+00:00,3.77,10.86,75704.30360207567,3.67,4.51,3.19,2.24,3.61,183,12.05,8.65,16.84
2026-01-14 02:30:00+00:00,4.16,11.29,75513.77346348867,3.87,4.82,3.08,2.43,3.86,175,10.22,8.950000000000001,16.240000000000002
2026-01-14 03:00:00+00:00,4.3,11.3,77377.08994594052,3.9,4.59,3.47,2.53,3.97,166,13.18,9.52,16.490000000000002
2026-01-14 03:30:00+00:00,4.22,11.28,75185.14311998362,4.08,4.89,3.36,2.5,4.04,170,12.29,9.3,16.17
2026-01-14 04:00:00+00:00,4.4,11.38,76646.96178341813,4.04,4.9,1.88,2.58,4.07,169,10.14,9.33,17.34
2026-01-14 04:30:00+00:00,3.91,11.09,77667.37067727055,3.7,4.67,2.82,2.24,3.64,180,12.3,8.8,17.93
2026-01-14 05:00:00+00:00,3.8,10.89,78287.53003653699,3.67,4.29,2.71,2.39,3.73,167,13.22,9.49,16.17
2026-01-14 05:30:00+00:00,3.72,11.02,81395.98544538299,3.64,4.5,1.99,2.28,3.66,170,10.67,9.21,17.580000000000002
2026-01-14 06:00:00+00:00,3.93,10.92,77630.29527614957,3.8,4.5200000000000005,2.57,2.48,3.86,169,12.09,9.38,15.27
2026-01-14 06:30:00+00:00,3.83,10.95,76341.3627970201,3.65,4.55,3.04,2.24,3.6,181,11.64,8.76,16.71
2026-01-14 07:00:00+00:00,3.94,11.17,77435.60945355303,3.79,4.69,2.25,2.38,3.79,167,10.85,9.46,15.72
2026-01-14 07:30:00+00:00,4.14,11.27,75303.14849696158,3.99,4.95,1.98,2.5,3.99,165,11.3,9.59,17.85
2026-01-14 08:00:00+00:00,4.3,11.06,77046.93502373977,4.1,5.33,1.52,2.45,4.01,173,10.34,9.13,15.85
2026-01-14 08:30:00+00:00,3.99,10.6,76654.65035805017,3.78,4.64,2.22,2.39,3.8,180,9.87,8.8,16.82
2026-01-14 09:00:00+00:00,3.5500000000000003,10.27,77443.1912037148,3.41,4.17,2.77,2.16,3.43,187,10.36,8.45,15.98
2026-01-14 09:30:00+00:00,3.7,10.3,77039.0976936123,3.41,4.22,2.28,2.13,3.42,191,10.03,8.3,17.64
2026-01-14 10:00:00+00:00,3.66,10.68,79376.10240324425,3.37,4.1,2.15,2.17,3.42,183,10.84,8.61,16.32
2026-01-14 10:30:00+00:00,3.73,10.54,78556.68017632037,3.46,4.23,2.18,2.25,3.52,186,12.41,8.540000000000001,15.38
2026-01-14 11:00:00+00:00,3.86,10.34,78623.30915706795,3.66,4.62,2.24,2.3000000000000003,3.67,187,11.64,8.45,14.71
2026-01-14 11:30:00+00:00,3.82,10.43,81169.4373131384,3.63,4.65,2.72,2.26,3.64,189,12.01,8.36,17.19
2026-01-14 12:00:00+00:00,3.44,9.85,83619.99343247492,3.23,4.0600000000000005,2.23,1.97,3.19,200,10.14,7.890000000000001,14.99
2026-01-14 12:30:00+00:00,3.6,10.33,78016.94909157025,3.48,4.55,3.26,2.19,3.5,181,10.1,8.700000000000001,15.08
2026-01-14 13:00:00+00:00,3.41,10.35,82706.56756914871,3.3000000000000003,3.82,2.15,2.08,3.31,189,9.21,8.36,16.22
2026-01-14 13:30:00+00:00,3.53,10.36,78315.49352884704,3.44,4.1,2.61,2.17,3.44,183,8.25,8.63,13.97
2026-01-14 14:00:00+00:00,3.35,10.0,77829.3934998336,3.23,3.95,1.93,2.07,3.28,195,11.57,8.14,14.26
2026-01-14 14:30:00+00:00,3.15,9.98,78645.31841925783,2.9,3.78,2.78,1.77,2.87,209,10.47,7.53,14.82
2026-01-14 15:00:00+00:00,3.0700000000000003,9.91,82006.0764541896,3.0,3.73,1.9,1.76,2.9,208,10.49,7.6,15.57
2026-01-14 15:30:00+00:00,3.3200000000000003,10.18,81824.49055449908,3.19,4.15,3.95,1.94,3.16,196,11.6,8.1,13.86
2026-01-14 16:00:00+00:00,3.23,9.95,82471.29366073625,3.0700000000000003,4.04,1.97,1.91,3.0700000000000003,192,9.74,8.23,15.17
2026-01-14 16:30:00+00:00,3.24,10.05,77505.83443217099,3.08,3.82,1.38,1.96,3.1,190,10.81,8.32,16.830000000000002
2026-01-14 17:00:00+00:00,3.16,10.1,81154.65642496604,3.1,3.88,2.87,1.95,3.11,186,10.8,8.46,15.58
2026-01-14 17:30:00+00:00,2.95,9.9,79956.04826258622,2.92,3.63,1.84,1.8,2.89,199,12.31,7.92,14.43
2026-01-14 18:00:00+00:00,3.06,9.77,77771.91353047261,2.94,3.5700000000000003,2.08,1.88,2.97,194,8.69,8.18,16.05
2026-01-14 18:30:00+00:00,2.94,9.9,74330.99738638608,2.85,3.52,1.91,1.75,2.82,198,9.81,8.0,14.06
2026-01-14 19:00:00+00:00,3.0700000000000003,10.09,75168.1756942167,2.91,3.6,1.55,1.92,2.99,186,10.89,8.49,16.72
2026-01-14 19:30:00+00:00,3.03,10.03,80794.889687245,2.97,3.71,2.18,1.83,2.94,188,10.47,8.4,15.26
2026-01-14 20:00:00+00:00,2.74,9.56,78880.75710661661,2.68,3.33,1.4,1.67,2.66,207,10.46,7.66,14.31
2026-01-14 20:30:00+00:00,2.61,9.44,79044.48843498387,2.46,3.06,1.83,1.54,2.46,209,10.48,7.55,14.48
2026-01-14 21:00:00+00:00,2.67,9.58,79469.96307671626,2.58,3.1,1.46,1.64,2.6,203,9.27,7.82,14.75
2026-01-14 21:30:00+00:00,2.7,9.55,78289.77119950607,2.56,3.08,1.14,1.63,2.57,203,9.23,7.78,14.97
2026-01-14 22:00:00+00:00,2.66,9.35,81799.18522980012,2.61,3.24,1.83,1.65,2.62,198,9.34,7.98,15.15
2026-01-14 22:30:00+00:00,2.48,9.42,85592.39939720128,2.43,2.98,1.5,1.51,2.42,207,11.05,7.63,15.41
2026-01-14 23:00:00+00:00,2.68,9.81,83238.04467199503,2.58,3.28,3.54,1.61,2.6,196,8.99,8.040000000000001,15.32
2026-01-14 23:30:00+00:00,2.53,9.43,83021.55025337558,2.33,2.97,1.41,1.39,2.29,226,9.67,7.0,15.46
2026-01-15 00:00:00+00:00,2.39,9.3,,2.28,2.83,1.89,1.38,2.24,227,11.43,6.99,14.78
2026-01-15 00:30:00+00:00,2.19,9.12,80277.40510170626,2.1,2.5500000000000003,1.33,1.29,2.07,229,11.0,6.890000000000001,13.63
2026-01-15 01:00:00+00:00,2.27,9.38,79582.82623174491,2.14,2.7,0.94,1.29,2.1,237,10.91,6.7,15.18
2026-01-15 01:30:00+00:00,2.01,8.64,78011.54088102144,1.9,2.34,1.78,1.14,1.85,268,8.31,5.92,12.86
2026-01-15 02:00:00+00:00,2.14,8.89,79004.33553205653,2.04,2.6,1.26,1.23,2.0,251,10.03,6.32,15.05
2026-01-15 02:30:00+00:00,2.03,8.93,78426.31273463152,1.85,2.39,1.29,1.12,1.82,273,8.41,5.8100000000000005,15.07
2026-01-15 03:00:00+00:00,2.07,8.77,72009.46929731863,2.0,2.47,1.76,1.2,1.95,263,11.0,6.01,13.45
2026-01-15 03:30:00+00:00,2.07,8.33,71884.8049817061,1.87,2.39,1.67,1.12,1.82,299,9.33,5.3,12.53
2026-01-15 04:00:00+00:00,1.97,8.08,73595.6670727363,1.78,2.21,1.71,1.12,1.78,298,9.27,5.32,13.73
2026-01-15 04:30:00+00:00,1.98,8.38,73304.48906073943,1.82,2.18,1.9,1.18,1.85,274,9.49,5.76,13.55
2026-01-15 05:00:00+00:00,2.04,8.0,76161.23757444,1.82,2.32,1.58,1.16,1.84,304,10.87,5.2,13.47
2026-01-15 05:30:00+00:00,2.12,7.94,74462.64500124396,1.9,2.42,1.63,1.2,1.91,304,10.62,5.21,11.36
2026-01-15 06:00:00+00:00,2.12,7.82,72288.74036806166,1.95,2.45,2.41,1.23,1.96,295,9.23,5.38,12.89
2026-01-15 06:30:00+00:00,2.11,8.040000000000001,75773.0982241381,1.87,2.4,2.76,1.17,1.87,313,9.69,5.05,12.94
2026-01-15 07:00:00+00:00,2.26,8.040000000000001,78491.86914874786,2.06,2.49,1.75,1.32,2.08,301,10.3,5.2700000000000005,12.37
2026-01-15 07:30:00+00:00,2.39,7.83,76926.35422560299,2.14,2.67,2.58,1.38,2.18,303,10.36,5.23,14.06
2026-01-15 08:00:00+00:00,2.56,9.2,78550.55353552279,2.31,2.82,2.74,1.48,2.34,298,6.68,5.3100000000000005,15.27
2026-01-15 08:30:00+00:00,2.75,8.18,78931.53167688005,2.49,3.12,2.77,1.62,2.53,294,5.55,5.39,12.41
2026-01-15 09:00:00+00:00,2.87,8.38,81377.34155589438,2.62,3.0700000000000003,2.72,1.7,2.65,280,5.46,5.64,15.77
2026-01-15 09:30:00+00:00,3.23,8.81,84583.06690677576,2.95,3.58,2.14,1.94,3.02,268,6.3500000000000005,5.93,15.45
2026-01-15 10:00:00+00:00,3.48,9.62,83325.28477675305,3.03,3.72,3.64,2.03,3.15,254,7.19,6.21,20.44
2026-01-15 10:30:00+00:00,3.5700000000000003,9.21,81210.42100650384,3.25,4.07,2.43,2.1,3.31,266,7.74,5.94,15.64
2026-01-15 11:00:00+00:00,4.01,11.38,81173.21773987367,3.62,4.38,2.82,2.34,3.66,226,11.07,6.99,19.17
2026-01-15 11:30:00+00:00,3.69,9.41,84784.00732067363,3.37,4.15,3.36,2.2,3.44,251,12.36,6.32,17.72
2026-01-15 12:00:00+00:00,4.2,10.28,83341.88825643077,3.88,4.83,3.52,2.51,3.93,238,9.04,6.63,18.78
2026-01-15 12:30:00+00:00,4.04,10.19,84465.1314442199,3.59,4.37,3.06,2.31,3.65,242,7.42,6.55,18.74
2026-01-15 13:00:00+00:00,4.33,10.94,83717.79777802367,3.86,4.76,3.49,2.5,3.94,218,7.68,7.28,18.76
2026-01-15 13:30:00+00:00,4.4,12.11,87473.84955084341,3.97,4.79,5.0600000000000005,2.58,4.05,204,13.59,7.78,20.82
2026-01-15 14:00:00+00:00,4.5600000000000005,12.6,84439.42224497384,4.18,4.97,4.78,2.72,4.28,191,8.02,8.27,20.87
2026-01-15 14:30:00+00:00,4.36,12.43,79837.24141574505,4.0200000000000005,5.08,5.1000000000000005,2.52,4.01,201,8.78,7.9,20.76
2026-01-15 15:00:00+00:00,4.15,11.82,80002.35771562325,3.76,4.74,4.13,2.27,3.69,208,13.73,7.58,17.91
2026-01-15 15:30:00+00:00,3.94,11.81,81869.03123594026,3.5500000000000003,4.44,4.32,2.29,3.61,193,16.02,8.19,22.08
2026-01-15 16:00:00+00:00,4.53,13.91,77944.90338940852,4.24,5.43,2.72,2.56,4.16,169,18.18,9.37,21.36
2026-01-15 16:30:00+00:00,3.74,12.45,80988.78926291507,3.5700000000000003,4.4,3.94,2.28,3.59,176,16.19,9.0,20.1
2026-01-15 17:00:00+00:00,3.97,12.98,81805.63963226456,3.6,4.3500000000000005,3.34,2.43,3.75,169,18.23,9.39,20.24
2026-01-15 17:30:00+00:00,3.63,11.96,83583.61744720796,3.43,4.34,3.87,2.14,3.4,181,8.58,8.74,20.78
2026-01-15 18:00:00+00:00,3.61,12.29,78078.43221727565,3.37,4.34,3.0500000000000003,2.05,3.3200000000000003,188,14.99,8.34,19.37
2026-01-15 18:30:00+00:00,3.94,13.23,78313.90643806026,3.64,4.7,2.7,2.28,3.65,172,19.02,9.19,20.71
2026-01-15 19:00:00+00:00,3.61,12.65,74522.62981838877,3.27,4.19,4.37,2.05,3.27,181,15.53,8.74,19.13
2026-01-15 19:30:00+00:00,4.15,13.6,74909.12220190276,3.89,4.8100000000000005,3.0,2.39,3.85,164,16.22,9.61,19.8
2026-01-15 20:00:00+00:00,4.05,13.76,76053.8659704462,3.9,4.9,3.02,2.36,3.82,159,16.87,9.89,20.27
2026-01-15 20:30:00+00:00,3.61,13.04,79956.45940341442,3.19,4.19,2.38,1.91,3.14,185,14.59,8.52,19.51
2026-01-15 21:00:00+00:00,3.47,12.0,77431.28060866086,3.24,4.04,3.46,1.99,3.19,184,11.33,8.56,18.43
2026-01-15 21:30:00+00:00,3.5700000000000003,12.86,78954.83666450098,3.41,4.3100000000000005,3.83,2.08,3.35,172,11.89,9.15,19.23
2026-01-15 22:00:00+00:00,4.1,13.77,79515.60368312254,3.8,4.82,3.5700000000000003,2.37,3.79,153,14.24,10.31,20.23
2026-01-15 22:30:00+00:00,3.66,12.7,81402.34101676148,3.51,4.2700000000000005,2.04,2.24,3.54,162,15.24,9.71,20.19
2026-01-15 23:00:00+00:00,3.96,13.8,80410.68553553833,3.76,4.69,3.72,2.22,3.62,167,16.88,9.49,18.68
2026-01-15 23:30:00+00:00,3.84,12.46,77851.97792130188,3.65,4.61,2.22,2.21,3.5700000000000003,167,16.41,9.37,19.7
2026-01-16 00:00:00+00:00,3.94,13.44,78036.16699956593,3.83,4.82,1.99,2.38,3.81,152,14.0,10.39,21.63
2026-01-16 00:30:00+00:00,3.78,12.87,78501.00799525974,3.71,4.61,2.22,2.42,3.78,145,13.83,10.89,19.66
2026-01-16 01:00:00+00:00,4.3500000000000005,13.37,79165.8657399225,4.13,5.24,1.94,2.52,4.07,152,14.9,10.35,17.89
2026-01-16 01:30:00+00:00,3.84,12.67,79069.11375082875,3.64,4.5200000000000005,2.43,2.24,3.6,161,11.8,9.8,19.4
2026-01-16 02:00:00+00:00,3.75,12.69,80638.44980438729,3.53,4.3500000000000005,2.51,2.2,3.52,165,14.56,9.62,19.94
2026-01-16 02:30:00+00:00,4.3,12.77,80405.22504378723,4.05,4.96,3.59,2.53,4.03,163,13.56,9.69,19.45
2026-01-16 03:00:00+00:00,4.13,12.87,80692.93128970743,3.91,5.03,2.62,2.44,3.93,159,13.77,9.95,19.42
2026-01-16 03:30:00+00:00,3.91,12.62,79591.9953598825,3.69,4.7,3.09,2.23,3.64,170,15.26,9.27,18.56
2026-01-16 04:00:00+00:00,4.38,12.61,80729.32882742626,3.99,4.88,2.48,2.61,4.11,163,13.5,9.65,19.92
2026-01-16 04:30:00+00:00,4.3500000000000005,12.71,79001.56300635927,4.12,4.99,2.7,2.57,4.09,169,13.96,9.4,19.22
2026-01-16 05:00:00+00:00,4.21,12.35,78647.54426712009,3.95,5.03,4.1,2.42,3.9,173,11.24,9.13,17.6
2026-01-16 05:30:00+00:00,4.01,12.4,78439.34646909784,3.71,4.74,3.09,2.3000000000000003,3.71,174,13.26,9.07,19.49
2026-01-16 06:00:00+00:00,4.33,12.63,78742.42139593548,4.12,5.22,2.93,2.5500000000000003,4.1,165,14.74,9.59,19.43
2026-01-16 06:30:00+00:00,3.86,12.77,77426.9109654874,3.61,4.48,1.96,2.2,3.5500000000000003,172,11.47,9.11,21.22
2026-01-16 07:00:00+00:00,4.0200000000000005,12.24,81041.9238249559,3.73,4.4,2.28,2.42,3.8,170,15.62,9.3,21.56
2026-01-16 07:30:00+00:00,4.41,13.2,82106.36402083642,4.16,5.34,3.01,2.57,4.14,165,16.94,9.58,20.17
2026-01-16 08:00:00+00:00,4.38,13.1,82235.02541431588,4.0,5.2,2.52,2.38,3.9,174,16.42,9.12,18.92
2026-01-16 08:30:00+00:00,4.0600000000000005,12.44,80940.16199294757,3.94,5.0,3.42,2.41,3.89,170,13.12,9.28,20.72
2026-01-16 09:00:00+00:00,3.76,11.61,78086.26787163361,3.51,4.33,2.33,2.07,3.41,199,12.36,7.91,17.990000000000002
2026-01-16 09:30:00+00:00,3.73,12.16,77198.87923351844,3.47,4.36,3.0500000000000003,2.16,3.46,177,12.15,8.9,19.19
2026-01-16 10:00:00+00:00,4.37,12.62,79307.82347872482,4.11,5.13,3.02,2.5500000000000003,4.09,166,14.43,9.51,18.5
2026-01-16 10:30:00+00:00,4.15,13.02,79552.14747155266,3.95,4.8100000000000005,3.67,2.39,3.9,168,14.51,9.4,18.84
2026-01-16 11:00:00+00:00,4.19,13.2,79125.56761147582,4.12,5.21,4.43,2.57,4.12,153,14.81,10.27,18.86
2026-01-16 11:30:00+00:00,4.13,13.08,77535.5741141709,3.97,4.78,2.36,2.57,4.03,150,12.32,10.5,19.17
2026-01-16 12:00:00+00:00,3.87,12.58,80415.54595146592,3.65,4.45,2.44,2.29,3.64,166,13.39,9.51,19.05
2026-01-16 12:30:00+00:00,3.98,12.78,76252.1075979564,3.84,4.67,2.94,2.41,3.82,161,12.25,9.84,18.06
2026-01-16 13:00:00+00:00,4.12,13.53,77425.15821968167,3.88,4.59,2.58,2.43,3.87,150,13.95,10.48,18.56
2026-01-16 13:30:00+00:00,3.85,12.38,78934.0367695509,3.48,4.28,3.69,2.23,3.53,168,12.9,9.36,18.97
2026-01-16 14:00:00+00:00,3.82,13.21,78296.53189463993,3.64,4.5600000000000005,2.3000000000000003,2.34,3.69,150,13.5,10.49,19.17
2026-01-16 14:30:00+00:00,4.05,13.1,80041.42053443527,3.82,4.69,4.07,2.37,3.79,160,16.44,9.8,17.71
2026-01-16 15:00:00+00:00,3.42,12.6,80203.46793746768,3.28,4.23,2.43,1.97,3.22,170,12.04,9.28,19.57
2026-01-16 15:30:00+00:00,3.91,13.06,77035.53022818215,3.62,4.47,2.96,2.3000000000000003,3.64,156,13.64,10.14,19.1
2026-01-16 16:00:00+00:00,3.75,13.0,75673.42470470902,3.56,4.5600000000000005,2.94,2.24,3.58,153,14.82,10.31,18.6
2026-01-16 16:30:00+00:00,3.81,12.25,73827.593305922,3.64,4.8100000000000005,1.65,2.17,3.56,172,12.03,9.19,18.48
2026-01-16 17:00:00+00:00,3.9,12.47,75141.11478903789,3.7,4.6000000000000005,2.01,2.3000000000000003,3.69,157,12.6,10.05,19.79
2026-01-16 17:30:00+00:00,3.69,12.46,74615.38605170469,3.62,4.42,2.09,2.24,3.58,156,12.57,10.06,19.25
2026-01-16 18:00:00+00:00,3.95,12.44,75777.41957697782,3.8,4.71,2.97,2.34,3.74,160,12.85,9.83,18.73
2026-01-16 18:30:00+00:00,3.64,12.45,76541.74490567876,3.5,4.17,3.1,2.28,3.58,153,13.72,10.33,18.66
2026-01-16 19:00:00+00:00,3.73,11.9,81143.49222840459,3.67,4.53,4.76,2.28,3.64,167,12.83,9.48,16.9
2026-01-16 19:30:00+00:00,3.92,12.34,84621.86644307063,3.76,4.55,2.96,2.41,3.82,157,13.33,10.07,18.69
2026-01-16 20:00:00+00:00,4.28,12.61,85590.77294443802,4.0,4.94,2.42,2.44,3.93,160,14.42,9.85,21.02
2026-01-16 20:30:00+00:00,3.89,12.12,81573.04723567794,3.79,4.91,1.51,2.33,3.75,165,11.15,9.62,21.02
2026-01-16 21:00:00+00:00,4.26,12.49,79070.57380038904,4.04,5.08,2.65,2.54,4.07,159,12.95,9.98,18.09
2026-01-16 21:30:00+00:00,4.49,12.3,77296.17115558565,4.34,5.11,3.53,2.84,4.43,148,12.38,10.63,17.96
2026-01-16 22:00:00+00:00,4.51,12.92,76561.26533599968,4.24,5.3100000000000005,2.88,2.68,4.2700000000000005,155,13.06,10.16,18.75
2026-01-16 22:30:00+00:00,4.58,13.15,79351.60662117519,4.33,5.49,3.27,2.67,4.29,156,14.6,10.14,18.4
2026-01-16 23:00:00+00:00,4.5,12.67,81374.63111377912,4.09,5.32,2.84,2.56,4.11,161,14.99,9.79,19.21
2026-01-16 23:30:00+00:00,4.66,13.08,80505.23974714996,4.6000000000000005,5.71,3.2,2.96,4.67,144,13.07,11.02,18.95
2026-01-17 00:00:00+00:00,5.04,13.28,76247.66407257027,4.94,5.92,3.79,3.09,4.94,141,12.54,11.16,18.19
2026-01-17 00:30:00+00:00,4.66,12.85,74875.07079307419,4.46,5.5200000000000005,5.03,2.86,4.49,150,12.7,10.55,19.02
2026-01-17 01:00:00+00:00,4.88,13.27,76429.65189482871,4.76,5.97,2.1,3.02,4.82,143,14.87,10.99,22.12
2026-01-17 01:30:00+00:00,5.11,13.43,78839.12321142276,4.71,5.74,3.91,2.98,4.72,148,13.19,10.69,19.15
2026-01-17 02:00:00+00:00,5.1000000000000005,13.19,79730.7267957832,4.8500000000000005,5.88,2.75,3.11,4.88,142,13.73,11.05,19.97
2026-01-17 02:30:00+00:00,4.75,13.04,78392.8340174902,4.44,5.65,4.07,2.71,4.4,161,13.79,9.8,18.79
2026-01-17 03:00:00+00:00,4.88,13.35,75768.99221527517,4.6000000000000005,5.67,4.63,2.81,4.54,148,15.04,10.71,19.06
2026-01-17 03:30:00+00:00,4.91,13.37,73871.79873869063,4.67,6.13,2.62,2.87,4.65,148,14.89,10.72,19.11
2026-01-17 04:00:00+00:00,4.7,13.33,73060.3551048106,4.55,5.9,2.08,2.7,4.43,151,13.51,10.5,19.57
2026-01-17 04:30:00+00:00,4.92,13.45,67748.76096020886,4.67,5.96,3.24,3.06,4.79,137,12.84,11.54,17.86
2026-01-17 05:00:00+00:00,4.47,12.59,62156.711296474816,4.23,5.24,5.04,2.59,4.18,161,12.75,9.75,17.900000000000002
2026-01-17 05:30:00+00:00,4.2700000000000005,12.95,58346.43794052817,4.1,5.19,2.06,2.4,3.98,161,14.9,9.84,21.9
2026-01-17 06:00:00+00:00,4.41,12.69,65513.629535947526,4.12,5.18,2.69,2.45,4.03,161,13.15,9.74,19.6
2026-01-17 06:30:00+00:00,4.22,12.79,73999.6124786107,3.89,4.72,2.7,2.47,3.93,152,13.28,10.3,20.41
2026-01-17 07:00:00+00:00,4.44,13.25,76683.33998390003,4.33,5.55,2.47,2.73,4.38,144,14.47,10.96,18.57
2026-01-17 07:30:00+00:00,4.04,12.67,80562.41803241646,3.89,4.74,2.21,2.48,3.93,148,12.89,10.63,18.94
2026-01-17 08:00:00+00:00,3.61,11.86,78937.51456481306,3.39,4.2,3.23,2.14,3.4,171,12.55,9.27,18.65
2026-01-17 08:30:00+00:00,4.17,12.56,78098.15343624791,3.97,5.18,2.58,2.48,3.99,154,13.9,10.21,18.43
2026-01-17 09:00:00+00:00,4.36,12.94,77293.69332005044,4.19,5.14,2.62,2.6,4.17,151,14.42,10.43,18.55
2026-01-17 09:30:00+00:00,3.86,12.59,71659.90240929538,3.69,4.66,2.07,2.19,3.6,168,14.8,9.41,18.44
2026-01-17 10:00:00+00:00,4.07,12.45,72823.70383277907,3.76,4.7,2.76,2.35,3.77,158,11.75,10.01,17.21
2026-01-17 10:30:00+00:00,4.22,12.87,74540.94351464183,4.12,5.14,4.46,2.42,3.97,159,13.47,9.89,17.36
2026-01-17 11:00:00+00:00,4.28,12.09,77587.32418499135,4.0600000000000005,5.1000000000000005,2.43,2.42,3.97,168,11.17,9.4,17.62
2026-01-17 11:30:00+00:00,4.1,12.66,74632.41944762251,3.9,4.8500000000000005,1.97,2.44,3.93,151,13.86,10.48,18.71
2026-01-17 12:00:00+00:00,4.54,12.58,77638.03720295077,4.4,5.3500000000000005,3.2,2.78,4.42,147,12.41,10.69,19.24
2026-01-17 12:30:00+00:00,4.29,12.67,77383.40196891387,4.03,5.17,2.38,2.44,3.97,158,13.57,9.98,18.79
2026-01-17 13:00:00+00:00,3.83,12.33,77831.73422368601,3.69,4.41,3.88,2.39,3.76,156,14.44,10.08,17.8
2026-01-17 13:30:00+00:00,3.97,12.27,78016.64227877742,3.71,4.76,1.55,2.35,3.73,153,13.39,10.28,18.95
2026-01-17 14:00:00+00:00,4.04,12.34,77444.05523323477,3.87,4.8,2.84,2.54,3.99,150,11.59,10.5,17.22
2026-01-17 14:30:00+00:00,4.1,12.02,74919.67397217537,3.89,4.8500000000000005,2.78,2.54,3.97,151,12.41,10.4,18.17
2026-01-17 15:00:00+00:00,4.13,12.02,79541.16185321679,4.01,5.15,2.46,2.6,4.08,151,12.9,10.5,18.81
2026-01-17 15:30:00+00:00,3.89,12.09,78353.65190939985,3.69,4.47,2.93,2.36,3.73,156,11.01,10.15,19.08
2026-01-17 16:00:00+00:00,3.94,11.97,81649.20447625066,3.73,4.42,2.45,2.44,3.83,156,14.23,10.13,18.5
2026-01-17 16:30:00+00:00,3.86,11.91,79174.11717357088,3.51,4.5600000000000005,1.97,2.15,3.48,175,12.81,9.02,18.17
2026-01-17 17:00:00+00:00,3.7,11.69,77984.9668454021,3.59,4.3100000000000005,2.73,2.27,3.59,162,11.75,9.78,18.35
2026-01-17 17:30:00+00:00,3.86,11.6,81191.36514387786,3.65,4.53,2.54,2.39,3.76,163,12.45,9.69,16.62
2026-01-17 18:00:00+00:00,3.5700000000000003,11.72,82277.8991394413,3.26,4.2,2.42,2.03,3.25,177,13.65,8.91,17.59
2026-01-17 18:30:00+00:00,3.52,11.41,80291.83229719893,3.42,4.0600000000000005,2.09,2.08,3.35,173,11.98,9.13,16.31
2026-01-17 19:00:00+00:00,3.52,11.22,80816.30323403429,3.36,4.23,2.85,2.09,3.35,181,10.74,8.73,15.85
2026-01-17 19:30:00+00:00,3.72,11.43,81380.05664957478,3.61,4.44,1.41,2.28,3.64,166,13.01,9.45,17.71
2026-01-17 20:00:00+00:00,3.45,11.38,79105.97953037091,3.31,4.25,2.0,2.0,3.27,180,10.18,8.76,19.88
2026-01-17 20:30:00+00:00,3.42,11.23,80487.84373460495,3.33,4.19,2.19,2.03,3.28,178,15.63,8.870000000000001,16.76
2026-01-17 21:00:00+00:00,3.7,11.43,78683.2360706075,3.48,4.0600000000000005,3.0,2.16,3.46,174,9.35,9.0,16.36
2026-01-17 21:30:00+00:00,3.1,11.01,78480.7555706264,2.91,3.59,1.74,1.82,2.91,182,9.51,8.69,16.28
2026-01-17 22:00:00+00:00,3.68,11.56,83466.06136164894,3.61,4.42,1.78,2.32,3.64,161,9.06,9.84,16.52
2026-01-17 22:30:00+00:00,3.14,10.74,78723.81500129125,2.95,3.64,2.43,1.94,3.02,174,11.48,9.05,15.97
2026-01-17 23:00:00+00:00,3.19,11.07,77417.47682472543,3.03,3.7,1.93,1.88,3.0,184,9.08,8.61,16.86
2026-01-17 23:30:00+00:00,3.37,11.44,74013.17090886441,3.27,3.97,2.18,2.04,3.27,170,10.96,9.32,15.95
2026-01-18 00:00:00+00:00,3.18,11.48,64723.73362429405,2.96,4.0200000000000005,3.01,1.77,2.93,184,12.84,8.58,15.55
2026-01-18 00:30:00+00:00,3.03,10.87,64457.431942115865,2.87,3.47,1.97,1.82,2.88,182,11.1,8.69,16.9
2026-01-18 01:00:00+00:00,2.79,10.65,58019.309161412704,2.63,3.37,2.6,1.7,2.68,184,11.49,8.56,15.08
2026-01-18 01:30:00+00:00,2.93,10.63,57105.449861285866,2.85,3.56,2.32,1.71,2.8000000000000003,195,9.87,8.120000000000001,15.62
2026-01-18 02:00:00+00:00,2.94,10.71,57903.69061224323,2.73,3.53,1.88,1.73,2.76,186,12.5,8.48,16.71
2026-01-18 02:30:00+00:00,3.01,10.74,52539.54425064956,2.76,3.38,2.34,1.74,2.77,191,13.83,8.24,17.17
2026-01-18 03:00:00+00:00,2.86,10.58,52991.638985887046,2.78,3.35,1.43,1.74,2.78,189,12.02,8.370000000000001,16.71
2026-01-18 03:30:00+00:00,2.81,10.44,52328.58510992899,2.67,3.28,2.41,1.59,2.6,204,10.87,7.73,16.05
2026-01-18 04:00:00+00:00,2.79,10.53,49314.160699428816,2.7,3.29,3.0,1.68,2.69,192,11.47,8.22,14.4
2026-01-18 04:30:00+00:00,2.77,10.75,52205.60073093722,2.6,3.25,1.09,1.63,2.62,192,9.63,8.25,17.57
2026-01-18 05:00:00+00:00,2.64,10.28,49822.47403233749,2.48,3.1,2.71,1.53,2.46,198,11.32,7.97,13.66
2026-01-18 05:30:00+00:00,2.63,10.55,49783.32174540079,2.46,3.1,2.26,1.51,2.44,200,12.01,7.9,15.06
2026-01-18 06:00:00+00:00,2.77,10.55,46022.91561086526,2.7,3.22,2.68,1.72,2.72,180,11.26,8.81,15.68
2026-01-18 06:30:00+00:00,2.78,10.04,43084.38547349272,2.75,3.43,1.65,1.65,2.69,192,9.59,8.19,15.61
2026-01-18 07:00:00+00:00,2.66,10.45,45356.96821117756,2.57,3.22,1.73,1.61,2.59,188,12.42,8.39,15.4
2026-01-18 07:30:00+00:00,2.68,10.33,45645.040652993295,2.56,3.28,2.24,1.54,2.51,203,10.26,7.74,15.91
2026-01-18 08:00:00+00:00,2.82,10.45,47551.969146291674,2.76,3.43,2.65,1.65,2.69,189,10.71,8.32,14.53
2026-01-18 08:30:00+00:00,2.56,10.02,43154.93429178607,2.48,3.17,1.89,1.55,2.49,192,9.91,8.23,15.75
2026-01-18 09:00:00+00:00,2.57,9.89,41424.248366559004,2.45,3.16,1.78,1.55,2.47,194,11.12,8.13,15.18
2026-01-18 09:30:00+00:00,2.58,9.61,45099.143714250764,2.44,3.06,1.67,1.58,2.49,198,8.74,8.01,15.56
2026-01-18 10:00:00+00:00,2.45,9.6,44152.1381956303,2.33,2.87,1.9,1.45,2.32,207,11.6,7.66,13.8
2026-01-18 10:30:00+00:00,2.34,9.59,54247.3281985489,2.21,2.72,2.02,1.39,2.22,209,10.93,7.57,13.88
2026-01-18 11:00:00+00:00,2.35,9.48,68411.10430968626,2.29,2.79,1.12,1.4,2.25,214,11.66,7.41,14.38
2026-01-18 11:30:00+00:00,2.61,9.93,72207.88503288294,2.45,3.09,1.9,1.5,2.42,207,9.79,7.640000000000001,14.49
2026-01-18 12:00:00+00:00,2.35,9.38,77060.56012658999,2.26,2.83,1.3,1.39,2.25,217,10.74,7.27,14.12
2026-01-18 12:30:00+00:00,2.41,9.41,76691.50140157186,2.33,2.84,1.19,1.51,2.38,199,10.0,7.97,14.47
2026-01-18 13:00:00+00:00,2.28,9.09,76452.05839219199,2.24,2.76,1.31,1.39,2.23,215,9.72,7.37,14.51
2026-01-18 13:30:00+00:00,2.44,9.35,75841.02670150976,2.24,2.7,1.64,1.39,2.22,220,9.0,7.19,13.68
2026-01-18 14:00:00+00:00,2.51,9.3,80904.14866265871,2.4,3.01,1.22,1.39,2.3000000000000003,234,11.25,6.73,13.6
2026-01-18 14:30:00+00:00,2.31,9.12,82518.94839756197,2.18,2.78,1.77,1.31,2.13,243,11.38,6.5,13.98
2026-01-18 15:00:00+00:00,2.39,8.82,85445.61518626903,2.28,2.91,1.55,1.4,2.26,240,10.67,6.6000000000000005,14.52
2026-01-18 15:30:00+00:00,2.35,8.870000000000001,86065.37614009589,2.22,2.83,1.54,1.33,2.17,245,9.6,6.47,13.86
2026-01-18 16:00:00+00:00,2.44,9.04,83569.63812675285,2.29,2.83,1.85,1.41,2.27,236,7.26,6.69,13.47
2026-01-18 16:30:00+00:00,2.15,8.56,85862.00181252387,1.99,2.42,1.75,1.23,1.97,263,11.17,6.04,15.42
2026-01-18 17:00:00+00:00,2.25,9.0,84695.23484978067,2.1,2.62,1.42,1.28,2.06,246,9.35,6.42,14.1
2026-01-18 17:30:00+00:00,2.15,8.74,85843.57898178966,1.98,2.5,1.83,1.24,1.98,254,7.54,6.23,13.46
2026-01-18 18:00:00+00:00,2.14,9.05,80649.54725930668,2.01,2.5,1.64,1.23,1.98,241,11.39,6.53,13.54
2026-01-18 18:30:00+00:00,2.1,9.16,82040.86709791781,1.98,2.5,1.45,1.23,1.97,234,9.88,6.75,14.67
2026-01-18 19:00:00+00:00,2.09,9.01,86862.59293156218,2.0,2.48,1.93,1.25,2.0,235,10.29,6.74,13.11
2026-01-18 19:30:00+00:00,2.13,9.1,89357.04157231566,1.96,2.48,1.62,1.17,1.92,247,9.78,6.390000000000001,13.96
2026-01-18 20:00:00+00:00,1.95,9.05,88452.35439989541,1.82,2.43,1.59,1.09,1.79,246,10.71,6.44,13.93
2026-01-18 20:30:00+00:00,2.02,9.09,95022.49661152287,1.93,2.42,1.29,1.16,1.89,238,11.22,6.65,12.58
2026-01-18 21:00:00+00:00,1.87,9.11,85373.84928884696,1.77,2.18,2.11,1.12,1.78,226,9.98,7.0200000000000005,13.65
2026-01-18 21:30:00+00:00,1.78,8.74,84969.65999505905,1.71,2.09,1.51,1.07,1.7,232,9.21,6.8,12.64
2026-01-18 22:00:00+00:00,1.93,9.24,91272.59623636401,1.82,2.37,1.07,1.13,1.82,220,9.21,7.18,13.43
2026-01-18 22:30:00+00:00,2.04,9.36,88416.70958002277,1.95,2.45,1.56,1.23,1.96,203,8.74,7.78,13.45
2026-01-18 23:00:00+00:00,1.95,9.24,81658.75139424416,1.91,2.35,1.24,1.17,1.88,211,10.78,7.49,13.44
2026-01-18 23:30:00+00:00,1.89,9.2,84563.38497186193,1.81,2.26,1.83,1.13,1.8,219,9.9,7.21,13.16
2026-01-19 00:00:00+00:00,2.06,9.37,83176.60635206096,1.94,2.32,1.35,1.24,1.95,209,10.05,7.56,13.48
2026-01-19 00:30:00+00:00,1.95,8.98,83869.62308574237,1.83,2.26,1.76,1.12,1.8,237,8.09,6.640000000000001,13.24
2026-01-19 01:00:00+00:00,2.0,8.85,81372.98786694309,1.92,2.41,1.43,1.16,1.88,240,11.6,6.62,12.98
2026-01-19 01:30:00+00:00,2.03,8.93,83513.66643013574,1.92,2.38,1.24,1.16,1.88,235,8.72,6.73,13.5
2026-01-19 02:00:00+00:00,1.84,8.32,82670.82782392208,1.74,2.2,1.47,1.04,1.7,266,9.65,5.96,12.24
2026-01-19 02:30:00+00:00,1.89,8.77,81902.65203809418,1.82,2.3000000000000003,1.09,1.12,1.8,238,9.74,6.66,13.2
2026-01-19 03:00:00+00:00,2.01,9.03,79469.67000999885,1.87,2.4,1.23,1.14,1.85,230,9.92,6.87,13.72
2026-01-19 03:30:00+00:00,2.06,9.19,81193.7042949671,1.94,2.36,0.95,1.18,1.91,223,8.92,7.05,13.05
2026-01-19 04:00:00+00:00,1.99,9.16,83115.09929461556,1.96,2.43,1.53,1.24,1.97,206,9.32,7.69,13.43
2026-01-19 04:30:00+00:00,1.84,9.05,80862.54216900315,1.75,2.25,1.38,1.09,1.75,221,10.05,7.140000000000001,12.39
2026-01-19 05:00:00+00:00,1.85,9.03,77847.53883511007,1.83,2.25,0.96,1.11,1.79,208,7.76,7.61,13.47
2026-01-19 05:30:00+00:00,1.73,8.88,74565.31944429546,1.68,2.03,1.07,1.06,1.68,213,8.44,7.42,12.28
2026-01-19 06:00:00+00:00,2.04,9.14,76910.4102313701,1.97,2.51,1.27,1.26,2.0,199,9.95,7.95,12.99
2026-01-19 06:30:00+00:00,1.83,9.02,74766.17460043862,1.74,2.12,0.88,1.11,1.75,207,8.59,7.65,13.09
2026-01-19 07:00:00+00:00,1.77,9.17,71438.72060383386,1.71,2.25,1.08,1.05,1.71,206,8.44,7.640000000000001,12.75
2026-01-19 07:30:00+00:00,1.84,8.97,66474.0281407602,1.74,2.08,1.09,1.16,1.81,197,9.15,8.02,13.36
2026-01-19 08:00:00+00:00,1.7,9.16,65178.32859271315,1.66,2.05,0.91,1.04,1.65,201,8.42,7.85,12.98
2026-01-19 08:30:00+00:00,1.72,8.92,72082.30647399779,1.68,2.09,0.97,1.04,1.67,208,8.56,7.61,12.7
2026-01-19 09:00:00+00:00,1.68,8.84,79696.42502051234,1.58,1.96,1.47,0.97,1.57,223,9.75,7.05,12.1
2026-01-19 09:30:00+00:00,1.73,8.950000000000001,82993.06633590681,1.66,2.08,0.75,1.01,1.63,215,9.57,7.36,14.46
2026-01-19 10:00:00+00:00,1.73,9.03,81271.12449086051,1.67,2.13,1.09,1.06,1.68,201,8.99,7.85,13.11
2026-01-19 10:30:00+00:00,1.75,8.9,83821.22073147233,1.69,2.09,0.99,1.05,1.67,204,9.31,7.72,15.15
2026-01-19 11:00:00+00:00,1.53,8.76,82331.70967955577,1.46,1.9,1.22,0.93,1.48,214,8.33,7.37,13.55
2026-01-19 11:30:00+00:00,1.42,8.56,82157.0952831849,1.34,1.65,0.7000000000000001,0.86,1.35,222,8.09,7.13,13.26
2026-01-19 12:00:00+00:00,1.51,8.9,81389.5250200147,1.43,1.83,1.01,0.88,1.41,224,9.66,7.08,14.26
2026-01-19 12:30:00+00:00,1.48,8.870000000000001,81556.24329565177,1.41,1.77,1.12,0.92,1.45,207,9.44,7.65,12.99
2026-01-19 13:00:00+00:00,1.53,8.92,82122.25496613611,1.47,1.85,0.56,0.91,1.46,219,10.08,7.23,12.81
2026-01-19 13:30:00+00:00,1.39,9.01,79469.88715497976,1.31,1.69,0.84,0.84,1.33,213,9.68,7.41,12.99
2026-01-19 14:00:00+00:00,1.47,9.13,80275.03154195222,1.43,1.77,0.99,0.93,1.46,196,8.99,8.05,15.34
2026-01-19 14:30:00+00:00,1.46,9.14,78402.4646841557,1.39,1.76,1.01,0.89,1.4,204,8.98,7.75,13.29
2026-01-19 15:00:00+00:00,1.57,9.54,79080.11947210575,1.52,1.93,0.9,0.96,1.53,199,9.37,7.98,14.0
2026-01-19 15:30:00+00:00,1.35,9.38,80549.68969452957,1.29,1.57,1.05,0.8300000000000001,1.31,213,7.24,7.42,16.05
2026-01-19 16:00:00+00:00,1.52,8.97,80185.71815337276,1.42,1.73,1.26,0.95,1.47,211,7.63,7.52,15.05
2026-01-19 16:30:00+00:00,1.58,9.13,79701.17871195896,1.5,1.93,0.79,0.95,1.5,227,7.23,6.99,14.54
2026-01-19 17:00:00+00:00,1.74,9.23,79119.69307689148,1.62,1.97,1.38,1.05,1.65,222,8.27,7.12,16.79
2026-01-19 17:30:00+00:00,1.76,8.86,78323.83749874237,1.65,2.07,1.59,1.08,1.69,228,9.61,6.9,14.9
2026-01-19 18:00:00+00:00,1.78,9.15,78091.74455523767,1.67,2.01,1.4,1.1,1.71,228,9.73,6.96,14.79
2026-01-19 18:30:00+00:00,1.94,9.67,83280.17668191993,1.89,2.23,2.27,1.17,1.86,225,8.21,7.05,15.13
2026-01-19 19:00:00+00:00,2.0,10.83,82558.93817171453,1.85,2.27,2.18,1.19,1.87,217,11.01,7.32,19.89
2026-01-19 19:30:00+00:00,2.02,10.61,79336.74446088515,1.79,2.29,1.8,1.12,1.78,237,11.46,6.66,16.13
2026-01-19 20:00:00+00:00,2.03,10.81,77737.24214034989,1.85,2.35,3.17,1.14,1.84,227,16.9,6.96,16.9
2026-01-19 20:30:00+00:00,2.14,10.53,79032.6644456833,1.99,2.43,1.95,1.27,2.01,211,10.56,7.52,18.29
2026-01-19 21:00:00+00:00,2.28,11.31,81240.92904813674,2.15,2.61,1.5,1.37,2.16,192,11.61,8.22,19.58
2026-01-19 21:30:00+00:00,2.37,11.99,81384.76368350063,2.11,2.66,1.75,1.38,2.16,184,10.59,8.6,21.42
2026-01-19 22:00:00+00:00,2.4,12.17,82960.42858724241,2.24,2.81,2.17,1.41,2.24,185,13.06,8.55,20.03
2026-01-19 22:30:00+00:00,2.73,12.51,80484.19267551324,2.54,3.0500000000000003,2.1,1.64,2.56,170,14.51,9.28,18.84
2026-01-19 23:00:00+00:00,2.65,12.57,81514.08602113926,2.47,3.17,2.04,1.6,2.52,160,15.18,9.88,19.98
2026-01-19 23:30:00+00:00,3.15,13.01,78284.72696354911,2.89,3.53,1.58,1.82,2.91,161,13.17,9.78,20.53
2026-01-20 00:00:00+00:00,3.47,13.51,81729.94299997498,3.28,4.05,1.62,2.08,3.3000000000000003,149,17.05,10.56,21.8
2026-01-20 00:30:00+00:00,3.06,12.62,80132.39914984771,2.86,3.65,1.84,1.76,2.83,172,16.76,9.17,19.95
2026-01-20 01:00:00+00:00,3.3000000000000003,12.7,79619.22580821441,3.15,3.88,2.79,1.94,3.13,164,11.48,9.59,20.74
2026-01-20 01:30:00+00:00,3.33,12.93,84231.37840705171,3.21,4.09,2.82,1.95,3.17,165,11.49,9.57,20.49
2026-01-20 02:00:00+00:00,2.87,12.21,78481.0855422878,2.66,3.2,2.2,1.72,2.69,175,16.13,9.02,18.25
2026-01-20 02:30:00+00:00,3.22,12.75,82581.36840644173,3.0500000000000003,3.85,2.85,1.87,3.0,171,10.96,9.27,19.84
2026-01-20 03:00:00+00:00,3.01,12.98,83279.2660466165,2.86,3.52,1.91,1.81,2.88,161,12.15,9.83,20.83
2026-01-20 03:30:00+00:00,3.58,13.06,80822.46279460783,3.41,4.19,2.09,2.13,3.38,155,12.44,10.17,19.98
2026-01-20 04:00:00+00:00,3.38,13.23,77181.59972171261,3.17,3.93,2.7,1.98,3.15,156,13.99,10.14,18.65
2026-01-20 04:30:00+00:00,3.85,13.97,78763.39875388383,3.84,4.73,3.11,2.31,3.76,143,15.17,11.03,19.59
2026-01-20 05:00:00+00:00,3.5,13.29,80519.64702201163,3.37,4.03,3.64,2.1,3.35,155,15.06,10.17,18.69
2026-01-20 05:30:00+00:00,3.41,13.29,78495.3546714541,3.19,4.01,2.67,1.91,3.14,164,13.59,9.61,20.7
2026-01-20 06:00:00+00:00,3.5500000000000003,13.59,79635.67247432224,3.47,4.39,1.91,2.04,3.37,152,12.01,10.31,23.19
2026-01-20 06:30:00+00:00,3.79,13.69,86141.95353846718,3.5700000000000003,4.45,2.77,2.07,3.46,157,12.11,10.05,23.18
2026-01-20 07:00:00+00:00,3.87,13.56,82143.34964329159,3.5700000000000003,4.28,2.54,2.2,3.56,158,14.58,9.94,18.59
2026-01-20 07:30:00+00:00,3.88,13.75,84276.3737545168,3.65,4.88,1.67,2.15,3.5700000000000003,156,14.45,10.1,22.67
2026-01-20 08:00:00+00:00,3.3200000000000003,13.81,85049.4845503358,3.18,4.11,2.49,1.91,3.12,158,15.63,10.04,19.36
2026-01-20 08:30:00+00:00,4.0200000000000005,14.42,80228.02172637443,3.65,4.65,4.19,2.14,3.5500000000000003,155,14.79,10.21,20.11
2026-01-20 09:00:00+00:00,3.54,13.45,82006.45350573689,3.31,4.17,4.42,1.93,3.21,169,12.96,9.27,19.2
2026-01-20 09:30:00+00:00,3.59,13.47,79851.92787448708,3.59,4.43,3.64,2.1,3.47,167,11.54,9.46,18.63
2026-01-20 10:00:00+00:00,3.69,13.84,78353.22781034614,3.33,4.5,3.17,1.98,3.29,175,16.78,9.0,20.03
2026-01-20 10:30:00+00:00,3.86,13.34,81303.27662935652,3.63,4.75,3.41,2.15,3.5500000000000003,177,15.91,8.870000000000001,18.3
2026-01-20 11:00:00+00:00,3.95,13.33,82563.86474890081,3.9,4.86,3.52,2.29,3.74,176,13.56,8.99,20.36
2026-01-20 11:30:00+00:00,3.92,13.18,84226.29680580678,3.66,4.64,3.39,2.19,3.5700000000000003,180,13.33,8.76,17.8
2026-01-20 12:00:00+00:00,3.99,12.96,82188.3736622856,3.72,4.8,4.83,2.21,3.63,195,14.0,8.09,19.05
2026-01-20 12:30:00+00:00,3.95,12.61,81217.31563975177,3.45,4.66,3.92,2.01,3.33,208,15.05,7.59,18.3
2026-01-20 13:00:00+00:00,4.3100000000000005,13.07,79279.66681705415,3.82,4.89,3.24,2.33,3.77,188,12.57,8.370000000000001,20.11
2026-01-20 13:30:00+00:00,4.25,12.81,79142.3712872491,4.1,5.24,3.94,2.41,3.96,179,12.56,8.78,19.46
2026-01-20 14:00:00+00:00,4.28,12.43,81459.77346049093,3.84,4.79,2.78,2.34,3.79,196,12.98,8.040000000000001,19.19
2026-01-20 14:30:00+00:00,4.29,12.71,80119.09729459108,4.0,4.98,2.47,2.37,3.87,190,14.36,8.290000000000001,19.1
2026-01-20 15:00:00+00:00,4.4,12.7,82675.2451089202,4.26,5.48,4.18,2.58,4.2,176,12.05,8.91,19.24
2026-01-20 15:30:00+00:00,4.92,13.64,80989.50027379341,4.84,5.99,3.65,2.92,4.74,159,15.71,9.95,21.28
2026-01-20 16:00:00+00:00,4.83,13.22,80947.68517987471,4.45,5.8500000000000005,3.39,2.68,4.38,173,16.47,9.08,19.7
2026-01-20 16:30:00+00:00,4.5,13.0,84366.05420052039,4.3100000000000005,5.47,4.5200000000000005,2.5500000000000003,4.2,168,15.41,9.44,19.13
2026-01-20 17:00:00+00:00,4.54,12.64,85535.0734749025,4.28,5.21,2.76,2.58,4.19,171,11.49,9.19,20.97
2026-01-20 17:30:00+00:00,4.95,13.0,80383.49046063378,4.58,5.55,5.54,2.91,4.6000000000000005,165,14.3,9.54,19.75
2026-01-20 18:00:00+00:00,4.49,12.56,78186.07847183949,4.36,5.34,3.89,2.6,4.25,171,15.97,9.2,19.09
2026-01-20 18:30:00+00:00,5.0,12.9,81985.50209294952,4.82,6.0200000000000005,4.07,2.89,4.72,166,12.06,9.56,18.37
2026-01-20 19:00:00+00:00,4.86,12.87,82572.7613068771,4.55,5.69,3.7,2.8000000000000003,4.53,171,13.49,9.27,19.82
2026-01-20 19:30:00+00:00,4.53,11.99,80214.00091046847,4.37,5.55,3.73,2.65,4.28,184,13.62,8.61,18.9
2026-01-20 20:00:00+00:00,4.8,12.29,84714.73357750294,4.43,5.45,2.9,2.64,4.32,186,14.47,8.5,16.79
2026-01-20 20:30:00+00:00,4.92,12.69,79667.29891638362,4.5,5.72,4.75,2.73,4.43,177,14.51,8.96,18.55
2026-01-20 21:00:00+00:00,4.69,12.11,79856.4119798048,4.53,5.53,2.38,2.79,4.49,175,11.72,9.04,18.96
2026-01-20 21:30:00+00:00,4.49,11.7,82939.16117639263,4.16,5.32,2.78,2.57,4.14,189,9.99,8.35,18.18
2026-01-20 22:00:00+00:00,4.61,11.93,80396.99286217334,4.28,5.28,2.84,2.65,4.28,182,10.29,8.66,18.82
2026-01-20 22:30:00+00:00,4.45,12.28,79740.07966081292,4.17,5.0600000000000005,2.29,2.6,4.17,179,13.4,8.85,19.4
2026-01-20 23:00:00+00:00,4.33,11.96,80213.57483176116,4.03,5.07,3.4,2.47,3.99,189,11.07,8.36,16.98
2026-01-20 23:30:00+00:00,4.48,11.48,84831.22021993817,4.21,5.22,4.5200000000000005,2.54,4.11,198,10.36,7.930000000000001,18.1
2026-01-21 00:00:00+00:00,4.42,11.21,83400.46210167711,4.16,5.3,2.98,2.61,4.17,190,10.15,8.31,18.78
2026-01-21 00:30:00+00:00,4.66,11.48,87870.96959306965,4.29,5.28,2.9,2.63,4.22,197,12.74,8.05,18.81
2026-01-21 01:00:00+00:00,4.36,11.08,87178.25712021861,4.09,4.97,3.11,2.5500000000000003,4.07,200,12.81,7.88,17.88
2026-01-21 01:30:00+00:00,3.95,10.23,88584.79831076533,3.62,4.64,4.1,2.18,3.5500000000000003,233,8.74,6.8100000000000005,16.740000000000002
2026-01-21 02:00:00+00:00,4.34,10.73,89202.09022575353,3.97,4.71,4.08,2.54,4.01,203,12.3,7.78,15.32
2026-01-21 02:30:00+00:00,4.62,10.74,90793.05143822722,4.05,5.03,4.07,2.51,4.03,224,10.7,7.04,15.53
2026-01-21 03:00:00+00:00,4.3,10.49,88001.86399178032,3.93,4.73,4.0,2.5,3.93,214,7.69,7.36,18.1
2026-01-21 03:30:00+00:00,4.61,10.36,88260.69430382362,4.33,5.48,3.14,2.7,4.32,219,10.68,7.2,16.54
2026-01-21 04:00:00+00:00,4.73,10.53,82195.81450582323,4.25,5.19,3.1,2.72,4.3,212,11.41,7.47,19.48
2026-01-21 04:30:00+00:00,4.72,10.7,92630.65304188868,4.36,5.5600000000000005,5.5200000000000005,2.69,4.3100000000000005,213,13.46,7.43,16.240000000000002
2026-01-21 05:00:00+00:00,4.59,9.99,94625.03127512161,4.32,5.59,5.62,2.65,4.2700000000000005,222,11.37,7.13,15.4
2026-01-21 05:30:00+00:00,4.68,10.32,95026.2644859333,4.34,5.42,4.65,2.65,4.28,216,9.33,7.34,15.45
2026-01-21 06:00:00+00:00,4.57,10.22,101606.20692626822,4.26,5.36,5.25,2.64,4.23,214,12.44,7.4,15.93
2026-01-21 06:30:00+00:00,4.71,9.96,92347.1110619945,4.29,5.25,3.27,2.72,4.3,220,12.43,7.2,16.01
2026-01-21 07:00:00+00:00,4.5200000000000005,10.01,96876.90940728635,4.36,5.51,3.52,2.7,4.34,211,10.49,7.51,15.77
2026-01-21 07:30:00+00:00,4.74,10.02,93979.38048987888,4.4,5.63,2.59,2.7,4.36,211,9.89,7.47,16.79
2026-01-21 08:00:00+00:00,4.46,10.68,93580.39842591573,4.28,5.37,2.17,2.66,4.28,193,10.5,8.21,16.6
2026-01-21 08:30:00+00:00,4.69,11.07,93842.2649058335,4.33,5.61,2.97,2.63,4.29,194,14.04,8.07,16.37
2026-01-21 09:00:00+00:00,4.08,10.36,91745.40112210468,3.89,4.88,1.82,2.42,3.88,202,10.96,7.81,16.71
2026-01-21 09:30:00+00:00,4.38,10.91,90432.32082424498,4.16,5.33,3.38,2.5,4.1,196,9.73,8.07,18.19
2026-01-21 10:00:00+00:00,4.14,10.69,90728.30669388131,3.93,4.7700000000000005,4.39,2.51,3.96,186,11.53,8.48,16.89
2026-01-21 10:30:00+00:00,4.05,10.92,90088.48552214396,3.86,4.74,3.16,2.34,3.77,194,13.03,8.16,17.11
2026-01-21 11:00:00+00:00,3.68,10.21,90762.00792901906,3.46,4.41,3.42,2.12,3.44,200,13.62,7.87,14.55
2026-01-21 11:30:00+00:00,3.5,10.21,93379.03537199505,3.34,4.3500000000000005,2.3000000000000003,2.13,3.38,206,12.65,7.66,17.64
2026-01-21 12:00:00+00:00,3.99,10.1,88765.83116393146,3.79,4.61,2.98,2.4,3.81,205,10.86,7.73,16.59
2026-01-21 12:30:00+00:00,3.83,10.34,91292.10403882984,3.61,4.51,2.39,2.22,3.5700000000000003,211,8.870000000000001,7.52,16.67
2026-01-21 13:00:00+00:00,4.25,10.21,91892.98959714061,4.0200000000000005,4.92,4.23,2.45,3.94,209,8.57,7.56,16.47
2026-01-21 13:30:00+00:00,3.95,9.93,95489.45157294566,3.65,4.58,3.09,2.29,3.66,210,11.39,7.52,15.46
2026-01-21 14:00:00+00:00,4.32,9.66,101815.13990399167,4.15,5.25,4.01,2.63,4.19,204,8.63,7.74,15.6
2026-01-21 14:30:00+00:00,4.32,9.41,108930.04092781727,4.0600000000000005,5.01,3.12,2.59,4.09,212,10.02,7.45,16.35
2026-01-21 15:00:00+00:00,4.4,9.58,113889.63273609661,4.07,5.3500000000000005,2.78,2.64,4.19,211,11.17,7.5,16.11
2026-01-21 15:30:00+00:00,4.41,9.3,108734.41380298903,4.21,5.38,3.19,2.62,4.19,216,10.12,7.32,16.0
2026-01-21 16:00:00+00:00,4.55,9.63,103350.43489412994,4.17,5.4,2.88,2.57,4.15,216,10.09,7.28,14.65
2026-01-21 16:30:00+00:00,4.72,9.62,106152.96924159834,4.5200000000000005,5.69,1.68,2.72,4.43,208,10.01,7.6,14.56
2026-01-21 17:00:00+00:00,4.75,9.57,112155.78793842626,4.33,5.65,4.05,2.65,4.3,221,9.44,7.18,13.25
2026-01-21 17:30:00+00:00,5.08,10.11,110916.68242509569,4.75,6.0200000000000005,5.66,3.0,4.79,195,9.42,8.1,16.12
2026-01-21 18:00:00+00:00,5.22,10.06,118960.85559328663,5.05,6.28,3.54,3.06,4.96,196,11.91,8.05,16.43
2026-01-21 18:30:00+00:00,5.8100000000000005,10.27,110197.53479915556,5.5600000000000005,6.79,5.26,3.62,5.68,182,12.45,8.61,15.1
2026-01-21 19:00:00+00:00,6.0200000000000005,10.86,107281.47098086461,5.7700000000000005,7.21,4.96,3.45,5.65,179,10.31,8.85,15.59
2026-01-21 19:30:00+00:00,6.03,10.85,107131.31460127879,5.8500000000000005,7.01,4.55,3.7,5.91,179,12.0,8.85,16.54
2026-01-21 20:00:00+00:00,6.55,11.46,104983.03696899174,6.38,8.07,2.36,4.0,6.37,170,13.84,9.34,17.71
2026-01-21 20:30:00+00:00,6.23,10.94,103773.43544071689,6.0,7.47,4.3500000000000005,3.76,6.0,177,8.59,8.9,17.88
2026-01-21 21:00:00+00:00,6.7700000000000005,11.55,103783.54464856889,6.38,7.81,4.15,3.92,6.3,172,10.79,9.15,16.93
2026-01-21 21:30:00+00:00,6.91,11.98,108741.21433954415,6.87,8.59,3.61,4.3100000000000005,6.8500000000000005,157,11.99,10.07,19.35
2026-01-21 22:00:00+00:00,6.46,12.03,103632.10384224853,6.2700000000000005,7.87,3.29,3.87,6.21,167,12.85,9.46,18.16
2026-01-21 22:30:00+00:00,6.83,12.43,106813.73247045751,6.53,8.49,4.7700000000000005,3.94,6.46,162,11.73,9.76,18.89
2026-01-21 23:00:00+00:00,7.08,12.53,115659.38668571484,6.72,8.08,3.69,4.22,6.7700000000000005,156,15.47,10.09,18.42
2026-01-21 23:30:00+00:00,6.84,12.87,112686.58970584905,6.8,8.07,3.63,4.21,6.74,151,12.87,10.44,17.75
2026-01-22 00:00:00+00:00,7.79,13.38,,7.27,9.12,6.98,4.39,7.13,156,13.79,10.15,18.4
2026-01-22 00:30:00+00:00,6.82,13.17,111924.14682549752,6.44,8.09,6.59,3.95,6.37,161.0,15.29,9.79,17.91
2026-01-22 01:00:00+00:00,7.88,13.53,107385.07296636079,7.36,9.08,3.98,4.74,7.48,143.0,14.62,11.08,20.24
2026-01-22 01:30:00+00:00,6.94,13.06,102548.86788902986,6.2700000000000005,8.290000000000001,3.69,3.86,6.23,163.0,13.4,9.7,20.52
2026-01-22 02:00:00+00:00,7.38,13.44,100295.14834371353,6.88,8.58,5.47,4.25,6.8500000000000005,148.0,15.63,10.66,20.55
2026-01-22 02:30:00+00:00,7.35,13.75,101689.75256452753,6.890000000000001,8.55,3.14,4.44,7.0200000000000005,144.0,14.55,10.91,19.75
2026-01-22 03:00:00+00:00,7.0600000000000005,13.85,101754.57421640142,6.8500000000000005,8.38,4.33,4.23,6.7700000000000005,143.0,13.23,11.03,20.22
2026-01-22 03:30:00+00:00,7.54,13.89,111689.20724651379,7.5,8.94,5.26,4.65,7.43,140.0,13.27,11.26,19.65
2026-01-22 04:00:00+00:00,7.34,14.14,114926.25364835086,6.93,8.83,6.11,4.3100000000000005,6.91,142.0,16.05,11.1,19.54
2026-01-22 04:30:00+00:00,6.92,14.08,117601.2531322221,6.82,8.36,4.53,4.18,6.7700000000000005,143.0,14.49,11.1,21.45
2026-01-22 05:00:00+00:00,6.99,13.99,117718.7648705743,6.62,8.73,6.3100000000000005,3.96,6.5,149.0,15.74,10.62,20.29
2026-01-22 05:30:00+00:00,7.2,14.39,110527.07800944617,6.97,8.69,4.17,4.29,6.87,136.0,11.87,11.63,21.89
2026-01-22 06:00:00+00:00,7.09,13.97,108766.59211883762,6.5600000000000005,8.28,6.7,3.95,6.45,152.0,14.17,10.45,19.58
2026-01-22 06:30:00+00:00,7.23,14.45,112500.03306639307,6.890000000000001,8.81,2.98,4.04,6.640000000000001,144.0,16.77,10.95,20.38
2026-01-22 07:00:00+00:00,6.87,13.72,108264.58659611322,6.33,7.74,5.68,3.89,6.25,152.0,15.53,10.4,19.0
2026-01-22 07:30:00+00:00,7.07,14.19,104204.52616183176,6.51,7.82,3.81,4.07,6.5,142.0,14.92,11.12,20.35
2026-01-22 08:00:00+00:00,6.28,13.79,107890.66580497839,6.07,7.38,3.3200000000000003,3.84,6.0600000000000005,139.0,15.57,11.35,20.13
2026-01-22 08:30:00+00:00,7.08,14.15,107974.79364945597,6.86,8.28,3.71,4.39,6.95,130.0,14.68,12.17,22.76
2026-01-22 09:00:00+00:00,6.38,13.72,109320.97985586528,6.08,7.6,5.7,3.71,5.99,148.0,14.21,10.67,19.74
2026-01-22 09:30:00+00:00,6.41,13.6,109887.35786993094,6.09,7.32,4.3,3.9,6.18,140.0,13.21,11.29,21.36
2026-01-22 10:00:00+00:00,6.21,13.59,106876.22122941299,6.01,7.52,2.43,3.5700000000000003,5.84,147.0,14.98,10.77,21.37
2026-01-22 10:30:00+00:00,6.1000000000000005,13.14,100049.96382608886,5.7,7.21,3.94,3.43,5.6000000000000005,162.0,14.37,9.76,18.95
2026-01-22 11:00:00+00:00,6.62,13.62,90720.72558607352,6.3,7.47,5.82,4.03,6.37,141.0,14.69,11.26,18.7
2026-01-22 11:30:00+00:00,5.79,12.86,97437.5665250888,5.45,6.5200000000000005,3.44,3.42,5.46,153.0,10.72,10.28,18.25
2026-01-22 12:00:00+00:00,6.07,13.16,100501.75281387396,5.93,7.44,3.12,3.67,5.88,148.0,13.21,10.66,20.76
2026-01-22 12:30:00+00:00,5.49,13.33,105098.81168678578,5.28,6.7,3.28,3.14,5.15,153.0,13.33,10.3,19.66
2026-01-22 13:00:00+00:00,5.72,13.2,109301.03311208691,5.62,7.05,3.25,3.34,5.48,151.0,12.48,10.49,22.61
2026-01-22 13:30:00+00:00,5.05,12.88,112417.07820180056,4.54,5.82,3.87,2.68,4.4,172.0,12.58,9.19,19.15
2026-01-22 14:00:00+00:00,5.0,13.16,110115.75011634878,4.76,5.86,3.09,2.97,4.74,154.0,12.79,10.3,19.29
2026-01-22 14:30:00+00:00,5.64,13.41,113262.17447038152,5.42,6.71,4.78,3.31,5.3500000000000005,157.0,16.12,10.12,18.59
2026-01-22 15:00:00+00:00,5.21,12.89,108429.35303086354,5.0,6.29,2.01,3.13,5.01,161.0,11.74,9.77,17.95
2026-01-22 15:30:00+00:00,4.95,12.54,109096.4948341926,4.69,5.87,2.83,2.92,4.69,169.0,13.03,9.35,19.41
2026-01-22 16:00:00+00:00,4.7,12.33,117258.93653055505,4.62,5.6000000000000005,2.88,2.98,4.7,160.0,13.66,9.9,18.0
2026-01-22 16:30:00+00:00,5.05,12.81,125799.95362346827,4.55,5.72,3.03,2.82,4.55,179.0,12.93,8.85,20.41
2026-01-22 17:00:00+00:00,4.66,12.5,118848.727384041,4.33,5.63,2.41,2.6,4.25,189.0,12.33,8.39,18.83
2026-01-22 17:30:00+00:00,4.84,12.26,107392.78976842931,4.62,5.8100000000000005,2.79,2.81,4.5600000000000005,179.0,13.29,8.86,18.87
2026-01-22 18:00:00+00:00,4.45,11.94,105903.1896154952,4.23,5.45,4.5600000000000005,2.5,4.09,190.0,13.49,8.3,17.330000000000002
2026-01-22 18:30:00+00:00,4.32,11.44,104853.94564890102,3.9,5.03,2.98,2.36,3.83,210.0,12.77,7.5,18.14
2026-01-22 19:00:00+00:00,5.19,12.28,105680.7132668362,4.84,6.23,4.17,2.84,4.7,181.0,14.57,8.71,16.81
2026-01-22 19:30:00+00:00,4.91,12.17,107130.42784568765,4.4,5.7,4.51,2.64,4.3,187.0,14.13,8.46,17.580000000000002
2026-01-22 20:00:00+00:00,4.84,11.52,111983.54621571898,4.68,5.75,4.0,2.85,4.59,185.0,13.69,8.52,18.18
2026-01-22 20:30:00+00:00,4.8100000000000005,10.94,115100.20285199089,4.53,5.5600000000000005,4.96,2.95,4.64,188.0,10.32,8.42,16.6
2026-01-22 21:00:00+00:00,4.93,10.64,109465.92809160959,4.7,5.7700000000000005,2.87,2.98,4.74,191.0,9.59,8.25,16.98
2026-01-22 21:30:00+00:00,4.97,10.67,101920.14315566125,4.51,5.62,5.39,2.77,4.47,208.0,12.65,7.6,16.93
2026-01-22 22:00:00+00:00,5.1000000000000005,10.07,97036.73817434386,4.87,6.12,3.48,3.1,4.9,196.0,8.3,8.1,17.79
2026-01-22 22:30:00+00:00,5.46,10.27,95337.96152916097,5.07,6.2,4.5,3.16,5.04,199.0,12.68,7.99,16.990000000000002
2026-01-22 23:00:00+00:00,5.2700000000000005,10.32,99912.68584483734,5.13,6.44,4.64,3.24,5.16,190.0,10.37,8.3,16.990000000000002
2026-01-22 23:30:00+00:00,5.47,9.97,105648.00261247253,5.24,6.49,7.03,3.23,5.2,204.0,9.87,7.78,14.04
2026-01-23 00:00:00+00:00,5.29,10.11,101602.19816158315,5.03,6.38,2.72,3.25,5.11,189.0,10.77,8.34,15.67
2026-01-23 00:30:00+00:00,6.11,10.56,98810.42905355389,5.84,7.41,3.5700000000000003,3.5,5.72,190.0,9.34,8.35,16.57
2026-01-23 01:00:00+00:00,5.53,10.32,99533.31362625178,5.36,6.41,3.92,3.47,5.45,182.0,12.3,8.64,16.03
2026-01-23 01:30:00+00:00,5.83,10.46,100784.83846430443,5.53,6.79,3.24,3.46,5.53,188.0,13.02,8.42,15.38
2026-01-23 02:00:00+00:00,6.71,11.06,99982.02085106382,6.54,8.56,4.49,4.17,6.640000000000001,165.0,11.23,9.59,16.81
2026-01-23 02:30:00+00:00,5.89,10.7,95153.47333273475,5.63,6.84,2.11,3.5,5.61,186.0,9.67,8.47,16.6
2026-01-23 03:00:00+00:00,6.47,11.17,164034.58163608555,6.29,8.21,4.3100000000000005,3.86,6.24,172.0,13.3,9.2,15.75
2026-01-23 03:30:00+00:00,6.5,11.1,215548.63574137483,6.5200000000000005,8.33,3.75,4.03,6.47,171.0,11.88,9.26,17.0
2026-01-23 04:00:00+00:00,6.98,11.57,213489.51809260584,6.7700000000000005,8.16,3.08,4.28,6.8,163.0,11.68,9.71,16.48
2026-01-23 04:30:00+00:00,6.73,11.62,186481.39117647725,6.33,7.52,2.83,3.79,6.16,176.0,12.31,8.99,16.990000000000002
2026-01-23 05:00:00+00:00,7.19,11.88,208460.19125652165,6.9,8.18,4.83,4.2700000000000005,6.86,160.0,13.01,9.86,18.4
2026-01-23 05:30:00+00:00,6.92,11.97,202096.64650699892,6.82,8.39,4.39,4.17,6.69,164.0,13.8,9.61,16.21
2026-01-23 06:00:00+00:00,7.22,11.9,196338.06677410498,6.71,7.92,4.22,4.37,6.86,163.0,12.89,9.67,17.16
2026-01-23 06:30:00+00:00,7.1000000000000005,12.24,197940.99190496202,7.04,8.41,5.3100000000000005,4.37,6.97,154.0,13.14,10.23,18.68
2026-01-23 07:00:00+00:00,7.26,12.12,199167.74914032538,7.11,8.85,5.04,4.57,7.21,155.0,12.91,10.21,21.12
2026-01-23 07:30:00+00:00,8.89,13.05,183037.7248211109,8.68,10.87,5.94,5.29,8.55,148.0,14.12,10.61,17.45
2026-01-23 08:00:00+00:00,7.28,12.75,200927.26664627084,7.17,8.65,5.74,4.53,7.15,150.0,12.36,10.49,20.6
2026-01-23 08:30:00+00:00,7.09,12.6,183771.7072215752,6.58,8.27,3.33,4.18,6.69,160.0,11.63,9.9,19.23
2026-01-23 09:00:00+00:00,7.26,13.08,171274.85722931448,6.8500000000000005,8.56,4.05,4.3,6.86,146.0,13.85,10.77,18.53
2026-01-23 09:30:00+00:00,7.2,12.55,163409.5786917065,6.88,8.41,2.58,4.2700000000000005,6.84,152.0,12.41,10.4,20.73
2026-01-23 10:00:00+00:00,6.88,12.53,160807.12588072458,6.5,7.98,5.29,3.95,6.4,160.0,13.39,9.84,18.53
2026-01-23 10:30:00+00:00,7.09,12.32,172071.38441409142,6.7700000000000005,8.94,3.73,3.97,6.58,172.0,12.96,9.14,19.47
2026-01-23 11:00:00+00:00,6.44,12.5,187057.43619284325,6.19,7.85,5.72,3.63,6.0,167.0,13.4,9.45,17.46
2026-01-23 11:30:00+00:00,7.22,12.95,188951.886311512,6.87,8.73,3.01,4.3500000000000005,6.93,148.0,12.63,10.66,19.15
2026-01-23 12:00:00+00:00,6.47,12.52,188141.82990471955,6.09,7.5,3.39,3.94,6.18,156.0,14.23,10.08,18.05
2026-01-23 12:30:00+00:00,6.42,12.15,186068.91224855054,6.03,7.26,4.0,3.92,6.18,162.0,11.29,9.77,17.96
2026-01-23 13:00:00+00:00,6.390000000000001,12.22,205846.71433210687,5.8100000000000005,7.27,4.75,3.71,5.87,167.0,13.06,9.43,18.91
2026-01-23 13:30:00+00:00,6.8100000000000005,12.69,202348.82512378265,6.62,8.15,3.37,3.96,6.48,154.0,12.03,10.3,18.59
2026-01-23 14:00:00+00:00,7.24,13.09,184800.61492540734,6.96,8.58,6.76,4.3500000000000005,6.95,146.0,15.38,10.86,18.05
2026-01-23 14:30:00+00:00,6.91,12.5,181740.8075884698,6.6000000000000005,7.8,5.5200000000000005,4.25,6.66,151.0,13.42,10.46,17.02
2026-01-23 15:00:00+00:00,6.640000000000001,12.91,162804.27739455723,6.53,8.2,5.9,3.97,6.44,153.0,12.83,10.38,18.12
2026-01-23 15:30:00+00:00,5.98,12.16,163296.5050244417,5.7700000000000005,7.41,4.71,3.59,5.8,166.0,15.24,9.53,20.05
2026-01-23 16:00:00+00:00,6.41,12.71,170980.25129481786,6.19,7.61,3.93,3.76,6.07,156.0,13.96,10.06,18.74
2026-01-23 16:30:00+00:00,6.2700000000000005,12.17,203674.45820407633,5.96,7.22,3.22,3.94,6.140000000000001,154.0,11.66,10.18,18.77
2026-01-23 17:00:00+00:00,6.3100000000000005,12.41,173891.04128987194,5.91,7.45,4.17,3.5500000000000003,5.79,168.0,13.13,9.39,19.77
2026-01-23 17:30:00+00:00,6.54,12.75,158180.87422648366,6.19,7.83,6.640000000000001,3.78,6.11,155.0,12.55,10.15,18.84
2026-01-23 18:00:00+00:00,5.91,12.18,147033.1231405014,5.45,6.6000000000000005,4.61,3.3200000000000003,5.3500000000000005,176.0,13.9,8.99,16.95
2026-01-23 18:30:00+00:00,6.57,12.35,153248.66515045246,6.17,7.6,5.4,3.99,6.28,156.0,11.54,10.07,16.86
2026-01-23 19:00:00+00:00,6.51,12.34,153124.05864082475,6.33,7.84,4.72,3.99,6.3100000000000005,158.0,10.77,10.01,19.98
2026-01-23 19:30:00+00:00,5.8500000000000005,12.37,183709.83008014844,5.5200000000000005,6.91,5.4,3.41,5.48,169.0,14.23,9.26,19.61
2026-01-23 20:00:00+00:00,6.57,12.4,189504.88019131846,6.38,7.61,2.69,4.03,6.4,155.0,13.02,10.2,17.92
2026-01-23 20:30:00+00:00,6.46,12.59,174541.09648353772,6.13,7.84,4.48,3.8,6.12,162.0,14.32,9.77,18.27
2026-01-23 21:00:00+00:00,6.65,12.56,192906.99667751172,6.41,8.25,5.9,3.9,6.32,160.0,13.03,9.91,18.41
2026-01-23 21:30:00+00:00,6.7,12.62,192943.91084002506,6.21,7.55,4.45,3.92,6.2700000000000005,162.0,15.38,9.75,18.69
2026-01-23 22:00:00+00:00,6.29,12.43,187095.5185372206,6.03,7.37,3.23,4.0,6.21,154.0,14.4,10.26,18.68
2026-01-23 22:30:00+00:00,6.37,12.32,173449.70081198207,6.18,7.4,3.5500000000000003,3.99,6.24,150.0,12.37,10.44,18.98
2026-01-23 23:00:00+00:00,5.83,12.14,160024.05914154803,5.67,6.8500000000000005,4.93,3.47,5.59,166.0,15.43,9.52,19.1
2026-01-23 23:30:00+00:00,6.62,12.36,189031.55626144624,6.5200000000000005,7.87,4.75,3.9,6.34,164.0,14.49,9.62,17.77
2026-01-24 00:00:00+00:00,6.19,12.42,198149.44122524885,5.86,7.29,5.99,3.5500000000000003,5.76,165.0,12.65,9.63,18.67
2026-01-24 00:30:00+00:00,6.38,12.38,228909.65494369867,5.98,7.46,3.27,3.59,5.87,167.0,11.78,9.48,17.740000000000002
2026-01-24 01:00:00+00:00,6.09,12.14,200200.8486026362,5.78,6.92,5.9,3.74,5.8500000000000005,161.0,12.57,9.74,17.95
2026-01-24 01:30:00+00:00,6.73,12.83,187243.26082356778,6.1000000000000005,7.7,4.94,3.74,6.05,160.0,11.89,9.84,18.57
2026-01-24 02:00:00+00:00,7.07,12.89,184667.32516547752,6.63,8.290000000000001,3.87,4.05,6.5600000000000005,158.0,13.79,9.98,19.85
2026-01-24 02:30:00+00:00,6.88,12.77,191362.97602431657,6.54,8.4,3.36,3.98,6.49,161.0,13.33,9.76,19.39
2026-01-24 03:00:00+00:00,6.82,12.66,187172.10928458406,6.43,8.2,4.49,3.92,6.3500000000000005,163.0,15.05,9.69,20.17
2026-01-24 03:30:00+00:00,6.93,13.17,211527.6455160604,6.55,8.07,3.85,4.21,6.66,144.0,11.4,10.87,20.59
2026-01-24 04:00:00+00:00,6.84,13.44,185667.2330215987,6.5200000000000005,8.13,3.3000000000000003,4.13,6.55,148.0,15.38,10.72,19.27
2026-01-24 04:30:00+00:00,6.49,12.96,186215.03331150336,6.0,7.86,4.0200000000000005,3.59,5.8500000000000005,165.0,13.04,9.61,19.21
2026-01-24 05:00:00+00:00,6.1000000000000005,12.66,178069.43618253298,5.87,7.3,4.03,3.8,5.99,147.0,13.04,10.73,18.79
2026-01-24 05:30:00+00:00,6.61,13.07,200097.66629549963,6.390000000000001,7.82,4.22,4.08,6.44,141.0,11.43,11.17,20.0
2026-01-24 06:00:00+00:00,6.48,13.06,196431.14112715315,6.22,7.640000000000001,4.51,3.91,6.22,151.0,15.39,10.46,19.77
2026-01-24 06:30:00+00:00,6.47,12.9,171883.72058883036,6.26,8.03,3.44,3.95,6.29,147.0,15.63,10.66,19.59
2026-01-24 07:00:00+00:00,6.890000000000001,13.37,171005.86346938607,6.5200000000000005,8.35,5.73,4.05,6.5,143.0,13.71,11.01,19.51
2026-01-24 07:30:00+00:00,6.66,13.24,185084.43113009023,6.36,8.18,3.71,3.94,6.33,140.0,12.6,11.2,20.21
2026-01-24 08:00:00+00:00,6.5600000000000005,13.34,191873.13472042524,6.19,7.68,3.0500000000000003,3.95,6.29,139.0,11.9,11.38,22.94
2026-01-24 08:30:00+00:00,6.28,13.33,201791.03407255784,5.76,7.21,3.95,3.5700000000000003,5.73,153.0,14.05,10.29,21.01
2026-01-24 09:00:00+00:00,6.91,13.97,182966.7347108338,,,4.16,4.24,6.78,134.0,13.98,11.76,20.5
2026-01-24 09:30:00+00:00,,,182844.0187993633,,,,,,,,,
2026-01-24 10:00:00+00:00,,,182315.8804134591,,,,,,,,,
2026-01-24 10:30:00+00:00,,,177906.82431458117,,,,,,,,,
2026-01-24 11:00:00+00:00,,,168890.76505849263,,,,,,,,,
2026-01-24 11:30:00+00:00,,,149343.32188127688,,,,,,,,,
2026-01-24 12:00:00+00:00,,,170047.674010237,,,,,,,,,
2026-01-24 12:30:00+00:00,,,177942.032799513,,,,,,,,,
2026-01-24 13:00:00+00:00,,,176408.24518487562,,,,,,,,,
2026-01-24 13:30:00+00:00,,,174305.92868988242,,,,,,,,,
2026-01-24 14:00:00+00:00,,,172352.43205460694,,,,,,,,,
2026-01-24 14:30:00+00:00,,,186279.30652289852,,,,,,,,,
2026-01-24 15:00:00+00:00,,,186852.04982576764,,,,,,,,,
2026-01-24 15:30:00+00:00,,,179934.74450108176,,,,,,,,,
2026-01-24 16:00:00+00:00,,,171118.38509587458,,,,,,,,,
2026-01-24 16:30:00+00:00,,,185255.85738869218,,,,,,,,,
2026-01-24 17:00:00+00:00,,,182857.34377204298,,,,,,,,,
2026-01-24 17:30:00+00:00,,,186332.81325324625,,,,,,,,,
2026-01-24 18:00:00+00:00,,,190422.28460609014,,,,,,,,,
2026-01-24 18:30:00+00:00,,,172951.0632356102,,,,,,,,,
2026-01-24 19:00:00+00:00,,,199681.4459404586,,,,,,,,,
2026-01-24 19:30:00+00:00,,,190761.1056483726,,,,,,,,,
2026-01-24 20:00:00+00:00,,,203829.09574408535,,,,,,,,,
2026-01-24 20:30:00+00:00,,,183181.39081465622,,,,,,,,,
2026-01-24 21:00:00+00:00,,,180198.45531358843,,,,,,,,,
2026-01-24 21:30:00+00:00,,,201199.57793106989,,,,,,,,,
2026-01-24 22:00:00+00:00,,,186902.49082632692,,,,,,,,,
2026-01-24 22:30:00+00:00,,,191613.09811787956,,,,,,,,,
2026-01-24 23:00:00+00:00,,,177360.59294725198,,,,,,,,,
2026-01-24 23:30:00+00:00,,,190068.7433946431,,,,,,,,,
2026-01-25 00:00:00+00:00,,,182552.07741761729,,,,,,,,,
2026-01-25 00:30:00+00:00,,,213360.3846455065,,,,,,,,,
2026-01-25 01:00:00+00:00,,,180399.84338384276,,,,,,,,,
2026-01-25 01:30:00+00:00,,,178763.56177543855,,,,,,,,,
2026-01-25 02:00:00+00:00,,,198949.690379003,,,,,,,,,
2026-01-25 02:30:00+00:00,,,197918.711263478,,,,,,,,,
2026-01-25 03:00:00+00:00,,,174431.5393454575,,,,,,,,,
2026-01-25 03:30:00+00:00,,,174798.85085875078,,,,,,,,,
2026-01-25 04:00:00+00:00,,,206169.20187423538,,,,,,,,,
2026-01-25 04:30:00+00:00,,,206328.24784894564,,,,,,,,,
2026-01-25 05:00:00+00:00,,,189510.97210487587,,,,,,,,,
2026-01-25 05:30:00+00:00,,,184901.4883876162,,,,,,,,,
2026-01-25 06:00:00+00:00,,,185502.7795684203,,,,,,,,,
2026-01-25 06:30:00+00:00,,,186097.37556115768,,,,,,,,,
2026-01-25 07:00:00+00:00,,,185439.15311318813,,,,,,,,,
2026-01-25 07:30:00+00:00,,,199811.3805790883,,,,,,,,,
2026-01-25 08:00:00+00:00,,,182578.5633474494,,,,,,,,,
2026-01-25 08:30:00+00:00,,,184069.21372353946,,,,,,,,,
2026-01-25 09:00:00+00:00,,,187909.36588826208,,,,,,,,,
2026-01-25 09:30:00+00:00,,,189487.5568198406,,,,,,,,,
2026-01-25 10:00:00+00:00,,,206379.0930490334,,,,,,,,,
2026-01-25 10:30:00+00:00,,,184764.20304525612,,,,,,,,,
2026-01-25 11:00:00+00:00,,,189440.355018353,,,,,,,,,
2026-01-25 11:30:00+00:00,,,176913.99585103095,,,,,,,,,
2026-01-25 12:00:00+00:00,,,172525.34755913762,,,,,,,,,
2026-01-25 12:30:00+00:00,,,193611.10840574477,,,,,,,,,
2026-01-25 13:00:00+00:00,,,192018.53113368645,,,,,,,,,
2026-01-25 13:30:00+00:00,,,172608.7395940382,,,,,,,,,
2026-01-25 14:00:00+00:00,,,163915.3275683583,,,,,,,,,
2026-01-25 14:30:00+00:00,,,188627.50140571283,,,,,,,,,
2026-01-25 15:00:00+00:00,,,182870.5748439,,,,,,,,,
2026-01-25 15:30:00+00:00,,,179614.4757820557,,,,,,,,,
2026-01-25 16:00:00+00:00,,,181066.06150861495,,,,,,,,,
2026-01-25 16:30:00+00:00,,,187778.09954647804,,,,,,,,,
2026-01-25 17:00:00+00:00,,,193060.2016315112,,,,,,,,,
2026-01-25 17:30:00+00:00,,,185461.06334298695,,,,,,,,,
2026-01-25 18:00:00+00:00,,,180093.5760876406,,,,,,,,,
2026-01-25 18:30:00+00:00,,,189450.7948517739,,,,,,,,,
2026-01-25 19:00:00+00:00,,,181579.23289323482,,,,,,,,,
2026-01-25 19:30:00+00:00,,,184712.09522028867,,,,,,,,,
2026-01-25 20:00:00+00:00,,,168401.87180157125,,,,,,,,,
2026-01-25 20:30:00+00:00,,,166024.52753681128,,,,,,,,,
2026-01-25 21:00:00+00:00,,,175741.72230279044,,,,,,,,,
2026-01-25 21:30:00+00:00,,,164818.3765293063,,,,,,,,,
2026-01-25 22:00:00+00:00,,,176372.27101000535,,,,,,,,,
2026-01-25 22:30:00+00:00,,,181813.00055369546,,,,,,,,,
2026-01-25 23:00:00+00:00,,,150841.53222289716,,,,,,,,,
2026-01-25 23:30:00+00:00,,,153843.1008326363,,,,,,,,,
2026-01-26 00:00:00+00:00,,,161814.61002937678,,,,,,,,,
2026-01-26 00:30:00+00:00,,,166427.9491939448,,,,,,,,,
2026-01-26 01:00:00+00:00,,,170320.71855283197,,,,,,,,,
2026-01-26 01:30:00+00:00,,,174792.94567590373,,,,,,,,,
2026-01-26 02:00:00+00:00,,,170282.9822072868,,,,,,,,,
2026-01-26 02:30:00+00:00,,,181741.91718260496,,,,,,,,,
2026-01-26 03:00:00+00:00,,,168030.83885470944,,,,,,,,,
2026-01-26 03:30:00+00:00,,,169763.4802397247,,,,,,,,,
2026-01-26 04:00:00+00:00,,,168749.66100976526,,,,,,,,,
2026-01-26 04:30:00+00:00,,,166552.0905891355,,,,,,,,,
2026-01-26 05:00:00+00:00,,,156812.22052621216,,,,,,,,,
2026-01-26 05:30:00+00:00,,,180070.3768480878,,,,,,,,,
2026-01-26 06:00:00+00:00,,,155776.44182378537,,,,,,,,,
2026-01-26 06:30:00+00:00,,,178822.0780526859,,,,,,,,,
2026-01-26 07:00:00+00:00,,,165903.28390262148,,,,,,,,,
2026-01-26 07:30:00+00:00,,,167937.14195407162,,,,,,,,,
2026-01-26 08:00:00+00:00,,,168405.54327462104,,,,,,,,,
2026-01-26 08:30:00+00:00,,,162718.1915618144,,,,,,,,,
2026-01-26 09:00:00+00:00,,,159373.578932844,,,,,,,,,
2026-01-26 09:30:00+00:00,,,170140.80211480448,,,,,,,,,
2026-01-26 10:00:00+00:00,,,182782.61186247386,,,,,,,,,
2026-01-26 10:30:00+00:00,,,177881.6908201821,,,,,,,,,
2026-01-26 11:00:00+00:00,,,176956.68258434776,,,,,,,,,
2026-01-26 11:30:00+00:00,,,173726.51047831628,,,,,,,,,
2026-01-26 12:00:00+00:00,,,180895.7640615845,,,,,,,,,
2026-01-26 12:30:00+00:00,,,188349.33693844284,,,,,,,,,
2026-01-26 13:00:00+00:00,,,190088.4971572042,,,,,,,,,
2026-01-26 13:30:00+00:00,,,191127.95813203478,,,,,,,,,
2026-01-26 14:00:00+00:00,,,186777.14300794015,,,,,,,,,
2026-01-26 14:30:00+00:00,,,182820.8607501339,,,,,,,,,
2026-01-26 15:00:00+00:00,,,187997.53408337466,,,,,,,,,
2026-01-26 15:30:00+00:00,,,204156.325793639,,,,,,,,,
2026-01-26 16:00:00+00:00,,,193888.1384802713,,,,,,,,,
2026-01-26 16:30:00+00:00,,,187775.16854237986,,,,,,,,,
2026-01-26 17:00:00+00:00,,,174950.03081557702,,,,,,,,,
2026-01-26 17:30:00+00:00,,,185694.73472912342,,,,,,,,,
2026-01-26 18:00:00+00:00,,,184045.42567952836,,,,,,,,,
2026-01-26 18:30:00+00:00,,,192886.66765073067,,,,,,,,,
2026-01-26 19:00:00+00:00,,,185291.0591028644,,,,,,,,,
2026-01-26 19:30:00+00:00,,,206498.38448807548,,,,,,,,,
2026-01-26 20:00:00+00:00,,,200660.8396281594,,,,,,,,,
2026-01-26 20:30:00+00:00,,,198734.12874369498,,,,,,,,,
2026-01-26 21:00:00+00:00,,,189239.11334707987,,,,,,,,,
2026-01-26 21:30:00+00:00,,,74380.71382548653,,,,,,,,,
2026-01-26 22:00:00+00:00,,,74981.90520120322,,,,,,,,,
2026-01-26 22:30:00+00:00,,,78111.05328118522,,,,,,,,,
2026-01-26 23:00:00+00:00,,,74874.93078475415,,,,,,,,,
2026-01-26 23:30:00+00:00,,,134493.82874329286,,,,,,,,,
2026-01-27 00:00:00+00:00,,,164777.53134116743,,,,,,,,,
2026-01-27 00:30:00+00:00,,,145930.78346675241,,,,,,,,,
2026-01-27 01:00:00+00:00,,,166336.81150322725,,,,,,,,,
2026-01-27 01:30:00+00:00,,,170347.1127423743,,,,,,,,,
2026-01-27 02:00:00+00:00,,,172940.320486165,,,,,,,,,
2026-01-27 02:30:00+00:00,,,159286.22418162442,,,,,,,,,
2026-01-27 03:00:00+00:00,,,149342.91180085306,,,,,,,,,
2026-01-27 03:30:00+00:00,,,148759.30357071472,,,,,,,,,
2026-01-27 04:00:00+00:00,,,158095.31161602878,,,,,,,,,
2026-01-27 04:30:00+00:00,,,179857.65317211935,,,,,,,,,
2026-01-27 05:00:00+00:00,,,174634.47139856406,,,,,,,,,
2026-01-27 05:30:00+00:00,,,170755.27511151513,,,,,,,,,
2026-01-27 06:00:00+00:00,,,171470.56036336927,,,,,,,,,
2026-01-27 06:30:00+00:00,,,164349.64779446452,,,,,,,,,
2026-01-27 07:00:00+00:00,,,167191.217300127,,,,,,,,,
2026-01-27 07:30:00+00:00,,,173916.51582770495,,,,,,,,,
2026-01-27 08:00:00+00:00,,,187349.63792196198,,,,,,,,,
2026-01-27 08:30:00+00:00,,,171754.62782803978,,,,,,,,,
2026-01-27 09:00:00+00:00,,,173186.81847231506,,,,,,,,,
2026-01-27 09:30:00+00:00,,,158152.2189793782,,,,,,,,,
2026-01-27 10:00:00+00:00,,,159596.7405299113,,,,,,,,,
2026-01-27 10:30:00+00:00,,,165574.55468274525,,,,,,,,,
2026-01-27 11:00:00+00:00,,,162248.12684273854,,,,,,,,,
2026-01-27 11:30:00+00:00,,,159059.40203059613,,,,,,,,,
2026-01-27 12:00:00+00:00,,,146756.54860296907,,,,,,,,,
2026-01-27 12:30:00+00:00,,,135673.20090141616,,,,,,,,,
2026-01-27 13:00:00+00:00,,,157366.4569775119,,,,,,,,,
2026-01-27 13:30:00+00:00,,,155305.16713324076,,,,,,,,,
2026-01-27 14:00:00+00:00,,,166779.73725941582,,,,,,,,,
2026-01-27 14:30:00+00:00,,,168489.50131116764,,,,,,,,,
2026-01-27 15:00:00+00:00,,,151255.19997192468,,,,,,,,,
2026-01-27 15:30:00+00:00,,,158867.83424267828,,,,,,,,,
2026-01-27 16:00:00+00:00,,,161508.81567991347,,,,,,,,,
2026-01-27 16:30:00+00:00,,,153310.42210653043,,,,,,,,,
2026-01-27 17:00:00+00:00,,,156778.06101015728,,,,,,,,,
2026-01-27 17:30:00+00:00,,,157163.80084145986,,,,,,,,,
2026-01-27 18:00:00+00:00,,,170823.6992151839,,,,,,,,,
2026-01-27 18:30:00+00:00,,,160670.21613705356,,,,,,,,,
2026-01-27 19:00:00+00:00,,,145178.84700232782,,,,,,,,,
2026-01-27 19:30:00+00:00,,,136483.4198080554,,,,,,,,,
2026-01-27 20:00:00+00:00,,,154093.932978449,,,,,,,,,
2026-01-27 20:30:00+00:00,,,163424.90753915033,,,,,,,,,
2026-01-27 21:00:00+00:00,,,157417.08224210463,,,,,,,,,
2026-01-27 21:30:00+00:00,,,157310.21732067975,,,,,,,,,
2026-01-27 22:00:00+00:00,,,167714.86908543203,,,,,,,,,
2026-01-27 22:30:00+00:00,,,161028.5082319688,,,,,,,,,
2026-01-27 23:00:00+00:00,,,151976.89947196492,,,,,,,,,
2026-01-27 23:30:00+00:00,,,159681.41657811397,,,,,,,,,
2026-01-28 00:00:00+00:00,,,158374.04111737662,,,,,,,,,
2026-01-28 00:30:00+00:00,,,153897.22588394466,,,,,,,,,
2026-01-28 01:00:00+00:00,,,148089.98956238801,,,,,,,,,
2026-01-28 01:30:00+00:00,,,151929.4949817001,,,,,,,,,
2026-01-28 02:00:00+00:00,,,150434.74095155063,,,,,,,,,
2026-01-28 02:30:00+00:00,,,167527.13979055375,,,,,,,,,
2026-01-28 03:00:00+00:00,,,162916.0803478019,,,,,,,,,
2026-01-28 03:30:00+00:00,,,156187.48846735575,,,,,,,,,
2026-01-28 04:00:00+00:00,,,161802.1637481202,,,,,,,,,
2026-01-28 04:30:00+00:00,,,174552.79306825285,,,,,,,,,
2026-01-28 05:00:00+00:00,,,169571.40847892727,,,,,,,,,
2026-01-28 05:30:00+00:00,,,162706.21984393426,,,,,,,,,
2026-01-28 06:00:00+00:00,,,154054.37251972448,,,,,,,,,
2026-01-28 06:30:00+00:00,,,163765.71229715346,,,,,,,,,
2026-01-28 07:00:00+00:00,,,170350.44070444835,,,,,,,,,
2026-01-28 07:30:00+00:00,,,166502.73532248856,,,,,,,,,
2026-01-28 08:00:00+00:00,,,148076.308535335,,,,,,,,,
2026-01-28 08:30:00+00:00,,,154243.962534406,,,,,,,,,
2026-01-28 09:00:00+00:00,,,159450.58716163365,,,,,,,,,
2026-01-28 09:30:00+00:00,,,157608.47850492207,,,,,,,,,
2026-01-28 10:00:00+00:00,,,164838.87994027522,,,,,,,,,
2026-01-28 10:30:00+00:00,,,159114.69636862134,,,,,,,,,
2026-01-28 11:00:00+00:00,,,154186.52737634262,,,,,,,,,
2026-01-28 11:30:00+00:00,,,158091.0842186915,,,,,,,,,
2026-01-28 12:00:00+00:00,,,159466.14362548848,,,,,,,,,
2026-01-28 12:30:00+00:00,,,158445.34272179342,,,,,,,,,
2026-01-28 13:00:00+00:00,,,173380.8488399534,,,,,,,,,
2026-01-28 13:30:00+00:00,,,171214.99333577426,,,,,,,,,
2026-01-28 14:00:00+00:00,,,163862.35342198558,,,,,,,,,
2026-01-28 14:30:00+00:00,,,153828.3065142106,,,,,,,,,
2026-01-28 15:00:00+00:00,,,141658.91445925788,,,,,,,,,
2026-01-28 15:30:00+00:00,,,149763.24061883325,,,,,,,,,
2026-01-28 16:00:00+00:00,,,142513.6317042854,,,,,,,,,
2026-01-28 16:30:00+00:00,,,147231.29696051494,,,,,,,,,
2026-01-28 17:00:00+00:00,,,137385.0130147346,,,,,,,,,
2026-01-28 17:30:00+00:00,,,136546.0033140342,,,,,,,,,
2026-01-28 18:00:00+00:00,,,135379.25297618454,,,,,,,,,
2026-01-28 18:30:00+00:00,,,144618.1794755558,,,,,,,,,
2026-01-28 19:00:00+00:00,,,148558.16764847643,,,,,,,,,
2026-01-28 19:30:00+00:00,,,141776.75031493237,,,,,,,,,
2026-01-28 20:00:00+00:00,,,139792.66026067338,,,,,,,,,
2026-01-28 20:30:00+00:00,,,143484.2208978993,,,,,,,,,
2026-01-28 21:00:00+00:00,,,152697.48212520228,,,,,,,,,
2026-01-28 21:30:00+00:00,,,152665.05903939,,,,,,,,,
2026-01-28 22:00:00+00:00,,,159997.97036866975,,,,,,,,,
2026-01-28 22:30:00+00:00,,,148823.86858318967,,,,,,,,,
2026-01-28 23:00:00+00:00,,,154980.79254027322,,,,,,,,,
2026-01-28 23:30:00+00:00,,,153388.7027613719,,,,,,,,,
2026-01-29 00:00:00+00:00,,,,,,,,,,,,
2026-01-29 00:30:00+00:00,,,160818.93050959634,,,,,,,,,
2026-01-29 01:00:00+00:00,,,162502.63147761137,,,,,,,,,
2026-01-29 01:30:00+00:00,,,158196.44383774692,,,,,,,,,
2026-01-29 02:00:00+00:00,,,157991.48353016947,,,,,,,,,
2026-01-29 02:30:00+00:00,,,145879.3991347911,,,,,,,,,
2026-01-29 03:00:00+00:00,,,149150.37358445334,,,,,,,,,
2026-01-29 03:30:00+00:00,,,165615.93723612808,,,,,,,,,
2026-01-29 04:00:00+00:00,,,165808.83473005114,,,,,,,,,
2026-01-29 04:30:00+00:00,,,168675.71882812385,,,,,,,,,
2026-01-29 05:00:00+00:00,,,162720.7886497796,,,,,,,,,
2026-01-29 05:30:00+00:00,,,151019.8368397932,,,,,,,,,
2026-01-29 06:00:00+00:00,,,152033.48289679358,,,,,,,,,
2026-01-29 06:30:00+00:00,,,156280.43898616676,,,,,,,,,
2026-01-29 07:00:00+00:00,,,155831.76237906463,,,,,,,,,
2026-01-29 07:30:00+00:00,,,161222.5919560918,,,,,,,,,
2026-01-29 08:00:00+00:00,,,173582.4076905525,,,,,,,,,
2026-01-29 08:30:00+00:00,,,166380.56725439438,,,,,,,,,
2026-01-29 09:00:00+00:00,,,163671.0606629834,,,,,,,,,
2026-01-29 09:30:00+00:00,,,166619.82382804976,,,,,,,,,
2026-01-29 10:00:00+00:00,,,175229.04692278558,,,,,,,,,
2026-01-29 10:30:00+00:00,,,150782.1613767901,,,,,,,,,
2026-01-29 11:00:00+00:00,,,169635.49564005004,,,,,,,,,
2026-01-29 11:30:00+00:00,,,172447.47568415498,,,,,,,,,
2026-01-29 12:00:00+00:00,,,180263.2306614965,,,,,,,,,
2026-01-29 12:30:00+00:00,,,168172.88325851472,,,,,,,,,
2026-01-29 13:00:00+00:00,,,171324.50822455616,,,,,,,,,
2026-01-29 13:30:00+00:00,,,182377.6180679432,,,,,,,,,
2026-01-29 14:00:00+00:00,,,183294.6298436911,,,,,,,,,
2026-01-29 14:30:00+00:00,,,149705.79593382022,,,,,,,,,
2026-01-29 15:00:00+00:00,,,154889.43941012572,,,,,,,,,
2026-01-29 15:30:00+00:00,,,153260.27759678496,,,,,,,,,
2026-01-29 16:00:00+00:00,,,163990.67798380635,,,,,,,,,
2026-01-29 16:30:00+00:00,,,159290.3175164826,,,,,,,,,
2026-01-29 17:00:00+00:00,,,153364.69417892338,,,,,,,,,
2026-01-29 17:30:00+00:00,,,167262.92623935718,,,,,,,,,
2026-01-29 18:00:00+00:00,,,167698.42665775222,,,,,,,,,
2026-01-29 18:30:00+00:00,,,176467.26195182092,,,,,,,,,
2026-01-29 19:00:00+00:00,,,187972.27854797215,,,,,,,,,
2026-01-29 19:30:00+00:00,,,176727.72207287754,,,,,,,,,
2026-01-29 20:00:00+00:00,,,177687.79805418878,,,,,,,,,
2026-01-29 20:30:00+00:00,,,158709.8033510713,,,,,,,,,
2026-01-29 21:00:00+00:00,,,161054.7776803669,,,,,,,,,
2026-01-29 21:30:00+00:00,,,167635.62614311842,,,,,,,,,
2026-01-29 22:00:00+00:00,,,158328.75626206727,,,,,,,,,
2026-01-29 22:30:00+00:00,,,165342.96173563568,,,,,,,,,
2026-01-29 23:00:00+00:00,,,172203.546136706,,,,,,,,,
2026-01-29 23:30:00+00:00,,,179525.3719570758,,,,,,,,,
2026-01-30 00:00:00+00:00,,,173304.0824675437,,,,,,,,,
2026-01-30 00:30:00+00:00,,,162212.34556316724,,,,,,,,,
2026-01-30 01:00:00+00:00,,,167060.018999682,,,,,,,,,
2026-01-30 01:30:00+00:00,,,163821.8223760021,,,,,,,,,
2026-01-30 02:00:00+00:00,,,165801.68344137573,,,,,,,,,
2026-01-30 02:30:00+00:00,,,184602.7518959143,,,,,,,,,
2026-01-30 03:00:00+00:00,,,174295.30361840065,,,,,,,,,
2026-01-30 03:30:00+00:00,,,162798.86740791847,,,,,,,,,
2026-01-30 04:00:00+00:00,,,176492.1783979082,,,,,,,,,
2026-01-30 04:30:00+00:00,,,179321.9552672447,,,,,,,,,
2026-01-30 05:00:00+00:00,,,192643.05272931044,,,,,,,,,
2026-01-30 05:30:00+00:00,,,169150.73071281507,,,,,,,,,
2026-01-30 06:00:00+00:00,,,153974.46980815026,,,,,,,,,
2026-01-30 06:30:00+00:00,,,165787.6194098114,,,,,,,,,
2026-01-30 07:00:00+00:00,,,169112.33081397615,,,,,,,,,
2026-01-30 07:30:00+00:00,,,176404.63219199577,,,,,,,,,
2026-01-30 08:00:00+00:00,,,170481.20341730042,,,,,,,,,
2026-01-30 08:30:00+00:00,,,178341.66504468015,,,,,,,,,
2026-01-30 09:00:00+00:00,,,183586.98987201566,,,,,,,,,
2026-01-30 09:30:00+00:00,,,164954.15075618486,,,,,,,,,
2026-01-30 10:00:00+00:00,,,167544.01362073535,,,,,,,,,
2026-01-30 10:30:00+00:00,,,166058.20316056412,,,,,,,,,
2026-01-30 11:00:00+00:00,,,188777.57195488486,,,,,,,,,
2026-01-30 11:30:00+00:00,,,211493.15658721523,,,,,,,,,
2026-01-30 12:00:00+00:00,,,197850.95534872083,,,,,,,,,
2026-01-30 12:30:00+00:00,,,190045.5323930624,,,,,,,,,
2026-01-30 13:00:00+00:00,,,185370.11702666173,,,,,,,,,
2026-01-30 13:30:00+00:00,,,183220.05715525692,,,,,,,,,
2026-01-30 14:00:00+00:00,,,187972.63297909626,,,,,,,,,
2026-01-30 14:30:00+00:00,,,187073.73645664216,,,,,,,,,
2026-01-30 15:00:00+00:00,,,197416.81890814553,,,,,,,,,
2026-01-30 15:30:00+00:00,,,184570.64392939542,,,,,,,,,
2026-01-30 16:00:00+00:00,,,192929.2131956623,,,,,,,,,
2026-01-30 16:30:00+00:00,,,186854.5653617532,,,,,,,,,
2026-01-30 17:00:00+00:00,,,186576.23017255872,,,,,,,,,
2026-01-30 17:30:00+00:00,,,183017.142649884,,,,,,,,,
2026-01-30 18:00:00+00:00,,,181959.90660432776,,,,,,,,,
2026-01-30 18:30:00+00:00,,,192802.72675462216,,,,,,,,,
2026-01-30 19:00:00+00:00,,,189525.53021951622,,,,,,,,,
2026-01-30 19:30:00+00:00,,,194029.05598359782,,,,,,,,,
2026-01-30 20:00:00+00:00,,,193278.51589002053,,,,,,,,,
2026-01-30 20:30:00+00:00,,,188467.4705183145,,,,,,,,,
2026-01-30 21:00:00+00:00,,,196297.7091485631,,,,,,,,,
2026-01-30 21:30:00+00:00,,,181789.47213247704,,,,,,,,,
2026-01-30 22:00:00+00:00,,,190714.86560448472,,,,,,,,,
2026-01-30 22:30:00+00:00,,,163862.67469613595,,,,,,,,,
2026-01-30 23:00:00+00:00,,,152243.44614369984,,,,,,,,,
2026-01-30 23:30:00+00:00,,,135343.28961931053,,,,,,,,,
2026-01-31 00:00:00+00:00,,,132607.69866803536,,,,,,,,,
2026-01-31 00:30:00+00:00,,,150913.37517211828,,,,,,,,,
2026-01-31 01:00:00+00:00,,,158061.27076397548,,,,,,,,,
2026-01-31 01:30:00+00:00,,,137829.97238821824,,,,,,,,,
2026-01-31 02:00:00+00:00,,,129879.346157132,,,,,,,,,
2026-01-31 02:30:00+00:00,,,128951.93301784358,,,,,,,,,
2026-01-31 03:00:00+00:00,,,148256.04655078513,,,,,,,,,
2026-01-31 03:30:00+00:00,,,145664.59190826857,,,,,,,,,
2026-01-31 04:00:00+00:00,,,139370.8654318983,,,,,,,,,
2026-01-31 04:30:00+00:00,,,131893.04308765836,,,,,,,,,
2026-01-31 05:00:00+00:00,,,143890.6630696352,,,,,,,,,
2026-01-31 05:30:00+00:00,,,157460.07088005252,,,,,,,,,
2026-01-31 06:00:00+00:00,,,153343.833323478,,,,,,,,,
2026-01-31 06:30:00+00:00,,,146178.94769330928,,,,,,,,,
2026-01-31 07:00:00+00:00,,,131274.9299994694,,,,,,,,,
2026-01-31 07:30:00+00:00,,,135689.99604650013,,,,,,,,,
2026-01-31 08:00:00+00:00,,,146186.00219086313,,,,,,,,,
2026-01-31 08:30:00+00:00,,,152397.6220277532,,,,,,,,,
2026-01-31 09:00:00+00:00,,,157802.71171856945,,,,,,,,,
2026-01-31 09:30:00+00:00,,,157853.95640704082,,,,,,,,,
2026-01-31 10:00:00+00:00,,,146705.66110267866,,,,,,,,,
2026-01-31 10:30:00+00:00,,,141009.61407061628,,,,,,,,,
2026-01-31 11:00:00+00:00,,,143051.9480544859,,,,,,,,,
2026-01-31 11:30:00+00:00,,,155821.58165626993,,,,,,,,,
2026-01-31 12:00:00+00:00,,,142900.24336892297,,,,,,,,,
2026-01-31 12:30:00+00:00,,,141795.0785013285,,,,,,,,,
2026-01-31 13:00:00+00:00,,,144773.11688582218,,,,,,,,,
2026-01-31 13:30:00+00:00,,,137353.37836733347,,,,,,,,,
2026-01-31 14:00:00+00:00,,,139214.08525761927,,,,,,,,,
2026-01-31 14:30:00+00:00,,,149547.97402752715,,,,,,,,,
2026-01-31 15:00:00+00:00,,,150087.83173410827,,,,,,,,,
2026-01-31 15:30:00+00:00,,,164462.23193398686,,,,,,,,,
2026-01-31 16:00:00+00:00,,,153738.19163377155,,,,,,,,,
2026-01-31 16:30:00+00:00,,,149275.10501508464,,,,,,,,,
2026-01-31 17:00:00+00:00,,,145099.71872497894,,,,,,,,,
2026-01-31 17:30:00+00:00,,,151855.53722214335,,,,,,,,,
2026-01-31 18:00:00+00:00,,,135609.33335218183,,,,,,,,,
2026-01-31 18:30:00+00:00,,,148488.21749743438,,,,,,,,,
2026-01-31 19:00:00+00:00,,,132529.020896419,,,,,,,,,
2026-01-31 19:30:00+00:00,,,145428.82456643938,,,,,,,,,
2026-01-31 20:00:00+00:00,,,147965.47276827518,,,,,,,,,
2026-01-31 20:30:00+00:00,,,141963.11019712873,,,,,,,,,
2026-01-31 21:00:00+00:00,,,140176.2142322553,,,,,,,,,
2026-01-31 21:30:00+00:00,,,136568.71247742753,,,,,,,,,
2026-01-31 22:00:00+00:00,,,130658.63870646576,,,,,,,,,
2026-01-31 22:30:00+00:00,,,141549.70137153694,,,,,,,,,
2026-01-31 23:00:00+00:00,,,136553.74210973262,,,,,,,,,
2026-01-31 23:30:00+00:00,,,141404.35116959046,,,,,,,,,
2026-02-01 00:00:00+00:00,,,137791.1826262685,,,,,,,,,
2026-02-01 00:30:00+00:00,,,130101.58088995647,,,,,,,,,
2026-02-01 01:00:00+00:00,,,133562.35966074583,,,,,,,,,
2026-02-01 01:30:00+00:00,,,155715.74660956024,,,,,,,,,
2026-02-01 02:00:00+00:00,,,147545.2972313767,,,,,,,,,
2026-02-01 02:30:00+00:00,,,132648.90507413156,,,,,,,,,
2026-02-01 03:00:00+00:00,,,147491.7293687416,,,,,,,,,
2026-02-01 03:30:00+00:00,,,153835.11763290354,,,,,,,,,
2026-02-01 04:00:00+00:00,,,154195.30173762608,,,,,,,,,
2026-02-01 04:30:00+00:00,,,149228.90431236255,,,,,,,,,
2026-02-01 05:00:00+00:00,,,139535.07692737313,,,,,,,,,
2026-02-01 05:30:00+00:00,,,138725.60085954957,,,,,,,,,
2026-02-01 06:00:00+00:00,,,138806.00937453183,,,,,,,,,
2026-02-01 06:30:00+00:00,,,131961.38024457902,,,,,,,,,
2026-02-01 07:00:00+00:00,,,132350.63314007965,,,,,,,,,
2026-02-01 07:30:00+00:00,,,126781.7752387004,,,,,,,,,
2026-02-01 08:00:00+00:00,,,121778.36941453577,,,,,,,,,
2026-02-01 08:30:00+00:00,,,138290.06917798312,,,,,,,,,
2026-02-01 09:00:00+00:00,,,152162.49846777733,,,,,,,,,
2026-02-01 09:30:00+00:00,,,136582.1998903598,,,,,,,,,
2026-02-01 10:00:00+00:00,,,142359.36819286112,,,,,,,,,
2026-02-01 10:30:00+00:00,,,146699.90312038813,,,,,,,,,
2026-02-01 11:00:00+00:00,,,147760.2342510989,,,,,,,,,
2026-02-01 11:30:00+00:00,,,142889.6469546997,,,,,,,,,
2026-02-01 12:00:00+00:00,,,136273.768665683,,,,,,,,,
2026-02-01 12:30:00+00:00,,,152375.72127773796,,,,,,,,,
2026-02-01 13:00:00+00:00,,,146627.6592387591,,,,,,,,,
2026-02-01 13:30:00+00:00,,,146709.34997679657,,,,,,,,,
2026-02-01 14:00:00+00:00,,,141895.2820378253,,,,,,,,,
2026-02-01 14:30:00+00:00,,,138529.8920725667,,,,,,,,,
2026-02-01 15:00:00+00:00,,,145602.96309700562,,,,,,,,,
2026-02-01 15:30:00+00:00,,,142887.24207652517,,,,,,,,,
2026-02-01 16:00:00+00:00,,,143023.2015594461,,,,,,,,,
2026-02-01 16:30:00+00:00,,,132406.10610352713,,,,,,,,,
2026-02-01 17:00:00+00:00,,,139882.34293443226,,,,,,,,,
2026-02-01 17:30:00+00:00,,,155094.20630502253,,,,,,,,,
2026-02-01 18:00:00+00:00,,,152211.47282513403,,,,,,,,,
2026-02-01 18:30:00+00:00,,,150338.94037736233,,,,,,,,,
2026-02-01 19:00:00+00:00,,,137485.4308552092,,,,,,,,,
2026-02-01 19:30:00+00:00,,,140263.4124031532,,,,,,,,,
2026-02-01 20:00:00+00:00,,,144666.78109239254,,,,,,,,,
2026-02-01 20:30:00+00:00,,,145293.64000491108,,,,,,,,,
2026-02-01 21:00:00+00:00,,,145938.36032176856,,,,,,,,,
2026-02-01 21:30:00+00:00,,,144944.13205264247,,,,,,,,,
2026-02-01 22:00:00+00:00,,,125387.36388076941,,,,,,,,,
2026-02-01 22:30:00+00:00,,,136418.06812527418,,,,,,,,,
2026-02-01 23:00:00+00:00,,,126528.66348651594,,,,,,,,,
2026-02-01 23:30:00+00:00,,,132624.18740858012,,,,,,,,,
2026-02-02 00:00:00+00:00,,,130183.27715954965,,,,,,,,,
2026-02-02 00:30:00+00:00,,,111538.61543926786,,,,,,,,,
2026-02-02 01:00:00+00:00,,,119705.54565807678,,,,,,,,,
2026-02-02 01:30:00+00:00,,,123849.13493319889,,,,,,,,,
2026-02-02 02:00:00+00:00,,,122401.29615656643,,,,,,,,,
2026-02-02 02:30:00+00:00,,,128763.35606295425,,,,,,,,,
2026-02-02 03:00:00+00:00,,,120556.65637540442,,,,,,,,,
2026-02-02 03:30:00+00:00,,,126688.24458513698,,,,,,,,,
2026-02-02 04:00:00+00:00,,,124838.8094786036,,,,,,,,,
2026-02-02 04:30:00+00:00,,,136688.67251689004,,,,,,,,,
2026-02-02 05:00:00+00:00,,,136737.68989888058,,,,,,,,,
2026-02-02 05:30:00+00:00,,,129887.28502748335,,,,,,,,,
2026-02-02 06:00:00+00:00,,,136822.43388290866,,,,,,,,,
2026-02-02 06:30:00+00:00,,,134977.7287478036,,,,,,,,,
2026-02-02 07:00:00+00:00,,,126106.5625920167,,,,,,,,,
2026-02-02 07:30:00+00:00,,,123714.91717932161,,,,,,,,,
2026-02-02 08:00:00+00:00,,,124761.8974363041,,,,,,,,,
2026-02-02 08:30:00+00:00,,,142012.99594138016,,,,,,,,,
2026-02-02 09:00:00+00:00,,,136811.2282342767,,,,,,,,,
2026-02-02 09:30:00+00:00,,,134989.60175358696,,,,,,,,,
2026-02-02 10:00:00+00:00,,,125830.9949746314,,,,,,,,,
2026-02-02 10:30:00+00:00,,,120018.63878253501,,,,,,,,,
2026-02-02 11:00:00+00:00,,,117438.27344252613,,,,,,,,,
2026-02-02 11:30:00+00:00,,,118130.3389307193,,,,,,,,,
2026-02-02 12:00:00+00:00,,,129087.9407857766,,,,,,,,,
2026-02-02 12:30:00+00:00,,,121087.74780978037,,,,,,,,,
2026-02-02 13:00:00+00:00,,,116718.096743292,,,,,,,,,
2026-02-02 13:30:00+00:00,,,122223.3976830019,,,,,,,,,
2026-02-02 14:00:00+00:00,,,122322.76518758574,,,,,,,,,
2026-02-02 14:30:00+00:00,,,109984.99183455195,,,,,,,,,
2026-02-02 15:00:00+00:00,,,121017.71757629674,,,,,,,,,
2026-02-02 15:30:00+00:00,,,138097.35333575594,,,,,,,,,
2026-02-02 16:00:00+00:00,,,140310.66834056724,,,,,,,,,
2026-02-02 16:30:00+00:00,,,138766.4735016175,,,,,,,,,
2026-02-02 17:00:00+00:00,,,134628.76199102384,,,,,,,,,
2026-02-02 17:30:00+00:00,,,133485.57726428032,,,,,,,,,
2026-02-02 18:00:00+00:00,,,139220.56622462277,,,,,,,,,
2026-02-02 18:30:00+00:00,,,160877.52634299872,,,,,,,,,
2026-02-02 19:00:00+00:00,,,141722.34012118418,,,,,,,,,
2026-02-02 19:30:00+00:00,,,147095.9682823155,,,,,,,,,
2026-02-02 20:00:00+00:00,,,147461.69529568893,,,,,,,,,
2026-02-02 20:30:00+00:00,,,135764.10833216851,,,,,,,,,
2026-02-02 21:00:00+00:00,,,131860.16719243996,,,,,,,,,
2026-02-02 21:30:00+00:00,,,141075.03741677108,,,,,,,,,
2026-02-02 22:00:00+00:00,,,134580.4217772953,,,,,,,,,
2026-02-02 22:30:00+00:00,,,125939.29357470442,,,,,,,,,
2026-02-02 23:00:00+00:00,,,145028.24873437636,,,,,,,,,
2026-02-02 23:30:00+00:00,,,143221.82558942356,,,,,,,,,
2026-02-03 00:00:00+00:00,,,147427.1606131173,,,,,,,,,
2026-02-03 00:30:00+00:00,,,148053.2595468808,,,,,,,,,
2026-02-03 01:00:00+00:00,,,152123.12494940974,,,,,,,,,
2026-02-03 01:30:00+00:00,,,145987.57794055145,,,,,,,,,
2026-02-03 02:00:00+00:00,,,145906.89531438897,,,,,,,,,
2026-02-03 02:30:00+00:00,,,148452.60966028375,,,,,,,,,
2026-02-03 03:00:00+00:00,,,141731.21361331927,,,,,,,,,
2026-02-03 03:30:00+00:00,,,154284.91623679662,,,,,,,,,
2026-02-03 04:00:00+00:00,,,145954.94065886937,,,,,,,,,
2026-02-03 04:30:00+00:00,,,144385.1477948033,,,,,,,,,
2026-02-03 05:00:00+00:00,,,141188.48003863206,,,,,,,,,
2026-02-03 05:30:00+00:00,,,143480.18881510504,,,,,,,,,
2026-02-03 06:00:00+00:00,,,144463.90496421655,,,,,,,,,
2026-02-03 06:30:00+00:00,,,142759.63109358898,,,,,,,,,
2026-02-03 07:00:00+00:00,,,137810.59820801773,,,,,,,,,
2026-02-03 07:30:00+00:00,,,141274.1103448141,,,,,,,,,
2026-02-03 08:00:00+00:00,,,134578.33591978316,,,,,,,,,
2026-02-03 08:30:00+00:00,,,118522.62482536965,,,,,,,,,
2026-02-03 09:00:00+00:00,,,131701.64118444067,,,,,,,,,
2026-02-03 09:30:00+00:00,,,133788.63563494585,,,,,,,,,
2026-02-03 10:00:00+00:00,,,139127.86870952998,,,,,,,,,
2026-02-03 10:30:00+00:00,,,125750.46593968011,,,,,,,,,
2026-02-03 11:00:00+00:00,,,127499.69617594309,,,,,,,,,
2026-02-03 11:30:00+00:00,,,129591.83265307345,,,,,,,,,
2026-02-03 12:00:00+00:00,,,130927.44330232329,,,,,,,,,
2026-02-03 12:30:00+00:00,,,122565.09166566766,,,,,,,,,
2026-02-03 13:00:00+00:00,,,131315.74602566837,,,,,,,,,
2026-02-03 13:30:00+00:00,,,128731.23313736293,,,,,,,,,
2026-02-03 14:00:00+00:00,,,134319.58356591375,,,,,,,,,
2026-02-03 14:30:00+00:00,,,131923.91741185283,,,,,,,,,
2026-02-03 15:00:00+00:00,,,130024.09051199172,,,,,,,,,
2026-02-03 15:30:00+00:00,,,124020.7558953014,,,,,,,,,
2026-02-03 16:00:00+00:00,,,134417.18099287435,,,,,,,,,
2026-02-03 16:30:00+00:00,,,136499.16686938365,,,,,,,,,
2026-02-03 17:00:00+00:00,,,135377.96285271816,,,,,,,,,
2026-02-03 17:30:00+00:00,,,136484.39042329427,,,,,,,,,
2026-02-03 18:00:00+00:00,,,134808.51905055356,,,,,,,,,
2026-02-03 18:30:00+00:00,,,148228.02201032554,,,,,,,,,
2026-02-03 19:00:00+00:00,,,146414.52281049834,,,,,,,,,
2026-02-03 19:30:00+00:00,,,139463.5759290588,,,,,,,,,
2026-02-03 20:00:00+00:00,,,139234.3448258062,,,,,,,,,
2026-02-03 20:30:00+00:00,,,142860.12550072954,,,,,,,,,
2026-02-03 21:00:00+00:00,,,150634.6634180691,,,,,,,,,
2026-02-03 21:30:00+00:00,,,138203.04628228847,,,,,,,,,
2026-02-03 22:00:00+00:00,,,138966.1045641984,,,,,,,,,
2026-02-03 22:30:00+00:00,,,141971.78186032551,,,,,,,,,
2026-02-03 23:00:00+00:00,,,145105.10336836218,,,,,,,,,
2026-02-03 23:30:00+00:00,,,148611.04883765415,,,,,,,,,
2026-02-04 00:00:00+00:00,,,139478.44249261153,,,,,,,,,
2026-02-04 00:30:00+00:00,,,144303.83711012104,,,,,,,,,
2026-02-04 01:00:00+00:00,,,136508.77514655824,,,,,,,,,
2026-02-04 01:30:00+00:00,,,135739.47460143303,,,,,,,,,
2026-02-04 02:00:00+00:00,,,145479.15260040882,,,,,,,,,
2026-02-04 02:30:00+00:00,,,161364.38871579565,,,,,,,,,
2026-02-04 03:00:00+00:00,,,148867.00680089355,,,,,,,,,
2026-02-04 03:30:00+00:00,,,136801.34877744678,,,,,,,,,
2026-02-04 04:00:00+00:00,,,142750.90810943441,,,,,,,,,
2026-02-04 04:30:00+00:00,,,130697.44961783869,,,,,,,,,
2026-02-04 05:00:00+00:00,,,148043.45943432357,,,,,,,,,
2026-02-04 05:30:00+00:00,,,144887.7241629854,,,,,,,,,
2026-02-04 06:00:00+00:00,,,143630.89575390512,,,,,,,,,
2026-02-04 06:30:00+00:00,,,144835.00372128584,,,,,,,,,
2026-02-04 07:00:00+00:00,,,144273.36132590263,,,,,,,,,
2026-02-04 07:30:00+00:00,,,146005.279268601,,,,,,,,,
2026-02-04 08:00:00+00:00,,,137571.3467598603,,,,,,,,,
2026-02-04 08:30:00+00:00,,,145954.84375593305,,,,,,,,,
2026-02-04 09:00:00+00:00,,,144890.32247021745,,,,,,,,,
2026-02-04 09:30:00+00:00,,,149076.02549874265,,,,,,,,,
2026-02-04 10:00:00+00:00,,,140758.14983151996,,,,,,,,,
2026-02-04 10:30:00+00:00,,,150591.18937209802,,,,,,,,,
2026-02-04 11:00:00+00:00,,,145521.09857168212,,,,,,,,,
2026-02-04 11:30:00+00:00,,,131418.6988779986,,,,,,,,,
2026-02-04 12:00:00+00:00,,,132727.7555416219,,,,,,,,,
2026-02-04 12:30:00+00:00,,,131135.74889903498,,,,,,,,,
2026-02-04 13:00:00+00:00,,,133206.92241627458,,,,,,,,,
2026-02-04 13:30:00+00:00,,,127122.53231019387,,,,,,,,,
2026-02-04 14:00:00+00:00,,,136740.74695074224,,,,,,,,,
2026-02-04 14:30:00+00:00,,,139728.82685883946,,,,,,,,,
2026-02-04 15:00:00+00:00,,,126825.78138400536,,,,,,,,,
2026-02-04 15:30:00+00:00,,,127243.50544248364,,,,,,,,,
2026-02-04 16:00:00+00:00,,,144371.77804359826,,,,,,,,,
2026-02-04 16:30:00+00:00,,,147502.74228060726,,,,,,,,,
2026-02-04 17:00:00+00:00,,,163671.47878817708,,,,,,,,,
2026-02-04 17:30:00+00:00,,,148659.82536858693,,,,,,,,,
2026-02-04 18:00:00+00:00,,,147266.6152810911,,,,,,,,,
2026-02-04 18:30:00+00:00,,,159291.189245536,,,,,,,,,
2026-02-04 19:00:00+00:00,,,156014.4221567952,,,,,,,,,
2026-02-04 19:30:00+00:00,,,147454.95412061142,,,,,,,,,
2026-02-04 20:00:00+00:00,,,143170.30722893984,,,,,,,,,
2026-02-04 20:30:00+00:00,,,148367.56676454376,,,,,,,,,
2026-02-04 21:00:00+00:00,,,151046.68083250645,,,,,,,,,
2026-02-04 21:30:00+00:00,,,152989.39678399736,,,,,,,,,
2026-02-04 22:00:00+00:00,,,164268.7918568137,,,,,,,,,
2026-02-04 22:30:00+00:00,,,165948.15891206556,,,,,,,,,
2026-02-04 23:00:00+00:00,,,157585.87633855434,,,,,,,,,
2026-02-04 23:30:00+00:00,,,150645.31147056,,,,,,,,,
2026-02-05 00:00:00+00:00,,,,,,,,,,,,
2026-02-05 00:30:00+00:00,,,182173.60646498032,,,,,,,,,
2026-02-05 01:00:00+00:00,,,188464.1443999484,,,,,,,,,
2026-02-05 01:30:00+00:00,,,176524.22324248118,,,,,,,,,
2026-02-05 02:00:00+00:00,,,153518.7758761443,,,,,,,,,
2026-02-05 02:30:00+00:00,,,151832.0172863267,,,,,,,,,
2026-02-05 03:00:00+00:00,,,151646.09354589292,,,,,,,,,
2026-02-05 03:30:00+00:00,,,158404.17217004605,,,,,,,,,
2026-02-05 04:00:00+00:00,,,154073.3545076043,,,,,,,,,
2026-02-05 04:30:00+00:00,,,150340.84826894855,,,,,,,,,
2026-02-05 05:00:00+00:00,,,135713.89977189593,,,,,,,,,
2026-02-05 05:30:00+00:00,,,132582.19806900236,,,,,,,,,
2026-02-05 06:00:00+00:00,,,144599.86368280093,,,,,,,,,
2026-02-05 06:30:00+00:00,,,149901.31248319554,,,,,,,,,
2026-02-05 07:00:00+00:00,,,136761.50231260204,,,,,,,,,
2026-02-05 07:30:00+00:00,,,140484.83287064722,,,,,,,,,
2026-02-05 08:00:00+00:00,,,135426.389014615,,,,,,,,,
2026-02-05 08:30:00+00:00,,,137859.914865326,,,,,,,,,
2026-02-05 09:00:00+00:00,,,139211.8349668292,,,,,,,,,
2026-02-05 09:30:00+00:00,,,130067.2816770072,,,,,,,,,
2026-02-05 10:00:00+00:00,,,136588.5048655164,,,,,,,,,
2026-02-05 10:30:00+00:00,,,141158.24339471365,,,,,,,,,
2026-02-05 11:00:00+00:00,,,148726.2751293604,,,,,,,,,
2026-02-05 11:30:00+00:00,,,147096.58996586938,,,,,,,,,
2026-02-05 12:00:00+00:00,,,152577.63796195373,,,,,,,,,
2026-02-05 12:30:00+00:00,,,156965.03964045984,,,,,,,,,
2026-02-05 13:00:00+00:00,,,152073.95301336746,,,,,,,,,
2026-02-05 13:30:00+00:00,,,160212.1233555152,,,,,,,,,
2026-02-05 14:00:00+00:00,,,156412.73245764078,,,,,,,,,
2026-02-05 14:30:00+00:00,,,152065.14079625055,,,,,,,,,
2026-02-05 15:00:00+00:00,,,93269.49319137917,,,,,,,,,
2026-02-05 15:30:00+00:00,,,76996.52720547983,,,,,,,,,
2026-02-05 16:00:00+00:00,,,84911.68653127101,,,,,,,,,
2026-02-05 16:30:00+00:00,,,83694.17736490718,,,,,,,,,
2026-02-05 17:00:00+00:00,,,84469.59272481984,,,,,,,,,
2026-02-05 17:30:00+00:00,,,,,,,,,,,,
2026-02-05 18:00:00+00:00,,,,,,,,,,,,
2026-02-05 18:30:00+00:00,,,,,,,,,,,,
2026-02-05 19:00:00+00:00,,,,,,,,,,,,
2026-02-05 19:30:00+00:00,,,,,,,,,,,,
2026-02-05 20:00:00+00:00,,,,,,,,,,,,
2026-02-05 20:30:00+00:00,,,,,,,,,,,,
2026-02-05 21:00:00+00:00,,,,,,,,,,,,
2026-02-05 21:30:00+00:00,,,,,,,,,,,,
2026-02-05 22:00:00+00:00,,,,,,,,,,,,
2026-02-05 22:30:00+00:00,,,,,,,,,,,,
2026-02-05 23:00:00+00:00,,,,,,,,,,,,
2026-02-05 23:30:00+00:00,,,,,,,,,,,,
2026-02-06 00:00:00+00:00,,,,,,,,,,,,
2026-02-06 00:30:00+00:00,,,,,,,,,,,,
2026-02-06 01:00:00+00:00,,,,,,,,,,,,
2026-02-06 01:30:00+00:00,,,,,,,,,,,,
2026-02-06 02:00:00+00:00,,,,,,,,,,,,
2026-02-06 02:30:00+00:00,,,,,,,,,,,,
2026-02-06 03:00:00+00:00,,,,,,,,,,,,
2026-02-06 03:30:00+00:00,,,,,,,,,,,,
2026-02-06 04:00:00+00:00,,,,,,,,,,,,
2026-02-06 04:30:00+00:00,,,,,,,,,,,,
2026-02-06 05:00:00+00:00,,,,,,,,,,,,
2026-02-06 05:30:00+00:00,,,,,,,,,,,,
2026-02-06 06:00:00+00:00,,,,,,,,,,,,
2026-02-06 06:30:00+00:00,,,,,,,,,,,,
2026-02-06 07:00:00+00:00,,,,,,,,,,,,
2026-02-06 07:30:00+00:00,,,,,,,,,,,,
2026-02-06 08:00:00+00:00,,,,,,,,,,,,
2026-02-06 08:30:00+00:00,,,,,,,,,,,,
2026-02-06 09:00:00+00:00,,,,,,,,,,,,
2026-02-06 09:30:00+00:00,,,,,,,,,,,,
2026-02-06 10:00:00+00:00,,,,,,,,,,,,
2026-02-06 10:30:00+00:00,,,46280.90743332706,,,,,,,,,
2026-02-06 11:00:00+00:00,,,21479.266802294125,,,,,,,,,
2026-02-06 11:30:00+00:00,,,33374.357886279875,,,,,,,,,
2026-02-06 12:00:00+00:00,,,52715.88854362266,,,,,,,,,
2026-02-06 12:30:00+00:00,,,46899.660930844526,,,,,,,,,
2026-02-06 13:00:00+00:00,,,143711.34855979602,,,,,,,,,
2026-02-06 13:30:00+00:00,,,185851.38971614774,,,,,,,,,
2026-02-06 14:00:00+00:00,,,196704.41578042612,,,,,,,,,
2026-02-06 14:30:00+00:00,,,213296.0472496524,,,,,,,,,
2026-02-06 15:00:00+00:00,,,202757.32751077178,,,,,,,,,
2026-02-06 15:30:00+00:00,,,192588.93880533727,,,,,,,,,
2026-02-06 16:00:00+00:00,,,191506.58916353635,,,,,,,,,
2026-02-06 16:30:00+00:00,,,199062.92118502432,,,,,,,,,
2026-02-06 17:00:00+00:00,,,187827.03889000704,,,,,,,,,
2026-02-06 17:30:00+00:00,,,204666.98128361718,,,,,,,,,
2026-02-06 18:00:00+00:00,,,219017.05370044266,,,,,,,,,
2026-02-06 18:30:00+00:00,,,215908.2455068466,,,,,,,,,
2026-02-06 19:00:00+00:00,,,216386.09533722818,,,,,,,,,
2026-02-06 19:30:00+00:00,,,238361.33137684743,,,,,,,,,
2026-02-06 20:00:00+00:00,,,234385.46168633364,,,,,,,,,
2026-02-06 20:30:00+00:00,,,200612.89152445976,,,,,,,,,
2026-02-06 21:00:00+00:00,,,185201.7429788764,,,,,,,,,
2026-02-06 21:30:00+00:00,,,211182.16623214053,,,,,,,,,
2026-02-06 22:00:00+00:00,,,208864.23479540483,,,,,,,,,
2026-02-06 22:30:00+00:00,,,204814.41414708938,,,,,,,,,
2026-02-06 23:00:00+00:00,,,210456.75983358256,,,,,,,,,
2026-02-06 23:30:00+00:00,,,195134.1848613961,,,,,,,,,
2026-02-07 00:00:00+00:00,,,168825.01934362217,,,,,,,,,
2026-02-07 00:30:00+00:00,,,177220.16858570933,,,,,,,,,
2026-02-07 01:00:00+00:00,,,181386.92669585533,,,,,,,,,
2026-02-07 01:30:00+00:00,,,196450.70674813446,,,,,,,,,
2026-02-07 02:00:00+00:00,,,186860.7251767077,,,,,,,,,
2026-02-07 02:30:00+00:00,,,190087.45578064802,,,,,,,,,
2026-02-07 03:00:00+00:00,,,177897.48070522028,,,,,,,,,
2026-02-07 03:30:00+00:00,,,158667.37224523028,,,,,,,,,
2026-02-07 04:00:00+00:00,,,186893.3859880878,,,,,,,,,
2026-02-07 04:30:00+00:00,,,185743.9764051134,,,,,,,,,
2026-02-07 05:00:00+00:00,,,197144.1346882532,,,,,,,,,
2026-02-07 05:30:00+00:00,,,195287.2899429195,,,,,,,,,
2026-02-07 06:00:00+00:00,,,181608.7857416083,,,,,,,,,
2026-02-07 06:30:00+00:00,,,175769.00089350413,,,,,,,,,
2026-02-07 07:00:00+00:00,,,187834.54377869616,,,,,,,,,
2026-02-07 07:30:00+00:00,,,178515.6058378976,,,,,,,,,
2026-02-07 08:00:00+00:00,,,172757.1686747075,,,,,,,,,
2026-02-07 08:30:00+00:00,,,174036.41454984926,,,,,,,,,
2026-02-07 09:00:00+00:00,,,190095.18527429816,,,,,,,,,
2026-02-07 09:30:00+00:00,,,178507.7373638577,,,,,,,,,
2026-02-07 10:00:00+00:00,,,173106.96207003528,,,,,,,,,
2026-02-07 10:30:00+00:00,,,173366.7858675143,,,,,,,,,
2026-02-07 11:00:00+00:00,,,165274.67069355125,,,,,,,,,
2026-02-07 11:30:00+00:00,,,176672.7571701096,,,,,,,,,
2026-02-07 12:00:00+00:00,,,181596.57258047507,,,,,,,,,
2026-02-07 12:30:00+00:00,,,190567.70772191903,,,,,,,,,
2026-02-07 13:00:00+00:00,,,187011.47240139008,,,,,,,,,
2026-02-07 13:30:00+00:00,,,185479.27935965525,,,,,,,,,
2026-02-07 14:00:00+00:00,,,188379.0578095421,,,,,,,,,
2026-02-07 14:30:00+00:00,,,180556.76428440213,,,,,,,,,
2026-02-07 15:00:00+00:00,,,181083.6757282298,,,,,,,,,
2026-02-07 15:30:00+00:00,,,204780.27350311575,,,,,,,,,
2026-02-07 16:00:00+00:00,,,189510.28888773697,,,,,,,,,
2026-02-07 16:30:00+00:00,,,188109.6758605998,,,,,,,,,
2026-02-07 17:00:00+00:00,,,182104.9801692174,,,,,,,,,
2026-02-07 17:30:00+00:00,,,196958.65339171715,,,,,,,,,
2026-02-07 18:00:00+00:00,,,186274.53851162465,,,,,,,,,
2026-02-07 18:30:00+00:00,,,174098.53162164037,,,,,,,,,
2026-02-07 19:00:00+00:00,,,166307.36240661805,,,,,,,,,
2026-02-07 19:30:00+00:00,,,146939.6857559705,,,,,,,,,
2026-02-07 20:00:00+00:00,,,149046.49443726856,,,,,,,,,
2026-02-07 20:30:00+00:00,,,166957.3977461677,,,,,,,,,
2026-02-07 21:00:00+00:00,,,148277.41040994404,,,,,,,,,
2026-02-07 21:30:00+00:00,,,148772.47271872743,,,,,,,,,
2026-02-07 22:00:00+00:00,,,161957.8692266268,,,,,,,,,
2026-02-07 22:30:00+00:00,,,163506.18328551442,,,,,,,,,
2026-02-07 23:00:00+00:00,,,172585.89834349387,,,,,,,,,
2026-02-07 23:30:00+00:00,,,178235.85615183445,,,,,,,,,
2026-02-08 00:00:00+00:00,,,191600.32945406844,,,,,,,,,
2026-02-08 00:30:00+00:00,,,178850.28370238413,,,,,,,,,
2026-02-08 01:00:00+00:00,,,186781.4122261636,,,,,,,,,
2026-02-08 01:30:00+00:00,,,188602.42805674486,,,,,,,,,
2026-02-08 02:00:00+00:00,,,189492.72977440697,,,,,,,,,
2026-02-08 02:30:00+00:00,,,215160.19960647868,,,,,,,,,
2026-02-08 03:00:00+00:00,,,203769.31363354073,,,,,,,,,
2026-02-08 03:30:00+00:00,,,187168.82741267033,,,,,,,,,
2026-02-08 04:00:00+00:00,,,194008.6711674777,,,,,,,,,
2026-02-08 04:30:00+00:00,,,197709.77354714528,,,,,,,,,
2026-02-08 05:00:00+00:00,,,195150.6354492689,,,,,,,,,
2026-02-08 05:30:00+00:00,,,167344.90148037093,,,,,,,,,
2026-02-08 06:00:00+00:00,,,166651.49563874357,,,,,,,,,
2026-02-08 06:30:00+00:00,,,164552.91511795635,,,,,,,,,
2026-02-08 07:00:00+00:00,,,164502.01633751887,,,,,,,,,
2026-02-08 07:30:00+00:00,,,161601.104200694,,,,,,,,,
2026-02-08 08:00:00+00:00,,,153500.98452942853,,,,,,,,,
2026-02-08 08:30:00+00:00,,,162197.2387122456,,,,,,,,,
2026-02-08 09:00:00+00:00,,,158886.40668931082,,,,,,,,,
2026-02-08 09:30:00+00:00,,,148671.76685317652,,,,,,,,,
2026-02-08 10:00:00+00:00,,,156128.33960722428,,,,,,,,,
2026-02-08 10:30:00+00:00,,,152652.6292029837,,,,,,,,,
2026-02-08 11:00:00+00:00,,,147865.96585464073,,,,,,,,,
2026-02-08 11:30:00+00:00,,,156492.08281349958,,,,,,,,,
2026-02-08 12:00:00+00:00,,,160643.606410431,,,,,,,,,
2026-02-08 12:30:00+00:00,,,165978.5544611461,,,,,,,,,
2026-02-08 13:00:00+00:00,,,165860.9817894266,,,,,,,,,
2026-02-08 13:30:00+00:00,,,170156.02533021878,,,,,,,,,
2026-02-08 14:00:00+00:00,,,165987.5748074565,,,,,,,,,
2026-02-08 14:30:00+00:00,,,163780.22505595384,,,,,,,,,
2026-02-08 15:00:00+00:00,,,168112.88914779664,,,,,,,,,
2026-02-08 15:30:00+00:00,,,154284.90920098446,,,,,,,,,
2026-02-08 16:00:00+00:00,,,170249.16710929442,,,,,,,,,
2026-02-08 16:30:00+00:00,,,173287.23408998465,,,,,,,,,
2026-02-08 17:00:00+00:00,,,177778.69261177938,,,,,,,,,
2026-02-08 17:30:00+00:00,,,186028.25672327782,,,,,,,,,
2026-02-08 18:00:00+00:00,,,190377.48830492634,,,,,,,,,
2026-02-08 18:30:00+00:00,,,195427.64042073122,,,,,,,,,
2026-02-08 19:00:00+00:00,,,173927.90399267033,,,,,,,,,
2026-02-08 19:30:00+00:00,,,165366.50880612124,,,,,,,,,
2026-02-08 20:00:00+00:00,,,174317.63094867702,,,,,,,,,
2026-02-08 20:30:00+00:00,,,164008.95044721305,,,,,,,,,
2026-02-08 21:00:00+00:00,,,159737.41600446514,,,,,,,,,
2026-02-08 21:30:00+00:00,,,150060.29684518278,,,,,,,,,
2026-02-08 22:00:00+00:00,,,140724.45473188534,,,,,,,,,
2026-02-08 22:30:00+00:00,,,157130.3003143452,,,,,,,,,
2026-02-08 23:00:00+00:00,,,152959.49104283177,,,,,,,,,
2026-02-08 23:30:00+00:00,,,155392.28181282873,,,,,,,,,
2026-02-09 00:00:00+00:00,,,170214.25801903897,,,,,,,,,
2026-02-09 00:30:00+00:00,,,162717.5963209879,,,,,,,,,
2026-02-09 01:00:00+00:00,,,167028.37836780876,,,,,,,,,
2026-02-09 01:30:00+00:00,,,162497.39537712507,,,,,,,,,
2026-02-09 02:00:00+00:00,,,162001.06528195346,,,,,,,,,
2026-02-09 02:30:00+00:00,,,173345.78957146333,,,,,,,,,
2026-02-09 03:00:00+00:00,,,180321.8270726695,,,,,,,,,
2026-02-09 03:30:00+00:00,,,170830.42591954072,,,,,,,,,
2026-02-09 04:00:00+00:00,,,172933.12229646405,,,,,,,,,
2026-02-09 04:30:00+00:00,,,167271.24798619136,,,,,,,,,
2026-02-09 05:00:00+00:00,,,170418.60659991318,,,,,,,,,
2026-02-09 05:30:00+00:00,,,164075.3425653052,,,,,,,,,
2026-02-09 06:00:00+00:00,,,155456.21780249002,,,,,,,,,
2026-02-09 06:30:00+00:00,,,142925.99455151474,,,,,,,,,
2026-02-09 07:00:00+00:00,,,155822.27074093308,,,,,,,,,
2026-02-09 07:30:00+00:00,2.85,9.39,158123.31471082228,2.7,3.21,1.91,1.8,2.78,195.0,8.99,8.15,13.99
2026-02-09 08:00:00+00:00,2.53,9.02,154750.11606917172,2.38,2.99,1.41,1.52,2.4,218.0,9.16,7.28,13.34
2026-02-09 08:30:00+00:00,2.33,9.27,155689.16828181501,2.26,2.97,1.91,1.37,2.24,221.0,9.8,7.16,12.62
2026-02-09 09:00:00+00:00,2.52,9.24,167254.5317635097,2.43,3.17,1.58,1.45,2.38,227.0,10.18,6.97,13.29
2026-02-09 09:30:00+00:00,2.35,9.11,165475.21677072562,2.27,2.78,1.42,1.39,2.24,226.0,9.82,6.99,14.15
2026-02-09 10:00:00+00:00,2.26,8.96,170939.75797230532,2.15,2.84,1.23,1.24,2.08,255.0,8.290000000000001,6.21,14.24
2026-02-09 10:30:00+00:00,2.4,8.74,168592.87223517007,2.24,2.82,2.11,1.35,2.2,251.0,10.1,6.3100000000000005,13.23
2026-02-09 11:00:00+00:00,2.28,8.77,157421.85093496327,2.17,2.7,1.05,1.29,2.11,262.0,9.71,6.0600000000000005,13.84
2026-02-09 11:30:00+00:00,2.36,8.700000000000001,153224.93765214572,2.18,2.79,2.98,1.33,2.15,256.0,10.13,6.19,13.19
2026-02-09 12:00:00+00:00,2.29,8.47,155036.49784092949,2.17,2.66,1.51,1.33,2.15,254.0,10.03,6.23,13.09
2026-02-09 12:30:00+00:00,,,149773.24307802567,,,,,,,,,
2026-02-09 13:00:00+00:00,,,153157.14997340707,,,,,,,,,
2026-02-09 13:30:00+00:00,,,152002.9584738467,,,,,,,,,
2026-02-09 14:00:00+00:00,,,152449.14171972568,,,,,,,,,
2026-02-09 14:30:00+00:00,,,150072.3408007538,,,,,,,,,
2026-02-09 15:00:00+00:00,,,139978.76594075758,,,,,,,,,
2026-02-09 15:30:00+00:00,,,137020.70840140592,,,,,,,,,
2026-02-09 16:00:00+00:00,,,129740.48872462558,,,,,,,,,
2026-02-09 16:30:00+00:00,,,133227.90099050713,,,,,,,,,
2026-02-09 17:00:00+00:00,,,142658.85713719888,,,,,,,,,
2026-02-09 17:30:00+00:00,,,136741.16712610493,,,,,,,,,
2026-02-09 18:00:00+00:00,,,152069.73268703246,,,,,,,,,
2026-02-09 18:30:00+00:00,,,165644.61166399758,,,,,,,,,
2026-02-09 19:00:00+00:00,,,165129.45699471713,,,,,,,,,
2026-02-09 19:30:00+00:00,,,164973.97265394832,,,,,,,,,
2026-02-09 20:00:00+00:00,,,167591.77794883802,,,,,,,,,
2026-02-09 20:30:00+00:00,,,156933.62056547063,,,,,,,,,
2026-02-09 21:00:00+00:00,,,164206.11497852133,,,,,,,,,
2026-02-09 21:30:00+00:00,,,156917.58094783616,,,,,,,,,
2026-02-09 22:00:00+00:00,,,148637.59046206152,,,,,,,,,
2026-02-09 22:30:00+00:00,,,163438.23544151842,,,,,,,,,
2026-02-09 23:00:00+00:00,,,162564.0632635832,,,,,,,,,
2026-02-09 23:30:00+00:00,,,160655.45612149496,,,,,,,,,
2026-02-10 00:00:00+00:00,,,168096.4735212905,,,,,,,,,
2026-02-10 00:30:00+00:00,,,157432.4152852785,,,,,,,,,
2026-02-10 01:00:00+00:00,,,160690.35068574638,,,,,,,,,
2026-02-10 01:30:00+00:00,,,152088.4053034027,,,,,,,,,
2026-02-10 02:00:00+00:00,,,150825.9078579646,,,,,,,,,
2026-02-10 02:30:00+00:00,,,156322.83953604123,,,,,,,,,
2026-02-10 03:00:00+00:00,,,150303.16534751328,,,,,,,,,
2026-02-10 03:30:00+00:00,,,154502.62346141232,,,,,,,,,
2026-02-10 04:00:00+00:00,,,155814.3089967182,,,,,,,,,
2026-02-10 04:30:00+00:00,,,161520.21430363465,,,,,,,,,
2026-02-10 05:00:00+00:00,,,157869.05639448858,,,,,,,,,
2026-02-10 05:30:00+00:00,,,171654.39461117215,,,,,,,,,
2026-02-10 06:00:00+00:00,,,169980.17850021584,,,,,,,,,
2026-02-10 06:30:00+00:00,,,185192.4788440872,,,,,,,,,
2026-02-10 07:00:00+00:00,,,160655.65794193716,,,,,,,,,
2026-02-10 07:30:00+00:00,,,149722.01805323028,,,,,,,,,
2026-02-10 08:00:00+00:00,,,153320.44522311477,,,,,,,,,
2026-02-10 08:30:00+00:00,,,152209.32946484126,,,,,,,,,
2026-02-10 09:00:00+00:00,,,157977.52501838442,,,,,,,,,
2026-02-10 09:30:00+00:00,,,148581.69497322105,,,,,,,,,
2026-02-10 10:00:00+00:00,,,147640.55589850273,,,,,,,,,
2026-02-10 10:30:00+00:00,,,157352.222960397,,,,,,,,,
2026-02-10 11:00:00+00:00,,,155248.90167025203,,,,,,,,,
2026-02-10 11:30:00+00:00,,,169306.61248468084,,,,,,,,,
2026-02-10 12:00:00+00:00,,,169620.53068488708,,,,,,,,,
2026-02-10 12:30:00+00:00,,,160188.37933018195,,,,,,,,,
2026-02-10 13:00:00+00:00,,,158831.59695832402,,,,,,,,,
2026-02-10 13:30:00+00:00,,,154983.26886331206,,,,,,,,,
2026-02-10 14:00:00+00:00,,,157123.345112212,,,,,,,,,
2026-02-10 14:30:00+00:00,,,157847.25900475238,,,,,,,,,
2026-02-10 15:00:00+00:00,,,146111.644209382,,,,,,,,,
2026-02-10 15:30:00+00:00,,,146765.70377097552,,,,,,,,,
2026-02-10 16:00:00+00:00,,,157771.28981733898,,,,,,,,,
2026-02-10 16:30:00+00:00,,,158207.90147525055,,,,,,,,,
2026-02-10 17:00:00+00:00,,,160498.61138855226,,,,,,,,,
2026-02-10 17:30:00+00:00,,,159221.69816064337,,,,,,,,,
2026-02-10 18:00:00+00:00,,,161602.66689312964,,,,,,,,,
2026-02-10 18:30:00+00:00,,,167984.9152521315,,,,,,,,,
2026-02-10 19:00:00+00:00,,,164165.71187703597,,,,,,,,,
2026-02-10 19:30:00+00:00,,,158043.24180714626,,,,,,,,,
2026-02-10 20:00:00+00:00,,,151036.15330332387,,,,,,,,,
2026-02-10 20:30:00+00:00,,,157988.11616312966,,,,,,,,,
2026-02-10 21:00:00+00:00,,,153312.64109737502,,,,,,,,,
2026-02-10 21:30:00+00:00,,,154904.41749688121,,,,,,,,,
2026-02-10 22:00:00+00:00,,,146713.0266757316,,,,,,,,,
2026-02-10 22:30:00+00:00,,,162034.64317666594,,,,,,,,,
2026-02-10 23:00:00+00:00,,,146896.48885694914,,,,,,,,,
2026-02-10 23:30:00+00:00,,,156223.73118198733,,,,,,,,,
2026-02-11 00:00:00+00:00,,,156160.3767874237,,,,,,,,,
2026-02-11 00:30:00+00:00,,,150549.5901544394,,,,,,,,,
2026-02-11 01:00:00+00:00,,,151884.3954695235,,,,,,,,,
2026-02-11 01:30:00+00:00,,,170325.4861455713,,,,,,,,,
2026-02-11 02:00:00+00:00,,,153773.12786502638,,,,,,,,,
2026-02-11 02:30:00+00:00,,,163758.47015658885,,,,,,,,,
2026-02-11 03:00:00+00:00,,,163232.1668243811,,,,,,,,,
2026-02-11 03:30:00+00:00,,,172892.98098461205,,,,,,,,,
2026-02-11 04:00:00+00:00,,,170559.210855328,,,,,,,,,
2026-02-11 04:30:00+00:00,,,168780.14261778034,,,,,,,,,
2026-02-11 05:00:00+00:00,,,168820.58677550024,,,,,,,,,
2026-02-11 05:30:00+00:00,,,174540.16591149603,,,,,,,,,
2026-02-11 06:00:00+00:00,,,169787.8269622886,,,,,,,,,
2026-02-11 06:30:00+00:00,,,158591.9304144403,,,,,,,,,
2026-02-11 07:00:00+00:00,,,184177.56916879045,,,,,,,,,
2026-02-11 07:30:00+00:00,,,183628.62716503927,,,,,,,,,
2026-02-11 08:00:00+00:00,,,177522.35691272543,,,,,,,,,
2026-02-11 08:30:00+00:00,,,162755.03929697166,,,,,,,,,
2026-02-11 09:00:00+00:00,,,155121.4801281427,,,,,,,,,
2026-02-11 09:30:00+00:00,,,155241.47678681606,,,,,,,,,
2026-02-11 10:00:00+00:00,,,147421.16433820798,,,,,,,,,
2026-02-11 10:30:00+00:00,,,150893.17292433052,,,,,,,,,
2026-02-11 11:00:00+00:00,,,166686.7796238802,,,,,,,,,
2026-02-11 11:30:00+00:00,,,169439.6472987949,,,,,,,,,
2026-02-11 12:00:00+00:00,,,142149.2899667776,,,,,,,,,
2026-02-11 12:30:00+00:00,,,138427.9256399558,,,,,,,,,
2026-02-11 13:00:00+00:00,,,148001.93899331198,,,,,,,,,
2026-02-11 13:30:00+00:00,,,152110.2820567793,,,,,,,,,
2026-02-11 14:00:00+00:00,,,146827.20296716972,,,,,,,,,
2026-02-11 14:30:00+00:00,,,149814.4553057544,,,,,,,,,
2026-02-11 15:00:00+00:00,,,174098.20140910608,,,,,,,,,
2026-02-11 15:30:00+00:00,,,161481.86240167628,,,,,,,,,
2026-02-11 16:00:00+00:00,,,168080.67636180273,,,,,,,,,
2026-02-11 16:30:00+00:00,,,158264.30779379111,,,,,,,,,
2026-02-11 17:00:00+00:00,,,150885.71615786303,,,,,,,,,
2026-02-11 17:30:00+00:00,,,144320.15613126682,,,,,,,,,
2026-02-11 18:00:00+00:00,,,150754.72106337908,,,,,,,,,
2026-02-11 18:30:00+00:00,,,158367.54621347692,,,,,,,,,
2026-02-11 19:00:00+00:00,,,145454.71686840843,,,,,,,,,
2026-02-11 19:30:00+00:00,,,150626.94685260765,,,,,,,,,
2026-02-11 20:00:00+00:00,,,153483.17530119536,,,,,,,,,
2026-02-11 20:30:00+00:00,,,153801.8135543859,,,,,,,,,
2026-02-11 21:00:00+00:00,,,149187.28292834276,,,,,,,,,
2026-02-11 21:30:00+00:00,,,167588.53034689178,,,,,,,,,
2026-02-11 22:00:00+00:00,,,166105.20521378395,,,,,,,,,
2026-02-11 22:30:00+00:00,,,163497.10544752236,,,,,,,,,
2026-02-11 23:00:00+00:00,,,166892.98081789195,,,,,,,,,
2026-02-11 23:30:00+00:00,,,184814.6796472909,,,,,,,,,
2026-02-12 00:00:00+00:00,,,,,,,,,,,,
2026-02-12 00:30:00+00:00,,,174297.84242091078,,,,,,,,,
2026-02-12 01:00:00+00:00,,,177384.11655880688,,,,,,,,,
2026-02-12 01:30:00+00:00,,,169840.15733060683,,,,,,,,,
2026-02-12 02:00:00+00:00,,,158908.96724064072,,,,,,,,,
2026-02-12 02:30:00+00:00,,,154113.62025160878,,,,,,,,,
2026-02-12 03:00:00+00:00,,,150736.0201954216,,,,,,,,,
2026-02-12 03:30:00+00:00,,,161444.33025197522,,,,,,,,,
2026-02-12 04:00:00+00:00,,,167435.0772867133,,,,,,,,,
2026-02-12 04:30:00+00:00,,,169012.13377277832,,,,,,,,,
2026-02-12 05:00:00+00:00,,,162968.9223415484,,,,,,,,,
2026-02-12 05:30:00+00:00,,,129111.86975114595,,,,,,,,,
2026-02-12 06:00:00+00:00,,,137105.0814024208,,,,,,,,,
2026-02-12 06:30:00+00:00,,,134999.34108870119,,,,,,,,,
2026-02-12 07:00:00+00:00,,,133519.82730357183,,,,,,,,,
2026-02-12 07:30:00+00:00,,,129673.49202644026,,,,,,,,,
2026-02-12 08:00:00+00:00,,,132539.66924309786,,,,,,,,,
2026-02-12 08:30:00+00:00,,,141089.62728526624,,,,,,,,,
2026-02-12 09:00:00+00:00,,,138407.99580788013,,,,,,,,,
2026-02-12 09:30:00+00:00,,,142836.02601145065,,,,,,,,,
2026-02-12 10:00:00+00:00,,,137199.2855545786,,,,,,,,,
2026-02-12 10:30:00+00:00,,,143745.31089150303,,,,,,,,,
2026-02-12 11:00:00+00:00,,,146839.96220352864,,,,,,,,,
2026-02-12 11:30:00+00:00,,,147342.109483218,,,,,,,,,
2026-02-12 12:00:00+00:00,,,159850.79453079053,,,,,,,,,
2026-02-12 12:30:00+00:00,,,149832.21983153952,,,,,,,,,
2026-02-12 13:00:00+00:00,,,155688.34133691128,,,,,,,,,
2026-02-12 13:30:00+00:00,,,155895.74396401472,,,,,,,,,
2026-02-12 14:00:00+00:00,,,143103.93737595982,,,,,,,,,
2026-02-12 14:30:00+00:00,,,140887.5668530871,,,,,,,,,
2026-02-12 15:00:00+00:00,,,138816.32749153808,,,,,,,,,
2026-02-12 15:30:00+00:00,,,146609.71420679212,,,,,,,,,
2026-02-12 16:00:00+00:00,,,142727.42825228235,,,,,,,,,
2026-02-12 16:30:00+00:00,,,143069.82768136892,,,,,,,,,
2026-02-12 17:00:00+00:00,,,155143.88619225184,,,,,,,,,
2026-02-12 17:30:00+00:00,,,145947.16210301794,,,,,,,,,
2026-02-12 18:00:00+00:00,,,151154.83773680864,,,,,,,,,
2026-02-12 18:30:00+00:00,,,149049.09187604586,,,,,,,,,
2026-02-12 19:00:00+00:00,,,151165.8627975419,,,,,,,,,
2026-02-12 19:30:00+00:00,,,149256.14543359607,,,,,,,,,
2026-02-12 20:00:00+00:00,,,165170.5834204944,,,,,,,,,
2026-02-12 20:30:00+00:00,,,162736.90043906102,,,,,,,,,
2026-02-12 21:00:00+00:00,,,143070.95744885516,,,,,,,,,
2026-02-12 21:30:00+00:00,,,138428.2572180259,,,,,,,,,
2026-02-12 22:00:00+00:00,,,149427.64784124176,,,,,,,,,
2026-02-12 22:30:00+00:00,,,149698.653392259,,,,,,,,,
2026-02-12 23:00:00+00:00,,,151842.28827684457,,,,,,,,,
2026-02-12 23:30:00+00:00,,,156959.65085213658,,,,,,,,,
2026-02-13 00:00:00+00:00,,,160859.5259905391,,,,,,,,,
2026-02-13 00:30:00+00:00,,,161988.9056912565,,,,,,,,,
2026-02-13 01:00:00+00:00,,,148720.19156664697,,,,,,,,,
2026-02-13 01:30:00+00:00,,,150033.02750799933,,,,,,,,,
2026-02-13 02:00:00+00:00,,,165592.46925069657,,,,,,,,,
2026-02-13 02:30:00+00:00,,,157328.93994629077,,,,,,,,,
2026-02-13 03:00:00+00:00,,,176759.91744764888,,,,,,,,,
2026-02-13 03:30:00+00:00,,,165104.47940504437,,,,,,,,,
2026-02-13 04:00:00+00:00,,,178906.2033293187,,,,,,,,,
2026-02-13 04:30:00+00:00,,,175405.7817404306,,,,,,,,,
2026-02-13 05:00:00+00:00,,,176217.90564712952,,,,,,,,,
2026-02-13 05:30:00+00:00,,,180385.34017158335,,,,,,,,,
2026-02-13 06:00:00+00:00,,,197592.01427440584,,,,,,,,,
2026-02-13 06:30:00+00:00,,,205902.67367565617,,,,,,,,,
2026-02-13 07:00:00+00:00,,,194822.48022859637,,,,,,,,,
2026-02-13 07:30:00+00:00,,,173262.8916485908,,,,,,,,,
2026-02-13 08:00:00+00:00,,,174840.01163564099,,,,,,,,,
2026-02-13 08:30:00+00:00,,,169766.12874846012,,,,,,,,,
2026-02-13 09:00:00+00:00,,,172917.177333835,,,,,,,,,
2026-02-13 09:30:00+00:00,,,170159.75261814776,,,,,,,,,
2026-02-13 10:00:00+00:00,,,159657.14111391924,,,,,,,,,
2026-02-13 10:30:00+00:00,,,190273.09100116123,,,,,,,,,
2026-02-13 11:00:00+00:00,,,194332.57566086377,,,,,,,,,
2026-02-13 11:30:00+00:00,,,199115.55362988546,,,,,,,,,
2026-02-13 12:00:00+00:00,,,195410.3236198386,,,,,,,,,
2026-02-13 12:30:00+00:00,,,201476.3791573829,,,,,,,,,
2026-02-13 13:00:00+00:00,,,190601.54143677183,,,,,,,,,
2026-02-13 13:30:00+00:00,,,206616.3009751342,,,,,,,,,
2026-02-13 14:00:00+00:00,,,183065.6477350603,,,,,,,,,
2026-02-13 14:30:00+00:00,,,170381.55826797424,,,,,,,,,
2026-02-13 15:00:00+00:00,,,177433.93620498164,,,,,,,,,
2026-02-13 15:30:00+00:00,,,184991.81726890977,,,,,,,,,
2026-02-13 16:00:00+00:00,,,185407.01406576025,,,,,,,,,
2026-02-13 16:30:00+00:00,,,182744.60687302164,,,,,,,,,
2026-02-13 17:00:00+00:00,,,191930.72488684882,,,,,,,,,
2026-02-13 17:30:00+00:00,,,182626.34897768832,,,,,,,,,
2026-02-13 18:00:00+00:00,,,176944.92647560698,,,,,,,,,
2026-02-13 18:30:00+00:00,,,171253.21399151866,,,,,,,,,
2026-02-13 19:00:00+00:00,,,160698.3907232456,,,,,,,,,
2026-02-13 19:30:00+00:00,,,163939.42840828127,,,,,,,,,
2026-02-13 20:00:00+00:00,,,161962.9379162837,,,,,,,,,
2026-02-13 20:30:00+00:00,,,168352.42280060775,,,,,,,,,
2026-02-13 21:00:00+00:00,,,158262.407662565,,,,,,,,,
2026-02-13 21:30:00+00:00,,,174361.4004954359,,,,,,,,,
2026-02-13 22:00:00+00:00,,,168271.89804030972,,,,,,,,,
2026-02-13 22:30:00+00:00,,,162924.4712904647,,,,,,,,,
2026-02-13 23:00:00+00:00,,,164805.82120147848,,,,,,,,,
2026-02-13 23:30:00+00:00,,,161275.44170553624,,,,,,,,,
2026-02-14 00:00:00+00:00,,,161900.17207324316,,,,,,,,,
2026-02-14 00:30:00+00:00,,,169372.96956018475,,,,,,,,,
2026-02-14 01:00:00+00:00,,,166369.71751978187,,,,,,,,,
2026-02-14 01:30:00+00:00,,,173935.0162178036,,,,,,,,,
2026-02-14 02:00:00+00:00,,,151714.71022973504,,,,,,,,,
2026-02-14 02:30:00+00:00,,,131431.6000612343,,,,,,,,,
2026-02-14 03:00:00+00:00,,,137320.10905490254,,,,,,,,,
2026-02-14 03:30:00+00:00,,,150165.40028980683,,,,,,,,,
2026-02-14 04:00:00+00:00,,,144282.55472767056,,,,,,,,,
2026-02-14 04:30:00+00:00,,,164544.7003687213,,,,,,,,,
2026-02-14 05:00:00+00:00,,,172642.03854169903,,,,,,,,,
2026-02-14 05:30:00+00:00,,,183969.8926178329,,,,,,,,,
2026-02-14 06:00:00+00:00,,,168129.17574654223,,,,,,,,,
2026-02-14 06:30:00+00:00,,,158356.42559585403,,,,,,,,,
2026-02-14 07:00:00+00:00,,,158176.72670827387,,,,,,,,,
2026-02-14 07:30:00+00:00,,,164424.92509893223,,,,,,,,,
2026-02-14 08:00:00+00:00,,,165215.12682164364,,,,,,,,,
2026-02-14 08:30:00+00:00,,,161846.7482030605,,,,,,,,,
2026-02-14 09:00:00+00:00,,,161142.2022902135,,,,,,,,,
2026-02-14 09:30:00+00:00,,,150917.82181642725,,,,,,,,,
2026-02-14 10:00:00+00:00,,,162269.87509664602,,,,,,,,,
2026-02-14 10:30:00+00:00,,,154452.4582607181,,,,,,,,,
2026-02-14 11:00:00+00:00,,,170028.10069112608,,,,,,,,,
2026-02-14 11:30:00+00:00,,,172058.87830788392,,,,,,,,,
2026-02-14 12:00:00+00:00,,,176391.1155281657,,,,,,,,,
2026-02-14 12:30:00+00:00,,,170793.62465160203,,,,,,,,,
2026-02-14 13:00:00+00:00,,,174844.04379474063,,,,,,,,,
2026-02-14 13:30:00+00:00,,,178809.28238554962,,,,,,,,,
2026-02-14 14:00:00+00:00,,,177417.20301952073,,,,,,,,,
2026-02-14 14:30:00+00:00,,,176258.22445548844,,,,,,,,,
2026-02-14 15:00:00+00:00,,,200844.7556277499,,,,,,,,,
2026-02-14 15:30:00+00:00,,,189782.5613780679,,,,,,,,,
2026-02-14 16:00:00+00:00,,,178489.25931806676,,,,,,,,,
2026-02-14 16:30:00+00:00,,,197678.0840377669,,,,,,,,,
2026-02-14 17:00:00+00:00,,,210707.33043102804,,,,,,,,,
2026-02-14 17:30:00+00:00,,,186196.50406733667,,,,,,,,,
2026-02-14 18:00:00+00:00,,,196670.8365485058,,,,,,,,,
2026-02-14 18:30:00+00:00,,,179920.02727872392,,,,,,,,,
2026-02-14 19:00:00+00:00,,,165898.83067687775,,,,,,,,,
2026-02-14 19:30:00+00:00,,,177969.0096566584,,,,,,,,,
2026-02-14 20:00:00+00:00,,,184627.2721157009,,,,,,,,,
2026-02-14 20:30:00+00:00,,,186516.62840272352,,,,,,,,,
2026-02-14 21:00:00+00:00,,,186250.90080803068,,,,,,,,,
2026-02-14 21:30:00+00:00,,,163488.82580698948,,,,,,,,,
2026-02-14 22:00:00+00:00,,,177757.7048758351,,,,,,,,,
2026-02-14 22:30:00+00:00,,,161037.83161160134,,,,,,,,,
2026-02-14 23:00:00+00:00,,,166763.09735871095,,,,,,,,,
2026-02-14 23:30:00+00:00,,,169794.71406947018,,,,,,,,,
2026-02-15 00:00:00+00:00,,,170857.5721285755,,,,,,,,,
2026-02-15 00:30:00+00:00,,,173051.0989172549,,,,,,,,,
2026-02-15 01:00:00+00:00,,,170675.93596680468,,,,,,,,,
2026-02-15 01:30:00+00:00,,,169733.54398141048,,,,,,,,,
2026-02-15 02:00:00+00:00,,,173298.6403914587,,,,,,,,,
2026-02-15 02:30:00+00:00,,,164147.8006695594,,,,,,,,,
2026-02-15 03:00:00+00:00,,,176279.3095087356,,,,,,,,,
2026-02-15 03:30:00+00:00,,,187459.06648836512,,,,,,,,,
2026-02-15 04:00:00+00:00,,,181214.6256376333,,,,,,,,,
2026-02-15 04:30:00+00:00,,,159187.01943890998,,,,,,,,,
2026-02-15 05:00:00+00:00,,,172073.13244883931,,,,,,,,,
2026-02-15 05:30:00+00:00,,,170102.65398776525,,,,,,,,,
2026-02-15 06:00:00+00:00,,,182571.86015569125,,,,,,,,,
2026-02-15 06:30:00+00:00,,,172786.0654571588,,,,,,,,,
2026-02-15 07:00:00+00:00,,,166062.71021894933,,,,,,,,,
2026-02-15 07:30:00+00:00,,,167901.8072184129,,,,,,,,,
2026-02-15 08:00:00+00:00,,,164019.24787919642,,,,,,,,,
2026-02-15 08:30:00+00:00,,,155666.647357571,,,,,,,,,
2026-02-15 09:00:00+00:00,,,148390.51012174037,,,,,,,,,
2026-02-15 09:30:00+00:00,,,162461.9272391133,,,,,,,,,
2026-02-15 10:00:00+00:00,,,149263.86887760088,,,,,,,,,
2026-02-15 10:30:00+00:00,,,149679.3864174078,,,,,,,,,
2026-02-15 11:00:00+00:00,,,159786.53087306357,,,,,,,,,
2026-02-15 11:30:00+00:00,,,162051.9688061532,,,,,,,,,
2026-02-15 12:00:00+00:00,,,151097.85179319873,,,,,,,,,
2026-02-15 12:30:00+00:00,,,171931.57535483575,,,,,,,,,
2026-02-15 13:00:00+00:00,,,156456.2699779418,,,,,,,,,
2026-02-15 13:30:00+00:00,,,160796.10436040707,,,,,,,,,
2026-02-15 14:00:00+00:00,,,159762.33948262743,,,,,,,,,
2026-02-15 14:30:00+00:00,,,161907.4460614723,,,,,,,,,
2026-02-15 15:00:00+00:00,,,153744.5702111784,,,,,,,,,
2026-02-15 15:30:00+00:00,,,180052.58409128795,,,,,,,,,
2026-02-15 16:00:00+00:00,,,186400.21928451036,,,,,,,,,
2026-02-15 16:30:00+00:00,,,179493.99885324185,,,,,,,,,
2026-02-15 17:00:00+00:00,,,172248.97938134914,,,,,,,,,
2026-02-15 17:30:00+00:00,,,157859.15829524273,,,,,,,,,
2026-02-15 18:00:00+00:00,,,151358.66351387772,,,,,,,,,
2026-02-15 18:30:00+00:00,,,166792.8341723136,,,,,,,,,
2026-02-15 19:00:00+00:00,,,166230.92310076035,,,,,,,,,
2026-02-15 19:30:00+00:00,,,175518.7362431841,,,,,,,,,
2026-02-15 20:00:00+00:00,,,155989.04909262256,,,,,,,,,
2026-02-15 20:30:00+00:00,,,146356.271948726,,,,,,,,,
2026-02-15 21:00:00+00:00,,,150097.81232853886,,,,,,,,,
2026-02-15 21:30:00+00:00,,,161680.8418709521,,,,,,,,,
2026-02-15 22:00:00+00:00,,,166437.41728002176,,,,,,,,,
2026-02-15 22:30:00+00:00,,,161904.31308999154,,,,,,,,,
2026-02-15 23:00:00+00:00,,,168952.8152879663,,,,,,,,,
2026-02-15 23:30:00+00:00,,,173366.94322397976,,,,,,,,,
2026-02-16 00:00:00+00:00,,,162389.0181963029,,,,,,,,,
2026-02-16 00:30:00+00:00,,,155134.8653080311,,,,,,,,,
2026-02-16 01:00:00+00:00,,,154257.27853930992,,,,,,,,,
2026-02-16 01:30:00+00:00,,,156365.75243336975,,,,,,,,,
2026-02-16 02:00:00+00:00,,,168179.76325283363,,,,,,,,,
2026-02-16 02:30:00+00:00,,,166114.5280673738,,,,,,,,,
2026-02-16 03:00:00+00:00,,,162090.9647181371,,,,,,,,,
2026-02-16 03:30:00+00:00,,,161271.46708057818,,,,,,,,,
2026-02-16 04:00:00+00:00,,,178748.08613159007,,,,,,,,,
2026-02-16 04:30:00+00:00,,,165527.55045323796,,,,,,,,,
2026-02-16 05:00:00+00:00,,,174021.06563283768,,,,,,,,,
2026-02-16 05:30:00+00:00,,,188709.22290983808,,,,,,,,,
2026-02-16 06:00:00+00:00,,,158401.73993422659,,,,,,,,,
2026-02-16 06:30:00+00:00,,,154362.5391579918,,,,,,,,,
2026-02-16 07:00:00+00:00,,,161051.8349112969,,,,,,,,,
2026-02-16 07:30:00+00:00,,,161431.41297175537,,,,,,,,,
2026-02-16 08:00:00+00:00,,,155376.93531677374,,,,,,,,,
2026-02-16 08:30:00+00:00,,,166708.0973148666,,,,,,,,,
2026-02-16 09:00:00+00:00,,,140281.9805911252,,,,,,,,,
2026-02-16 09:30:00+00:00,,,139683.87693712307,,,,,,,,,
2026-02-16 10:00:00+00:00,,,154017.16762144185,,,,,,,,,
2026-02-16 10:30:00+00:00,,,163176.34048505858,,,,,,,,,
2026-02-16 11:00:00+00:00,,,154978.2489626841,,,,,,,,,
2026-02-16 11:30:00+00:00,,,150858.56911189755,,,,,,,,,
2026-02-16 12:00:00+00:00,,,156386.07834887208,,,,,,,,,
2026-02-16 12:30:00+00:00,,,152300.9181757319,,,,,,,,,
2026-02-16 13:00:00+00:00,,,161209.77231733213,,,,,,,,,
2026-02-16 13:30:00+00:00,,,164027.1989801537,,,,,,,,,
2026-02-16 14:00:00+00:00,,,158439.33194522807,,,,,,,,,
2026-02-16 14:30:00+00:00,,,161486.3827110755,,,,,,,,,
2026-02-16 15:00:00+00:00,,,170116.95212019986,,,,,,,,,
2026-02-16 15:30:00+00:00,,,176105.39711910082,,,,,,,,,
2026-02-16 16:00:00+00:00,,,167057.7440541956,,,,,,,,,
2026-02-16 16:30:00+00:00,,,183158.52008928414,,,,,,,,,
2026-02-16 17:00:00+00:00,,,196243.82083674535,,,,,,,,,
2026-02-16 17:30:00+00:00,,,177883.40614944196,,,,,,,,,
2026-02-16 18:00:00+00:00,,,166019.5052566927,,,,,,,,,
2026-02-16 18:30:00+00:00,,,179002.54237031573,,,,,,,,,
2026-02-16 19:00:00+00:00,,,170323.8476058611,,,,,,,,,
2026-02-16 19:30:00+00:00,,,183095.18464862037,,,,,,,,,
2026-02-16 20:00:00+00:00,,,160079.20587928378,,,,,,,,,
2026-02-16 20:30:00+00:00,,,159695.6083663749,,,,,,,,,
2026-02-16 21:00:00+00:00,,,162400.9658601929,,,,,,,,,
2026-02-16 21:30:00+00:00,,,166797.9930759203,,,,,,,,,
2026-02-16 22:00:00+00:00,,,176692.2978591648,,,,,,,,,
2026-02-16 22:30:00+00:00,,,170780.271411014,,,,,,,,,
2026-02-16 23:00:00+00:00,,,172775.24351644708,,,,,,,,,
2026-02-16 23:30:00+00:00,,,168781.93033754712,,,,,,,,,
2026-02-17 00:00:00+00:00,,,184701.00765330074,,,,,,,,,
2026-02-17 00:30:00+00:00,,,182734.4322826182,,,,,,,,,
2026-02-17 01:00:00+00:00,,,161529.22772654213,,,,,,,,,
2026-02-17 01:30:00+00:00,,,162857.35102734878,,,,,,,,,
2026-02-17 02:00:00+00:00,,,178950.97919196793,,,,,,,,,
2026-02-17 02:30:00+00:00,,,176109.22564957954,,,,,,,,,
2026-02-17 03:00:00+00:00,,,184710.84165662384,,,,,,,,,
2026-02-17 03:30:00+00:00,,,182113.41980015978,,,,,,,,,
2026-02-17 04:00:00+00:00,,,177595.6045468237,,,,,,,,,
2026-02-17 04:30:00+00:00,,,163204.52353926408,,,,,,,,,
2026-02-17 05:00:00+00:00,,,156513.70276113958,,,,,,,,,
2026-02-17 05:30:00+00:00,,,156971.626063302,,,,,,,,,
2026-02-17 06:00:00+00:00,,,154610.50165046708,,,,,,,,,
2026-02-17 06:30:00+00:00,,,157752.63940442156,,,,,,,,,
2026-02-17 07:00:00+00:00,,,160292.7707947383,,,,,,,,,
2026-02-17 07:30:00+00:00,,,159378.03003788655,,,,,,,,,
2026-02-17 08:00:00+00:00,,,141496.94895954334,,,,,,,,,
2026-02-17 08:30:00+00:00,,,142244.1474657867,,,,,,,,,
2026-02-17 09:00:00+00:00,,,159500.63083462333,,,,,,,,,
2026-02-17 09:30:00+00:00,,,172703.13460916642,,,,,,,,,
2026-02-17 10:00:00+00:00,,,171097.72097998005,,,,,,,,,
2026-02-17 10:30:00+00:00,,,167219.25964194164,,,,,,,,,
2026-02-17 11:00:00+00:00,,,156984.33771358462,,,,,,,,,
2026-02-17 11:30:00+00:00,,,157037.60357184062,,,,,,,,,
2026-02-17 12:00:00+00:00,,,156504.04734562707,,,,,,,,,
2026-02-17 12:30:00+00:00,,,153358.82527242848,,,,,,,,,
2026-02-17 13:00:00+00:00,,,168348.47150091003,,,,,,,,,
2026-02-17 13:30:00+00:00,,,168269.08500110873,,,,,,,,,
2026-02-17 14:00:00+00:00,,,164032.30408663445,,,,,,,,,
2026-02-17 14:30:00+00:00,,,159842.5158811785,,,,,,,,,
2026-02-17 15:00:00+00:00,,,143229.87370902914,,,,,,,,,
2026-02-17 15:30:00+00:00,,,139135.65136714056,,,,,,,,,
2026-02-17 16:00:00+00:00,,,135999.07640707612,,,,,,,,,
2026-02-17 16:30:00+00:00,,,144801.30190070724,,,,,,,,,
2026-02-17 17:00:00+00:00,,,152138.86620467127,,,,,,,,,
2026-02-17 17:30:00+00:00,,,151871.04120894772,,,,,,,,,
2026-02-17 18:00:00+00:00,,,159164.67030053932,,,,,,,,,
2026-02-17 18:30:00+00:00,,,142381.57609102028,,,,,,,,,
2026-02-17 19:00:00+00:00,,,139626.54470075353,,,,,,,,,
2026-02-17 19:30:00+00:00,,,152610.08693710947,,,,,,,,,
2026-02-17 20:00:00+00:00,,,154424.87517452234,,,,,,,,,
2026-02-17 20:30:00+00:00,,,148460.43147102697,,,,,,,,,
2026-02-17 21:00:00+00:00,,,149196.8810590658,,,,,,,,,
2026-02-17 21:30:00+00:00,,,156210.35010998635,,,,,,,,,
2026-02-17 22:00:00+00:00,,,149506.76298892757,,,,,,,,,
2026-02-17 22:30:00+00:00,,,159980.68828841083,,,,,,,,,
2026-02-17 23:00:00+00:00,,,146917.34331250875,,,,,,,,,
2026-02-17 23:30:00+00:00,,,139262.89736094477,,,,,,,,,
2026-02-18 00:00:00+00:00,,,136769.28757436798,,,,,,,,,
2026-02-18 00:30:00+00:00,,,149524.2418187297,,,,,,,,,
2026-02-18 01:00:00+00:00,,,154663.6425167601,,,,,,,,,
2026-02-18 01:30:00+00:00,,,151685.81948214886,,,,,,,,,
2026-02-18 02:00:00+00:00,,,144229.18585386127,,,,,,,,,
2026-02-18 02:30:00+00:00,,,143668.79952284516,,,,,,,,,
2026-02-18 03:00:00+00:00,,,146374.64095030894,,,,,,,,,
2026-02-18 03:30:00+00:00,,,145721.8540202887,,,,,,,,,
2026-02-18 04:00:00+00:00,,,146336.9453709976,,,,,,,,,
2026-02-18 04:30:00+00:00,,,146669.58709749367,,,,,,,,,
2026-02-18 05:00:00+00:00,,,156690.31829100882,,,,,,,,,
2026-02-18 05:30:00+00:00,,,152820.01948786044,,,,,,,,,
2026-02-18 06:00:00+00:00,,,150267.12742760533,,,,,,,,,
2026-02-18 06:30:00+00:00,,,154886.92841987457,,,,,,,,,
2026-02-18 07:00:00+00:00,,,147653.7767767059,,,,,,,,,
2026-02-18 07:30:00+00:00,,,153367.0502058222,,,,,,,,,
2026-02-18 08:00:00+00:00,,,144972.79581214674,,,,,,,,,
2026-02-18 08:30:00+00:00,,,157492.64655503226,,,,,,,,,
2026-02-18 09:00:00+00:00,,,143523.724472254,,,,,,,,,
2026-02-18 09:30:00+00:00,,,145250.34134320685,,,,,,,,,
2026-02-18 10:00:00+00:00,,,155091.743081434,,,,,,,,,
2026-02-18 10:30:00+00:00,,,168131.67662957511,,,,,,,,,
2026-02-18 11:00:00+00:00,,,168643.66462016286,,,,,,,,,
2026-02-18 11:30:00+00:00,,,176197.2510845827,,,,,,,,,
2026-02-18 12:00:00+00:00,,,152534.19466161623,,,,,,,,,
2026-02-18 12:30:00+00:00,,,161462.15620439238,,,,,,,,,
2026-02-18 13:00:00+00:00,,,164294.4660295031,,,,,,,,,
2026-02-18 13:30:00+00:00,,,149776.98940865693,,,,,,,,,
2026-02-18 14:00:00+00:00,,,163668.38797084533,,,,,,,,,
2026-02-18 14:30:00+00:00,,,170166.30516708698,,,,,,,,,
2026-02-18 15:00:00+00:00,,,171200.56928667333,,,,,,,,,
2026-02-18 15:30:00+00:00,,,153576.61984831415,,,,,,,,,
2026-02-18 16:00:00+00:00,,,158174.4621345409,,,,,,,,,
2026-02-18 16:30:00+00:00,,,157747.76253906154,,,,,,,,,
2026-02-18 17:00:00+00:00,,,169167.08343077853,,,,,,,,,
2026-02-18 17:30:00+00:00,,,190417.16273882164,,,,,,,,,
2026-02-18 18:00:00+00:00,,,187219.63659280277,,,,,,,,,
2026-02-18 18:30:00+00:00,,,177406.88629320747,,,,,,,,,
2026-02-18 19:00:00+00:00,,,179366.58651409234,,,,,,,,,
2026-02-18 19:30:00+00:00,,,180811.28872646758,,,,,,,,,
2026-02-18 20:00:00+00:00,,,192181.47028016616,,,,,,,,,
2026-02-18 20:30:00+00:00,,,192020.7979685759,,,,,,,,,
2026-02-18 21:00:00+00:00,,,183138.15295935905,,,,,,,,,
2026-02-18 21:30:00+00:00,,,172579.96665132046,,,,,,,,,
2026-02-18 22:00:00+00:00,,,171031.06954765052,,,,,,,,,
2026-02-18 22:30:00+00:00,,,162536.92562809587,,,,,,,,,
2026-02-18 23:00:00+00:00,,,166497.8976654962,,,,,,,,,
2026-02-18 23:30:00+00:00,,,171858.8614909852,,,,,,,,,
2026-02-19 00:00:00+00:00,,,,,,,,,,,,
2026-02-19 00:30:00+00:00,,,182394.67929916337,,,,,,,,,
2026-02-19 01:00:00+00:00,,,176588.7858482746,,,,,,,,,
2026-02-19 01:30:00+00:00,,,180012.77717755325,,,,,,,,,
2026-02-19 02:00:00+00:00,,,188637.1339540435,,,,,,,,,
2026-02-19 02:30:00+00:00,,,163834.9902409008,,,,,,,,,
2026-02-19 03:00:00+00:00,,,162970.46287608135,,,,,,,,,
2026-02-19 03:30:00+00:00,,,156600.2609677657,,,,,,,,,
2026-02-19 04:00:00+00:00,,,155369.57471012507,,,,,,,,,
2026-02-19 04:30:00+00:00,,,183289.71243558495,,,,,,,,,
2026-02-19 05:00:00+00:00,,,185590.69668094022,,,,,,,,,
2026-02-19 05:30:00+00:00,,,176453.0335410896,,,,,,,,,
2026-02-19 06:00:00+00:00,,,186279.61453496834,,,,,,,,,
2026-02-19 06:30:00+00:00,,,177611.18582595506,,,,,,,,,
2026-02-19 07:00:00+00:00,,,172019.98556239024,,,,,,,,,
2026-02-19 07:30:00+00:00,,,176815.54255988653,,,,,,,,,
2026-02-19 08:00:00+00:00,,,185885.84256729714,,,,,,,,,
2026-02-19 08:30:00+00:00,,,182073.14197262633,,,,,,,,,
2026-02-19 09:00:00+00:00,,,174952.60078543413,,,,,,,,,
2026-02-19 09:30:00+00:00,,,172017.3399256824,,,,,,,,,
2026-02-19 10:00:00+00:00,,,169103.3129693107,,,,,,,,,
2026-02-19 10:30:00+00:00,,,180066.9672043682,,,,,,,,,
2026-02-19 11:00:00+00:00,,,182472.72702814796,,,,,,,,,
2026-02-19 11:30:00+00:00,,,176255.42718616084,,,,,,,,,
2026-02-19 12:00:00+00:00,,,171360.7536218589,,,,,,,,,
2026-02-19 12:30:00+00:00,,,100119.815534466,,,,,,,,,
2026-02-19 13:00:00+00:00,,,-746.2692254221577,,,,,,,,,
2026-02-19 13:30:00+00:00,,,-765.1139155662177,,,,,,,,,
2026-02-19 14:00:00+00:00,,,-779.4332249981204,,,,,,,,,
2026-02-19 14:30:00+00:00,,,-777.2526085074334,,,,,,,,,
2026-02-19 15:00:00+00:00,,,-773.234867586831,,,,,,,,,
2026-02-19 15:30:00+00:00,,,-801.5936143103742,,,,,,,,,
2026-02-19 16:00:00+00:00,,,-770.4030857810777,,,,,,,,,
2026-02-19 16:30:00+00:00,,,-783.4246452580061,,,,,,,,,
2026-02-19 17:00:00+00:00,,,-788.1927128520863,,,,,,,,,
2026-02-19 17:30:00+00:00,,,-791.3576787696333,,,,,,,,,
2026-02-19 18:00:00+00:00,,,-813.9222002488755,,,,,,,,,
2026-02-19 18:30:00+00:00,,,-794.0060110329878,,,,,,,,,
2026-02-19 19:00:00+00:00,,,-786.000341229601,,,,,,,,,
2026-02-19 19:30:00+00:00,,,-772.4698418272974,,,,,,,,,
2026-02-19 20:00:00+00:00,,,-773.6747746903696,,,,,,,,,
2026-02-19 20:30:00+00:00,,,-785.0212310625352,,,,,,,,,
2026-02-19 21:00:00+00:00,,,-775.6337776791587,,,,,,,,,
2026-02-19 21:30:00+00:00,,,-777.6581984542814,,,,,,,,,
2026-02-19 22:00:00+00:00,,,-777.6727360782494,,,,,,,,,
2026-02-19 22:30:00+00:00,,,-779.0152961178288,,,,,,,,,
2026-02-19 23:00:00+00:00,,,-775.6286318863151,,,,,,,,,
2026-02-19 23:30:00+00:00,,,-786.9259048186672,,,,,,,,,
2026-02-20 00:00:00+00:00,,,-761.9270634253112,,,,,,,,,
2026-02-20 00:30:00+00:00,,,-775.270020978678,,,,,,,,,
2026-02-20 01:00:00+00:00,,,-774.0086411699148,,,,,,,,,
2026-02-20 01:30:00+00:00,,,-760.0800990163984,,,,,,,,,
2026-02-20 02:00:00+00:00,,,-758.1660942402902,,,,,,,,,
2026-02-20 02:30:00+00:00,,,-762.5538158745054,,,,,,,,,
2026-02-20 03:00:00+00:00,,,-746.807844418635,,,,,,,,,
2026-02-20 03:30:00+00:00,,,-752.5235509390161,,,,,,,,,
2026-02-20 04:00:00+00:00,,,-744.8637313999693,,,,,,,,,
2026-02-20 04:30:00+00:00,,,-741.3969191734684,,,,,,,,,
2026-02-20 05:00:00+00:00,,,-743.8945111843228,,,,,,,,,
2026-02-20 05:30:00+00:00,,,-743.3361815899619,,,,,,,,,
2026-02-20 06:00:00+00:00,,,-744.5112128191779,,,,,,,,,
2026-02-20 06:30:00+00:00,,,-731.9859447808384,,,,,,,,,
2026-02-20 07:00:00+00:00,,,-745.2942595249426,,,,,,,,,
2026-02-20 07:30:00+00:00,,,-771.6700238940615,,,,,,,,,
2026-02-20 08:00:00+00:00,,,-768.9648017780165,,,,,,,,,
2026-02-20 08:30:00+00:00,,,-781.9893207171289,,,,,,,,,
2026-02-20 09:00:00+00:00,,,-788.7539358097802,,,,,,,,,
2026-02-20 09:30:00+00:00,,,-781.6605405679145,,,,,,,,,
2026-02-20 10:00:00+00:00,,,-768.112552098556,,,,,,,,,
2026-02-20 10:30:00+00:00,,,-782.0044479575267,,,,,,,,,
2026-02-20 11:00:00+00:00,,,-779.0885572189799,,,,,,,,,
2026-02-20 11:30:00+00:00,,,-769.0501185655224,,,,,,,,,
2026-02-20 12:00:00+00:00,,,-755.2605392438766,,,,,,,,,
2026-02-20 12:30:00+00:00,,,-755.1991437304227,,,,,,,,,
2026-02-20 13:00:00+00:00,,,-751.1484339640717,,,,,,,,,
2026-02-20 13:30:00+00:00,,,-739.7873333901507,,,,,,,,,
2026-02-20 14:00:00+00:00,,,-764.4752493017317,,,,,,,,,
2026-02-20 14:30:00+00:00,,,-771.1115004654057,,,,,,,,,
2026-02-20 15:00:00+00:00,,,70882.12931437907,,,,,,,,,
2026-02-20 15:30:00+00:00,,,157770.7708639115,,,,,,,,,
2026-02-20 16:00:00+00:00,,,163796.1996754114,,,,,,,,,
2026-02-20 16:30:00+00:00,,,148570.33113666179,,,,,,,,,
2026-02-20 17:00:00+00:00,,,155160.55316027772,,,,,,,,,
2026-02-20 17:30:00+00:00,,,154860.23012852314,,,,,,,,,
2026-02-20 18:00:00+00:00,,,163632.7450188439,,,,,,,,,
2026-02-20 18:30:00+00:00,,,149351.69639842823,,,,,,,,,
2026-02-20 19:00:00+00:00,,,158228.40129018432,,,,,,,,,
2026-02-20 19:30:00+00:00,,,168261.79242036628,,,,,,,,,
2026-02-20 20:00:00+00:00,,,170172.72105300016,,,,,,,,,
2026-02-20 20:30:00+00:00,,,182371.83739803827,,,,,,,,,
2026-02-20 21:00:00+00:00,,,183667.55454908675,,,,,,,,,
2026-02-20 21:30:00+00:00,,,155075.4429268304,,,,,,,,,
2026-02-20 22:00:00+00:00,,,162491.11907382117,,,,,,,,,
2026-02-20 22:30:00+00:00,,,165414.41467649178,,,,,,,,,
2026-02-20 23:00:00+00:00,,,158058.81149829048,,,,,,,,,
2026-02-20 23:30:00+00:00,,,164788.5919656513,,,,,,,,,
2026-02-21 00:00:00+00:00,,,170012.68160314893,,,,,,,,,
2026-02-21 00:30:00+00:00,,,185927.53975109884,,,,,,,,,
2026-02-21 01:00:00+00:00,,,174648.98855053753,,,,,,,,,
2026-02-21 01:30:00+00:00,,,169817.87618410637,,,,,,,,,
2026-02-21 02:00:00+00:00,,,165861.59767904872,,,,,,,,,
2026-02-21 02:30:00+00:00,,,162881.5447552449,,,,,,,,,
2026-02-21 03:00:00+00:00,,,162867.3988838053,,,,,,,,,
2026-02-21 03:30:00+00:00,,,162649.44696051153,,,,,,,,,
2026-02-21 04:00:00+00:00,,,155439.04365444262,,,,,,,,,
2026-02-21 04:30:00+00:00,,,153734.86211554657,,,,,,,,,
2026-02-21 05:00:00+00:00,,,134662.49522328746,,,,,,,,,
2026-02-21 05:30:00+00:00,,,139596.67294239608,,,,,,,,,
2026-02-21 06:00:00+00:00,,,147607.00965343736,,,,,,,,,
2026-02-21 06:30:00+00:00,,,170376.0460895362,,,,,,,,,
2026-02-21 07:00:00+00:00,,,154521.285520351,,,,,,,,,
2026-02-21 07:30:00+00:00,,,141521.8491263282,,,,,,,,,
2026-02-21 08:00:00+00:00,,,152442.65119087487,,,,,,,,,
2026-02-21 08:30:00+00:00,,,162622.3387326033,,,,,,,,,
2026-02-21 09:00:00+00:00,,,151255.55866893506,,,,,,,,,
2026-02-21 09:30:00+00:00,,,151961.66967051078,,,,,,,,,
2026-02-21 10:00:00+00:00,,,155517.4163520077,,,,,,,,,
2026-02-21 10:30:00+00:00,,,176448.6301270023,,,,,,,,,
2026-02-21 11:00:00+00:00,,,164819.366038272,,,,,,,,,
2026-02-21 11:30:00+00:00,,,179833.5594751055,,,,,,,,,
2026-02-21 12:00:00+00:00,,,172746.77209884772,,,,,,,,,
2026-02-21 12:30:00+00:00,,,166232.96031671166,,,,,,,,,
2026-02-21 13:00:00+00:00,,,146695.59745529908,,,,,,,,,
2026-02-21 13:30:00+00:00,,,152347.2399368891,,,,,,,,,
2026-02-21 14:00:00+00:00,,,165555.2964491345,,,,,,,,,
2026-02-21 14:30:00+00:00,,,171401.31739253766,,,,,,,,,
2026-02-21 15:00:00+00:00,,,183339.90632269724,,,,,,,,,
2026-02-21 15:30:00+00:00,,,173623.1171089782,,,,,,,,,
2026-02-21 16:00:00+00:00,,,172336.86725118442,,,,,,,,,
2026-02-21 16:30:00+00:00,,,166719.9653619789,,,,,,,,,
2026-02-21 17:00:00+00:00,,,174182.43928656616,,,,,,,,,
2026-02-21 17:30:00+00:00,,,171801.15080909515,,,,,,,,,
2026-02-21 18:00:00+00:00,,,183272.35802921955,,,,,,,,,
2026-02-21 18:30:00+00:00,,,189573.2249217878,,,,,,,,,
2026-02-21 19:00:00+00:00,,,192383.60525811496,,,,,,,,,
2026-02-21 19:30:00+00:00,,,202163.21724446266,,,,,,,,,
2026-02-21 20:00:00+00:00,,,203881.68482412738,,,,,,,,,
2026-02-21 20:30:00+00:00,,,185303.9383209003,,,,,,,,,
2026-02-21 21:00:00+00:00,,,169781.28992532022,,,,,,,,,
2026-02-21 21:30:00+00:00,,,173976.14541301675,,,,,,,,,
2026-02-21 22:00:00+00:00,,,185533.57913222117,,,,,,,,,
2026-02-21 22:30:00+00:00,,,171613.78898226892,,,,,,,,,
2026-02-21 23:00:00+00:00,,,177403.12336658445,,,,,,,,,
2026-02-21 23:30:00+00:00,,,173403.06119892566,,,,,,,,,
2026-02-22 00:00:00+00:00,,,178689.75212602268,,,,,,,,,
2026-02-22 00:30:00+00:00,,,174909.30650341438,,,,,,,,,
2026-02-22 01:00:00+00:00,,,169309.55882399945,,,,,,,,,
2026-02-22 01:30:00+00:00,,,150150.49535932695,,,,,,,,,
2026-02-22 02:00:00+00:00,,,166018.64880144387,,,,,,,,,
2026-02-22 02:30:00+00:00,,,166497.378958469,,,,,,,,,
2026-02-22 03:00:00+00:00,,,167275.8232744014,,,,,,,,,
2026-02-22 03:30:00+00:00,,,163089.22145355935,,,,,,,,,
2026-02-22 04:00:00+00:00,,,163107.6486831622,,,,,,,,,
2026-02-22 04:30:00+00:00,,,161209.20695298555,,,,,,,,,
2026-02-22 05:00:00+00:00,,,185010.89419592492,,,,,,,,,
2026-02-22 05:30:00+00:00,,,155452.49493307277,,,,,,,,,
2026-02-22 06:00:00+00:00,,,166908.06218773403,,,,,,,,,
2026-02-22 06:30:00+00:00,,,152657.69741122934,,,,,,,,,
2026-02-22 07:00:00+00:00,,,167331.7383774382,,,,,,,,,
2026-02-22 07:30:00+00:00,,,158141.9245803757,,,,,,,,,
2026-02-22 08:00:00+00:00,,,164001.4566691254,,,,,,,,,
2026-02-22 08:30:00+00:00,,,165852.3731653996,,,,,,,,,
2026-02-22 09:00:00+00:00,,,161016.0389562742,,,,,,,,,
2026-02-22 09:30:00+00:00,,,148516.06045296576,,,,,,,,,
2026-02-22 10:00:00+00:00,,,147219.3249312894,,,,,,,,,
2026-02-22 10:30:00+00:00,,,152274.0772109169,,,,,,,,,
2026-02-22 11:00:00+00:00,,,156035.84538366864,,,,,,,,,
2026-02-22 11:30:00+00:00,,,162174.66676042855,,,,,,,,,
2026-02-22 12:00:00+00:00,,,181233.95075673432,,,,,,,,,
2026-02-22 12:30:00+00:00,,,160526.14993062973,,,,,,,,,
2026-02-22 13:00:00+00:00,,,168039.61821754675,,,,,,,,,
2026-02-22 13:30:00+00:00,,,173138.51062332746,,,,,,,,,
2026-02-22 14:00:00+00:00,,,184282.4399673836,,,,,,,,,
2026-02-22 14:30:00+00:00,,,194512.2454308467,,,,,,,,,
2026-02-22 15:00:00+00:00,,,191740.23074101887,,,,,,,,,
2026-02-22 15:30:00+00:00,,,193411.53746435128,,,,,,,,,
2026-02-22 16:00:00+00:00,,,187639.871365808,,,,,,,,,
2026-02-22 16:30:00+00:00,,,195615.12996805197,,,,,,,,,
2026-02-22 17:00:00+00:00,,,198684.32105367497,,,,,,,,,
2026-02-22 17:30:00+00:00,,,182984.91135804373,,,,,,,,,
2026-02-22 18:00:00+00:00,,,182749.71693856674,,,,,,,,,
2026-02-22 18:30:00+00:00,,,166911.28885225052,,,,,,,,,
2026-02-22 19:00:00+00:00,,,175780.37957358133,,,,,,,,,
2026-02-22 19:30:00+00:00,,,180929.18046528412,,,,,,,,,
2026-02-22 20:00:00+00:00,,,180969.55695737884,,,,,,,,,
2026-02-22 20:30:00+00:00,,,178545.37020350227,,,,,,,,,
2026-02-22 21:00:00+00:00,,,166450.46852140874,,,,,,,,,
2026-02-22 21:30:00+00:00,,,169531.9129474285,,,,,,,,,
2026-02-22 22:00:00+00:00,,,177644.07593219657,,,,,,,,,
2026-02-22 22:30:00+00:00,,,165332.74654446784,,,,,,,,,
2026-02-22 23:00:00+00:00,,,162611.83667985932,,,,,,,,,
2026-02-22 23:30:00+00:00,,,163376.95732843093,,,,,,,,,
2026-02-23 00:00:00+00:00,,,157017.41746704397,,,,,,,,,
2026-02-23 00:30:00+00:00,,,141798.48900747736,,,,,,,,,
2026-02-23 01:00:00+00:00,,,162451.6804100092,,,,,,,,,
2026-02-23 01:30:00+00:00,,,152593.88562268796,,,,,,,,,
2026-02-23 02:00:00+00:00,,,151761.60075100214,,,,,,,,,
2026-02-23 02:30:00+00:00,,,142725.45961037945,,,,,,,,,
2026-02-23 03:00:00+00:00,,,152810.35522435757,,,,,,,,,
2026-02-23 03:30:00+00:00,,,152272.53637745566,,,,,,,,,
2026-02-23 04:00:00+00:00,,,155714.02050828876,,,,,,,,,
2026-02-23 04:30:00+00:00,,,162250.22911956065,,,,,,,,,
2026-02-23 05:00:00+00:00,,,169598.3529966774,,,,,,,,,
2026-02-23 05:30:00+00:00,,,168425.34943195802,,,,,,,,,
2026-02-23 06:00:00+00:00,,,166155.93041373586,,,,,,,,,
2026-02-23 06:30:00+00:00,,,155474.7287226003,,,,,,,,,
2026-02-23 07:00:00+00:00,,,168582.94153191723,,,,,,,,,
2026-02-23 07:30:00+00:00,,,168920.416397671,,,,,,,,,
2026-02-23 08:00:00+00:00,,,171868.50114518226,,,,,,,,,
2026-02-23 08:30:00+00:00,,,172086.81572569418,,,,,,,,,
2026-02-23 09:00:00+00:00,,,172490.81077401034,,,,,,,,,
2026-02-23 09:30:00+00:00,,,174997.82317284046,,,,,,,,,
2026-02-23 10:00:00+00:00,,,172443.76557394216,,,,,,,,,
2026-02-23 10:30:00+00:00,,,165661.1674574279,,,,,,,,,
2026-02-23 11:00:00+00:00,,,156435.83324294726,,,,,,,,,
2026-02-23 11:30:00+00:00,,,159432.3912618164,,,,,,,,,
2026-02-23 12:00:00+00:00,,,164101.78897744816,,,,,,,,,
2026-02-23 12:30:00+00:00,,,160099.84412575632,,,,,,,,,
2026-02-23 13:00:00+00:00,,,161075.79212124023,,,,,,,,,
2026-02-23 13:30:00+00:00,,,164765.73593628744,,,,,,,,,
2026-02-23 14:00:00+00:00,,,158532.24943197175,,,,,,,,,
2026-02-23 14:30:00+00:00,,,145369.1639445949,,,,,,,,,
2026-02-23 15:00:00+00:00,,,154706.8016505376,,,,,,,,,
2026-02-23 15:30:00+00:00,,,177516.22397963292,,,,,,,,,
2026-02-23 16:00:00+00:00,,,171689.2021024455,,,,,,,,,
2026-02-23 16:30:00+00:00,,,162484.0291919554,,,,,,,,,
2026-02-23 17:00:00+00:00,,,172892.89605424294,,,,,,,,,
2026-02-23 17:30:00+00:00,,,188642.0305594721,,,,,,,,,
2026-02-23 18:00:00+00:00,,,175870.8440175031,,,,,,,,,
2026-02-23 18:30:00+00:00,,,173142.39633787464,,,,,,,,,
2026-02-23 19:00:00+00:00,,,175434.02247120158,,,,,,,,,
2026-02-23 19:30:00+00:00,,,187877.4102039316,,,,,,,,,
2026-02-23 20:00:00+00:00,,,174534.1711804115,,,,,,,,,
2026-02-23 20:30:00+00:00,,,152308.6644674774,,,,,,,,,
2026-02-23 21:00:00+00:00,,,150845.7754875092,,,,,,,,,
2026-02-23 21:30:00+00:00,,,163887.16372829335,,,,,,,,,
2026-02-23 22:00:00+00:00,,,160883.24963325667,,,,,,,,,
2026-02-23 22:30:00+00:00,,,160776.7060206562,,,,,,,,,
2026-02-23 23:00:00+00:00,,,162617.58057357656,,,,,,,,,
2026-02-23 23:30:00+00:00,,,165673.07293485285,,,,,,,,,
2026-02-24 00:00:00+00:00,,,170929.5539654789,,,,,,,,,
2026-02-24 00:30:00+00:00,,,149136.3963193715,,,,,,,,,
2026-02-24 01:00:00+00:00,,,137386.6728581545,,,,,,,,,
2026-02-24 01:30:00+00:00,,,147660.57341387277,,,,,,,,,
2026-02-24 02:00:00+00:00,,,158891.56725181665,,,,,,,,,
2026-02-24 02:30:00+00:00,,,157630.4342437953,,,,,,,,,
2026-02-24 03:00:00+00:00,,,165191.24637003388,,,,,,,,,
2026-02-24 03:30:00+00:00,,,158688.11309067966,,,,,,,,,
2026-02-24 04:00:00+00:00,,,164137.39508723785,,,,,,,,,
2026-02-24 04:30:00+00:00,,,163756.11012659015,,,,,,,,,
2026-02-24 05:00:00+00:00,,,182629.03584353763,,,,,,,,,
2026-02-24 05:30:00+00:00,,,196479.90329448902,,,,,,,,,
2026-02-24 06:00:00+00:00,,,178832.78939523728,,,,,,,,,
2026-02-24 06:30:00+00:00,,,166671.72989787164,,,,,,,,,
2026-02-24 07:00:00+00:00,,,182788.69378692098,,,,,,,,,
2026-02-24 07:30:00+00:00,,,162143.22297034846,,,,,,,,,
2026-02-24 08:00:00+00:00,,,151390.39818982402,,,,,,,,,
2026-02-24 08:30:00+00:00,,,164249.85293871706,,,,,,,,,
2026-02-24 09:00:00+00:00,,,184165.99585087883,,,,,,,,,
2026-02-24 09:30:00+00:00,,,183799.65700928733,,,,,,,,,
2026-02-24 10:00:00+00:00,,,180685.23333738232,,,,,,,,,
2026-02-24 10:30:00+00:00,,,171151.49360065462,,,,,,,,,
2026-02-24 11:00:00+00:00,,,173079.0703468222,,,,,,,,,
2026-02-24 11:30:00+00:00,,,173150.90532566924,,,,,,,,,
2026-02-24 12:00:00+00:00,,,166092.87290176036,,,,,,,,,
2026-02-24 12:30:00+00:00,,,165163.86470016852,,,,,,,,,
2026-02-24 13:00:00+00:00,,,170002.25065953864,,,,,,,,,
2026-02-24 13:30:00+00:00,,,167560.03693732453,,,,,,,,,
2026-02-24 14:00:00+00:00,,,153898.9918921236,,,,,,,,,
2026-02-24 14:30:00+00:00,,,159419.11135248706,,,,,,,,,
2026-02-24 15:00:00+00:00,,,153623.16649381883,,,,,,,,,
2026-02-24 15:30:00+00:00,,,166835.50953929886,,,,,,,,,
2026-02-24 16:00:00+00:00,,,167767.96277320426,,,,,,,,,
2026-02-24 16:30:00+00:00,,,154112.73926083493,,,,,,,,,
2026-02-24 17:00:00+00:00,,,154313.4915393346,,,,,,,,,
2026-02-24 17:30:00+00:00,,,139869.17593881802,,,,,,,,,
2026-02-24 18:00:00+00:00,,,147353.0291257131,,,,,,,,,
2026-02-24 18:30:00+00:00,,,152957.42402573588,,,,,,,,,
2026-02-24 19:00:00+00:00,,,162283.85122705676,,,,,,,,,
2026-02-24 19:30:00+00:00,,,182177.82376591946,,,,,,,,,
2026-02-24 20:00:00+00:00,,,189354.4868418838,,,,,,,,,
2026-02-24 20:30:00+00:00,,,171585.19709600846,,,,,,,,,
2026-02-24 21:00:00+00:00,,,160436.07369683724,,,,,,,,,
2026-02-24 21:30:00+00:00,,,165535.77480139438,,,,,,,,,
2026-02-24 22:00:00+00:00,,,172624.66027065873,,,,,,,,,
2026-02-24 22:30:00+00:00,,,180638.80760978482,,,,,,,,,
2026-02-24 23:00:00+00:00,,,182459.24497499224,,,,,,,,,
2026-02-24 23:30:00+00:00,,,180280.64393110713,,,,,,,,,
2026-02-25 00:00:00+00:00,,,180519.25107195583,,,,,,,,,
2026-02-25 00:30:00+00:00,,,163575.68729316245,,,,,,,,,
2026-02-25 01:00:00+00:00,,,189987.9717792285,,,,,,,,,
2026-02-25 01:30:00+00:00,,,181691.25420606325,,,,,,,,,
2026-02-25 02:00:00+00:00,,,181375.439452472,,,,,,,,,
2026-02-25 02:30:00+00:00,,,173185.01154316525,,,,,,,,,
2026-02-25 03:00:00+00:00,,,181924.68986086853,,,,,,,,,
2026-02-25 03:30:00+00:00,,,195573.38829766586,,,,,,,,,
2026-02-25 04:00:00+00:00,,,183694.8578142487,,,,,,,,,
2026-02-25 04:30:00+00:00,,,171436.69809882055,,,,,,,,,
2026-02-25 05:00:00+00:00,,,164495.58585964725,,,,,,,,,
2026-02-25 05:30:00+00:00,,,160221.83712634176,,,,,,,,,
2026-02-25 06:00:00+00:00,,,179979.91076178217,,,,,,,,,
2026-02-25 06:30:00+00:00,,,182213.3319140972,,,,,,,,,
2026-02-25 07:00:00+00:00,,,170262.7979157446,,,,,,,,,
2026-02-25 07:30:00+00:00,,,170142.6524702345,,,,,,,,,
2026-02-25 08:00:00+00:00,,,174112.6091631862,,,,,,,,,
2026-02-25 08:30:00+00:00,,,156279.86081318554,,,,,,,,,
2026-02-25 09:00:00+00:00,,,159036.0849613949,,,,,,,,,
2026-02-25 09:30:00+00:00,,,161653.00306760508,,,,,,,,,
2026-02-25 10:00:00+00:00,,,178887.9838250638,,,,,,,,,
2026-02-25 10:30:00+00:00,,,168358.49368973423,,,,,,,,,
2026-02-25 11:00:00+00:00,,,162300.47464999784,,,,,,,,,
2026-02-25 11:30:00+00:00,,,149718.15314146134,,,,,,,,,
2026-02-25 12:00:00+00:00,,,158197.14576593286,,,,,,,,,
2026-02-25 12:30:00+00:00,,,173728.64704203323,,,,,,,,,
2026-02-25 13:00:00+00:00,,,158567.55660152194,,,,,,,,,
2026-02-25 13:30:00+00:00,,,136993.2979777518,,,,,,,,,
2026-02-25 14:00:00+00:00,,,153312.29900472332,,,,,,,,,
2026-02-25 14:30:00+00:00,,,151641.77488134452,,,,,,,,,
2026-02-25 15:00:00+00:00,,,148955.91221900962,,,,,,,,,
2026-02-25 15:30:00+00:00,,,141222.993063884,,,,,,,,,
2026-02-25 16:00:00+00:00,,,152477.88101224334,,,,,,,,,
2026-02-25 16:30:00+00:00,,,151641.12966354023,,,,,,,,,
2026-02-25 17:00:00+00:00,,,148518.8055591593,,,,,,,,,
2026-02-25 17:30:00+00:00,,,153954.9671223542,,,,,,,,,
2026-02-25 18:00:00+00:00,,,155886.65081396178,,,,,,,,,
2026-02-25 18:30:00+00:00,,,162483.97493719388,,,,,,,,,
2026-02-25 19:00:00+00:00,,,147140.542412948,,,,,,,,,
2026-02-25 19:30:00+00:00,,,168021.02568416268,,,,,,,,,
2026-02-25 20:00:00+00:00,,,153188.28871602548,,,,,,,,,
2026-02-25 20:30:00+00:00,,,161153.20221968734,,,,,,,,,
2026-02-25 21:00:00+00:00,,,153571.87840124144,,,,,,,,,
2026-02-25 21:30:00+00:00,,,156998.85548013842,,,,,,,,,
2026-02-25 22:00:00+00:00,,,157814.88324446764,,,,,,,,,
2026-02-25 22:30:00+00:00,,,148462.91016917373,,,,,,,,,
2026-02-25 23:00:00+00:00,,,158740.62192908613,,,,,,,,,
2026-02-25 23:30:00+00:00,,,160854.1040799579,,,,,,,,,
2026-02-26 00:00:00+00:00,,,,,,,,,,,,
2026-02-26 00:30:00+00:00,,,177806.36769626476,,,,,,,,,
2026-02-26 01:00:00+00:00,,,167242.84906781762,,,,,,,,,
2026-02-26 01:30:00+00:00,,,165907.66572257047,,,,,,,,,
2026-02-26 02:00:00+00:00,,,158422.37008303776,,,,,,,,,
2026-02-26 02:30:00+00:00,,,171266.00543762962,,,,,,,,,
2026-02-26 03:00:00+00:00,,,155830.5032109434,,,,,,,,,
2026-02-26 03:30:00+00:00,,,150706.6790309553,,,,,,,,,
2026-02-26 04:00:00+00:00,,,154117.9825772293,,,,,,,,,
2026-02-26 04:30:00+00:00,,,173353.37630285427,,,,,,,,,
2026-02-26 05:00:00+00:00,,,161775.58299214218,,,,,,,,,
2026-02-26 05:30:00+00:00,,,152231.1946856685,,,,,,,,,
2026-02-26 06:00:00+00:00,,,157667.22771149763,,,,,,,,,
2026-02-26 06:30:00+00:00,,,168452.62908514592,,,,,,,,,
2026-02-26 07:00:00+00:00,,,151674.62776254112,,,,,,,,,
2026-02-26 07:30:00+00:00,,,148622.65306369995,,,,,,,,,
2026-02-26 08:00:00+00:00,,,163889.47063097305,,,,,,,,,
2026-02-26 08:30:00+00:00,,,166152.47502235588,,,,,,,,,
2026-02-26 09:00:00+00:00,,,172409.49914513557,,,,,,,,,
2026-02-26 09:30:00+00:00,,,191611.7216984992,,,,,,,,,
2026-02-26 10:00:00+00:00,,,173124.942960709,,,,,,,,,
2026-02-26 10:30:00+00:00,,,166972.45282770047,,,,,,,,,
2026-02-26 11:00:00+00:00,,,160527.85836558856,,,,,,,,,
2026-02-26 11:30:00+00:00,,,158821.11562018632,,,,,,,,,
2026-02-26 12:00:00+00:00,,,162767.2405480204,,,,,,,,,
2026-02-26 12:30:00+00:00,,,162896.6112643369,,,,,,,,,
2026-02-26 13:00:00+00:00,,,160714.30708334316,,,,,,,,,
2026-02-26 13:30:00+00:00,,,157898.3585463608,,,,,,,,,
2026-02-26 14:00:00+00:00,,,181247.3241985754,,,,,,,,,
2026-02-26 14:30:00+00:00,,,195991.9179503618,,,,,,,,,
2026-02-26 15:00:00+00:00,,,171171.00910019592,,,,,,,,,
2026-02-26 15:30:00+00:00,,,177823.65134545567,,,,,,,,,
2026-02-26 16:00:00+00:00,,,170375.89438986874,,,,,,,,,
2026-02-26 16:30:00+00:00,,,186262.55104542786,,,,,,,,,
2026-02-26 17:00:00+00:00,,,193013.69096528142,,,,,,,,,
2026-02-26 17:30:00+00:00,,,168724.81251363098,,,,,,,,,
2026-02-26 18:00:00+00:00,,,189522.74014755688,,,,,,,,,
2026-02-26 18:30:00+00:00,,,175750.3487161846,,,,,,,,,
2026-02-26 19:00:00+00:00,,,178052.61899472403,,,,,,,,,
2026-02-26 19:30:00+00:00,,,164717.12407840692,,,,,,,,,
2026-02-26 20:00:00+00:00,,,190170.69375557415,,,,,,,,,
2026-02-26 20:30:00+00:00,,,179577.78144765733,,,,,,,,,
2026-02-26 21:00:00+00:00,,,167426.0586321035,,,,,,,,,
2026-02-26 21:30:00+00:00,,,169986.3422858779,,,,,,,,,
2026-02-26 22:00:00+00:00,,,186811.67346373427,,,,,,,,,
2026-02-26 22:30:00+00:00,,,198364.84585682163,,,,,,,,,
2026-02-26 23:00:00+00:00,,,194071.7284483439,,,,,,,,,
2026-02-26 23:30:00+00:00,,,181436.83547647088,,,,,,,,,
2026-02-27 00:00:00+00:00,,,169379.87028172327,,,,,,,,,
2026-02-27 00:30:00+00:00,,,188061.55134205223,,,,,,,,,
2026-02-27 01:00:00+00:00,,,190623.3782811293,,,,,,,,,
2026-02-27 01:30:00+00:00,,,181152.8427107893,,,,,,,,,
2026-02-27 02:00:00+00:00,,,171290.33811271476,,,,,,,,,
2026-02-27 02:30:00+00:00,,,178619.43403806674,,,,,,,,,
2026-02-27 03:00:00+00:00,,,173165.7159138891,,,,,,,,,
2026-02-27 03:30:00+00:00,,,179229.3855571839,,,,,,,,,
2026-02-27 04:00:00+00:00,,,175803.34637088544,,,,,,,,,
2026-02-27 04:30:00+00:00,,,173769.66755612937,,,,,,,,,
2026-02-27 05:00:00+00:00,,,183647.38851216523,,,,,,,,,
2026-02-27 05:30:00+00:00,,,186395.5562596655,,,,,,,,,
2026-02-27 06:00:00+00:00,,,167650.7617431241,,,,,,,,,
2026-02-27 06:30:00+00:00,,,179749.336184924,,,,,,,,,
2026-02-27 07:00:00+00:00,,,172553.34842731955,,,,,,,,,
2026-02-27 07:30:00+00:00,,,181303.5001586758,,,,,,,,,
2026-02-27 08:00:00+00:00,,,184757.37678159092,,,,,,,,,
2026-02-27 08:30:00+00:00,,,207947.2869444198,,,,,,,,,
2026-02-27 09:00:00+00:00,,,201956.58402329104,,,,,,,,,
2026-02-27 09:30:00+00:00,,,177101.56548842904,,,,,,,,,
2026-02-27 10:00:00+00:00,,,175752.30995601916,,,,,,,,,
2026-02-27 10:30:00+00:00,,,175514.40619629243,,,,,,,,,
2026-02-27 11:00:00+00:00,,,174034.37213119995,,,,,,,,,
2026-02-27 11:30:00+00:00,,,181528.2073074755,,,,,,,,,
2026-02-27 12:00:00+00:00,,,189956.09522342915,,,,,,,,,
2026-02-27 12:30:00+00:00,,,189943.79350636,,,,,,,,,
2026-02-27 13:00:00+00:00,,,207562.1954276709,,,,,,,,,
2026-02-27 13:30:00+00:00,,,197670.86621602954,,,,,,,,,
2026-02-27 14:00:00+00:00,,,219447.29645406088,,,,,,,,,
2026-02-27 14:30:00+00:00,,,213752.47629544928,,,,,,,,,
2026-02-27 15:00:00+00:00,,,180109.77526129826,,,,,,,,,
2026-02-27 15:30:00+00:00,,,184663.56639442005,,,,,,,,,
2026-02-27 16:00:00+00:00,,,203751.69493761563,,,,,,,,,
2026-02-27 16:30:00+00:00,,,191096.1888844476,,,,,,,,,
2026-02-27 17:00:00+00:00,,,200523.03958946175,,,,,,,,,
2026-02-27 17:30:00+00:00,,,192273.80087361284,,,,,,,,,
2026-02-27 18:00:00+00:00,,,196662.20157308952,,,,,,,,,
2026-02-27 18:30:00+00:00,,,199029.80733571143,,,,,,,,,
2026-02-27 19:00:00+00:00,,,181687.3582466958,,,,,,,,,
2026-02-27 19:30:00+00:00,,,186566.80067406475,,,,,,,,,
2026-02-27 20:00:00+00:00,,,182206.89786344062,,,,,,,,,
2026-02-27 20:30:00+00:00,,,180408.49911626521,,,,,,,,,
2026-02-27 21:00:00+00:00,,,211868.462839462,,,,,,,,,
2026-02-27 21:30:00+00:00,,,214755.80747289857,,,,,,,,,
2026-02-27 22:00:00+00:00,,,196316.01849882057,,,,,,,,,
2026-02-27 22:30:00+00:00,,,199147.52373991505,,,,,,,,,
2026-02-27 23:00:00+00:00,,,207153.06926161287,,,,,,,,,
2026-02-27 23:30:00+00:00,,,194678.20447420934,,,,,,,,,
2026-02-28 00:00:00+00:00,,,181309.14489465707,,,,,,,,,
2026-02-28 00:30:00+00:00,,,177688.0909397699,,,,,,,,,
2026-02-28 01:00:00+00:00,,,170643.54057892004,,,,,,,,,
2026-02-28 01:30:00+00:00,,,162260.06492499815,,,,,,,,,
2026-02-28 02:00:00+00:00,,,182760.41031684383,,,,,,,,,
2026-02-28 02:30:00+00:00,,,190840.88860848392,,,,,,,,,
2026-02-28 03:00:00+00:00,,,177735.99603555308,,,,,,,,,
2026-02-28 03:30:00+00:00,,,177630.1937245096,,,,,,,,,
2026-02-28 04:00:00+00:00,,,183942.90778483448,,,,,,,,,
2026-02-28 04:30:00+00:00,,,175742.10917395912,,,,,,,,,
2026-02-28 05:00:00+00:00,,,192736.94097324475,,,,,,,,,
2026-02-28 05:30:00+00:00,,,200248.27379468174,,,,,,,,,
2026-02-28 06:00:00+00:00,,,197551.09324320342,,,,,,,,,
2026-02-28 06:30:00+00:00,,,181913.52643039403,,,,,,,,,
2026-02-28 07:00:00+00:00,,,179249.855476543,,,,,,,,,
2026-02-28 07:30:00+00:00,,,179694.28386184422,,,,,,,,,
2026-02-28 08:00:00+00:00,,,170986.39701485602,,,,,,,,,
2026-02-28 08:30:00+00:00,,,180468.8034525756,,,,,,,,,
2026-02-28 09:00:00+00:00,,,200560.00755363688,,,,,,,,,
2026-02-28 09:30:00+00:00,,,183894.4360558586,,,,,,,,,
2026-02-28 10:00:00+00:00,,,175105.68598321793,,,,,,,,,
2026-02-28 10:30:00+00:00,,,173355.59799414835,,,,,,,,,
2026-02-28 11:00:00+00:00,,,180406.09579201837,,,,,,,,,
2026-02-28 11:30:00+00:00,,,180784.02780574994,,,,,,,,,
2026-02-28 12:00:00+00:00,,,178181.74416680186,,,,,,,,,
2026-02-28 12:30:00+00:00,,,174308.85104841835,,,,,,,,,
2026-02-28 13:00:00+00:00,,,168714.22169843025,,,,,,,,,
2026-02-28 13:30:00+00:00,,,160272.13746453237,,,,,,,,,
2026-02-28 14:00:00+00:00,,,166567.74726423234,,,,,,,,,
2026-02-28 14:30:00+00:00,,,155834.94149697918,,,,,,,,,
2026-02-28 15:00:00+00:00,,,161931.5834278692,,,,,,,,,
2026-02-28 15:30:00+00:00,,,145341.52284227964,,,,,,,,,
2026-02-28 16:00:00+00:00,,,147306.4799686302,,,,,,,,,
2026-02-28 16:30:00+00:00,,,145418.52309689226,,,,,,,,,
2026-02-28 17:00:00+00:00,,,143572.03377551917,,,,,,,,,
2026-02-28 17:30:00+00:00,,,145548.64338025602,,,,,,,,,
2026-02-28 18:00:00+00:00,,,147787.8032170298,,,,,,,,,
2026-02-28 18:30:00+00:00,,,157453.39063150572,,,,,,,,,
2026-02-28 19:00:00+00:00,,,154140.5732709986,,,,,,,,,
2026-02-28 19:30:00+00:00,,,169661.0394234883,,,,,,,,,
2026-02-28 20:00:00+00:00,,,172547.5206214475,,,,,,,,,
2026-02-28 20:30:00+00:00,,,177524.10811292793,,,,,,,,,
2026-02-28 21:00:00+00:00,,,164095.3950351549,,,,,,,,,
2026-02-28 21:30:00+00:00,,,168624.09110629428,,,,,,,,,
2026-02-28 22:00:00+00:00,,,173017.54136472766,,,,,,,,,
2026-02-28 22:30:00+00:00,,,171023.9277088297,,,,,,,,,
2026-02-28 23:00:00+00:00,,,162817.73485227808,,,,,,,,,
2026-02-28 23:30:00+00:00,,,157104.22824304726,,,,,,,,,
2026-03-01 00:00:00+00:00,,,153290.38977740743,,,,,,,,,
2026-03-01 00:30:00+00:00,,,169121.92074888636,,,,,,,,,
2026-03-01 01:00:00+00:00,,,160171.48979200955,,,,,,,,,
2026-03-01 01:30:00+00:00,,,176143.11321531257,,,,,,,,,
2026-03-01 02:00:00+00:00,,,202751.89069224303,,,,,,,,,
2026-03-01 02:30:00+00:00,,,187198.86367493443,,,,,,,,,
2026-03-01 03:00:00+00:00,,,175735.5464420759,,,,,,,,,
2026-03-01 03:30:00+00:00,,,170218.3098187813,,,,,,,,,
2026-03-01 04:00:00+00:00,,,164866.330931055,,,,,,,,,
2026-03-01 04:30:00+00:00,,,164679.2155592507,,,,,,,,,
2026-03-01 05:00:00+00:00,,,161435.38707562405,,,,,,,,,
2026-03-01 05:30:00+00:00,,,167958.94907105828,,,,,,,,,
2026-03-01 06:00:00+00:00,,,171529.6789703954,,,,,,,,,
2026-03-01 06:30:00+00:00,,,170841.71969780486,,,,,,,,,
2026-03-01 07:00:00+00:00,,,174383.39106425206,,,,,,,,,
2026-03-01 07:30:00+00:00,,,166973.59600722254,,,,,,,,,
2026-03-01 08:00:00+00:00,,,167013.5843637657,,,,,,,,,
2026-03-01 08:30:00+00:00,,,163833.08558157083,,,,,,,,,
2026-03-01 09:00:00+00:00,,,180022.39626173384,,,,,,,,,
2026-03-01 09:30:00+00:00,,,190318.53897605138,,,,,,,,,
2026-03-01 10:00:00+00:00,,,159783.12820465007,,,,,,,,,
2026-03-01 10:30:00+00:00,,,141168.81953649534,,,,,,,,,
2026-03-01 11:00:00+00:00,,,144561.88789169354,,,,,,,,,
2026-03-01 11:30:00+00:00,,,154195.2378823429,,,,,,,,,
2026-03-01 12:00:00+00:00,,,166264.92961716044,,,,,,,,,
2026-03-01 12:30:00+00:00,,,158264.80002033754,,,,,,,,,
2026-03-01 13:00:00+00:00,,,154542.02979572653,,,,,,,,,
2026-03-01 13:30:00+00:00,,,157370.92163800378,,,,,,,,,
2026-03-01 14:00:00+00:00,,,171045.23473323014,,,,,,,,,
2026-03-01 14:30:00+00:00,,,176254.9793534008,,,,,,,,,
2026-03-01 15:00:00+00:00,,,168366.30479037197,,,,,,,,,
2026-03-01 15:30:00+00:00,,,147997.68000663936,,,,,,,,,
2026-03-01 16:00:00+00:00,,,139256.99077984548,,,,,,,,,
2026-03-01 16:30:00+00:00,,,145804.56603503562,,,,,,,,,
2026-03-01 17:00:00+00:00,,,153350.71451421682,,,,,,,,,
2026-03-01 17:30:00+00:00,,,156716.13097629012,,,,,,,,,
2026-03-01 18:00:00+00:00,,,153561.1098996688,,,,,,,,,
2026-03-01 18:30:00+00:00,,,147134.87277472002,,,,,,,,,
2026-03-01 19:00:00+00:00,,,145704.96838274307,,,,,,,,,
2026-03-01 19:30:00+00:00,,,152209.62697613006,,,,,,,,,
2026-03-01 20:00:00+00:00,,,165726.26414806198,,,,,,,,,
2026-03-01 20:30:00+00:00,,,150970.7841663173,,,,,,,,,
2026-03-01 21:00:00+00:00,,,164302.26533252027,,,,,,,,,
2026-03-01 21:30:00+00:00,,,175247.04108220644,,,,,,,,,
2026-03-01 22:00:00+00:00,,,164213.19558056945,,,,,,,,,
2026-03-01 22:30:00+00:00,,,149402.733728944,,,,,,,,,
2026-03-01 23:00:00+00:00,,,159306.8272299796,,,,,,,,,
2026-03-01 23:30:00+00:00,,,162688.55751995626,,,,,,,,,
2026-03-02 00:00:00+00:00,,,175156.53929573472,,,,,,,,,
2026-03-02 00:30:00+00:00,,,160892.4224122453,,,,,,,,,
2026-03-02 01:00:00+00:00,,,162337.83803645617,,,,,,,,,
2026-03-02 01:30:00+00:00,,,168263.76904504967,,,,,,,,,
2026-03-02 02:00:00+00:00,,,175127.39752007247,,,,,,,,,
2026-03-02 02:30:00+00:00,,,169111.3121152505,,,,,,,,,
2026-03-02 03:00:00+00:00,,,150354.77155037437,,,,,,,,,
2026-03-02 03:30:00+00:00,,,151541.85192871728,,,,,,,,,
2026-03-02 04:00:00+00:00,,,162257.5977338844,,,,,,,,,
2026-03-02 04:30:00+00:00,,,155076.723173159,,,,,,,,,
2026-03-02 05:00:00+00:00,,,159445.54923690745,,,,,,,,,
2026-03-02 05:30:00+00:00,,,145942.9744250885,,,,,,,,,
2026-03-02 06:00:00+00:00,,,150710.47124267765,,,,,,,,,
2026-03-02 06:30:00+00:00,2.37,7.44,172368.7779524459,2.22,2.75,0.88,1.44,2.26,259.0,6.0200000000000005,6.12,13.69
2026-03-02 07:00:00+00:00,2.4,7.28,172192.42445517812,2.18,2.67,1.8,1.44,2.24,275.0,6.890000000000001,5.74,12.37
2026-03-02 07:30:00+00:00,2.4,7.41,171032.2482031301,2.28,2.83,1.93,1.44,2.28,272.0,5.92,5.8,12.49
2026-03-02 08:00:00+00:00,2.57,7.58,156506.29112367876,2.37,2.94,1.51,1.5,2.38,268.0,8.03,5.93,12.2
2026-03-02 08:30:00+00:00,2.54,7.44,152363.09230915256,2.36,2.96,2.37,1.57,2.44,265.0,7.85,5.96,11.67
2026-03-02 09:00:00+00:00,2.66,7.34,157821.42124331917,2.52,3.01,1.48,1.61,2.53,269.0,7.28,5.89,12.11
2026-03-02 09:30:00+00:00,2.69,7.66,165792.54323326334,2.57,3.18,1.68,1.63,2.58,256.0,6.13,6.18,13.17
2026-03-02 10:00:00+00:00,2.63,7.53,160591.9364473005,2.5,3.08,1.28,1.61,2.54,264.0,8.620000000000001,6.01,13.86
2026-03-02 10:30:00+00:00,2.8000000000000003,7.95,158702.64083323002,2.67,3.34,1.11,1.68,2.66,259.0,9.07,6.1000000000000005,13.13
2026-03-02 11:00:00+00:00,2.78,7.75,150664.69254279885,2.59,3.26,1.66,1.66,2.63,264.0,7.27,5.99,12.68
2026-03-02 11:30:00+00:00,2.71,7.640000000000001,156860.59323619277,2.58,3.24,1.59,1.63,2.6,264.0,9.51,6.0,13.82
2026-03-02 12:00:00+00:00,2.82,7.88,146520.79336255163,2.69,3.27,1.27,1.73,2.71,254.0,9.85,6.22,13.74
2026-03-02 12:30:00+00:00,2.65,8.08,147858.22597056287,2.56,3.17,1.68,1.56,2.53,259.0,9.37,6.11,14.52
2026-03-02 13:00:00+00:00,2.78,7.91,148652.48827669848,2.63,3.1,1.37,1.67,2.65,243.0,9.56,6.5200000000000005,14.89
2026-03-02 13:30:00+00:00,2.77,8.14,164362.30715182432,2.65,3.28,1.43,1.69,2.65,234.0,8.82,6.7700000000000005,12.41
2026-03-02 14:00:00+00:00,2.69,8.24,154151.27480262925,2.48,3.02,1.63,1.6,2.51,249.0,8.59,6.37,14.45
2026-03-02 14:30:00+00:00,2.71,8.3,144147.9547917519,2.59,3.24,2.74,1.63,2.59,237.0,7.4,6.7,13.33
2026-03-02 15:00:00+00:00,2.57,8.39,161098.43932295806,2.48,3.0700000000000003,2.95,1.54,2.45,237.0,7.03,6.67,13.52
2026-03-02 15:30:00+00:00,2.48,8.26,163755.37339522614,2.21,2.82,1.35,1.41,2.23,247.0,7.84,6.390000000000001,13.75
2026-03-02 16:00:00+00:00,2.75,8.64,145680.34733487235,2.6,3.33,1.27,1.68,2.64,223.0,7.67,7.12,15.83
2026-03-02 16:30:00+00:00,2.49,8.36,131805.01823364303,2.36,2.89,2.13,1.56,2.43,229.0,9.11,6.91,13.75
2026-03-02 17:00:00+00:00,2.5,8.540000000000001,129539.09267460769,2.42,2.94,1.23,1.55,2.45,226.0,10.94,7.0,14.55
2026-03-02 17:30:00+00:00,2.53,9.0,153868.83305005278,2.45,3.09,1.02,1.49,2.41,218.0,8.65,7.22,13.9
2026-03-02 18:00:00+00:00,2.35,8.88,149890.24285588847,2.18,2.86,1.3,1.36,2.19,230.0,9.78,6.87,15.06
2026-03-02 18:30:00+00:00,2.49,9.01,163637.56428614652,2.32,2.9,1.44,1.47,2.33,220.0,8.17,7.19,13.62
2026-03-02 19:00:00+00:00,2.29,8.97,136712.36488424303,2.21,2.8000000000000003,1.02,1.35,2.18,231.0,9.28,6.86,15.13
2026-03-02 19:30:00+00:00,2.37,8.99,136968.74964589407,2.28,2.85,1.28,1.41,2.27,226.0,10.26,6.99,14.11
2026-03-02 20:00:00+00:00,2.21,8.950000000000001,133987.17183754174,2.16,2.69,1.24,1.31,2.11,229.0,9.78,6.9,14.12
2026-03-02 20:30:00+00:00,2.52,9.15,137354.80280631146,2.43,2.94,1.93,1.57,2.47,201.0,9.65,7.85,12.82
2026-03-02 21:00:00+00:00,2.37,9.14,146250.10068913698,2.25,2.94,1.9,1.38,2.24,213.0,9.24,7.45,13.75
2026-03-02 21:30:00+00:00,2.37,9.15,160931.5201936781,2.24,2.82,1.59,1.45,2.28,204.0,8.98,7.78,13.99
2026-03-02 22:00:00+00:00,2.48,9.28,176027.28187918916,2.3000000000000003,3.03,0.93,1.4,2.27,212.0,8.92,7.46,15.88
2026-03-02 22:30:00+00:00,2.57,9.52,177051.79005530133,2.48,2.99,2.37,1.62,2.53,186.0,8.15,8.48,13.35
2026-03-02 23:00:00+00:00,2.56,9.41,186744.2893025604,2.45,3.0700000000000003,1.26,1.49,2.41,202.0,11.01,7.84,14.5
2026-03-02 23:30:00+00:00,2.48,9.4,163305.23178714365,2.32,2.91,2.39,1.51,2.38,202.0,9.84,7.81,13.43
2026-03-03 00:00:00+00:00,2.41,9.55,171544.33955911602,2.26,2.83,1.16,1.3,2.16,218.0,10.46,7.23,14.01
2026-03-03 00:30:00+00:00,2.84,9.82,163444.97071301457,2.77,3.54,1.37,1.65,2.71,202.0,9.39,7.84,13.81
2026-03-03 01:00:00+00:00,2.69,9.46,166911.06783997687,2.59,3.18,1.25,1.63,2.6,195.0,10.32,8.120000000000001,14.48
2026-03-03 01:30:00+00:00,2.64,9.7,175194.64605667724,2.5500000000000003,3.08,2.05,1.53,2.5,212.0,9.89,7.45,14.7
2026-03-03 02:00:00+00:00,2.72,10.01,163855.15143094835,2.62,3.37,1.13,1.53,2.53,200.0,9.62,7.9,15.22
2026-03-03 02:30:00+00:00,3.13,10.15,148432.61886958694,2.99,3.74,1.89,1.83,2.95,186.0,10.05,8.52,14.14
2026-03-03 03:00:00+00:00,2.73,10.02,150028.64917705275,2.68,3.23,1.8,1.7,2.69,180.0,8.27,8.77,14.37
2026-03-03 03:30:00+00:00,3.19,10.4,153622.52704858233,3.13,3.83,2.0,1.93,3.11,179.0,11.35,8.84,14.73
2026-03-03 04:00:00+00:00,2.92,10.23,150846.2087694834,2.79,3.37,1.12,1.76,2.8000000000000003,179.0,9.33,8.83,16.51
2026-03-03 04:30:00+00:00,3.13,10.52,162824.0665277638,2.98,3.8,1.44,1.85,2.98,176.0,10.88,9.0,15.11
2026-03-03 05:00:00+00:00,3.35,10.85,148054.61460246745,3.29,4.0,1.42,2.06,3.28,170.0,10.51,9.27,15.8
2026-03-03 05:30:00+00:00,3.37,11.01,146174.40839542839,3.26,4.14,1.33,2.0,3.23,175.0,11.41,9.01,16.92
2026-03-03 06:00:00+00:00,3.36,11.34,170100.66568298574,3.3200000000000003,4.25,2.32,2.03,3.28,168.0,11.39,9.42,17.95
2026-03-03 06:30:00+00:00,3.54,11.47,157178.78915071202,3.36,4.0600000000000005,3.04,2.09,3.34,167.0,13.63,9.43,17.29
2026-03-03 07:00:00+00:00,3.97,11.86,166992.18316009644,3.75,4.57,1.77,2.44,3.84,153.0,12.48,10.39,18.44
2026-03-03 07:30:00+00:00,3.98,12.1,163984.78003987842,3.8,4.61,4.2,2.49,3.89,147.0,12.16,10.72,18.15
2026-03-03 08:00:00+00:00,4.13,12.39,170066.02880159434,4.21,5.12,3.37,2.5500000000000003,4.12,150.0,12.66,10.55,16.6
2026-03-03 08:30:00+00:00,4.01,12.16,186730.43830059248,3.86,4.7,2.41,2.48,3.89,148.0,12.81,10.65,16.68
2026-03-03 09:00:00+00:00,4.11,12.68,183675.82028448483,4.16,5.26,2.22,2.46,4.04,149.0,13.91,10.59,18.04
2026-03-03 09:30:00+00:00,4.0200000000000005,12.25,178128.53652234684,3.8,4.82,1.6,2.37,3.81,156.0,12.94,10.08,17.61
2026-03-03 10:00:00+00:00,4.2,12.64,160993.9237352226,4.13,5.34,1.46,2.56,4.13,146.0,15.11,10.85,18.13
2026-03-03 10:30:00+00:00,,,160018.54926698664,,,,,,,,,
2026-03-03 11:00:00+00:00,,,152111.7583174727,,,,,,,,,
2026-03-03 11:30:00+00:00,,,147722.39753777176,,,,,,,,,
2026-03-03 12:00:00+00:00,,,154364.2335497692,,,,,,,,,
2026-03-03 12:30:00+00:00,,,148997.02606244094,,,,,,,,,
2026-03-03 13:00:00+00:00,,,171493.80668245506,,,,,,,,,
2026-03-03 13:30:00+00:00,,,165664.3184001742,,,,,,,,,
2026-03-03 14:00:00+00:00,,,162852.12225286584,,,,,,,,,
2026-03-03 14:30:00+00:00,,,171879.5908286958,,,,,,,,,
2026-03-03 15:00:00+00:00,,,168179.86683643248,,,,,,,,,
2026-03-03 15:30:00+00:00,,,160587.9810504304,,,,,,,,,
2026-03-03 16:00:00+00:00,,,163966.8528514529,,,,,,,,,
2026-03-03 16:30:00+00:00,,,144928.93142973247,,,,,,,,,
2026-03-03 17:00:00+00:00,,,137374.3838014272,,,,,,,,,
2026-03-03 17:30:00+00:00,,,156839.92330502125,,,,,,,,,
2026-03-03 18:00:00+00:00,,,144228.48596126618,,,,,,,,,
2026-03-03 18:30:00+00:00,,,131646.66013637793,,,,,,,,,
2026-03-03 19:00:00+00:00,,,138293.00246956508,,,,,,,,,
2026-03-03 19:30:00+00:00,,,145984.71234329464,,,,,,,,,
2026-03-03 20:00:00+00:00,,,155979.59413974668,,,,,,,,,
2026-03-03 20:30:00+00:00,,,190341.86893323867,,,,,,,,,
2026-03-03 21:00:00+00:00,,,173661.64467481087,,,,,,,,,
2026-03-03 21:30:00+00:00,,,163876.99382346479,,,,,,,,,
2026-03-03 22:00:00+00:00,,,158422.2809411266,,,,,,,,,
2026-03-03 22:30:00+00:00,,,176782.63682971138,,,,,,,,,
2026-03-03 23:00:00+00:00,,,150512.73181249065,,,,,,,,,
2026-03-03 23:30:00+00:00,3.47,11.7,152686.47469369715,3.29,4.3100000000000005,2.18,2.12,3.34,154.0,11.15,10.21,17.0
2026-03-04 00:00:00+00:00,3.29,11.71,160100.46240810936,3.14,3.67,1.98,2.02,3.17,160.0,13.62,9.84,16.93
2026-03-04 00:30:00+00:00,3.3200000000000003,11.73,148347.2114950251,3.19,4.07,1.59,1.94,3.15,164.0,11.86,9.62,18.02
2026-03-04 01:00:00+00:00,2.96,11.12,170170.74398765396,2.79,3.43,2.39,1.76,2.82,174.0,12.32,9.06,17.63
2026-03-04 01:30:00+00:00,2.9,11.1,157905.0221556107,2.74,3.43,2.87,1.72,2.74,175.0,10.33,9.06,15.22
2026-03-04 02:00:00+00:00,3.24,11.13,146911.05818778632,3.01,3.79,1.61,1.99,3.11,170.0,12.46,9.34,16.78
2026-03-04 02:30:00+00:00,3.09,11.3,158623.32714957313,3.0,3.74,2.21,1.87,3.0,170.0,12.07,9.28,16.44
2026-03-04 03:00:00+00:00,3.21,11.36,180598.41638136638,3.12,3.72,1.65,1.91,3.06,173.0,12.83,9.14,17.18
2026-03-04 03:30:00+00:00,2.83,10.93,163005.41582797695,2.7,3.39,1.78,1.77,2.77,174.0,12.43,9.12,15.85
2026-03-04 04:00:00+00:00,2.74,10.8,184059.30500707997,2.63,3.17,2.54,1.75,2.72,172.0,10.57,9.13,14.7
2026-03-04 04:30:00+00:00,2.38,10.2,186526.59615021636,2.26,2.93,1.5,1.36,2.21,210.0,11.43,7.56,15.42
2026-03-04 05:00:00+00:00,2.61,10.64,173224.4567818867,2.49,3.12,1.85,1.53,2.46,190.0,11.38,8.32,15.52
2026-03-04 05:30:00+00:00,2.54,10.61,167605.9783651771,2.45,3.0700000000000003,2.02,1.57,2.48,175.0,10.77,9.0,15.61
2026-03-04 06:00:00+00:00,2.35,10.6,164250.43524706387,2.27,2.82,2.37,1.42,2.26,187.0,10.8,8.45,15.04
2026-03-04 06:30:00+00:00,2.12,10.43,167661.52380923,2.01,2.42,1.05,1.27,2.02,195.0,10.94,8.120000000000001,16.34
2026-03-04 07:00:00+00:00,2.16,10.28,172126.0621984233,2.07,2.73,1.65,1.29,2.07,192.0,11.66,8.23,16.35
2026-03-04 07:30:00+00:00,2.48,10.92,174225.71864137682,2.37,2.97,1.46,1.47,2.37,177.0,10.95,8.93,16.55
2026-03-04 08:00:00+00:00,2.27,10.43,166713.7688470886,2.14,2.78,1.35,1.28,2.1,197.0,11.38,8.05,15.97
2026-03-04 08:30:00+00:00,2.53,10.94,167695.79531683846,2.5,2.96,1.82,1.58,2.52,167.0,10.31,9.44,14.96
2026-03-04 09:00:00+00:00,2.2,9.94,165162.1490395417,2.09,2.53,1.65,1.3,2.07,199.0,11.47,7.930000000000001,14.91
2026-03-04 09:30:00+00:00,2.28,10.16,173813.2140924139,2.22,2.72,1.45,1.42,2.25,184.0,9.41,8.61,14.22
2026-03-04 10:00:00+00:00,2.21,9.96,168821.23955019895,2.12,2.69,1.55,1.34,2.13,193.0,11.28,8.2,14.47
2026-03-04 10:30:00+00:00,2.26,10.26,161454.25869462345,2.23,2.7,1.29,1.39,2.21,181.0,9.27,8.71,16.07
2026-03-04 11:00:00+00:00,2.0,9.77,158307.19653322082,1.95,2.51,0.92,1.19,1.93,198.0,10.35,7.94,14.31
2026-03-04 11:30:00+00:00,2.21,10.1,177692.5204241802,2.13,2.62,1.1,1.35,2.14,191.0,9.09,8.25,14.6
2026-03-04 12:00:00+00:00,2.26,9.9,184867.11276876982,2.22,2.68,1.22,1.32,2.16,205.0,10.25,7.72,15.8
2026-03-04 12:30:00+00:00,2.1,9.58,185642.0425910504,2.05,2.56,1.05,1.25,2.02,214.0,10.53,7.41,13.48
2026-03-04 13:00:00+00:00,2.35,9.88,189519.4751548757,2.26,2.93,1.68,1.35,2.21,206.0,10.48,7.68,13.96
2026-03-04 13:30:00+00:00,2.0,9.47,174887.47822678115,1.93,2.49,0.95,1.16,1.9,222.0,10.84,7.11,13.33
2026-03-04 14:00:00+00:00,2.18,9.46,184030.72216905735,2.08,2.61,1.82,1.27,2.05,215.0,8.66,7.35,13.94
2026-03-04 14:30:00+00:00,2.01,9.27,168308.0427523308,1.84,2.21,1.19,1.18,1.85,227.0,10.47,6.99,13.79
2026-03-04 15:00:00+00:00,1.86,9.16,158720.54913647135,1.77,2.29,0.99,1.03,1.71,246.0,10.13,6.42,14.03
2026-03-04 15:30:00+00:00,1.93,9.01,164201.18364293315,1.8,2.33,0.93,1.1,1.77,241.0,10.2,6.55,16.06
2026-03-04 16:00:00+00:00,1.95,8.9,164619.45295221324,1.84,2.32,1.69,1.12,1.82,249.0,10.84,6.3500000000000005,14.56
2026-03-04 16:30:00+00:00,1.87,8.61,174035.21276865707,1.75,2.28,1.77,1.04,1.7,270.0,8.71,5.88,14.55
2026-03-04 17:00:00+00:00,2.1,8.89,167371.2380123964,1.88,2.37,1.64,1.13,1.84,261.0,8.21,6.04,13.27
2026-03-04 17:30:00+00:00,1.85,8.51,188445.1533969123,1.68,2.16,1.14,1.02,1.64,278.0,7.0,5.69,13.83
2026-03-04 18:00:00+00:00,1.91,8.78,172102.17145855786,1.82,2.3000000000000003,1.55,1.11,1.79,257.0,9.86,6.140000000000001,13.27
2026-03-04 18:30:00+00:00,1.72,8.32,171516.18001149257,1.59,1.99,1.54,0.99,1.58,282.0,9.91,5.6000000000000005,12.65
2026-03-04 19:00:00+00:00,1.82,8.34,181197.7952227632,1.73,2.22,1.5,1.06,1.71,270.0,10.92,5.8500000000000005,13.16
2026-03-04 19:30:00+00:00,1.73,8.09,164971.46141806126,1.64,2.05,1.72,1.01,1.62,281.0,8.86,5.63,12.31
2026-03-04 20:00:00+00:00,1.72,7.99,180313.10637912108,1.57,1.97,1.12,0.96,1.55,291.0,9.04,5.43,14.07
2026-03-04 20:30:00+00:00,1.68,8.19,182854.64187773172,1.54,1.92,1.14,0.96,1.53,275.0,10.26,5.76,13.07
2026-03-04 21:00:00+00:00,1.7,8.25,200846.2046118063,1.61,2.03,1.55,0.96,1.57,271.0,9.49,5.82,13.03
2026-03-04 21:30:00+00:00,1.69,8.44,175818.25193548333,1.53,1.87,0.98,0.96,1.53,270.0,8.870000000000001,5.87,13.67
2026-03-04 22:00:00+00:00,1.69,8.16,159731.5350788381,1.54,1.92,0.92,0.98,1.55,261.0,8.040000000000001,6.05,12.65
2026-03-04 22:30:00+00:00,1.66,8.17,147088.33850916615,1.55,1.94,1.32,0.96,1.53,259.0,9.46,6.1000000000000005,12.58
2026-03-04 23:00:00+00:00,1.57,8.13,156676.7711297095,1.49,1.9,1.02,0.9,1.46,266.0,8.91,5.94,11.99
2026-03-04 23:30:00+00:00,1.66,8.41,196450.45741626644,1.62,2.01,0.72,1.0,1.6,246.0,9.43,6.45,13.38
2026-03-05 00:00:00+00:00,1.5,8.08,,1.42,1.79,1.28,0.88,1.41,265.0,6.22,5.98,12.93
2026-03-05 00:30:00+00:00,1.54,8.51,216010.77208185103,1.47,1.81,1.37,0.93,1.47,250.0,9.11,6.3500000000000005,12.27
2026-03-05 01:00:00+00:00,1.45,8.03,211577.5239857055,1.43,1.72,0.99,0.91,1.43,251.0,9.82,6.3100000000000005,13.0
2026-03-05 01:30:00+00:00,1.54,8.09,202509.71311740266,1.45,1.8,1.62,0.88,1.42,271.0,8.11,5.84,11.51
2026-03-05 02:00:00+00:00,1.41,8.18,187227.88667495525,1.32,1.64,1.14,0.8300000000000001,1.32,262.0,8.88,6.04,14.36
2026-03-05 02:30:00+00:00,1.43,8.19,197386.60996727023,1.31,1.68,1.21,0.79,1.28,282.0,9.09,5.63,12.93
2026-03-05 03:00:00+00:00,1.45,8.41,186982.8849529143,1.35,1.66,1.01,0.86,1.36,249.0,6.55,6.34,13.14
2026-03-05 03:30:00+00:00,1.41,8.3,181911.91487004037,1.36,1.67,1.45,0.85,1.35,256.0,9.29,6.16,12.31
2026-03-05 04:00:00+00:00,1.48,8.43,180809.80590806273,1.4,1.8,0.86,0.85,1.38,255.0,9.08,6.18,13.8
2026-03-05 04:30:00+00:00,1.41,8.5,198847.66531407504,1.35,1.69,1.01,0.8300000000000001,1.33,260.0,11.47,6.09,13.62
2026-03-05 05:00:00+00:00,1.31,8.370000000000001,178456.6401914007,1.2,1.5,1.48,0.73,1.18,268.0,8.76,5.89,13.27
2026-03-05 05:30:00+00:00,1.47,8.870000000000001,179197.37478671272,1.4,1.69,1.13,0.85,1.37,242.0,11.0,6.5200000000000005,14.34
2026-03-05 06:00:00+00:00,1.37,8.56,174734.86617236238,1.3,1.6,1.13,0.79,1.27,257.0,8.38,6.17,13.32
2026-03-05 06:30:00+00:00,1.5,9.22,180727.08208970563,1.4,1.73,1.01,0.84,1.37,238.0,10.3,6.65,14.94
2026-03-05 07:00:00+00:00,1.27,8.84,197540.3946532082,1.25,1.52,0.87,0.79,1.26,226.0,9.74,7.01,13.31
2026-03-05 07:30:00+00:00,1.38,9.16,172047.6411141345,1.31,1.62,1.12,0.86,1.34,211.0,9.81,7.47,13.76
2026-03-05 08:00:00+00:00,1.5,9.38,160109.98681376514,1.44,1.73,0.84,0.91,1.45,210.0,7.84,7.51,13.74
2026-03-05 08:30:00+00:00,1.49,9.24,174333.8574457776,1.4,1.73,1.03,0.89,1.41,214.0,10.77,7.42,12.99
2026-03-05 09:00:00+00:00,1.39,9.05,170038.77343089177,1.35,1.69,1.52,0.8200000000000001,1.32,230.0,10.13,6.87,13.29
2026-03-05 09:30:00+00:00,1.47,9.08,178058.1275998463,1.4,1.68,0.8,0.88,1.41,224.0,11.0,7.09,13.42
2026-03-05 10:00:00+00:00,1.54,9.29,178814.00474713385,1.5,1.93,1.5,0.9,1.47,224.0,10.11,7.0600000000000005,12.89
2026-03-05 10:30:00+00:00,1.46,9.08,181008.8943519689,1.41,1.71,0.95,0.92,1.43,206.0,9.89,7.65,14.51
2026-03-05 11:00:00+00:00,1.51,9.31,177838.7981992649,1.42,1.79,1.43,0.88,1.41,219.0,9.74,7.21,13.87
2026-03-05 11:30:00+00:00,1.48,9.04,188029.03031797335,1.45,1.83,1.36,0.88,1.42,226.0,9.63,7.0,13.24
2026-03-05 12:00:00+00:00,1.57,8.82,174047.20409273615,1.48,1.85,0.99,0.86,1.42,273.0,10.41,5.79,13.11
2026-03-05 12:30:00+00:00,1.58,7.32,180391.78218826075,1.44,1.85,1.21,0.9,1.43,330.0,10.83,4.8100000000000005,12.35
2026-03-05 13:00:00+00:00,1.94,6.4,175562.43129542124,1.75,2.16,1.89,1.12,1.77,357.0,4.99,4.45,11.11
2026-03-05 13:30:00+00:00,2.35,6.23,177483.3371825846,2.18,2.75,0.9,1.38,2.19,339.0,6.36,4.68,11.58
2026-03-05 14:00:00+00:00,2.51,6.63,172597.25114503028,2.38,2.91,1.67,1.49,2.37,307.0,6.8500000000000005,5.16,11.5
2026-03-05 14:30:00+00:00,2.34,6.51,171106.68672416068,2.22,2.78,1.58,1.39,2.22,315.0,7.05,5.03,11.6
2026-03-05 15:00:00+00:00,2.23,6.68,169448.87458901483,2.09,2.65,1.4,1.31,2.09,308.0,7.59,5.16,12.64
2026-03-05 15:30:00+00:00,2.41,6.8500000000000005,167476.43697474594,2.26,2.77,1.79,1.41,2.26,298.0,6.7700000000000005,5.32,11.61
2026-03-05 16:00:00+00:00,2.42,7.3,172706.80264868258,2.25,2.72,1.88,1.45,2.28,282.0,8.69,5.62,13.17
2026-03-05 16:30:00+00:00,2.45,7.48,171585.05263646512,2.32,2.79,1.36,1.49,2.34,269.0,6.82,5.9,13.32
2026-03-05 17:00:00+00:00,2.94,7.95,159706.7920170588,2.91,3.68,1.98,1.81,2.91,246.0,8.44,6.46,11.83
2026-03-05 17:30:00+00:00,3.14,7.88,152072.58577392358,3.0,3.6,2.36,1.89,3.01,246.0,8.77,6.44,11.24
2026-03-05 18:00:00+00:00,3.29,8.040000000000001,166275.79566202898,3.15,3.81,2.94,1.99,3.15,246.0,9.29,6.44,11.97
2026-03-05 18:30:00+00:00,3.18,8.07,173040.24332484446,3.04,3.74,2.77,1.87,3.01,255.0,8.16,6.22,12.07
2026-03-05 19:00:00+00:00,3.21,8.05,171334.6932633213,3.0500000000000003,3.84,1.72,1.93,3.0700000000000003,247.0,9.14,6.41,13.92
2026-03-05 19:30:00+00:00,3.15,8.34,181371.37081237548,3.06,3.77,2.89,1.82,2.98,251.0,9.15,6.33,12.95
2026-03-05 20:00:00+00:00,3.06,8.55,187127.7965095159,2.86,3.68,1.53,1.76,2.83,245.0,11.12,6.43,12.56
2026-03-05 20:30:00+00:00,3.33,8.68,183833.7927296245,3.15,3.83,2.14,2.0,3.17,225.0,8.38,7.03,12.8
2026-03-05 21:00:00+00:00,3.25,8.88,190943.31707809528,3.15,3.87,2.15,1.92,3.11,233.0,9.51,6.8,12.92
2026-03-05 21:30:00+00:00,3.37,9.09,172463.3656801192,3.2,3.94,2.08,1.97,3.17,228.0,10.93,6.91,13.41
2026-03-05 22:00:00+00:00,3.72,9.21,169184.36359293637,3.46,4.53,1.77,2.02,3.34,233.0,10.37,6.78,18.42
2026-03-05 22:30:00+00:00,3.78,9.26,166048.4745324556,3.48,4.59,1.27,2.04,3.37,237.0,9.96,6.68,14.59
2026-03-05 23:00:00+00:00,4.17,9.56,177513.55829538737,3.91,4.63,2.06,2.54,3.99,200.0,9.11,7.88,14.27
2026-03-05 23:30:00+00:00,3.79,9.28,179841.27719260746,3.5700000000000003,4.49,3.94,2.23,3.5700000000000003,218.0,8.13,7.23,14.55
2026-03-06 00:00:00+00:00,4.01,9.55,183670.77097988818,3.82,4.66,2.22,2.38,3.82,213.0,8.61,7.41,14.08
2026-03-06 00:30:00+00:00,4.14,9.54,187909.06632621877,3.95,4.8100000000000005,2.48,2.47,3.95,212.0,9.49,7.42,15.39
2026-03-06 01:00:00+00:00,4.01,9.85,181680.1638586321,3.8,4.94,3.25,2.27,3.73,221.0,11.25,7.16,15.91
2026-03-06 01:30:00+00:00,4.14,10.0,178307.22744532698,3.9,4.82,5.64,2.42,3.88,210.0,10.96,7.5,15.77
2026-03-06 02:00:00+00:00,3.86,9.9,180253.49811704212,3.66,4.61,3.94,2.36,3.73,202.0,10.81,7.82,14.86
2026-03-06 02:30:00+00:00,4.44,10.29,189150.9495079358,4.14,5.23,4.62,2.61,4.19,197.0,9.64,8.02,15.84
2026-03-06 03:00:00+00:00,4.53,10.29,197742.70129616596,4.08,5.3500000000000005,5.9,2.46,4.0200000000000005,208.0,11.24,7.56,16.69
2026-03-06 03:30:00+00:00,4.28,10.08,188978.1890098932,4.01,5.05,2.49,2.47,3.97,207.0,10.56,7.67,14.37
2026-03-06 04:00:00+00:00,4.14,10.18,196797.3989720088,3.94,4.7700000000000005,3.34,2.49,3.93,203.0,9.3,7.8,14.72
2026-03-06 04:30:00+00:00,4.65,10.66,174779.17747825154,4.54,5.78,3.6,2.77,4.48,191.0,13.76,8.28,15.59
2026-03-06 05:00:00+00:00,4.65,10.85,172955.7536481738,4.37,5.36,4.0200000000000005,2.64,4.3,196.0,9.74,8.08,16.42
2026-03-06 05:30:00+00:00,4.24,10.29,168302.79816560744,4.0600000000000005,5.01,2.62,2.6,4.13,197.0,10.95,8.040000000000001,16.66
2026-03-06 06:00:00+00:00,4.21,10.79,177790.97118838833,3.88,5.09,2.77,2.35,3.84,205.0,11.0,7.68,16.82
2026-03-06 06:30:00+00:00,4.0200000000000005,10.51,172861.81589330858,3.9,4.99,2.1,2.32,3.81,198.0,11.3,7.99,16.55
2026-03-06 07:00:00+00:00,4.11,10.78,156211.71860542177,3.99,5.15,2.86,2.44,3.98,193.0,10.24,8.15,17.78
2026-03-06 07:30:00+00:00,4.17,10.57,187112.68329952634,3.87,4.86,3.02,2.42,3.88,194.0,11.83,8.13,15.6
2026-03-06 08:00:00+00:00,3.95,10.38,184588.6999966975,3.68,4.65,2.87,2.18,3.59,211.0,10.93,7.5,14.84
2026-03-06 08:30:00+00:00,3.49,10.45,207223.13194645388,3.3200000000000003,4.23,2.61,2.02,3.26,211.0,11.82,7.46,15.21
2026-03-06 09:00:00+00:00,3.53,10.34,177787.6461824061,3.37,4.17,1.78,2.13,3.39,203.0,10.28,7.77,16.68
2026-03-06 09:30:00+00:00,3.54,10.32,171557.03692218685,3.34,4.11,3.44,2.02,3.27,214.0,13.52,7.4,15.86
2026-03-06 10:00:00+00:00,3.66,10.54,195288.74501036564,3.35,4.3100000000000005,2.67,2.1,3.37,206.0,12.34,7.7,16.23
2026-03-06 10:30:00+00:00,3.73,10.66,183762.2460469826,3.4,4.24,4.21,1.99,3.27,218.0,12.64,7.29,15.89
2026-03-06 11:00:00+00:00,3.47,10.31,189156.85659872365,3.27,4.0200000000000005,2.34,2.06,3.28,203.0,9.88,7.76,17.02
2026-03-06 11:30:00+00:00,3.27,10.01,164030.15407503012,3.15,3.91,3.02,1.93,3.1,214.0,10.5,7.37,16.61
2026-03-06 12:00:00+00:00,3.25,10.15,192425.58885179533,3.04,3.77,3.2,1.76,2.92,231.0,11.77,6.82,16.17
2026-03-06 12:30:00+00:00,3.58,10.29,191668.30833751376,3.31,4.12,2.22,2.02,3.25,219.0,11.91,7.2,15.93
2026-03-06 13:00:00+00:00,3.5700000000000003,10.2,178917.37575410056,3.29,4.38,2.76,2.0,3.25,218.0,11.07,7.26,16.19
2026-03-06 13:30:00+00:00,3.42,10.28,177218.3720140833,3.08,3.97,2.44,1.94,3.11,223.0,12.29,7.1000000000000005,16.1
2026-03-06 14:00:00+00:00,3.21,9.82,174561.84760043217,2.94,3.73,2.91,1.82,2.92,234.0,9.57,6.74,14.65
2026-03-06 14:30:00+00:00,3.3200000000000003,9.96,184234.51544174753,3.12,3.92,2.44,1.91,3.0700000000000003,224.0,11.5,7.03,14.48
2026-03-06 15:00:00+00:00,3.45,9.76,182661.72564375596,3.24,4.07,2.35,2.04,3.23,217.0,9.0,7.27,16.87
2026-03-06 15:30:00+00:00,3.34,9.38,175266.98144922705,3.03,3.75,3.1,1.92,3.03,239.0,11.47,6.62,14.33
2026-03-06 16:00:00+00:00,3.35,9.34,187649.28900909077,3.0500000000000003,3.88,3.51,1.89,3.04,238.0,11.31,6.65,13.78
2026-03-06 16:30:00+00:00,3.38,9.72,185016.4063134891,3.08,3.91,2.8000000000000003,1.9,3.0700000000000003,238.0,10.22,6.65,15.78
2026-03-06 17:00:00+00:00,3.31,9.44,181776.7510823687,2.95,3.75,3.65,1.83,2.93,250.0,12.4,6.33,14.81
2026-03-06 17:30:00+00:00,3.29,9.3,187596.56957612943,3.13,4.03,3.83,1.99,3.16,232.0,10.74,6.8500000000000005,15.81
2026-03-06 18:00:00+00:00,3.42,9.58,191661.7702802568,3.14,3.93,2.09,1.94,3.11,234.0,11.6,6.7700000000000005,14.66
2026-03-06 18:30:00+00:00,3.36,9.18,184929.95496323882,3.0700000000000003,3.74,4.08,1.91,3.0500000000000003,241.0,11.94,6.53,15.06
2026-03-06 19:00:00+00:00,3.51,9.91,192175.90312444227,3.3000000000000003,4.34,2.73,2.0,3.25,227.0,11.24,6.96,17.51
2026-03-06 19:30:00+00:00,3.44,10.1,197202.85992642568,3.24,3.99,1.74,2.05,3.27,212.0,11.95,7.47,15.64
2026-03-06 20:00:00+00:00,3.27,9.84,209824.4517129784,3.08,3.89,1.77,1.88,3.04,220.0,8.59,7.17,15.39
2026-03-06 20:30:00+00:00,3.31,9.72,192205.44179921912,3.11,4.13,3.0700000000000003,1.88,3.0700000000000003,225.0,11.64,7.0200000000000005,15.86
2026-03-06 21:00:00+00:00,3.26,10.58,179791.9905875278,3.01,3.7,2.75,1.88,3.01,210.0,11.01,7.54,15.54
2026-03-06 21:30:00+00:00,3.3000000000000003,10.47,182628.1952615641,3.14,3.92,2.43,2.02,3.17,198.0,12.63,8.01,16.55
2026-03-06 22:00:00+00:00,3.22,10.66,192301.32040867297,3.02,3.75,2.19,1.88,3.0,209.0,12.88,7.59,16.11
2026-03-06 22:30:00+00:00,2.99,9.94,187825.09797854334,2.81,3.5700000000000003,2.12,1.69,2.75,228.0,10.32,6.91,16.51
2026-03-06 23:00:00+00:00,3.0700000000000003,10.16,187808.07454500807,2.92,3.72,2.6,1.77,2.86,211.0,9.48,7.44,16.02
2026-03-06 23:30:00+00:00,2.73,10.2,203950.79769248504,2.51,3.28,1.39,1.45,2.41,245.0,11.81,6.46,15.78
2026-03-07 00:00:00+00:00,2.83,10.53,197137.93825067012,2.64,3.37,2.86,1.57,2.56,221.0,13.12,7.16,15.95
2026-03-07 00:30:00+00:00,2.74,10.42,177260.78480050346,2.54,3.23,2.32,1.58,2.53,211.0,10.01,7.51,15.15
2026-03-07 01:00:00+00:00,2.97,11.45,180010.92379015847,2.74,3.47,1.74,1.64,2.67,203.0,12.34,7.8,15.82
2026-03-07 01:30:00+00:00,2.59,10.76,177433.73260394967,2.45,3.0700000000000003,1.29,1.42,2.35,215.0,11.28,7.36,17.23
2026-03-07 02:00:00+00:00,2.78,10.96,164108.00040498376,2.62,3.28,1.72,1.6,2.59,201.0,13.43,7.85,16.82
2026-03-07 02:30:00+00:00,2.81,11.46,170602.7272364438,2.7,3.45,3.11,1.58,2.6,202.0,13.19,7.83,15.93
2026-03-07 03:00:00+00:00,2.68,11.2,186707.53984758025,2.41,3.13,1.95,1.42,2.36,207.0,11.38,7.61,18.17
2026-03-07 03:30:00+00:00,2.51,10.86,181388.2983291665,2.35,3.08,1.67,1.4,2.3000000000000003,213.0,13.65,7.42,15.33
2026-03-07 04:00:00+00:00,2.62,11.21,208224.49800128266,2.59,3.2,1.34,1.62,2.59,181.0,11.19,8.74,17.0
2026-03-07 04:30:00+00:00,2.51,11.05,201287.92718126276,2.47,3.14,1.55,1.53,2.45,193.0,13.26,8.14,15.09
2026-03-07 05:00:00+00:00,2.56,11.03,198523.8213264048,2.46,3.06,2.9,1.51,2.43,197.0,11.29,8.040000000000001,16.68
2026-03-07 05:30:00+00:00,2.84,11.45,191850.9913711289,2.67,3.3200000000000003,1.59,1.57,2.57,189.0,13.34,8.31,18.98
2026-03-07 06:00:00+00:00,2.4,11.07,193579.35858474244,2.26,2.88,1.81,1.4,2.25,194.0,12.88,8.15,16.52
2026-03-07 06:30:00+00:00,2.66,11.14,212436.65202122726,2.46,3.1,3.11,1.44,2.37,212.0,13.31,7.44,15.0
2026-03-07 07:00:00+00:00,2.5500000000000003,11.29,214903.69095366303,2.37,3.0700000000000003,1.75,1.41,2.32,210.0,12.96,7.55,16.4
2026-03-07 07:30:00+00:00,2.36,11.1,225396.75140109452,2.24,2.75,1.49,1.37,2.2,196.0,13.26,8.11,15.68
2026-03-07 08:00:00+00:00,2.46,11.34,200111.02570307956,2.41,2.95,1.74,1.48,2.39,189.0,12.47,8.38,15.98
2026-03-07 08:30:00+00:00,2.45,11.12,205694.33891508597,2.36,2.98,2.33,1.4,2.29,206.0,11.56,7.65,15.22
2026-03-07 09:00:00+00:00,2.3000000000000003,10.63,204063.9694584367,2.16,2.66,1.85,1.32,2.14,208.0,10.55,7.59,15.82
2026-03-07 09:30:00+00:00,2.23,10.81,220078.51870922517,2.04,2.57,2.45,1.22,1.99,217.0,10.94,7.28,15.5
2026-03-07 10:00:00+00:00,2.54,11.36,233453.88846699143,2.34,2.88,1.23,1.42,2.3000000000000003,196.0,12.69,8.08,17.19
2026-03-07 10:30:00+00:00,2.49,11.52,231558.01870227602,2.34,2.96,1.84,1.36,2.26,194.0,12.24,8.17,16.97
2026-03-07 11:00:00+00:00,2.58,11.67,197227.52198905635,2.48,3.21,1.51,1.48,2.41,185.0,12.01,8.52,15.14
2026-03-07 11:30:00+00:00,2.35,11.0,180675.8384524133,2.23,2.73,2.02,1.4,2.23,194.0,10.74,8.17,15.36
2026-03-07 12:00:00+00:00,2.25,10.9,191039.85628039195,2.1,2.65,1.19,1.29,2.09,204.0,12.22,7.75,16.03
2026-03-07 12:30:00+00:00,2.25,10.71,206771.8771426233,2.03,2.67,2.15,1.22,1.99,229.0,12.24,6.890000000000001,15.28
2026-03-07 13:00:00+00:00,2.39,11.05,205827.8618781826,2.32,2.93,2.17,1.33,2.2,216.0,13.53,7.35,15.18
2026-03-07 13:30:00+00:00,2.53,10.7,209869.71477932855,2.5,3.0,2.6,1.54,2.47,196.0,11.23,8.0,15.59
2026-03-07 14:00:00+00:00,2.82,11.54,206285.6113757042,2.66,3.3200000000000003,2.46,1.6,2.6,203.0,14.06,7.75,16.77
2026-03-07 14:30:00+00:00,2.47,10.05,211841.2030005743,2.28,2.83,1.77,1.41,2.25,235.0,12.51,6.74,15.66
2026-03-07 15:00:00+00:00,2.5500000000000003,10.31,221291.57272633506,2.31,2.89,2.07,1.4,2.27,240.0,14.08,6.57,15.36
2026-03-07 15:30:00+00:00,2.66,10.4,210934.53491385517,2.57,3.33,1.48,1.5,2.49,226.0,10.63,7.0200000000000005,17.14
2026-03-07 16:00:00+00:00,2.52,10.01,211799.0356345386,2.32,2.89,1.77,1.45,2.31,234.0,12.71,6.75,16.29
2026-03-07 16:30:00+00:00,2.51,10.14,227644.85893267655,2.18,2.68,2.4,1.32,2.14,262.0,12.01,6.04,16.11
2026-03-07 17:00:00+00:00,2.56,10.13,226767.61741209775,2.35,3.03,2.61,1.44,2.32,244.0,12.31,6.48,15.31
2026-03-07 17:30:00+00:00,2.75,10.74,227260.18438142637,2.54,3.26,2.77,1.55,2.5,217.0,13.23,7.22,15.83
2026-03-07 18:00:00+00:00,2.69,10.38,225095.3681222381,2.41,3.15,2.09,1.46,2.38,237.0,11.72,6.68,18.35
2026-03-07 18:30:00+00:00,2.87,10.62,209669.1540454661,2.73,3.38,2.37,1.61,2.63,226.0,12.47,7.01,16.16
2026-03-07 19:00:00+00:00,2.86,11.1,222564.55776774703,2.65,3.3200000000000003,2.35,1.61,2.61,216.0,13.42,7.3,17.36
2026-03-07 19:30:00+00:00,2.72,10.88,213494.2410773236,2.43,3.08,2.62,1.49,2.41,226.0,12.25,7.0,16.03
2026-03-07 20:00:00+00:00,2.88,11.12,214168.0184554072,2.68,3.51,2.7,1.55,2.57,219.0,13.16,7.22,15.91
2026-03-07 20:30:00+00:00,2.83,11.1,196182.62395067685,2.62,3.23,1.87,1.59,2.58,203.0,11.07,7.75,18.23
2026-03-07 21:00:00+00:00,2.7,11.09,211276.15000948173,2.53,3.12,2.27,1.56,2.5,203.0,11.52,7.77,17.32
2026-03-07 21:30:00+00:00,2.74,11.13,206240.05896438513,2.56,3.38,2.06,1.54,2.51,201.0,10.12,7.84,18.08
2026-03-07 22:00:00+00:00,2.56,10.73,200560.24745365555,2.41,3.01,1.47,1.46,2.36,210.0,12.59,7.56,16.37
2026-03-07 22:30:00+00:00,2.63,11.07,210440.77979257496,2.39,2.8000000000000003,1.78,1.56,2.44,184.0,11.27,8.56,17.52
2026-03-07 23:00:00+00:00,2.66,11.29,213351.81146010687,2.53,3.04,2.2,1.58,2.52,186.0,12.13,8.46,15.9
2026-03-07 23:30:00+00:00,2.49,11.06,216618.7814091681,2.32,3.06,1.96,1.4,2.28,198.0,12.36,7.96,15.87
2026-03-08 00:00:00+00:00,2.7,11.66,208505.342709866,2.61,3.41,1.53,1.56,2.58,178.0,13.95,8.870000000000001,16.21
2026-03-08 00:30:00+00:00,2.68,11.56,198869.55330646786,2.52,3.24,1.49,1.51,2.46,182.0,13.97,8.71,17.53
2026-03-08 01:00:00+00:00,2.5500000000000003,11.61,199084.29872970187,2.5500000000000003,3.11,1.18,1.54,2.49,174.0,13.59,9.09,16.57
2026-03-08 01:30:00+00:00,2.45,11.09,199154.63991139017,2.36,2.89,1.89,1.42,2.3000000000000003,191.0,11.97,8.290000000000001,16.1
2026-03-08 02:00:00+00:00,2.89,11.66,198397.4629045754,2.79,3.64,1.21,1.65,2.72,176.0,12.58,8.98,15.98
2026-03-08 02:30:00+00:00,2.73,11.63,200246.97044819983,2.61,3.23,1.32,1.51,2.5,184.0,12.18,8.58,16.35
2026-03-08 03:00:00+00:00,2.57,11.12,195322.4003626947,2.58,3.25,1.44,1.56,2.54,181.0,10.95,8.73,15.72
2026-03-08 03:30:00+00:00,2.57,11.18,179817.89349143542,2.51,3.09,1.88,1.55,2.48,175.0,11.83,9.01,15.49
2026-03-08 04:00:00+00:00,2.77,11.45,200535.73034689756,2.58,3.27,1.71,1.53,2.52,179.0,11.71,8.8,17.23
2026-03-08 04:30:00+00:00,2.6,11.31,207342.99707673644,2.47,3.13,1.38,1.48,2.42,177.0,11.82,8.88,15.46
2026-03-08 05:00:00+00:00,2.47,11.12,179473.43319948652,2.3000000000000003,2.95,1.59,1.4,2.28,189.0,12.83,8.370000000000001,16.64
2026-03-08 05:30:00+00:00,2.61,11.34,188484.48576258987,2.61,3.24,2.35,1.54,2.53,179.0,12.48,8.86,15.88
2026-03-08 06:00:00+00:00,2.64,11.57,197336.26851607792,2.6,3.25,1.11,1.59,2.56,169.0,12.96,9.37,17.16
2026-03-08 06:30:00+00:00,2.68,11.47,192437.72344747852,2.49,3.0700000000000003,2.22,1.57,2.49,167.0,11.75,9.46,16.330000000000002
2026-03-08 07:00:00+00:00,2.36,11.15,194192.06655758165,2.44,2.99,1.85,1.51,2.42,166.0,11.63,9.52,16.3
2026-03-08 07:30:00+00:00,2.86,11.75,194882.93794662523,2.81,3.52,2.27,1.79,2.85,156.0,12.52,10.08,16.81
2026-03-08 08:00:00+00:00,2.69,11.56,213896.12700802943,2.62,3.26,1.14,1.64,2.62,163.0,11.1,9.72,17.03
2026-03-08 08:30:00+00:00,2.68,11.43,198059.9627942823,2.52,3.1,1.56,1.58,2.52,169.0,12.23,9.34,17.39
2026-03-08 09:00:00+00:00,2.65,11.57,188472.39133601077,2.5,3.14,1.3,1.48,2.43,177.0,11.15,8.93,16.0
2026-03-08 09:30:00+00:00,2.54,11.45,183461.9934919427,2.42,3.15,1.91,1.45,2.39,176.0,11.88,8.97,16.55
2026-03-08 10:00:00+00:00,2.51,11.14,194072.16069378646,2.4,2.9,1.26,1.54,2.43,171.0,13.21,9.27,16.34
2026-03-08 10:30:00+00:00,2.82,12.16,205588.27177453093,2.78,3.44,2.43,1.65,2.71,159.0,12.23,9.87,16.37
2026-03-08 11:00:00+00:00,2.44,11.6,222043.61020551104,2.32,3.01,1.3,1.43,2.31,172.0,12.91,9.22,19.63
2026-03-08 11:30:00+00:00,2.67,11.9,224190.07463650493,2.57,3.3000000000000003,1.09,1.56,2.53,163.0,11.3,9.67,21.16
2026-03-08 12:00:00+00:00,2.43,11.44,225064.69177572906,2.39,3.02,1.62,1.4,2.31,181.0,10.8,8.73,16.98
2026-03-08 12:30:00+00:00,2.56,11.62,219768.57837872131,2.43,2.97,2.04,1.45,2.38,183.0,12.02,8.63,15.89
2026-03-08 13:00:00+00:00,2.41,11.44,184436.42676125315,2.38,3.01,2.16,1.44,2.34,181.0,10.9,8.71,18.1
2026-03-08 13:30:00+00:00,2.65,11.95,192849.52654276026,2.49,3.2,2.13,1.49,2.43,173.0,11.5,9.12,16.75
2026-03-08 14:00:00+00:00,2.42,11.23,180484.55891784595,2.3000000000000003,2.9,1.85,1.4,2.27,181.0,10.11,8.73,16.57
2026-03-08 14:30:00+00:00,2.54,11.68,178563.40482802285,2.52,3.12,2.11,1.47,2.44,179.0,12.05,8.82,17.31
2026-03-08 15:00:00+00:00,2.62,11.65,199257.43841330483,2.53,3.17,1.72,1.56,2.53,174.0,11.36,9.1,15.85
2026-03-08 15:30:00+00:00,2.56,12.19,201223.4150280046,2.41,3.12,1.92,1.39,2.31,189.0,14.94,8.34,18.4
2026-03-08 16:00:00+00:00,2.54,11.68,204314.32285942053,2.42,3.04,1.91,1.46,2.37,190.0,10.9,8.36,18.42
2026-03-08 16:30:00+00:00,2.75,11.96,194922.12649114485,2.66,3.31,1.77,1.62,2.61,183.0,12.16,8.67,18.79
2026-03-08 17:00:00+00:00,2.88,12.07,179689.7227894487,2.82,3.5700000000000003,1.93,1.68,2.74,185.0,12.78,8.540000000000001,19.2
2026-03-08 17:30:00+00:00,2.88,12.23,199875.12286427474,2.67,3.61,2.37,1.61,2.63,184.0,14.94,8.56,19.16
2026-03-08 18:00:00+00:00,2.68,11.79,189959.14007626244,2.5500000000000003,3.28,2.89,1.47,2.44,209.0,12.37,7.59,15.86
2026-03-08 18:30:00+00:00,2.82,12.31,182457.9103955311,2.66,3.58,2.08,1.5,2.54,198.0,12.4,7.97,19.38
2026-03-08 19:00:00+00:00,2.67,12.53,182253.886281909,2.5,3.41,2.22,1.48,2.45,196.0,14.9,8.1,19.79
2026-03-08 19:30:00+00:00,2.98,12.54,194128.2126543172,2.79,3.36,1.75,1.63,2.7,176.0,12.21,8.91,18.7
2026-03-08 20:00:00+00:00,2.93,12.52,180813.76993416934,2.83,3.56,2.49,1.67,2.76,166.0,11.46,9.43,17.19
2026-03-08 20:30:00+00:00,3.26,13.33,181375.95357539126,3.0700000000000003,3.85,2.64,1.86,3.03,153.0,12.98,10.35,18.34
2026-03-08 21:00:00+00:00,2.8000000000000003,12.64,188689.38170213797,2.76,3.61,1.8,1.63,2.69,164.0,13.38,9.62,16.51
2026-03-08 21:30:00+00:00,2.79,12.51,213194.6464459508,2.76,3.31,1.53,1.74,2.76,150.0,14.38,10.5,18.19
2026-03-08 22:00:00+00:00,2.78,12.61,201581.4754055593,2.6,3.22,1.88,1.6,2.57,162.0,12.41,9.73,17.32
2026-03-08 22:30:00+00:00,2.88,12.33,190513.38728888045,2.79,3.5700000000000003,1.9,1.71,2.77,152.0,13.57,10.37,19.01
2026-03-08 23:00:00+00:00,2.63,12.35,198074.44129608726,2.51,3.15,1.44,1.55,2.48,157.0,14.19,10.07,17.53
2026-03-08 23:30:00+00:00,2.94,12.69,199999.58602690947,2.79,3.42,2.16,1.76,2.79,151.0,13.59,10.44,17.73
2026-03-09 00:00:00+00:00,2.71,12.12,184206.36823158627,2.66,3.27,2.08,1.73,2.71,149.0,10.67,10.61,18.86
2026-03-09 00:30:00+00:00,2.85,12.47,180209.5226762461,2.84,3.63,1.61,1.72,2.79,153.0,13.29,10.32,19.55
2026-03-09 01:00:00+00:00,2.5500000000000003,11.89,175489.91958863422,2.46,3.01,2.6,1.61,2.51,152.0,12.67,10.36,16.96
2026-03-09 01:30:00+00:00,2.86,12.26,174907.59760008127,2.74,3.26,1.99,1.61,2.64,160.0,11.72,9.86,17.25
2026-03-09 02:00:00+00:00,2.51,12.02,184724.70872790497,2.4,2.99,1.8,1.5,2.4,159.0,12.41,9.91,16.92
2026-03-09 02:30:00+00:00,2.78,12.06,172448.35993568954,2.63,3.24,1.64,1.63,2.63,164.0,12.97,9.6,16.29
2026-03-09 03:00:00+00:00,2.74,12.23,175232.2105656507,2.62,3.41,1.96,1.63,2.62,157.0,13.19,10.05,18.34
2026-03-09 03:30:00+00:00,2.26,11.72,175269.22279639874,2.19,2.8000000000000003,1.1,1.34,2.18,173.0,12.61,9.13,18.41
2026-03-09 04:00:00+00:00,2.38,11.66,183273.69684032115,2.24,2.79,1.34,1.41,2.27,178.0,11.82,8.9,15.95
2026-03-09 04:30:00+00:00,2.64,11.83,203892.38091796188,2.46,3.13,2.27,1.44,2.39,190.0,11.42,8.33,17.240000000000002
2026-03-09 05:00:00+00:00,2.54,11.62,228131.79992420852,2.48,3.03,1.46,1.51,2.44,181.0,11.89,8.69,17.25
2026-03-09 05:30:00+00:00,2.42,11.28,207980.3124045866,2.34,2.96,1.44,1.34,2.24,199.0,11.43,7.88,16.97
2026-03-09 06:00:00+00:00,2.36,11.39,197298.00664041573,2.24,2.9,2.32,1.36,2.22,190.0,13.54,8.35,17.42
2026-03-09 06:30:00+00:00,2.68,11.63,201481.39815276934,2.53,3.1,1.93,1.62,2.56,174.0,11.27,9.08,16.0
2026-03-09 07:00:00+00:00,2.61,11.31,197728.19482201518,2.4,3.14,2.64,1.43,2.34,209.0,12.47,7.59,16.32
2026-03-09 07:30:00+00:00,2.54,10.26,193970.63102856127,2.39,2.97,1.75,1.42,2.33,232.0,13.38,6.83,16.56
2026-03-09 08:00:00+00:00,2.69,10.24,196511.83905638522,2.41,3.04,1.82,1.51,2.41,237.0,10.19,6.68,15.88
2026-03-09 08:30:00+00:00,3.03,10.2,196931.8501496875,2.76,3.41,1.57,1.7,2.73,227.0,6.73,6.98,15.87
2026-03-09 09:00:00+00:00,2.9,9.32,200458.8106354308,2.65,3.3200000000000003,2.33,1.68,2.67,239.0,8.98,6.63,17.29
2026-03-09 09:30:00+00:00,2.96,9.96,194339.686875577,2.73,3.54,2.39,1.67,2.7,230.0,12.9,6.82,14.74
2026-03-09 10:00:00+00:00,2.97,9.41,215947.5949213996,2.78,3.33,3.01,1.75,2.77,231.0,13.24,6.87,15.22
2026-03-09 10:30:00+00:00,2.9,9.52,219803.21601358592,2.75,3.49,1.51,1.73,2.76,223.0,8.57,7.09,15.22
2026-03-09 11:00:00+00:00,2.97,9.19,200627.50378081904,2.69,3.37,2.01,1.71,2.71,242.0,13.48,6.53,14.61
2026-03-09 11:30:00+00:00,3.06,9.7,194764.1233512999,2.9,3.52,2.64,1.86,2.91,222.0,12.69,7.13,16.13
2026-03-09 12:00:00+00:00,2.85,9.13,195027.3956953552,2.62,3.28,2.27,1.68,2.65,233.0,8.290000000000001,6.8100000000000005,14.35
2026-03-09 12:30:00+00:00,3.03,9.29,178271.2681433672,2.8000000000000003,3.42,1.74,1.82,2.84,233.0,9.28,6.78,15.61
2026-03-09 13:00:00+00:00,2.68,9.02,190354.17750832773,2.47,3.13,2.17,1.55,2.47,241.0,8.08,6.57,15.83
2026-03-09 13:30:00+00:00,2.87,9.0,188082.48558897525,2.71,3.34,2.57,1.72,2.72,228.0,11.98,6.92,14.95
2026-03-09 14:00:00+00:00,2.95,9.53,221859.73985841332,2.76,3.49,2.4,1.72,2.75,218.0,12.47,7.23,15.26
2026-03-09 14:30:00+00:00,3.02,9.77,203100.88257398686,2.84,3.46,1.89,1.79,2.86,207.0,11.3,7.62,16.1
2026-03-09 15:00:00+00:00,3.03,9.36,179503.17248519676,2.85,3.54,1.81,1.83,2.89,213.0,8.56,7.44,14.41
2026-03-09 15:30:00+00:00,3.26,9.37,190184.61408365515,3.0500000000000003,3.88,2.6,1.97,3.1,207.0,9.65,7.66,13.75
2026-03-09 16:00:00+00:00,3.0500000000000003,9.16,189439.49245437517,2.96,3.64,1.73,1.88,2.97,218.0,9.0,7.28,13.76
2026-03-09 16:30:00+00:00,3.42,9.93,177650.35811800737,3.25,4.07,1.61,2.03,3.25,201.0,9.81,7.86,15.75
2026-03-09 17:00:00+00:00,3.11,9.45,181465.53352531022,2.99,3.71,2.03,1.9,3.02,205.0,9.71,7.69,14.68
2026-03-09 17:30:00+00:00,3.18,9.4,194559.95737684646,3.04,3.67,2.05,2.0,3.12,199.0,8.5,7.96,15.65
2026-03-09 18:00:00+00:00,3.41,9.49,212013.23934543956,3.22,3.86,3.38,2.13,3.31,201.0,8.25,7.87,14.86
2026-03-09 18:30:00+00:00,3.29,9.39,191453.14270253453,3.09,3.83,2.07,1.97,3.12,210.0,8.620000000000001,7.52,15.41
2026-03-09 19:00:00+00:00,3.24,9.2,203913.1630737603,3.16,3.85,1.92,1.99,3.16,206.0,10.22,7.65,15.39
2026-03-09 19:30:00+00:00,3.42,9.52,202333.18511347953,3.28,4.18,1.92,2.04,3.27,208.0,10.18,7.6,15.73
2026-03-09 20:00:00+00:00,3.8,9.78,189984.0108247028,3.64,4.54,2.11,2.2,3.58,204.0,11.45,7.78,13.84
2026-03-09 20:30:00+00:00,3.5500000000000003,9.1,192099.94779738417,3.41,4.37,2.26,2.15,3.43,213.0,8.45,7.42,15.21
2026-03-09 21:00:00+00:00,3.81,9.69,189779.3807757232,3.63,4.5600000000000005,1.73,2.25,3.59,202.0,10.65,7.82,16.48
2026-03-09 21:30:00+00:00,3.64,9.68,213556.56170194596,3.48,4.3500000000000005,3.53,2.1,3.41,207.0,8.43,7.65,13.84
2026-03-09 22:00:00+00:00,3.49,9.41,222860.52620942853,3.37,4.03,2.08,2.13,3.36,209.0,11.24,7.58,14.14
2026-03-09 22:30:00+00:00,3.5,9.82,207506.03641553747,3.34,4.2700000000000005,2.24,1.98,3.26,210.0,9.89,7.5,15.17
2026-03-09 23:00:00+00:00,3.63,10.02,224355.8002676797,3.46,4.45,3.21,2.14,3.45,200.0,12.57,7.9,15.26
2026-03-09 23:30:00+00:00,3.5700000000000003,9.93,214232.40032484915,3.4,4.28,3.31,2.16,3.42,192.0,9.79,8.18,15.96
2026-03-10 00:00:00+00:00,3.5500000000000003,10.09,199297.4382424321,3.35,4.13,2.5,2.03,3.29,204.0,9.95,7.78,14.7
2026-03-10 00:30:00+00:00,3.38,9.66,206675.81904612464,3.17,4.0200000000000005,1.61,1.96,3.15,205.0,9.55,7.68,15.42
2026-03-10 01:00:00+00:00,3.48,10.1,203843.1640317263,3.33,4.2700000000000005,1.65,2.0,3.27,203.0,10.12,7.78,15.07
2026-03-10 01:30:00+00:00,3.37,9.51,207086.21732318943,3.21,4.04,2.7,1.97,3.18,214.0,11.17,7.42,15.17
2026-03-10 02:00:00+00:00,3.45,9.63,198957.48878067857,3.23,3.91,1.88,2.08,3.26,199.0,8.91,7.91,15.05
2026-03-10 02:30:00+00:00,3.58,10.03,195447.75773395514,3.4,4.29,2.35,2.02,3.31,207.0,10.6,7.62,14.95
2026-03-10 03:00:00+00:00,3.68,9.94,191762.17637609845,3.5700000000000003,4.46,2.12,2.19,3.52,197.0,10.74,8.02,15.51
2026-03-10 03:30:00+00:00,3.38,9.79,198108.85822440425,3.22,3.96,2.01,2.02,3.22,204.0,12.46,7.75,14.86
2026-03-10 04:00:00+00:00,3.56,9.64,186786.99994118928,3.36,4.37,1.61,2.07,3.33,212.0,9.85,7.49,15.42
2026-03-10 04:30:00+00:00,3.41,9.81,194875.66412362503,3.15,4.0,2.53,1.97,3.14,215.0,10.9,7.35,15.71
2026-03-10 05:00:00+00:00,3.23,9.88,174145.2823761271,3.04,3.64,2.19,1.88,3.01,212.0,10.75,7.45,14.89
2026-03-10 05:30:00+00:00,3.49,9.98,188643.40916255693,3.23,3.88,3.3200000000000003,2.12,3.31,195.0,9.53,8.14,14.82
2026-03-10 06:00:00+00:00,3.19,10.06,186839.91715484852,2.99,3.67,2.28,1.9,3.0,201.0,10.13,7.85,15.3
2026-03-10 06:30:00+00:00,3.38,9.93,173334.0528344483,3.13,3.93,2.49,1.96,3.15,208.0,11.65,7.57,16.44
2026-03-10 07:00:00+00:00,3.45,10.26,201216.05751345935,3.26,4.13,1.74,2.02,3.24,201.0,9.2,7.87,16.48
2026-03-10 07:30:00+00:00,3.36,10.0,196522.8601490593,3.08,4.13,2.5,1.95,3.12,211.0,11.09,7.5,14.51
2026-03-10 08:00:00+00:00,3.35,10.22,190731.40263164364,3.22,3.96,2.31,2.04,3.24,194.0,10.95,8.15,15.6
2026-03-10 08:30:00+00:00,3.0700000000000003,9.96,192124.59080153707,2.8000000000000003,3.54,1.61,1.74,2.78,218.0,11.73,7.23,14.94
2026-03-10 09:00:00+00:00,3.24,10.43,191548.6618323629,2.99,3.68,2.98,1.87,2.98,198.0,10.17,7.96,14.55
2026-03-10 09:30:00+00:00,3.18,10.24,177567.21785747336,3.04,3.84,1.84,1.91,3.0500000000000003,195.0,9.55,8.09,16.97
2026-03-10 10:00:00+00:00,2.77,9.55,181965.92631713962,2.61,3.33,3.14,1.61,2.59,225.0,9.25,6.97,14.8
2026-03-10 10:30:00+00:00,2.83,9.85,184822.00890188088,2.49,3.15,1.33,1.55,2.5,221.0,10.44,7.12,15.21
2026-03-10 11:00:00+00:00,2.92,10.2,193033.56376689093,2.65,3.45,1.9,1.66,2.66,212.0,11.64,7.43,15.87
2026-03-10 11:30:00+00:00,2.6,9.95,188123.84104434794,2.34,2.92,2.09,1.45,2.32,223.0,9.18,7.05,15.8
2026-03-10 12:00:00+00:00,2.81,10.02,172734.27233290105,2.65,3.25,2.52,1.66,2.67,206.0,11.27,7.7,14.92
2026-03-10 12:30:00+00:00,2.75,10.16,187970.89474198574,2.69,3.37,2.18,1.68,2.69,200.0,9.36,7.92,14.99
2026-03-10 13:00:00+00:00,2.79,10.1,193381.6006075908,2.64,3.25,2.94,1.61,2.6,213.0,9.81,7.45,15.15
2026-03-10 13:30:00+00:00,2.66,10.17,189540.28602538325,2.53,3.19,2.16,1.49,2.45,224.0,10.7,7.07,14.63
2026-03-10 14:00:00+00:00,2.65,10.0,194284.0719776358,2.58,3.28,1.96,1.54,2.5,221.0,10.56,7.140000000000001,16.87
2026-03-10 14:30:00+00:00,2.8000000000000003,10.42,179026.37689171266,2.58,3.17,2.53,1.54,2.52,220.0,11.9,7.17,15.29
2026-03-10 15:00:00+00:00,2.69,10.25,181875.81381978517,2.52,3.2,1.8,1.53,2.49,215.0,10.73,7.35,14.91
2026-03-10 15:30:00+00:00,2.77,10.35,178861.86035391636,2.66,3.43,1.9,1.57,2.59,214.0,12.1,7.38,15.17
2026-03-10 16:00:00+00:00,2.48,9.92,191469.6810928897,2.34,3.04,1.48,1.41,2.29,227.0,10.81,6.99,15.19
2026-03-10 16:30:00+00:00,2.34,9.45,202384.43593804628,2.14,2.72,2.26,1.31,2.11,239.0,9.18,6.640000000000001,14.2
2026-03-10 17:00:00+00:00,2.61,9.97,205865.6578795775,2.5,3.03,2.53,1.53,2.46,220.0,10.07,7.21,15.1
2026-03-10 17:30:00+00:00,2.35,9.95,202350.50031157784,2.26,2.78,2.0,1.33,2.18,232.0,11.44,6.8,16.75
2026-03-10 18:00:00+00:00,2.44,10.16,192533.2860267935,2.34,2.87,1.57,1.4,2.28,218.0,10.99,7.27,17.17
2026-03-10 18:30:00+00:00,2.35,10.08,208832.40791736686,2.24,2.85,2.26,1.34,2.18,231.0,10.3,6.8500000000000005,15.22
2026-03-10 19:00:00+00:00,2.2,10.0,196254.62138129835,2.12,2.63,2.1,1.27,2.07,226.0,12.51,6.99,15.06
2026-03-10 19:30:00+00:00,2.27,10.04,196680.4672235232,2.14,2.65,1.96,1.28,2.09,225.0,11.99,7.0200000000000005,15.96
2026-03-10 20:00:00+00:00,2.41,10.3,206132.0337997099,2.33,2.94,2.26,1.44,2.3000000000000003,203.0,9.95,7.8,15.66
2026-03-10 20:30:00+00:00,2.42,10.29,201115.81069951144,2.25,2.87,2.18,1.37,2.23,208.0,9.96,7.63,15.45
2026-03-10 21:00:00+00:00,2.26,10.25,183236.67766959578,2.12,2.65,1.77,1.3,2.1,210.0,11.4,7.51,15.52
2026-03-10 21:30:00+00:00,2.22,10.5,179458.24086348427,2.1,2.6,1.11,1.31,2.1,199.0,11.27,7.91,18.48
2026-03-10 22:00:00+00:00,2.46,11.23,188933.96887711767,2.34,2.93,1.21,1.42,2.31,191.0,11.47,8.3,17.11
2026-03-10 22:30:00+00:00,2.32,11.03,204328.28578305434,2.21,2.73,1.89,1.33,2.16,198.0,11.79,7.99,15.68
2026-03-10 23:00:00+00:00,2.43,11.4,204391.55511035028,2.23,2.86,2.05,1.36,2.21,188.0,12.77,8.4,17.75
2026-03-10 23:30:00+00:00,2.26,11.62,211598.3737178643,2.23,2.78,1.65,1.34,2.18,180.0,12.28,8.78,17.71
2026-03-11 00:00:00+00:00,2.32,11.59,212158.93930023417,2.18,2.8000000000000003,1.26,1.35,2.16,176.0,12.9,9.02,17.05
2026-03-11 00:30:00+00:00,2.5,12.14,213263.324031356,2.34,3.15,1.48,1.42,2.32,168.0,12.73,9.44,17.990000000000002
2026-03-11 01:00:00+00:00,2.48,12.11,205647.89145780675,2.35,2.92,2.02,1.5,2.38,162.0,13.16,9.79,16.92
2026-03-11 01:30:00+00:00,2.54,12.01,197533.40477061,2.49,3.09,1.92,1.62,2.5500000000000003,154.0,12.66,10.26,17.2
2026-03-11 02:00:00+00:00,2.94,12.53,191390.3865849579,2.94,3.71,1.48,1.77,2.88,154.0,10.89,10.28,17.18
2026-03-11 02:30:00+00:00,2.8000000000000003,12.58,186137.98044226624,2.78,3.5,0.99,1.73,2.76,146.0,11.7,10.81,18.19
2026-03-11 03:00:00+00:00,2.91,12.89,180527.55529648587,2.86,3.59,2.23,1.74,2.82,149.0,12.26,10.64,16.830000000000002
2026-03-11 03:30:00+00:00,3.21,12.54,177373.28581835868,3.09,3.8,1.61,1.95,3.1,145.0,12.49,10.88,18.43
2026-03-11 04:00:00+00:00,2.81,12.44,196425.48584350036,2.7,3.31,1.65,1.75,2.76,145.0,12.53,10.89,18.47
2026-03-11 04:30:00+00:00,3.11,12.88,192253.5844088609,2.95,3.72,1.74,1.77,2.89,148.0,12.87,10.66,17.96
2026-03-11 05:00:00+00:00,3.33,12.66,193481.5832649483,3.19,3.95,1.96,1.96,3.16,146.0,13.52,10.77,17.36
2026-03-11 05:30:00+00:00,2.94,12.36,191991.18818903933,2.95,3.67,1.01,1.8,2.91,153.0,12.32,10.32,17.78
2026-03-11 06:00:00+00:00,3.33,12.57,206097.9076385634,3.15,3.79,1.82,2.02,3.19,145.0,12.77,10.94,17.67
2026-03-11 06:30:00+00:00,2.93,11.84,188802.0865218645,2.76,3.37,2.63,1.81,2.82,155.0,11.84,10.19,16.740000000000002
2026-03-11 07:00:00+00:00,3.12,12.38,213866.55357742246,3.12,4.1,3.12,1.91,3.09,149.0,12.86,10.67,17.3
2026-03-11 07:30:00+00:00,3.0500000000000003,12.0,192239.23009938537,2.94,3.6,1.68,1.86,2.95,154.0,11.16,10.24,18.7
2026-03-11 08:00:00+00:00,3.44,12.59,210444.31592189017,3.15,3.91,2.6,1.99,3.17,147.0,12.6,10.62,17.04
2026-03-11 08:30:00+00:00,3.06,11.77,210120.51896934264,2.89,3.74,1.12,1.76,2.86,164.0,13.25,9.56,17.71
2026-03-11 09:00:00+00:00,2.93,11.44,208464.66972972587,2.85,3.66,1.64,1.79,2.85,160.0,12.18,9.91,17.41
2026-03-11 09:30:00+00:00,,,220974.10360945037,,,,,,,,,
2026-03-11 10:00:00+00:00,,,204618.08179384453,,,,,,,,,
2026-03-11 10:30:00+00:00,,,191300.158162189,,,,,,,,,
2026-03-11 11:00:00+00:00,,,184029.49472480014,,,,,,,,,
2026-03-11 11:30:00+00:00,,,195416.96272624726,,,,,,,,,
2026-03-11 12:00:00+00:00,,,191543.36728910723,,,,,,,,,
2026-03-11 12:30:00+00:00,,,177390.40360019956,,,,,,,,,
2026-03-11 13:00:00+00:00,2.9,11.36,180143.96731948742,2.82,3.56,1.44,1.76,2.81,163.0,11.88,9.69,17.94
2026-03-11 13:30:00+00:00,2.74,11.2,172033.45551090038,2.61,3.22,2.52,1.66,2.63,169.0,11.3,9.36,16.16
2026-03-11 14:00:00+00:00,2.95,11.18,178162.4569418035,2.76,3.63,3.24,1.63,2.69,183.0,14.73,8.65,16.38
2026-03-11 14:30:00+00:00,2.79,10.89,125145.36520607458,2.71,3.35,1.58,1.71,2.71,176.0,10.58,8.97,16.94
2026-03-11 15:00:00+00:00,2.6,11.35,-759.9250132288295,2.53,3.0700000000000003,1.65,1.59,2.53,171.0,13.54,9.24,16.44
2026-03-11 15:30:00+00:00,2.54,10.97,-754.118615552331,2.46,3.17,1.2,1.49,2.42,178.0,12.01,8.88,16.76
2026-03-11 16:00:00+00:00,2.76,11.08,-755.0594293695352,2.63,3.18,1.45,1.66,2.64,179.0,11.11,8.83,16.91
2026-03-11 16:30:00+00:00,2.79,11.25,-766.262798799431,2.73,3.44,2.17,1.71,2.75,171.0,11.24,9.27,16.35
2026-03-11 17:00:00+00:00,2.77,11.18,-772.102920433302,2.57,3.16,2.37,1.65,2.62,175.0,12.65,8.98,17.13
2026-03-11 17:30:00+00:00,2.59,11.03,-792.0160305802913,2.45,3.13,1.95,1.48,2.41,193.0,10.25,8.23,15.5
2026-03-11 18:00:00+00:00,2.62,11.28,-785.5300567445933,2.5500000000000003,3.12,2.35,1.52,2.47,185.0,11.34,8.540000000000001,16.71
2026-03-11 18:30:00+00:00,2.76,11.02,-763.0663208848499,2.61,3.34,1.45,1.55,2.56,191.0,11.38,8.290000000000001,16.31
2026-03-11 19:00:00+00:00,2.79,11.23,-775.4975051170002,2.6,3.37,3.0,1.5,2.52,202.0,12.4,7.8,16.13
2026-03-11 19:30:00+00:00,3.03,11.55,-778.1828099040746,2.85,3.56,1.78,1.74,2.82,182.0,11.89,8.63,16.8
2026-03-11 20:00:00+00:00,2.66,10.9,-763.1355095129842,2.52,3.06,2.71,1.54,2.47,193.0,12.93,8.18,15.78
2026-03-11 20:30:00+00:00,2.7,11.38,-779.9309250020782,2.6,3.24,1.51,1.67,2.64,173.0,11.64,9.13,17.32
2026-03-11 21:00:00+00:00,3.01,11.56,-785.899070364007,2.9,3.91,2.41,1.72,2.85,180.0,13.0,8.75,17.19
2026-03-11 21:30:00+00:00,3.16,11.65,-797.8359790258384,2.99,3.68,1.89,1.72,2.88,186.0,13.16,8.48,17.73
2026-03-11 22:00:00+00:00,2.81,11.66,-814.3267036451327,2.65,3.37,2.66,1.56,2.57,184.0,13.35,8.53,15.89
2026-03-11 22:30:00+00:00,2.72,11.56,-806.4588396805456,2.61,3.28,2.14,1.54,2.53,190.0,12.43,8.3,17.38
2026-03-11 23:00:00+00:00,2.8000000000000003,11.56,-816.4106762886377,2.69,3.38,2.79,1.58,2.61,186.0,11.6,8.46,16.66
2026-03-11 23:30:00+00:00,2.92,11.51,-817.7406648199558,2.7,3.6,1.63,1.61,2.65,185.0,12.69,8.56,15.29
2026-03-12 00:00:00+00:00,2.82,11.48,,2.57,3.1,2.01,1.55,2.51,192.0,11.06,8.24,17.01
2026-03-12 00:30:00+00:00,3.1,12.26,-777.7703125770479,2.93,3.78,1.81,1.78,2.9,169.0,12.56,9.29,16.06
2026-03-12 01:00:00+00:00,2.94,11.86,-783.4616772449996,2.81,3.46,2.4,1.77,2.81,165.0,11.2,9.57,16.05
2026-03-12 01:30:00+00:00,3.21,12.16,-792.0966700342956,3.1,3.95,2.39,1.92,3.09,161.0,12.12,9.78,17.14
2026-03-12 02:00:00+00:00,3.42,12.13,-766.8615394932144,3.3200000000000003,4.22,1.75,2.01,3.28,156.0,12.47,10.15,16.47
2026-03-12 02:30:00+00:00,3.0700000000000003,11.99,-766.6133539794198,2.96,3.81,1.59,1.83,2.95,161.0,12.26,9.77,16.76
2026-03-12 03:00:00+00:00,3.2,11.86,-769.2062077515909,3.0700000000000003,3.9,1.89,1.89,3.04,161.0,14.17,9.83,19.96
2026-03-12 03:30:00+00:00,3.02,11.98,-754.0342080439005,2.87,3.56,1.57,1.83,2.89,155.0,12.33,10.15,17.39
2026-03-12 04:00:00+00:00,3.3000000000000003,12.11,-757.9039241721179,3.19,4.0600000000000005,2.22,2.01,3.21,149.0,12.35,10.54,17.52
2026-03-12 04:30:00+00:00,3.16,11.67,-762.4846509264207,3.1,4.0,2.28,1.96,3.13,154.0,12.21,10.25,16.63
2026-03-12 05:00:00+00:00,3.28,11.8,-755.5272386631879,3.27,4.19,2.4,2.06,3.29,156.0,12.21,10.17,16.93
2026-03-12 05:30:00+00:00,3.21,11.79,-768.1841506094014,3.21,3.8,1.73,2.0,3.2,153.0,11.82,10.36,17.62
2026-03-12 06:00:00+00:00,2.87,11.29,-767.775015485064,2.68,3.31,1.95,1.65,2.65,172.0,12.62,9.19,16.34
2026-03-12 06:30:00+00:00,3.0,11.63,-764.5354567611424,2.79,3.43,1.33,1.79,2.84,161.0,13.32,9.82,18.36
2026-03-12 07:00:00+00:00,3.15,11.67,-776.6485315703449,2.98,3.72,1.88,1.82,2.94,167.0,12.05,9.45,17.88
2026-03-12 07:30:00+00:00,2.86,11.5,-814.2870155788426,2.78,3.33,1.54,1.72,2.77,164.0,12.27,9.68,15.97
2026-03-12 08:00:00+00:00,2.71,11.32,-810.7841289810849,2.61,3.2,1.83,1.67,2.63,164.0,11.58,9.61,17.21
2026-03-12 08:30:00+00:00,3.13,11.48,-784.6563085378801,3.06,3.93,2.97,1.89,3.03,158.0,10.87,9.97,17.05
2026-03-12 09:00:00+00:00,3.06,11.4,-795.8462671209734,2.91,3.69,1.68,1.83,2.93,163.0,10.91,9.64,17.73
2026-03-12 09:30:00+00:00,2.95,11.83,-786.7179677255309,2.81,3.42,1.37,1.81,2.86,154.0,10.86,10.24,17.26
2026-03-12 10:00:00+00:00,2.83,11.44,-784.1939341254229,2.68,3.37,1.31,1.64,2.65,168.0,11.66,9.36,17.07
2026-03-12 10:30:00+00:00,2.81,11.62,-769.8715734722454,2.71,3.39,2.38,1.69,2.71,161.0,11.39,9.82,16.22
2026-03-12 11:00:00+00:00,2.68,11.49,-775.8389029745174,2.58,3.09,1.74,1.59,2.56,167.0,12.37,9.41,15.84
2026-03-12 11:30:00+00:00,2.58,11.22,-750.8545439214416,2.38,3.0700000000000003,0.99,1.44,2.34,173.0,12.35,9.11,17.27
2026-03-12 12:00:00+00:00,2.64,11.36,-760.1037807946234,2.5500000000000003,3.26,1.51,1.61,2.5500000000000003,162.0,13.09,9.73,15.2
2026-03-12 12:30:00+00:00,2.35,10.87,-762.924323584686,2.28,2.79,1.4,1.49,2.34,167.0,10.93,9.48,15.94
2026-03-12 13:00:00+00:00,2.82,11.67,-780.8738174599334,2.73,3.42,1.26,1.69,2.72,158.0,11.16,9.98,16.8
2026-03-12 13:30:00+00:00,2.51,11.12,-776.0486353800669,2.47,3.02,1.47,1.61,2.51,160.0,10.83,9.92,15.76
2026-03-12 14:00:00+00:00,2.52,10.9,-757.9311171061939,2.43,2.89,1.37,1.57,2.47,163.0,10.35,9.65,17.09
2026-03-12 14:30:00+00:00,2.35,11.08,-748.7800336449066,2.22,2.87,1.71,1.34,2.18,181.0,11.7,8.74,15.25
2026-03-12 15:00:00+00:00,2.45,11.26,-773.7137215765284,2.34,2.92,0.95,1.52,2.39,159.0,11.95,9.92,17.77
2026-03-12 15:30:00+00:00,2.47,10.99,-766.8552499966705,2.45,3.04,1.32,1.56,2.49,162.0,10.34,9.77,17.68
2026-03-12 16:00:00+00:00,2.31,10.83,-774.7104283310578,2.3000000000000003,2.8000000000000003,1.39,1.44,2.29,170.0,11.54,9.26,15.86
2026-03-12 16:30:00+00:00,2.38,11.06,-788.9929783366977,2.32,2.79,1.76,1.5,2.35,158.0,9.97,9.96,15.67
2026-03-12 17:00:00+00:00,2.12,10.77,-775.9688072364761,2.09,2.85,1.34,1.27,2.08,178.0,11.6,8.89,17.34
2026-03-12 17:30:00+00:00,2.11,10.38,-791.9122443758695,2.1,2.66,1.45,1.3,2.08,176.0,10.11,9.02,15.23
2026-03-12 18:00:00+00:00,2.47,11.12,-763.6402848954774,2.34,2.81,1.06,1.56,2.41,156.0,11.24,10.07,15.31
2026-03-12 18:30:00+00:00,2.2,10.7,-765.9471779042732,2.12,2.74,1.31,1.33,2.13,174.0,11.01,9.09,17.35
2026-03-12 19:00:00+00:00,2.03,10.63,-779.7670229024627,1.96,2.39,1.79,1.28,2.0,172.0,9.72,9.21,15.31
2026-03-12 19:30:00+00:00,2.13,10.84,-807.5789118683336,2.02,2.59,1.07,1.22,1.99,181.0,11.26,8.76,16.01
2026-03-12 20:00:00+00:00,2.06,10.58,-803.4658319454978,1.98,2.44,1.21,1.26,2.0,174.0,9.74,9.04,14.84
2026-03-12 20:30:00+00:00,2.3000000000000003,10.71,-781.0670054816355,2.28,2.84,1.91,1.4,2.26,170.0,10.96,9.33,15.16
2026-03-12 21:00:00+00:00,2.16,10.29,-787.0315562437156,2.09,2.72,1.31,1.33,2.11,175.0,10.67,9.04,14.88
2026-03-12 21:30:00+00:00,2.15,10.36,-792.2625645255405,2.06,2.6,1.37,1.34,2.11,175.0,9.61,9.05,14.6
2026-03-12 22:00:00+00:00,2.17,10.37,-810.1548830309661,2.21,2.77,1.09,1.36,2.18,172.0,10.46,9.21,16.51
2026-03-12 22:30:00+00:00,2.15,10.46,-809.799438107801,2.1,2.63,1.09,1.29,2.08,174.0,11.67,9.12,14.8
2026-03-12 23:00:00+00:00,2.09,10.31,-799.0041825763316,1.96,2.46,1.24,1.29,2.02,175.0,10.63,9.02,14.52
2026-03-12 23:30:00+00:00,2.07,10.17,-792.1670113603902,1.98,2.5500000000000003,1.16,1.2,1.95,192.0,9.5,8.27,14.24
2026-03-13 00:00:00+00:00,2.16,10.38,-775.1362602292095,2.11,2.6,0.68,1.32,2.1,176.0,10.61,8.93,16.41
2026-03-13 00:30:00+00:00,1.94,10.03,-789.0429660960352,1.83,2.36,1.11,1.13,1.82,191.0,10.31,8.25,15.16
2026-03-13 01:00:00+00:00,2.03,10.18,-785.2491411373911,1.87,2.26,1.12,1.15,1.84,193.0,9.45,8.16,15.18
2026-03-13 01:30:00+00:00,2.08,10.43,-783.6098357474921,2.05,2.48,1.37,1.27,2.04,186.0,10.29,8.52,14.59
2026-03-13 02:00:00+00:00,1.88,9.93,-776.756850945259,1.79,2.19,1.29,1.17,1.83,183.0,9.29,8.620000000000001,14.83
2026-03-13 02:30:00+00:00,1.81,10.21,-767.7847772978588,1.78,2.27,1.11,1.1,1.76,187.0,11.94,8.47,14.99
2026-03-13 03:00:00+00:00,1.84,9.88,-766.7358442177001,1.85,2.26,1.04,1.18,1.86,183.0,11.18,8.65,15.18
2026-03-13 03:30:00+00:00,1.77,10.14,-754.8421572616926,1.69,2.12,1.5,1.07,1.7,187.0,10.91,8.45,14.7
2026-03-13 04:00:00+00:00,1.78,10.35,-762.1682326333383,1.71,2.11,1.33,1.04,1.68,197.0,11.73,8.05,13.72
2026-03-13 04:30:00+00:00,1.82,10.16,-766.7184300732462,1.76,2.2,0.95,1.09,1.76,191.0,10.25,8.3,14.97
2026-03-13 05:00:00+00:00,1.72,9.88,-758.1293531223728,1.71,2.2,0.9,1.05,1.69,194.0,10.82,8.15,14.38
2026-03-13 05:30:00+00:00,1.92,10.11,-773.120568526769,1.84,2.34,1.37,1.14,1.83,194.0,10.2,8.13,14.86
2026-03-13 06:00:00+00:00,1.69,9.97,-766.0848366265117,1.58,2.02,1.21,0.93,1.54,220.0,10.55,7.21,15.02
2026-03-13 06:30:00+00:00,1.88,10.15,-757.3902489819899,1.87,2.34,1.41,1.12,1.83,201.0,12.15,7.81,14.34
2026-03-13 07:00:00+00:00,1.83,9.77,-769.3527386312434,1.76,2.26,1.34,1.03,1.7,229.0,10.25,6.92,13.82
2026-03-13 07:30:00+00:00,1.8,9.75,-806.7843818506851,1.68,2.07,1.08,0.99,1.63,228.0,9.86,6.95,14.17
2026-03-13 08:00:00+00:00,1.89,9.67,-812.8560574911965,1.8,2.29,2.01,1.04,1.73,236.0,11.5,6.73,14.2
2026-03-13 08:30:00+00:00,1.83,9.5,-800.849179715786,1.71,2.26,1.75,0.99,1.67,247.0,9.28,6.4,15.35
2026-03-13 09:00:00+00:00,1.97,9.77,-798.626237505212,1.89,2.38,1.86,1.11,1.83,235.0,11.63,6.75,14.3
2026-03-13 09:30:00+00:00,1.97,9.82,-796.8010843373806,1.91,2.38,1.42,1.12,1.84,229.0,11.21,6.88,15.8
2026-03-13 10:00:00+00:00,1.88,9.65,-800.9122871736533,1.82,2.27,2.18,1.13,1.8,233.0,10.25,6.8100000000000005,14.73
2026-03-13 10:30:00+00:00,2.02,9.71,-810.5033660990933,1.86,2.43,1.53,1.09,1.8,246.0,9.46,6.41,15.82
2026-03-13 11:00:00+00:00,2.03,9.59,-794.8923879746326,1.92,2.36,1.2,1.13,1.85,250.0,12.16,6.3500000000000005,14.76
2026-03-13 11:30:00+00:00,2.0,9.15,-775.5501460451602,1.9,2.43,2.26,1.19,1.89,248.0,9.86,6.4,15.64
2026-03-13 12:00:00+00:00,2.0,9.55,-797.7211461375258,1.89,2.44,1.39,1.14,1.85,253.0,9.72,6.25,13.99
2026-03-13 12:30:00+00:00,2.1,9.57,-749.0718130545331,1.91,2.48,1.16,1.17,1.89,247.0,10.2,6.4,17.12
2026-03-13 13:00:00+00:00,2.17,9.9,-757.9316708097788,2.06,2.65,1.46,1.23,2.0,241.0,11.85,6.58,14.82
2026-03-13 13:30:00+00:00,2.2,10.12,-767.5014589130799,2.08,2.57,0.93,1.26,2.04,232.0,10.77,6.82,18.12
2026-03-13 14:00:00+00:00,2.33,10.19,-772.6546175348074,2.14,2.61,1.41,1.33,2.13,226.0,10.65,6.99,14.96
2026-03-13 14:30:00+00:00,2.48,10.2,-787.1358188340097,2.25,2.87,2.02,1.32,2.18,229.0,10.71,6.91,16.95
2026-03-13 15:00:00+00:00,2.63,10.72,-780.9780482434414,2.5,3.18,2.16,1.49,2.44,213.0,10.82,7.42,18.92
2026-03-13 15:30:00+00:00,2.69,11.27,10530.17485006293,2.52,3.18,1.67,1.54,2.49,202.0,11.68,7.87,16.6
2026-03-13 16:00:00+00:00,2.72,11.31,176745.95326678077,2.47,3.2,2.47,1.47,2.41,221.0,11.61,7.18,16.15
2026-03-13 16:30:00+00:00,2.72,11.11,164186.84285582977,2.48,3.24,1.49,1.51,2.46,217.0,11.9,7.3,16.05
2026-03-13 17:00:00+00:00,2.87,11.34,21129.688973753553,2.64,3.3000000000000003,1.79,1.62,2.62,197.0,13.46,8.02,16.87
2026-03-13 17:30:00+00:00,2.95,11.77,-793.1698651963657,2.69,3.48,1.93,1.61,2.63,197.0,11.97,8.02,18.15
2026-03-13 18:00:00+00:00,2.89,11.79,-804.9526841200033,2.77,3.47,2.77,1.69,2.72,187.0,10.43,8.43,16.25
2026-03-13 18:30:00+00:00,2.89,11.85,-774.86526731016,2.73,3.33,2.47,1.75,2.77,174.0,15.33,9.12,18.03
2026-03-13 19:00:00+00:00,3.39,12.84,-781.1969751737319,3.19,4.1,1.55,1.99,3.2,164.0,16.25,9.62,16.87
2026-03-13 19:30:00+00:00,3.21,12.43,-785.1980164975619,3.02,3.82,2.46,1.91,3.03,165.0,16.79,9.48,18.08
2026-03-13 20:00:00+00:00,3.4,12.36,-755.0013405749362,3.31,4.12,1.84,1.97,3.23,173.0,12.63,9.15,21.24
2026-03-13 20:30:00+00:00,3.47,12.86,-756.1950610995808,3.18,4.15,1.6,1.96,3.17,170.0,15.71,9.31,19.76
2026-03-13 21:00:00+00:00,3.5700000000000003,12.95,-771.380903488603,3.44,4.32,2.71,2.18,3.48,154.0,13.97,10.26,18.76
2026-03-13 21:30:00+00:00,3.67,13.23,-768.6143446721283,3.5500000000000003,4.5600000000000005,2.28,2.12,3.49,158.0,14.05,9.99,18.33
2026-03-13 22:00:00+00:00,3.83,13.34,-792.0792996009882,3.73,4.4,2.85,2.29,3.69,155.0,13.79,10.2,18.65
2026-03-13 22:30:00+00:00,3.5500000000000003,12.84,-791.4930016070987,3.33,4.2,2.66,1.99,3.25,167.0,14.68,9.42,19.0
2026-03-13 23:00:00+00:00,3.69,12.92,-812.942818317607,3.69,4.55,2.23,2.33,3.69,147.0,14.47,10.79,18.58
2026-03-13 23:30:00+00:00,4.0600000000000005,13.12,-811.1737692976457,3.92,5.0,3.12,2.26,3.76,162.0,12.06,9.73,18.68
2026-03-14 00:00:00+00:00,3.79,12.98,-782.4144399677739,3.72,4.59,1.98,2.26,3.66,157.0,14.63,10.05,19.91
2026-03-14 00:30:00+00:00,3.8,12.82,-787.0809405028198,3.71,4.68,4.23,2.18,3.58,169.0,14.7,9.35,18.21
2026-03-14 01:00:00+00:00,4.34,13.02,-798.1451841243431,4.17,5.43,1.93,2.49,4.09,159.0,13.91,9.91,19.51
2026-03-14 01:30:00+00:00,3.78,12.97,-780.7634379750732,3.44,4.51,2.64,2.0,3.3200000000000003,180.0,12.97,8.790000000000001,18.9
2026-03-14 02:00:00+00:00,4.1,13.22,-781.8810771208895,3.89,5.11,2.78,2.36,3.85,163.0,12.66,9.68,17.78
2026-03-14 02:30:00+00:00,4.03,12.8,-782.5489501558357,3.92,4.91,2.67,2.29,3.79,171.0,13.75,9.29,20.2
2026-03-14 03:00:00+00:00,4.04,13.19,-784.3171552081608,3.73,4.78,2.49,2.16,3.6,181.0,15.04,8.77,19.39
2026-03-14 03:30:00+00:00,4.24,13.11,-792.562779509503,3.79,5.3,2.6,2.21,3.71,177.0,12.47,8.89,17.96
2026-03-14 04:00:00+00:00,3.91,12.75,-778.651098287651,3.75,4.61,3.14,2.31,3.72,165.0,14.55,9.58,18.44
2026-03-14 04:30:00+00:00,4.12,12.97,-775.97475795177,3.8,4.68,3.74,2.31,3.74,170.0,14.34,9.28,17.43
2026-03-14 05:00:00+00:00,4.44,13.17,-779.4401688178576,4.19,5.25,2.23,2.58,4.16,154.0,12.47,10.28,20.4
2026-03-14 05:30:00+00:00,3.84,12.67,-778.1349544797328,3.69,4.68,3.34,2.26,3.65,166.0,15.62,9.57,17.75
2026-03-14 06:00:00+00:00,3.99,12.64,-778.703266654942,3.76,4.74,2.53,2.23,3.66,177.0,14.07,8.96,17.91
2026-03-14 06:30:00+00:00,3.77,12.64,-779.6796332259302,3.61,4.63,2.63,2.25,3.62,169.0,14.49,9.33,17.85
2026-03-14 07:00:00+00:00,3.99,12.82,-773.704560351197,3.79,4.67,2.74,2.24,3.66,170.0,14.49,9.28,17.650000000000002
2026-03-14 07:30:00+00:00,4.07,13.08,-779.2807482758767,3.81,4.76,2.48,2.44,3.86,149.0,15.55,10.56,18.33
2026-03-14 08:00:00+00:00,3.66,12.52,-775.4951195542727,3.53,4.43,2.4,2.17,3.51,161.0,12.47,9.74,20.56
2026-03-14 08:30:00+00:00,3.69,12.65,-770.2647347388682,3.49,4.11,2.63,2.22,3.5,160.0,13.57,9.92,19.29
2026-03-14 09:00:00+00:00,3.88,12.58,-773.3939539719066,3.67,4.5600000000000005,1.53,2.22,3.62,165.0,14.6,9.59,20.08
2026-03-14 09:30:00+00:00,4.07,13.1,-760.2607882271578,4.09,4.96,1.48,2.5,4.0,150.0,14.82,10.53,19.73
2026-03-14 10:00:00+00:00,3.66,12.23,-777.6965144808617,3.52,4.3,3.21,2.12,3.45,172.0,14.44,9.19,17.45
2026-03-14 10:30:00+00:00,,,-775.704523638146,,,,,,,,,
2026-03-14 11:00:00+00:00,,,-757.4758533917919,,,,,,,,,
2026-03-14 11:30:00+00:00,,,-774.414783165444,,,,,,,,,
2026-03-14 12:00:00+00:00,,,-781.1620371301034,,,,,,,,,
2026-03-14 12:30:00+00:00,,,-761.5749447395767,,,,,,,,,
2026-03-14 13:00:00+00:00,,,-760.0678007062381,,,,,,,,,
2026-03-14 13:30:00+00:00,,,-765.1357626937747,,,,,,,,,
2026-03-14 14:00:00+00:00,,,-781.1144523505322,,,,,,,,,
2026-03-14 14:30:00+00:00,,,-766.4139947838783,,,,,,,,,
2026-03-14 15:00:00+00:00,,,-771.5517901143197,,,,,,,,,
2026-03-14 15:30:00+00:00,,,-773.1592779047578,,,,,,,,,
2026-03-14 16:00:00+00:00,,,-779.3922366338313,,,,,,,,,
2026-03-14 16:30:00+00:00,,,-774.2980291750414,,,,,,,,,
2026-03-14 17:00:00+00:00,,,-792.5838828128084,,,,,,,,,
2026-03-14 17:30:00+00:00,,,-783.7202898738674,,,,,,,,,
2026-03-14 18:00:00+00:00,,,-776.5154937542732,,,,,,,,,
2026-03-14 18:30:00+00:00,,,-788.8822426332038,,,,,,,,,
2026-03-14 19:00:00+00:00,,,-785.1390800053777,,,,,,,,,
2026-03-14 19:30:00+00:00,,,-774.3755094753512,,,,,,,,,
2026-03-14 20:00:00+00:00,,,-778.3520050934098,,,,,,,,,
2026-03-14 20:30:00+00:00,,,-781.6783277635501,,,,,,,,,
2026-03-14 21:00:00+00:00,,,-783.7362007975267,,,,,,,,,
2026-03-14 21:30:00+00:00,,,-791.5545458591598,,,,,,,,,
2026-03-14 22:00:00+00:00,,,-793.7878778287636,,,,,,,,,
2026-03-14 22:30:00+00:00,,,-788.0759090269247,,,,,,,,,
2026-03-14 23:00:00+00:00,,,-791.2934449406293,,,,,,,,,
2026-03-14 23:30:00+00:00,,,-795.2059118925422,,,,,,,,,
2026-03-15 00:00:00+00:00,,,-800.2107753181133,,,,,,,,,
2026-03-15 00:30:00+00:00,,,-786.0537667575484,,,,,,,,,
2026-03-15 01:00:00+00:00,,,-785.4650232238434,,,,,,,,,
2026-03-15 01:30:00+00:00,,,-777.9090363085235,,,,,,,,,
2026-03-15 02:00:00+00:00,,,-784.5168008526185,,,,,,,,,
2026-03-15 02:30:00+00:00,,,-781.0127627898933,,,,,,,,,
2026-03-15 03:00:00+00:00,,,-771.1527735761896,,,,,,,,,
2026-03-15 03:30:00+00:00,,,-763.3917404483549,,,,,,,,,
2026-03-15 04:00:00+00:00,,,-747.6697998240791,,,,,,,,,
2026-03-15 04:30:00+00:00,,,-733.6569885076691,,,,,,,,,
2026-03-15 05:00:00+00:00,,,-728.8327567023634,,,,,,,,,
2026-03-15 05:30:00+00:00,,,-741.4295407720347,,,,,,,,,
2026-03-15 06:00:00+00:00,,,-746.2568893009703,,,,,,,,,
2026-03-15 06:30:00+00:00,,,-736.0478702066989,,,,,,,,,
2026-03-15 07:00:00+00:00,,,-746.4724920026019,,,,,,,,,
2026-03-15 07:30:00+00:00,,,-765.3168969446714,,,,,,,,,
2026-03-15 08:00:00+00:00,,,-745.8897003003896,,,,,,,,,
2026-03-15 08:30:00+00:00,,,-747.9399349174278,,,,,,,,,
2026-03-15 09:00:00+00:00,,,-716.2679886399075,,,,,,,,,
2026-03-15 09:30:00+00:00,,,-710.2640928961536,,,,,,,,,
2026-03-15 10:00:00+00:00,,,-713.1457144011147,,,,,,,,,
2026-03-15 10:30:00+00:00,,,-707.9427179486452,,,,,,,,,
2026-03-15 11:00:00+00:00,,,-692.8062828929778,,,,,,,,,
2026-03-15 11:30:00+00:00,,,-706.6888320473317,,,,,,,,,
2026-03-15 12:00:00+00:00,,,-709.7366595285899,,,,,,,,,
2026-03-15 12:30:00+00:00,,,-714.4151753558868,,,,,,,,,
2026-03-15 13:00:00+00:00,,,-730.164998980637,,,,,,,,,
2026-03-15 13:30:00+00:00,,,-726.8342564676711,,,,,,,,,
2026-03-15 14:00:00+00:00,,,-711.2623763842093,,,,,,,,,
2026-03-15 14:30:00+00:00,,,-709.4635557392851,,,,,,,,,
2026-03-15 15:00:00+00:00,,,-694.321769781542,,,,,,,,,
2026-03-15 15:30:00+00:00,,,-703.4884092408566,,,,,,,,,
2026-03-15 16:00:00+00:00,,,-700.6680154775396,,,,,,,,,
2026-03-15 16:30:00+00:00,,,-703.6369466555849,,,,,,,,,
2026-03-15 17:00:00+00:00,,,-718.3553110530555,,,,,,,,,
2026-03-15 17:30:00+00:00,,,-723.8106326123207,,,,,,,,,
2026-03-15 18:00:00+00:00,,,-712.1705273417992,,,,,,,,,
2026-03-15 18:30:00+00:00,,,-698.2779032362181,,,,,,,,,
2026-03-15 19:00:00+00:00,,,-707.0311855709883,,,,,,,,,
2026-03-15 19:30:00+00:00,,,-717.7309430502527,,,,,,,,,
2026-03-15 20:00:00+00:00,,,-707.1053615082566,,,,,,,,,
2026-03-15 20:30:00+00:00,,,-703.4367626776972,,,,,,,,,
2026-03-15 21:00:00+00:00,,,-723.250224022629,,,,,,,,,
2026-03-15 21:30:00+00:00,,,-739.410490842753,,,,,,,,,
2026-03-15 22:00:00+00:00,,,-745.4000777766172,,,,,,,,,
2026-03-15 22:30:00+00:00,,,-765.9735049596673,,,,,,,,,
2026-03-15 23:00:00+00:00,,,-751.0813336886642,,,,,,,,,
2026-03-15 23:30:00+00:00,,,-741.8480251247241,,,,,,,,,
2026-03-16 00:00:00+00:00,,,-740.390208569155,,,,,,,,,
2026-03-16 00:30:00+00:00,,,-745.3772916671059,,,,,,,,,
2026-03-16 01:00:00+00:00,,,-751.4857330840372,,,,,,,,,
2026-03-16 01:30:00+00:00,,,-739.3978750862058,,,,,,,,,
2026-03-16 02:00:00+00:00,,,-735.9426381891992,,,,,,,,,
2026-03-16 02:30:00+00:00,,,-734.3104030430926,,,,,,,,,
2026-03-16 03:00:00+00:00,,,-724.2800708552596,,,,,,,,,
2026-03-16 03:30:00+00:00,,,-710.440403220964,,,,,,,,,
2026-03-16 04:00:00+00:00,,,-732.5127992220332,,,,,,,,,
2026-03-16 04:30:00+00:00,,,-731.506942690341,,,,,,,,,
2026-03-16 05:00:00+00:00,,,-748.8558065926235,,,,,,,,,
2026-03-16 05:30:00+00:00,,,-729.4358973790847,,,,,,,,,
2026-03-16 06:00:00+00:00,,,-728.0754798619736,,,,,,,,,
2026-03-16 06:30:00+00:00,,,-735.0124069265122,,,,,,,,,
2026-03-16 07:00:00+00:00,,,-775.5896198897244,,,,,,,,,
2026-03-16 07:30:00+00:00,,,-810.6596623147566,,,,,,,,,
2026-03-16 08:00:00+00:00,,,-794.6765978487873,,,,,,,,,
2026-03-16 08:30:00+00:00,,,-784.088398549593,,,,,,,,,
2026-03-16 09:00:00+00:00,2.18,12.08,-755.8349183193402,2.04,2.53,1.65,1.28,2.05,175.0,10.65,9.03,18.4
2026-03-16 09:30:00+00:00,1.98,11.86,-750.3441188952719,1.92,2.47,1.22,1.15,1.87,181.0,9.81,8.73,21.22
2026-03-16 10:00:00+00:00,2.12,12.07,-754.0494595235313,2.05,2.53,1.21,1.31,2.07,164.0,10.88,9.62,23.36
2026-03-16 10:30:00+00:00,2.09,13.22,-747.0469482366938,1.97,2.35,2.17,1.25,1.98,165.0,12.38,9.52,19.27
2026-03-16 11:00:00+00:00,2.16,13.21,-750.7264167667026,2.01,2.47,1.98,1.26,2.02,167.0,11.53,9.49,24.28
2026-03-16 11:30:00+00:00,2.26,13.58,-744.8310644667002,2.21,2.68,1.54,1.3,2.13,164.0,20.21,9.59,22.37
2026-03-16 12:00:00+00:00,2.49,15.06,-758.3984042497183,2.35,2.98,1.56,1.42,2.31,142.0,16.94,11.11,22.89
2026-03-16 12:30:00+00:00,2.4,14.1,-749.3917565851829,2.3000000000000003,2.91,1.91,1.43,2.28,147.0,11.27,10.73,22.76
2026-03-16 13:00:00+00:00,2.41,14.55,-736.2079625258573,2.26,2.76,2.2,1.43,2.28,142.0,19.91,11.12,21.99
2026-03-16 13:30:00+00:00,2.47,13.79,-748.2066360454763,2.29,2.96,3.0500000000000003,1.38,2.25,163.0,19.42,9.69,20.73
2026-03-16 14:00:00+00:00,2.74,15.01,-739.9521383660651,2.5,3.17,1.62,1.46,2.44,156.0,14.03,10.16,21.85
2026-03-16 14:30:00+00:00,2.7,14.59,-730.3882937447686,2.57,3.28,1.57,1.54,2.53,146.0,12.58,10.81,22.97
2026-03-16 15:00:00+00:00,2.69,14.97,-730.9513897676484,2.74,3.49,1.54,1.57,2.62,147.0,13.82,10.73,22.1
2026-03-16 15:30:00+00:00,3.28,15.4,-732.4870115423467,3.24,4.2,2.36,1.8,3.04,144.0,18.28,10.87,20.97
2026-03-16 16:00:00+00:00,3.45,15.76,-752.6662671135246,3.34,4.25,1.63,1.93,3.21,139.0,17.17,11.36,21.94
2026-03-16 16:30:00+00:00,3.11,15.35,-771.0144053478612,3.0,3.86,3.02,1.81,2.95,138.0,17.37,11.41,19.21
2026-03-16 17:00:00+00:00,3.65,15.22,-779.3090592389858,3.58,4.45,3.36,2.18,3.52,128.0,14.71,12.4,21.82
2026-03-16 17:30:00+00:00,3.72,15.39,-795.194890231742,3.63,4.36,3.1,2.16,3.53,126.0,12.68,12.51,20.11
2026-03-16 18:00:00+00:00,3.2,14.52,-806.6000020706573,3.1,3.88,1.82,1.91,3.06,131.0,12.74,12.06,19.72
2026-03-16 18:30:00+00:00,3.47,14.79,-796.4447100708912,3.46,4.18,2.22,2.17,3.48,122.0,15.13,13.02,20.24
2026-03-16 19:00:00+00:00,3.49,14.96,-788.9173712816438,3.59,4.49,1.72,2.21,3.5500000000000003,121.0,15.51,13.07,21.25
2026-03-16 19:30:00+00:00,3.47,15.08,-805.1789220580566,3.16,3.89,1.27,2.2,3.38,116.0,14.93,13.55,20.91
2026-03-16 20:00:00+00:00,3.44,14.85,-796.3173436017918,3.41,4.5200000000000005,3.13,2.19,3.49,120.0,14.6,13.2,20.44
2026-03-16 20:30:00+00:00,3.67,14.64,-796.7970953756461,3.71,4.76,2.02,2.4,3.78,118.0,15.25,13.39,21.31
2026-03-16 21:00:00+00:00,3.47,14.71,-791.3894972049454,3.23,4.0600000000000005,2.28,2.04,3.27,127.0,14.45,12.4,19.89
2026-03-16 21:30:00+00:00,3.09,14.13,-791.0678662826768,2.9,3.5500000000000003,3.16,1.79,2.87,140.0,14.97,11.33,19.3
2026-03-16 22:00:00+00:00,3.43,14.21,-795.55724138785,3.25,3.99,1.33,2.07,3.3000000000000003,129.0,12.31,12.22,23.31
2026-03-16 22:30:00+00:00,3.67,14.78,-792.7458315540597,3.53,4.1,3.03,2.12,3.42,132.0,14.27,11.91,19.36
2026-03-16 23:00:00+00:00,3.43,14.71,-789.7889856223385,3.21,3.77,2.65,2.05,3.24,124.0,14.18,12.66,20.14
2026-03-16 23:30:00+00:00,3.38,14.36,-792.6811869014048,3.31,4.17,1.55,2.01,3.27,130.0,14.53,12.16,20.46
2026-03-17 00:00:00+00:00,3.46,14.65,-764.3023705910186,3.3200000000000003,4.0200000000000005,1.97,2.08,3.3000000000000003,126.0,15.6,12.48,20.02
2026-03-17 00:30:00+00:00,3.18,14.58,-766.3308564140846,3.04,3.91,2.65,1.91,3.09,129.0,15.01,12.18,20.46
2026-03-17 01:00:00+00:00,3.3200000000000003,14.43,-760.6573001962894,3.13,3.99,1.07,1.97,3.15,130.0,16.15,12.15,20.97
2026-03-17 01:30:00+00:00,2.93,14.04,-762.7762535011625,2.83,3.72,2.11,1.89,2.96,130.0,14.87,12.13,21.06
2026-03-17 02:00:00+00:00,3.15,14.99,-757.9943678955443,3.02,3.95,1.96,1.76,2.93,134.0,14.49,11.8,22.04
2026-03-17 02:30:00+00:00,3.2,14.75,-770.5329248508448,3.1,3.94,2.11,1.87,3.06,132.0,14.59,11.98,22.03
2026-03-17 03:00:00+00:00,3.11,14.51,-748.0888168745319,2.97,3.62,2.11,1.94,3.0500000000000003,126.0,15.08,12.57,21.55
2026-03-17 03:30:00+00:00,3.15,15.03,-760.9579449599529,3.11,3.73,1.39,1.91,3.08,126.0,12.77,12.41,22.14
2026-03-17 04:00:00+00:00,2.94,14.67,-756.1556438331043,2.91,3.78,1.72,1.74,2.86,134.0,13.24,11.82,23.09
2026-03-17 04:30:00+00:00,3.26,14.6,-756.5672260384906,3.21,4.08,2.27,1.91,3.13,132.0,15.22,11.96,21.83
2026-03-17 05:00:00+00:00,3.2,15.1,-767.271583837575,3.12,3.7,2.16,1.99,3.15,121.0,15.13,13.0,21.73
2026-03-17 05:30:00+00:00,3.0700000000000003,14.8,-738.1331028896558,2.97,3.68,1.79,1.93,3.04,125.0,13.39,12.54,20.09
2026-03-17 06:00:00+00:00,3.5700000000000003,14.94,-750.863527521312,3.27,3.81,1.77,2.11,3.33,125.0,15.77,12.63,22.06
2026-03-17 06:30:00+00:00,3.4,15.0,-751.9034696699108,3.27,4.03,1.87,2.02,3.27,130.0,17.22,12.14,21.48
2026-03-17 07:00:00+00:00,3.24,14.95,-780.0533873333819,2.9,3.8,2.26,1.8,2.93,135.0,14.15,11.72,21.9
2026-03-17 07:30:00+00:00,3.46,14.95,-806.1967811022498,3.3000000000000003,4.21,2.09,2.01,3.28,124.0,15.17,12.6,22.41
2026-03-17 08:00:00+00:00,3.27,14.67,-797.5692224351909,3.0700000000000003,3.95,1.38,1.88,3.06,130.0,14.09,12.08,21.0
2026-03-17 08:30:00+00:00,3.3200000000000003,14.73,-791.3677603571102,3.18,4.14,1.68,1.8,3.0500000000000003,141.0,13.96,11.19,23.47
2026-03-17 09:00:00+00:00,3.22,14.47,-782.1699949516608,3.11,3.97,1.87,1.96,3.14,127.0,13.74,12.36,19.31
2026-03-17 09:30:00+00:00,2.86,14.8,-776.280887947054,2.82,3.26,1.6,1.8,2.83,127.0,14.74,12.34,20.07
2026-03-17 10:00:00+00:00,3.22,14.68,-766.2073520096156,3.08,3.82,2.03,1.91,3.0700000000000003,132.0,15.49,11.92,19.75
2026-03-17 10:30:00+00:00,3.22,14.84,-787.9259479763041,3.06,3.82,1.82,1.91,3.06,127.0,15.38,12.36,21.64
2026-03-17 11:00:00+00:00,3.03,15.05,-796.9556050747105,2.81,3.5700000000000003,2.04,1.58,2.69,145.0,14.65,10.88,22.27
2026-03-17 11:30:00+00:00,2.98,14.52,-789.9899009287512,2.93,3.69,1.4,1.77,2.89,128.0,14.82,12.37,20.94
2026-03-17 12:00:00+00:00,2.86,14.56,-784.5021971109317,2.83,3.48,1.97,1.79,2.84,125.0,16.0,12.62,20.49
2026-03-17 12:30:00+00:00,2.66,14.26,-807.9637829705046,2.62,3.23,1.69,1.66,2.63,129.0,14.61,12.3,22.18
2026-03-17 13:00:00+00:00,2.95,14.69,-811.9193273201611,2.76,3.54,2.08,1.76,2.78,125.0,16.11,12.6,21.32
2026-03-17 13:30:00+00:00,2.65,14.41,-814.4463070822385,2.56,3.22,1.84,1.51,2.48,136.0,15.57,11.64,19.25
2026-03-17 14:00:00+00:00,2.77,14.32,-821.3286112277931,2.69,3.3200000000000003,1.07,1.68,2.68,128.0,15.18,12.38,22.52
2026-03-17 14:30:00+00:00,2.44,13.74,-842.3295078610978,2.4,3.04,1.69,1.5,2.4,134.0,14.6,11.77,19.54
2026-03-17 15:00:00+00:00,2.84,14.51,-853.7788624618578,2.79,3.52,2.47,1.68,2.72,130.0,15.9,12.03,19.7
2026-03-17 15:30:00+00:00,2.41,13.69,-847.7156745903063,2.24,2.82,1.35,1.4,2.24,140.0,16.240000000000002,11.31,19.13
2026-03-17 16:00:00+00:00,2.56,14.33,-860.9057923292083,2.54,3.29,1.61,1.67,2.63,121.0,15.45,13.08,20.64
2026-03-17 16:30:00+00:00,2.37,14.04,-839.7028152285877,2.31,2.88,0.9,1.43,2.32,134.0,16.22,11.73,21.9
2026-03-17 17:00:00+00:00,2.56,14.0,-831.9878497100192,2.52,3.16,1.38,1.58,2.51,133.0,13.6,11.84,21.5
2026-03-17 17:30:00+00:00,2.58,13.63,-855.9691018206207,2.5,3.17,1.49,1.55,2.49,135.0,13.26,11.71,20.93
2026-03-17 18:00:00+00:00,2.57,13.86,-832.059795691606,2.49,3.15,1.58,1.5,2.45,141.0,14.08,11.23,18.71
2026-03-17 18:30:00+00:00,2.69,14.11,-849.6781231380502,2.5500000000000003,3.31,1.34,1.51,2.49,141.0,15.53,11.24,22.37
2026-03-17 19:00:00+00:00,2.67,14.1,-835.3816282700424,2.6,3.21,1.14,1.59,2.58,133.0,14.57,11.92,19.71
2026-03-17 19:30:00+00:00,2.46,13.84,-846.5181468092152,2.33,2.91,1.46,1.45,2.33,137.0,14.86,11.57,20.37
2026-03-17 20:00:00+00:00,2.52,13.78,-832.3317896580274,2.45,3.09,1.28,1.46,2.4,144.0,12.85,10.93,18.4
2026-03-17 20:30:00+00:00,2.59,14.1,-842.319673074437,2.56,3.09,1.81,1.65,2.6,123.0,14.49,12.76,19.0
2026-03-17 21:00:00+00:00,2.35,13.66,-840.4749470193774,2.27,2.92,2.42,1.37,2.24,142.0,13.39,11.06,17.29
2026-03-17 21:30:00+00:00,2.27,13.55,-834.0051679612662,2.16,2.73,1.37,1.34,2.15,143.0,15.14,10.99,17.86
2026-03-17 22:00:00+00:00,2.57,13.42,-822.7341559573401,2.4,3.02,0.94,1.5,2.42,142.0,14.24,11.13,19.3
2026-03-17 22:30:00+00:00,2.42,13.38,-823.2642872877611,2.29,2.89,1.34,1.37,2.25,154.0,13.81,10.22,18.97
2026-03-17 23:00:00+00:00,2.61,13.6,-811.4958606736258,2.63,3.31,1.47,1.57,2.58,145.0,14.01,10.94,19.13
2026-03-17 23:30:00+00:00,2.51,13.2,-804.3008510424493,2.42,3.01,1.04,1.41,2.33,153.0,13.78,10.29,20.28
2026-03-18 00:00:00+00:00,2.5500000000000003,13.06,-799.2381862861506,2.43,2.92,1.98,1.53,2.45,149.0,13.18,10.61,17.26
2026-03-18 00:30:00+00:00,2.52,13.06,-796.2400937243767,2.38,2.94,1.3,1.45,2.36,158.0,12.88,9.98,18.71
2026-03-18 01:00:00+00:00,2.39,12.85,-787.4320334612473,2.34,2.96,1.52,1.38,2.27,170.0,12.63,9.2,19.1
2026-03-18 01:30:00+00:00,2.49,12.25,-800.9259028282361,2.38,2.9,2.2,1.41,2.32,178.0,12.44,8.88,18.78
2026-03-18 02:00:00+00:00,2.51,11.6,-789.2589921253193,2.37,2.97,1.68,1.44,2.32,197.0,14.46,8.01,16.25
2026-03-18 02:30:00+00:00,2.6,11.93,-788.7784009554832,2.33,3.0500000000000003,2.24,1.35,2.24,208.0,13.5,7.6,16.27
2026-03-18 03:00:00+00:00,2.62,11.72,-768.9942750242068,2.46,3.29,2.23,1.45,2.39,207.0,12.4,7.66,16.86
2026-03-18 03:30:00+00:00,2.64,11.84,-784.466676697228,2.46,3.08,1.75,1.44,2.38,200.0,13.59,7.890000000000001,16.47
2026-03-18 04:00:00+00:00,2.54,11.73,-784.6541001908829,2.46,2.97,1.6,1.52,2.43,182.0,13.91,8.67,18.2
2026-03-18 04:30:00+00:00,2.53,11.27,-786.395535208847,2.39,2.99,2.22,1.5,2.39,196.0,12.03,8.07,16.62
2026-03-18 05:00:00+00:00,2.73,11.89,-787.4559238308054,2.59,3.22,2.38,1.63,2.61,179.0,13.49,8.84,16.87
2026-03-18 05:30:00+00:00,2.72,12.31,-773.4025281862586,2.66,3.42,2.78,1.56,2.58,179.0,14.34,8.870000000000001,17.27
2026-03-18 06:00:00+00:00,2.56,12.02,-787.4212205790716,2.39,3.14,2.45,1.48,2.38,178.0,11.87,8.870000000000001,17.21
2026-03-18 06:30:00+00:00,2.53,12.44,-771.6973858769228,2.49,3.06,1.56,1.47,2.41,170.0,12.54,9.34,19.3
2026-03-18 07:00:00+00:00,2.77,12.86,-787.8847137746634,2.61,3.21,1.69,1.64,2.61,153.0,13.55,10.32,18.3
2026-03-18 07:30:00+00:00,2.91,13.35,-804.4089116464884,2.8000000000000003,3.34,3.22,1.68,2.74,156.0,13.11,10.14,18.98
2026-03-18 08:00:00+00:00,2.85,13.64,-804.043189294046,2.83,3.44,2.21,1.79,2.82,142.0,12.71,11.14,18.96
2026-03-18 08:30:00+00:00,2.79,12.98,-811.83886451116,2.61,3.27,1.54,1.62,2.6,158.0,14.43,9.97,18.99
2026-03-18 09:00:00+00:00,3.29,13.85,-812.7829355786142,3.06,3.59,2.53,1.97,3.09,137.0,14.1,11.41,19.28
2026-03-18 09:30:00+00:00,3.41,14.21,-801.0411415993433,3.34,4.08,1.16,2.01,3.26,136.0,15.21,11.6,18.7
2026-03-18 10:00:00+00:00,3.45,14.05,-815.6881268524644,3.3200000000000003,3.97,1.97,1.98,3.22,144.0,13.59,11.03,19.09
2026-03-18 10:30:00+00:00,3.7,14.3,-812.6597388689191,3.63,4.61,2.5,2.25,3.64,130.0,14.4,12.22,19.69
2026-03-18 11:00:00+00:00,3.37,14.45,-818.4417111413935,3.33,4.17,1.83,1.92,3.21,145.0,14.69,10.84,20.94
2026-03-18 11:30:00+00:00,3.5,14.8,-800.9818361056472,3.37,4.18,3.74,2.0,3.29,145.0,15.04,10.96,20.04
2026-03-18 12:00:00+00:00,3.6,14.93,-791.1333730464305,3.45,4.26,2.57,2.01,3.3200000000000003,149.0,14.55,10.51,21.04
2026-03-18 12:30:00+00:00,4.0,14.85,-782.8996932756675,3.97,5.09,2.25,2.34,3.87,138.0,16.09,11.4,23.64
2026-03-18 13:00:00+00:00,3.66,14.77,-786.9625490113184,3.58,4.36,3.33,2.1,3.44,147.0,14.73,10.79,20.74
2026-03-18 13:30:00+00:00,3.99,15.14,-783.8239676342257,3.97,4.99,1.86,2.43,3.97,131.0,16.88,12.05,22.07
2026-03-18 14:00:00+00:00,4.22,15.33,-787.9927086548994,4.15,5.3100000000000005,2.2,2.58,4.16,127.0,16.5,12.33,21.72
2026-03-18 14:30:00+00:00,3.82,15.02,-810.8231940435855,3.61,4.6000000000000005,3.08,2.07,3.47,149.0,16.94,10.52,19.7
2026-03-18 15:00:00+00:00,4.43,15.63,-812.9386889418762,4.39,5.58,1.89,2.66,4.34,125.0,15.88,12.63,21.99
2026-03-18 15:30:00+00:00,4.16,15.33,-821.7160078649282,4.1,4.95,2.57,2.43,3.97,136.0,17.3,11.57,22.39
2026-03-18 16:00:00+00:00,4.58,15.69,-811.6340735715726,4.39,5.25,3.21,2.9,4.49,117.0,17.240000000000002,13.52,21.75
2026-03-18 16:30:00+00:00,4.14,14.59,-820.8195423332886,4.17,5.47,3.06,2.44,4.05,136.0,14.86,11.55,20.85
2026-03-18 17:00:00+00:00,3.72,14.19,-849.4011763140925,3.4,4.2,2.37,2.07,3.34,147.0,13.88,10.71,20.27
2026-03-18 17:30:00+00:00,4.39,15.18,-860.8438316961698,4.3100000000000005,5.43,3.1,2.62,4.2700000000000005,129.0,15.82,12.25,21.02
2026-03-18 18:00:00+00:00,3.51,14.4,-836.0416344880695,3.44,4.39,2.13,2.07,3.39,140.0,15.25,11.33,20.05
2026-03-18 18:30:00+00:00,3.97,14.4,-849.0131389778743,3.78,4.99,2.23,2.27,3.7,139.0,13.33,11.39,19.14
2026-03-18 19:00:00+00:00,4.03,14.62,-849.1623003630666,4.0200000000000005,4.94,1.86,2.45,3.96,133.0,13.27,11.81,21.24
2026-03-18 19:30:00+00:00,3.78,14.63,-850.2713246169302,3.65,4.82,2.46,2.11,3.53,140.0,15.92,11.26,18.91
2026-03-18 20:00:00+00:00,3.82,14.23,-841.98019456495,3.62,4.42,1.93,2.22,3.6,137.0,15.84,11.49,19.5
2026-03-18 20:30:00+00:00,3.64,14.28,-806.1997051936879,3.61,4.69,3.15,2.23,3.59,131.0,14.95,12.07,20.54
2026-03-18 21:00:00+00:00,3.99,14.23,-801.6126896216467,3.91,4.88,3.29,2.39,3.86,133.0,14.52,11.75,19.86
2026-03-18 21:30:00+00:00,3.71,14.48,-790.6990337761846,3.5500000000000003,4.33,1.74,2.17,3.49,132.0,15.34,11.91,23.26
2026-03-18 22:00:00+00:00,3.64,13.68,-784.439344263622,3.52,4.3,1.77,2.24,3.5500000000000003,135.0,14.08,11.76,18.96
2026-03-18 22:30:00+00:00,3.7,13.85,-788.0415564952565,3.3200000000000003,4.39,1.57,2.05,3.35,143.0,14.13,11.05,20.19
2026-03-18 23:00:00+00:00,3.84,13.86,-781.5949198699016,3.5500000000000003,4.58,2.12,2.23,3.6,137.0,13.33,11.44,19.36
2026-03-18 23:30:00+00:00,3.65,14.18,-766.2683148821618,3.6,4.49,2.66,2.2,3.5500000000000003,133.0,13.64,11.87,19.06
2026-03-19 00:00:00+00:00,3.09,13.93,,3.02,3.82,1.72,1.88,3.01,137.0,13.28,11.53,22.54
2026-03-19 00:30:00+00:00,3.43,13.95,-763.3884004782079,3.36,4.2,2.33,2.03,3.3000000000000003,138,14.6,11.45,19.66
2026-03-19 01:00:00+00:00,3.5,14.18,-763.8199834150315,3.37,4.14,2.63,2.03,3.31,135,15.31,11.66,18.19
2026-03-19 01:30:00+00:00,3.24,13.71,-748.521003276568,3.19,4.11,2.13,1.94,3.16,134,13.45,11.74,20.15
2026-03-19 02:00:00+00:00,3.0500000000000003,13.71,-736.1118593604026,2.93,3.6,2.18,1.78,2.88,143,12.95,11.05,19.25
2026-03-19 02:30:00+00:00,3.1,13.52,-747.1987851688426,2.95,3.8,1.67,1.76,2.87,146,14.64,10.79,19.26
2026-03-19 03:00:00+00:00,3.23,13.81,-745.2299958947623,3.11,3.94,1.83,1.88,3.04,143,13.17,11.06,18.4
2026-03-19 03:30:00+00:00,3.0500000000000003,13.86,-748.1859660344589,3.06,3.81,1.89,1.84,3.0,138,14.47,11.45,18.48
2026-03-19 04:00:00+00:00,3.02,13.94,-749.4027150723211,2.93,3.67,2.47,1.8,2.91,137,14.18,11.5,18.96
2026-03-19 04:30:00+00:00,3.33,14.03,-753.8186596110385,3.08,3.77,2.45,2.01,3.15,131,14.06,11.96,17.94
2026-03-19 05:00:00+00:00,3.13,13.4,-758.0821680771844,3.01,3.56,1.23,1.9,3.03,140,13.55,11.22,19.2
2026-03-19 05:30:00+00:00,2.75,13.17,-756.2814161014371,2.69,3.38,1.89,1.65,2.67,152,15.04,10.41,17.98
2026-03-19 06:00:00+00:00,2.64,12.84,-769.4234991341995,2.58,3.11,1.76,1.57,2.54,153,13.42,10.32,18.13
2026-03-19 06:30:00+00:00,2.92,13.16,-762.861273370648,2.92,3.45,2.28,1.85,2.93,139,14.29,11.4,18.4
2026-03-19 07:00:00+00:00,2.48,12.77,-789.518612583811,2.27,3.01,1.13,1.3,2.19,171,13.31,9.18,17.62
2026-03-19 07:30:00+00:00,2.93,13.15,-788.7646873954002,2.87,3.49,1.65,1.87,2.97,136,12.06,11.61,18.85
2026-03-19 08:00:00+00:00,3.01,13.65,-774.4604681071226,2.7,3.54,1.68,1.65,2.7,145,14.36,10.89,19.85
2026-03-19 08:30:00+00:00,2.65,13.26,-771.1833300069417,2.58,3.16,1.88,1.54,2.53,154,13.55,10.25,19.17
2026-03-19 09:00:00+00:00,2.78,13.01,-766.430244145248,2.74,3.39,2.14,1.65,2.67,149,14.63,10.59,17.57
2026-03-19 09:30:00+00:00,2.72,12.71,-734.6729896972024,2.52,3.02,1.75,1.57,2.5,154,12.68,10.26,18.79
2026-03-19 10:00:00+00:00,2.82,13.0,-761.4376787784931,2.76,3.5,1.28,1.73,2.77,147,13.32,10.71,17.84
2026-03-19 10:30:00+00:00,2.63,12.6,-776.6764851507518,2.49,3.2,1.24,1.45,2.41,165,13.27,9.55,17.55
2026-03-19 11:00:00+00:00,3.0,12.96,-804.1848111875978,3.0,3.66,2.63,1.83,2.95,149,13.19,10.57,18.08
2026-03-19 11:30:00+00:00,2.84,12.55,-809.6059352134598,2.73,3.25,3.03,1.76,2.75,153,13.04,10.28,17.14
2026-03-19 12:00:00+00:00,2.36,11.7,-790.0787612251422,2.29,2.79,1.15,1.49,2.34,163,9.15,9.67,18.75
2026-03-19 12:30:00+00:00,2.73,11.73,-771.3025039678528,2.51,3.13,1.24,1.58,2.51,166,14.82,9.51,16.82
2026-03-19 13:00:00+00:00,2.83,12.23,-775.464720779858,2.74,3.45,1.66,1.73,2.78,156,11.49,10.02,18.01
2026-03-19 13:30:00+00:00,2.3000000000000003,11.46,-780.1529280562655,2.25,2.83,1.87,1.42,2.26,170,14.53,9.33,16.15
2026-03-19 14:00:00+00:00,2.78,12.25,-784.9584125236379,2.57,3.3200000000000003,1.93,1.6,2.57,159,12.11,9.96,17.080000000000002
2026-03-19 14:30:00+00:00,2.61,11.94,-812.6786106461395,2.53,3.39,1.19,1.61,2.58,153,11.12,10.31,16.82
2026-03-19 15:00:00+00:00,2.61,11.46,-831.2754688148573,2.44,2.99,1.77,1.56,2.47,165,11.15,9.56,16.7
2026-03-19 15:30:00+00:00,2.34,11.88,-860.8845867278563,2.23,2.83,1.55,1.41,2.23,161,13.09,9.83,17.25
2026-03-19 16:00:00+00:00,2.57,11.94,-867.4693849577352,2.5,3.17,2.1,1.53,2.47,163,12.86,9.73,16.95
2026-03-19 16:30:00+00:00,2.32,11.95,-849.3533198408259,2.27,2.82,1.42,1.42,2.27,167,13.09,9.48,18.08
2026-03-19 17:00:00+00:00,2.33,11.76,-858.3773859911441,2.26,2.78,1.54,1.4,2.24,165,12.03,9.57,18.44
2026-03-19 17:30:00+00:00,2.61,12.26,-851.3179632174164,2.54,3.06,2.39,1.59,2.54,159,12.15,9.95,17.32
2026-03-19 18:00:00+00:00,2.31,11.55,-844.6339468324027,2.26,2.86,1.08,1.46,2.31,161,9.74,9.77,17.51
2026-03-19 18:30:00+00:00,2.54,12.16,-824.797056454642,2.35,2.86,1.9,1.49,2.35,161,14.35,9.78,16.78
2026-03-19 19:00:00+00:00,2.29,11.43,-826.8592906917797,2.19,2.68,1.58,1.29,2.12,184,11.84,8.620000000000001,16.2
2026-03-19 19:30:00+00:00,2.47,11.77,-833.3472797682897,2.39,3.02,1.12,1.48,2.39,168,13.98,9.45,17.150000000000002
2026-03-19 20:00:00+00:00,2.39,11.89,-823.8573610174228,2.31,2.95,1.63,1.42,2.3000000000000003,163,11.7,9.68,17.400000000000002
2026-03-19 20:30:00+00:00,2.75,12.28,-827.3957326465344,2.62,3.33,1.69,1.61,2.6,157,12.96,10.07,16.580000000000002
2026-03-19 21:00:00+00:00,2.27,11.53,-826.6381157999086,2.09,2.51,1.19,1.33,2.1,174,11.76,9.08,18.23
2026-03-19 21:30:00+00:00,2.54,11.74,-805.626553124505,2.47,3.11,2.07,1.53,2.46,166,12.33,9.53,16.77
2026-03-19 22:00:00+00:00,2.39,11.38,-817.6448762382552,2.26,2.72,1.8,1.36,2.2,185,13.97,8.55,16.8
2026-03-19 22:30:00+00:00,2.69,11.94,-810.1819324410678,2.62,3.3200000000000003,2.62,1.59,2.59,171,10.75,9.27,16.07
2026-03-19 23:00:00+00:00,2.19,11.52,-819.3637881838728,2.05,2.59,1.68,1.21,1.99,198,12.03,8.01,16.13
2026-03-19 23:30:00+00:00,2.32,11.16,-808.6641590980801,2.24,2.73,1.31,1.29,2.13,193,10.74,8.2,16.89
2026-03-20 00:00:00+00:00,2.27,10.97,-794.2167739523921,2.09,2.66,1.03,1.27,2.05,189,11.18,8.38,16.76
2026-03-20 00:30:00+00:00,2.51,11.71,-770.3035762987558,2.35,2.94,2.53,1.5,2.38,167,12.03,9.48,16.77
2026-03-20 01:00:00+00:00,2.29,11.53,-756.3978885307823,2.16,2.65,2.27,1.34,2.15,176,13.08,8.98,15.22
2026-03-20 01:30:00+00:00,2.06,10.97,-757.3397961749706,1.96,2.47,1.91,1.21,1.94,185,12.29,8.55,15.37
2026-03-20 02:00:00+00:00,2.36,11.66,-779.0157563106768,2.3000000000000003,2.94,1.2,1.39,2.26,173,13.36,9.17,16.71
2026-03-20 02:30:00+00:00,2.17,11.61,-777.8764417520471,2.1,2.63,1.59,1.29,2.07,167,12.5,9.42,16.36
2026-03-20 03:00:00+00:00,2.14,10.99,-757.4306616522542,2.07,2.51,1.54,1.31,2.07,171,10.44,9.23,16.93
2026-03-20 03:30:00+00:00,2.32,11.56,-777.3099267000638,2.23,2.72,1.4,1.42,2.24,166,12.96,9.5,16.85
2026-03-20 04:00:00+00:00,2.27,11.25,-785.4664861490343,2.14,2.73,1.24,1.29,2.11,181,11.46,8.76,16.25
2026-03-20 04:30:00+00:00,2.18,11.25,-784.3859759395125,2.15,2.57,1.49,1.37,2.16,162,12.54,9.76,17.38
2026-03-20 05:00:00+00:00,2.11,11.0,-778.676384560933,2.04,2.5500000000000003,1.25,1.22,1.98,186,12.26,8.49,15.23
2026-03-20 05:30:00+00:00,1.97,10.67,-785.8752821992005,1.92,2.4,0.91,1.17,1.89,185,11.96,8.52,15.69
2026-03-20 06:00:00+00:00,1.98,10.68,-800.9854013555921,1.86,2.33,1.5,1.17,1.87,178,13.04,8.88,15.43
2026-03-20 06:30:00+00:00,2.18,10.58,-757.527833499227,2.09,2.61,0.8,1.32,2.09,179,12.01,8.86,18.89
2026-03-20 07:00:00+00:00,2.25,10.72,-760.9171961738699,2.13,2.61,1.67,1.37,2.16,174,10.8,9.05,17.37
2026-03-20 07:30:00+00:00,2.16,10.78,-788.9477414917094,2.14,2.78,0.8,1.3,2.11,182,11.87,8.69,16.81
2026-03-20 08:00:00+00:00,2.05,10.58,-792.9441354324106,1.92,2.36,1.38,1.28,1.98,176,9.77,9.0,17.1
2026-03-20 08:30:00+00:00,2.16,10.48,-796.8414920020878,2.11,2.64,1.12,1.35,2.13,176,11.43,8.96,16.3
2026-03-20 09:00:00+00:00,2.02,10.38,23211.361102235092,1.97,2.5,1.59,1.24,1.97,179,10.52,8.83,15.99
2026-03-20 09:30:00+00:00,2.13,10.55,-786.900938340455,2.02,2.5500000000000003,1.18,1.3,2.06,179,11.06,8.85,17.69
2026-03-20 10:00:00+00:00,1.9,10.12,-790.1064471635656,1.81,2.34,1.24,1.11,1.79,192,8.86,8.23,15.42
2026-03-20 10:30:00+00:00,1.96,10.67,-787.0210560626934,1.83,2.31,0.71,1.18,1.86,180,9.01,8.8,16.73
2026-03-20 11:00:00+00:00,1.86,10.27,-788.4136871841306,1.79,2.25,0.81,1.13,1.8,184,9.35,8.620000000000001,17.05
2026-03-20 11:30:00+00:00,1.99,10.45,-785.9716592164089,1.97,2.35,0.8,1.27,1.99,169,12.15,9.34,17.47
2026-03-20 12:00:00+00:00,2.05,10.88,-758.6835500017846,2.06,2.53,0.6900000000000001,1.29,2.05,165,10.05,9.61,17.59
2026-03-20 12:30:00+00:00,1.9,10.58,-757.2028578093496,1.82,2.22,0.8300000000000001,1.17,1.85,171,11.1,9.2,17.26
2026-03-20 13:00:00+00:00,1.75,10.75,-764.319010110388,1.75,2.23,1.05,1.11,1.76,171,12.24,9.25,16.22
2026-03-20 13:30:00+00:00,1.97,10.39,-784.014668073624,1.92,2.5,1.05,1.22,1.94,171,10.19,9.25,16.65
2026-03-20 14:00:00+00:00,1.84,10.63,-779.0833697887731,1.75,2.19,1.2,1.15,1.8,168,9.82,9.38,14.99
2026-03-20 14:30:00+00:00,1.83,10.59,-798.2334086060198,1.78,2.26,1.31,1.13,1.8,170,10.39,9.24,16.7
2026-03-20 15:00:00+00:00,1.77,10.87,-786.4921786148947,1.71,2.24,0.75,1.08,1.73,168,10.85,9.38,16.25
2026-03-20 15:30:00+00:00,1.78,10.26,-801.7235578029092,1.76,2.22,1.15,1.11,1.76,171,9.75,9.22,16.26
2026-03-20 16:00:00+00:00,1.57,10.18,-798.4242839946971,1.52,1.83,0.66,0.97,1.53,183,9.47,8.68,15.34
2026-03-20 16:30:00+00:00,1.77,10.38,-792.9032078535124,1.73,2.13,1.42,1.06,1.71,186,7.99,8.540000000000001,14.52
2026-03-20 17:00:00+00:00,1.51,9.87,-797.7126512322059,1.45,1.82,1.0,0.93,1.47,195,9.17,8.1,15.07
2026-03-20 17:30:00+00:00,1.71,9.78,-788.9365385758251,1.66,2.12,0.55,1.02,1.65,196,9.77,8.11,15.31
2026-03-20 18:00:00+00:00,1.76,10.04,-785.9557652032685,1.7,2.08,1.37,1.1,1.74,185,9.47,8.55,16.44
2026-03-20 18:30:00+00:00,1.56,9.43,-781.8218654300747,1.51,1.9,1.4,0.95,1.51,210,9.73,7.51,14.53
2026-03-20 19:00:00+00:00,1.76,9.94,-784.6294341705122,1.73,2.19,0.8,1.09,1.74,194,10.38,8.09,16.13
2026-03-20 19:30:00+00:00,1.64,9.86,-780.7291192112496,1.57,2.0,1.24,0.92,1.52,221,10.59,7.17,15.01
2026-03-20 20:00:00+00:00,1.75,9.41,-777.3887041833646,1.63,1.96,1.47,1.02,1.63,216,10.15,7.3,14.07
2026-03-20 20:30:00+00:00,1.7,9.53,-793.6937285471557,1.65,2.17,0.98,1.0,1.64,214,11.81,7.390000000000001,14.49
2026-03-20 21:00:00+00:00,1.58,9.35,-783.1017087692852,1.53,1.91,1.23,0.93,1.5,225,11.91,6.97,13.62
2026-03-20 21:30:00+00:00,1.61,9.6,-800.0856356411559,1.55,1.87,1.06,0.94,1.52,215,10.54,7.36,14.45
2026-03-20 22:00:00+00:00,1.73,9.7,-777.1840877326918,1.66,2.1,1.39,1.01,1.63,214,10.42,7.390000000000001,15.3
2026-03-20 22:30:00+00:00,1.67,9.33,-793.865487412456,1.57,1.97,1.5,0.99,1.58,206,9.45,7.66,14.31
2026-03-20 23:00:00+00:00,1.79,9.71,-827.4248264084374,1.75,2.08,1.21,1.12,1.77,194,10.53,8.14,14.33
2026-03-20 23:30:00+00:00,1.7,9.57,-819.8748292912376,1.71,2.09,0.97,1.05,1.68,201,8.94,7.82,14.87
2026-03-21 00:00:00+00:00,1.6,9.43,-787.9890012168954,1.57,2.0,0.71,0.98,1.56,211,9.78,7.51,15.86
2026-03-21 00:30:00+00:00,1.68,9.37,-781.7403637462586,1.58,1.93,1.04,0.96,1.54,223,11.93,7.08,13.23
2026-03-21 01:00:00+00:00,1.62,9.66,-769.2874312143443,1.53,1.95,0.73,0.94,1.51,205,9.4,7.68,14.8
2026-03-21 01:30:00+00:00,1.6,9.31,-752.3705169484792,1.53,1.92,0.93,0.99,1.56,202,8.09,7.83,14.45
2026-03-21 02:00:00+00:00,1.59,9.38,-763.4262565295967,1.54,1.87,0.89,0.97,1.54,198,8.98,7.96,16.38
2026-03-21 02:30:00+00:00,1.51,9.4,-763.3214804720919,1.42,1.77,0.93,0.94,1.46,201,9.02,7.87,14.37
2026-03-21 03:00:00+00:00,1.48,9.4,-755.683809960555,1.44,1.73,0.96,0.93,1.46,194,10.73,8.17,14.03
2026-03-21 03:30:00+00:00,1.36,9.47,-756.1082094193914,1.34,1.62,0.79,0.85,1.35,196,9.12,8.09,16.830000000000002
2026-03-21 04:00:00+00:00,1.33,9.22,-770.5829532576066,1.27,1.61,1.33,0.8,1.28,212,9.4,7.48,14.3
2026-03-21 04:30:00+00:00,1.38,9.51,-770.5443698933237,1.33,1.62,0.96,0.89,1.37,191,9.98,8.290000000000001,13.82
2026-03-21 05:00:00+00:00,1.45,9.37,-767.9424580345578,1.41,1.78,0.52,0.89,1.42,199,10.25,7.96,14.92
2026-03-21 05:30:00+00:00,1.35,9.47,-762.2911218401716,1.31,1.61,0.81,0.8300000000000001,1.32,195,9.14,8.1,13.94
2026-03-21 06:00:00+00:00,1.37,9.53,-767.5734790129725,1.31,1.7,0.7000000000000001,0.8300000000000001,1.33,195,10.02,8.13,14.27
2026-03-21 06:30:00+00:00,1.27,9.23,-750.615669698747,1.21,1.51,0.75,0.76,1.21,209,8.28,7.6,14.6
2026-03-21 07:00:00+00:00,1.37,9.25,-758.5399506231614,1.31,1.71,0.89,0.8200000000000001,1.32,206,10.19,7.65,13.29
2026-03-21 07:30:00+00:00,1.43,9.36,-764.8585750469875,1.37,1.81,1.39,0.84,1.36,208,9.2,7.61,14.66
2026-03-21 08:00:00+00:00,1.34,9.21,-809.9364374851618,1.26,1.57,0.59,0.79,1.25,214,9.87,7.390000000000001,14.99
2026-03-21 08:30:00+00:00,1.38,9.44,-800.0740545100786,1.3,1.59,0.89,0.8300000000000001,1.31,199,9.85,7.96,12.94
2026-03-21 09:00:00+00:00,1.36,9.44,-788.7730696076154,1.36,1.74,0.73,0.8300000000000001,1.34,202,11.14,7.86,14.84
2026-03-21 09:30:00+00:00,1.35,9.26,-751.7815169194953,1.27,1.58,1.03,0.81,1.28,205,10.15,7.71,13.25
2026-03-21 10:00:00+00:00,1.46,9.46,-737.3767105511122,1.43,1.66,0.78,0.93,1.45,191,8.83,8.28,15.08
2026-03-21 10:30:00+00:00,1.42,9.55,-752.8316932808477,1.37,1.69,1.02,0.86,1.39,196,9.3,8.09,14.31
2026-03-21 11:00:00+00:00,1.35,9.39,-766.0201503057134,1.33,1.68,0.79,0.88,1.37,189,8.51,8.38,14.16
2026-03-21 11:30:00+00:00,1.38,9.46,-759.8671523969954,1.33,1.69,0.47,0.88,1.37,183,9.85,8.65,16.43
2026-03-21 12:00:00+00:00,1.32,9.3,-765.4793264518348,1.29,1.69,1.04,0.78,1.27,204,9.41,7.73,13.34
2026-03-21 12:30:00+00:00,1.39,9.51,-750.834042652219,1.38,1.7,0.86,0.87,1.39,187,10.39,8.41,14.0
2026-03-21 13:00:00+00:00,1.28,9.28,-762.6654846417464,1.23,1.47,0.65,0.8200000000000001,1.28,188,9.7,8.4,13.82
2026-03-21 13:30:00+00:00,1.23,9.24,-764.8980843297796,1.18,1.38,0.78,0.76,1.2,196,11.09,8.06,13.47
2026-03-21 14:00:00+00:00,1.24,9.16,-759.5845635927287,1.14,1.41,0.79,0.6900000000000001,1.12,225,9.79,6.99,12.47
2026-03-21 14:30:00+00:00,1.18,9.29,-753.6008119573523,1.16,1.52,0.8300000000000001,0.7000000000000001,1.14,217,9.45,7.29,13.52
2026-03-21 15:00:00+00:00,1.17,8.88,-749.9319608316845,1.12,1.41,0.73,0.68,1.11,233,8.56,6.78,13.54
2026-03-21 15:30:00+00:00,1.22,9.14,-753.1971026186827,1.15,1.44,0.65,0.6900000000000001,1.12,237,9.74,6.66,12.29
2026-03-21 16:00:00+00:00,1.16,9.11,-770.9297839538635,1.12,1.47,1.11,0.68,1.11,228,8.08,6.94,14.18
2026-03-21 16:30:00+00:00,1.2,9.2,-799.7369589444572,1.18,1.44,1.04,0.73,1.17,218,9.73,7.22,12.84
2026-03-21 17:00:00+00:00,1.15,9.32,-808.6879668941604,1.11,1.37,1.0,0.68,1.09,221,8.74,7.16,15.99
2026-03-21 17:30:00+00:00,1.26,9.46,-802.8778770976799,1.22,1.58,0.81,0.7000000000000001,1.17,224,9.68,7.08,14.71
2026-03-21 18:00:00+00:00,1.22,9.41,-782.853116211807,1.17,1.47,1.1,0.73,1.17,207,10.48,7.640000000000001,13.94
2026-03-21 18:30:00+00:00,1.17,9.21,-793.1874874642479,1.12,1.41,1.29,0.6900000000000001,1.11,215,9.07,7.33,12.96
2026-03-21 19:00:00+00:00,1.22,9.39,-801.8266327327719,1.17,1.51,0.62,0.73,1.18,209,9.93,7.55,14.19
2026-03-21 19:30:00+00:00,1.22,9.41,-787.0297459302633,1.21,1.49,1.03,0.76,1.2,203,8.36,7.81,14.58
2026-03-21 20:00:00+00:00,1.15,9.42,-768.4075454179466,1.07,1.33,0.98,0.67,1.07,213,9.35,7.4,14.68
2026-03-21 20:30:00+00:00,1.19,9.2,-765.7612464989588,1.16,1.41,0.97,0.75,1.18,200,8.950000000000001,7.88,16.03
2026-03-21 21:00:00+00:00,1.16,9.63,-770.4269528991042,1.12,1.42,0.63,0.6900000000000001,1.12,209,8.72,7.55,14.03
2026-03-21 21:30:00+00:00,1.15,9.18,-771.3498061732389,1.06,1.36,0.9,0.68,1.08,217,9.72,7.27,16.1
2026-03-21 22:00:00+00:00,1.2,9.45,-764.9455112408156,1.13,1.33,0.56,0.71,1.13,212,10.92,7.44,18.52
2026-03-21 22:30:00+00:00,1.25,9.33,-776.8031202993992,1.24,1.6,0.67,0.79,1.26,200,8.66,7.930000000000001,14.55
2026-03-21 23:00:00+00:00,1.16,9.4,67008.41705794621,1.08,1.42,1.03,0.63,1.05,244,10.6,6.5,14.64
2026-03-21 23:30:00+00:00,1.12,9.68,169344.88201246786,1.04,1.32,0.64,0.63,1.02,239,10.65,6.6000000000000005,14.11
2026-03-22 00:00:00+00:00,1.23,9.7,170926.6072442716,1.16,1.45,0.87,0.72,1.15,212,8.65,7.46,16.22
2026-03-22 00:30:00+00:00,1.22,9.82,190737.60238317383,1.16,1.5,0.96,0.71,1.15,213,8.82,7.45,16.77
2026-03-22 01:00:00+00:00,1.29,10.58,208659.49871138344,1.18,1.46,0.63,0.76,1.19,194,14.22,8.120000000000001,18.82
2026-03-22 01:30:00+00:00,1.36,10.74,194216.11236188246,1.28,1.55,1.04,0.8300000000000001,1.3,189,10.27,8.35,19.47
2026-03-22 02:00:00+00:00,1.17,10.84,183832.8414843978,1.09,1.36,0.94,0.6900000000000001,1.09,196,10.11,8.07,19.0
2026-03-22 02:30:00+00:00,1.19,11.12,192988.0839666098,1.08,1.34,0.76,0.71,1.11,192,8.13,8.23,19.65
2026-03-22 03:00:00+00:00,1.24,10.64,190537.02848246123,1.14,1.37,1.33,0.71,1.13,195,8.32,8.120000000000001,17.36
2026-03-22 03:30:00+00:00,1.24,10.91,189225.57602272986,1.2,1.46,0.8300000000000001,0.76,1.2,187,9.79,8.47,17.740000000000002
2026-03-22 04:00:00+00:00,1.31,11.26,186262.38877693954,1.26,1.51,0.92,0.78,1.24,184,12.29,8.57,17.01
2026-03-22 04:30:00+00:00,1.28,11.45,184868.88034366997,1.22,1.5,0.96,0.75,1.21,183,13.38,8.63,17.59
2026-03-22 05:00:00+00:00,1.34,11.48,176335.92158233238,1.32,1.62,1.12,0.84,1.33,166,11.05,9.52,17.0
2026-03-22 05:30:00+00:00,1.32,11.2,170257.10342861072,1.25,1.59,1.06,0.78,1.26,183,10.82,8.620000000000001,17.67
2026-03-22 06:00:00+00:00,1.31,11.36,185765.37742557333,1.24,1.54,1.39,0.79,1.25,178,11.74,8.84,18.36
2026-03-22 06:30:00+00:00,1.46,11.88,170368.1578770356,1.38,1.69,1.17,0.9,1.4,166,11.28,9.51,18.3
2026-03-22 07:00:00+00:00,1.5,11.67,181078.2527015279,1.4,1.75,1.01,0.87,1.4,179,13.17,8.85,18.19
2026-03-22 07:30:00+00:00,1.47,11.55,188008.76088154555,1.33,1.7,0.68,0.85,1.35,178,13.28,8.88,18.92
2026-03-22 08:00:00+00:00,1.53,11.92,182585.4314432055,1.45,1.81,1.18,0.94,1.48,168,13.11,9.44,19.4
2026-03-22 08:30:00+00:00,1.52,11.68,170977.8380201605,1.44,1.83,0.79,0.88,1.42,181,12.28,8.69,18.84
2026-03-22 09:00:00+00:00,1.44,11.57,171166.87030163518,1.33,1.82,1.76,0.8300000000000001,1.34,185,13.2,8.57,17.97
2026-03-22 09:30:00+00:00,1.53,12.17,161147.2734525483,1.45,1.88,1.34,0.92,1.46,166,10.85,9.46,17.73
2026-03-22 10:00:00+00:00,1.5,11.51,162551.92189424683,1.44,1.83,0.97,0.91,1.45,177,13.02,8.97,16.98
2026-03-22 10:30:00+00:00,1.64,11.95,166888.1676519066,1.56,1.88,1.48,1.0,1.58,162,12.24,9.73,17.25
2026-03-22 11:00:00+00:00,1.57,12.16,167817.50610660895,1.49,1.82,1.29,0.91,1.47,171,10.65,9.28,16.43
2026-03-22 11:30:00+00:00,1.57,12.2,153001.85982601438,1.49,1.82,1.01,0.98,1.53,155,12.96,10.14,18.13
2026-03-22 12:00:00+00:00,1.66,12.3,164549.99934030572,1.64,2.07,1.07,1.05,1.65,153,11.65,10.33,18.39
2026-03-22 12:30:00+00:00,1.57,12.51,164079.46456906665,1.48,1.81,1.12,0.95,1.5,152,13.25,10.35,18.46
2026-03-22 13:00:00+00:00,1.65,12.36,170043.52973143238,1.59,1.95,0.91,0.98,1.58,162,12.63,9.72,17.35
2026-03-22 13:30:00+00:00,1.7,12.19,171414.1334484453,1.6,2.07,1.04,0.97,1.58,179,13.22,8.870000000000001,18.55
2026-03-22 14:00:00+00:00,1.7,12.34,163721.77016193804,1.63,1.94,1.1,1.0,1.62,167,12.45,9.41,17.93
2026-03-22 14:30:00+00:00,1.75,12.62,145013.12237543266,1.65,2.01,1.47,1.02,1.63,166,14.63,9.43,16.96
2026-03-22 15:00:00+00:00,1.76,12.31,158359.8870916959,1.68,2.1,1.49,0.99,1.63,175,13.12,9.05,17.63
2026-03-22 15:30:00+00:00,1.68,12.19,163937.24259175375,1.63,2.0,1.24,0.99,1.6,175,13.01,9.01,20.1
2026-03-22 16:00:00+00:00,1.74,12.16,183625.7423537466,1.67,2.15,1.34,1.02,1.66,176,13.74,8.99,17.45
2026-03-22 16:30:00+00:00,1.78,12.21,162932.16938495263,1.73,2.16,0.6900000000000001,1.05,1.7,167,12.59,9.47,17.53
2026-03-22 17:00:00+00:00,1.95,12.59,169437.1386466036,1.94,2.46,1.29,1.17,1.91,156,13.33,10.06,18.35
2026-03-22 17:30:00+00:00,1.9,12.37,171704.410350794,1.68,2.14,1.51,1.01,1.64,188,15.02,8.38,18.15
2026-03-22 18:00:00+00:00,1.92,12.11,161509.87880222307,1.79,2.27,1.38,1.11,1.78,178,12.83,8.86,17.7
2026-03-22 18:30:00+00:00,1.94,12.15,162528.74973809102,1.92,2.3000000000000003,1.75,1.16,1.87,174,13.87,9.11,19.54
2026-03-22 19:00:00+00:00,1.74,11.56,149043.4330812095,1.66,2.06,1.36,1.02,1.63,194,15.17,8.17,16.89
2026-03-22 19:30:00+00:00,1.68,11.15,158392.81701642947,1.63,2.02,1.25,1.01,1.62,188,9.83,8.38,17.1
2026-03-22 20:00:00+00:00,1.8,11.51,144599.56510138864,1.71,2.19,1.41,1.03,1.68,192,10.14,8.23,17.93
2026-03-22 20:30:00+00:00,1.9,11.93,135713.39330550467,1.78,2.29,1.2,1.06,1.74,182,13.89,8.66,18.36
2026-03-22 21:00:00+00:00,1.8,11.56,144685.35254069767,1.78,2.23,1.54,1.09,1.76,179,12.91,8.790000000000001,17.650000000000002
2026-03-22 21:30:00+00:00,2.03,12.3,143864.1024636853,1.94,2.45,2.09,1.2,1.93,167,11.09,9.48,17.12
2026-03-22 22:00:00+00:00,1.92,11.75,143551.89697882088,1.91,2.37,1.65,1.23,1.95,159,12.98,9.97,17.16
2026-03-22 22:30:00+00:00,1.81,10.94,145032.77501353985,1.74,2.15,1.36,1.05,1.7,191,8.52,8.25,17.650000000000002
2026-03-22 23:00:00+00:00,1.87,10.83,150844.03873879407,1.75,2.21,1.79,1.08,1.74,192,11.2,8.17,17.43
2026-03-22 23:30:00+00:00,1.94,11.09,146598.14328802004,1.8,2.31,1.46,1.1,1.77,199,12.18,7.96,16.65
2026-03-23 00:00:00+00:00,1.8,10.05,159331.26685687524,1.67,2.26,1.16,1.04,1.67,218,7.95,7.26,15.21
2026-03-23 00:30:00+00:00,1.86,10.5,148978.01839929505,1.78,2.37,1.04,1.08,1.75,207,12.14,7.67,15.95
2026-03-23 01:00:00+00:00,1.89,10.79,144590.8894333269,1.77,2.19,2.02,1.1,1.76,203,12.12,7.79,16.44
2026-03-23 01:30:00+00:00,1.78,10.22,143465.950633196,1.6,2.0,1.62,1.04,1.63,211,13.94,7.48,15.47
2026-03-23 02:00:00+00:00,1.96,10.59,148549.22658784917,1.87,2.31,1.05,1.18,1.87,196,12.13,8.07,16.5
2026-03-23 02:30:00+00:00,1.92,10.62,132267.65958991338,1.85,2.34,1.42,1.11,1.81,206,13.43,7.65,16.38
2026-03-23 03:00:00+00:00,1.89,10.43,142597.4524214714,1.85,2.26,1.32,1.18,1.86,196,12.64,8.01,16.28
2026-03-23 03:30:00+00:00,1.78,10.24,149960.54394113633,1.66,2.04,0.9,1.04,1.65,212,13.01,7.45,17.150000000000002
2026-03-23 04:00:00+00:00,1.86,10.73,146430.54365796247,1.77,2.18,1.79,1.09,1.75,204,11.7,7.77,16.47
2026-03-23 04:30:00+00:00,1.8,10.39,150604.01802492232,1.66,2.14,2.53,1.03,1.65,217,11.7,7.3,15.25
2026-03-23 05:00:00+00:00,1.95,11.05,147124.0668177202,1.82,2.28,1.15,1.16,1.84,190,13.84,8.34,16.59
2026-03-23 05:30:00+00:00,1.86,10.4,142602.90217100864,1.76,2.21,0.93,1.1,1.75,202,13.38,7.82,16.76
2026-03-23 06:00:00+00:00,1.91,10.52,142505.41990628533,1.75,2.18,1.93,1.08,1.73,207,10.99,7.6,15.04
2026-03-23 06:30:00+00:00,1.95,10.69,148674.8678455015,1.83,2.33,1.37,1.13,1.81,197,12.58,8.03,15.71
2026-03-23 07:00:00+00:00,1.88,10.49,148889.42132748617,1.74,2.35,1.49,1.04,1.72,212,11.52,7.47,16.02
2026-03-23 07:30:00+00:00,1.84,10.42,158108.8837269465,1.77,2.3000000000000003,1.33,1.1,1.78,196,10.96,8.09,16.27
2026-03-23 08:00:00+00:00,1.72,10.12,166067.07033039143,1.63,2.0,1.24,1.03,1.64,206,10.08,7.65,14.81
2026-03-23 08:30:00+00:00,1.84,10.31,171085.75715312187,1.81,2.37,1.48,1.06,1.75,203,12.64,7.78,17.59
2026-03-23 09:00:00+00:00,1.81,10.31,167494.93561856652,1.7,2.19,1.3,1.06,1.7,205,10.32,7.7,15.36
2026-03-23 09:30:00+00:00,1.82,10.23,165048.6678000351,1.73,2.14,0.65,1.09,1.74,198,12.92,8.01,17.21
2026-03-23 10:00:00+00:00,1.78,10.35,168310.8398481671,1.65,2.22,0.94,0.99,1.63,213,9.79,7.4,15.23
2026-03-23 10:30:00+00:00,1.7,10.55,158244.4673456961,1.59,1.95,1.37,0.98,1.58,208,11.35,7.6,14.58
2026-03-23 11:00:00+00:00,1.79,10.5,145771.10987382627,1.73,2.1,1.22,1.05,1.7,196,10.34,8.05,16.07
2026-03-23 11:30:00+00:00,1.7,10.17,145273.11512646067,1.63,1.99,1.08,1.03,1.63,199,12.32,7.96,16.36
2026-03-23 12:00:00+00:00,1.69,10.39,137129.47226308947,1.61,1.99,1.47,1.04,1.63,192,10.85,8.23,15.93
2026-03-23 12:30:00+00:00,1.67,10.1,141396.30214810008,1.62,2.13,0.78,0.99,1.6,202,8.33,7.86,15.11
2026-03-23 13:00:00+00:00,1.71,10.39,150666.87153840423,1.7,2.04,1.11,1.05,1.68,199,10.27,7.95,15.75
2026-03-23 13:30:00+00:00,1.67,10.02,160337.95030506625,1.59,1.93,1.04,0.98,1.57,214,11.34,7.42,15.31
2026-03-23 14:00:00+00:00,1.64,9.88,154111.63719208693,1.45,1.83,1.51,0.89,1.44,237,10.84,6.7,14.1
2026-03-23 14:30:00+00:00,1.68,10.06,145918.7780392439,1.63,1.99,1.01,0.98,1.59,216,10.98,7.35,15.29
2026-03-23 15:00:00+00:00,1.63,9.57,152578.6660275277,1.56,1.94,1.76,0.92,1.51,252,10.37,6.2700000000000005,15.07
2026-03-23 15:30:00+00:00,1.69,9.78,155089.5174296691,1.5,1.91,1.3,0.9,1.47,251,11.41,6.29,15.52
2026-03-23 16:00:00+00:00,1.66,9.94,146385.86579232945,1.55,1.94,1.26,0.97,1.55,230,11.48,6.9,15.91
2026-03-23 16:30:00+00:00,1.69,9.78,139382.52289469153,1.64,2.07,1.36,0.98,1.6,227,10.05,6.95,17.64
2026-03-23 17:00:00+00:00,1.68,9.98,147523.87932468357,1.56,2.0,1.49,0.95,1.54,225,12.16,7.0200000000000005,15.58
2026-03-23 17:30:00+00:00,1.56,9.68,167309.74556797653,1.49,1.87,1.34,0.91,1.47,229,12.29,6.890000000000001,14.97
2026-03-23 18:00:00+00:00,1.58,9.73,164218.66787844076,1.47,1.88,1.52,0.91,1.46,226,12.94,6.98,15.72
2026-03-23 18:30:00+00:00,1.66,9.56,155170.58117273843,1.56,1.99,1.46,0.95,1.55,225,11.77,7.0200000000000005,14.06
2026-03-23 19:00:00+00:00,1.58,9.81,159292.50484418898,1.5,1.87,1.32,0.93,1.49,216,11.76,7.33,16.44
2026-03-23 19:30:00+00:00,1.62,10.21,152576.85204081604,1.51,1.92,1.35,0.92,1.49,221,11.68,7.15,15.12
2026-03-23 20:00:00+00:00,1.52,10.07,157294.68487846645,1.39,1.81,1.43,0.87,1.39,224,9.7,7.0600000000000005,15.61
2026-03-23 20:30:00+00:00,1.45,9.82,171190.71621165072,1.36,1.7,0.8,0.85,1.37,214,10.15,7.41,16.42
2026-03-23 21:00:00+00:00,1.49,10.04,171342.36251776936,1.45,1.87,1.14,0.87,1.42,213,10.02,7.42,15.37
2026-03-23 21:30:00+00:00,1.58,10.31,187314.62483456542,1.52,1.81,0.98,0.98,1.54,190,10.56,8.32,16.240000000000002
2026-03-23 22:00:00+00:00,1.46,9.87,180427.52483290972,1.38,1.71,1.25,0.85,1.37,213,10.68,7.390000000000001,13.84
2026-03-23 22:30:00+00:00,1.43,9.87,176753.32913732927,1.4,1.76,1.08,0.84,1.36,214,10.44,7.41,15.06
2026-03-23 23:00:00+00:00,1.62,10.3,181167.56902741635,1.47,1.82,1.09,0.93,1.47,200,11.51,7.890000000000001,14.93
2026-03-23 23:30:00+00:00,1.47,9.49,152601.0546100652,1.42,1.73,1.21,0.89,1.41,218,10.19,7.23,15.0
2026-03-24 00:00:00+00:00,1.43,9.93,160397.1232265772,1.35,1.71,0.66,0.8200000000000001,1.33,218,10.17,7.27,15.65
2026-03-24 00:30:00+00:00,1.44,9.77,162379.04521690522,1.33,1.71,1.4,0.8,1.3,228,12.43,6.93,15.4
2026-03-24 01:00:00+00:00,1.54,10.34,169037.54994580906,1.51,1.83,0.89,0.96,1.51,194,10.68,8.120000000000001,14.54
2026-03-24 01:30:00+00:00,1.51,10.37,174838.24100096192,1.4,1.77,1.11,0.85,1.38,210,12.77,7.52,15.48
2026-03-24 02:00:00+00:00,1.53,10.31,181606.43420040497,1.43,1.89,1.76,0.85,1.4,220,10.49,7.22,15.03
2026-03-24 02:30:00+00:00,1.45,10.42,158503.94052210875,1.37,1.72,1.2,0.81,1.32,221,12.55,7.16,15.28
2026-03-24 03:00:00+00:00,1.41,10.57,150984.74440952606,1.32,1.63,1.19,0.8300000000000001,1.32,195,11.33,8.11,16.12
2026-03-24 03:30:00+00:00,1.4,10.29,151206.6699708694,1.34,1.63,0.61,0.8300000000000001,1.32,198,10.93,8.02,19.47
2026-03-24 04:00:00+00:00,1.4,10.48,154199.53068450504,1.35,1.75,1.2,0.85,1.36,191,9.95,8.25,15.4
2026-03-24 04:30:00+00:00,1.53,10.76,153332.2887480652,1.39,1.78,0.8300000000000001,0.85,1.38,192,10.08,8.24,16.240000000000002
2026-03-24 05:00:00+00:00,1.42,10.54,154661.57713512474,1.37,1.76,1.16,0.85,1.36,192,11.0,8.25,14.46
2026-03-24 05:30:00+00:00,1.48,10.62,167046.5022312529,1.38,1.74,0.54,0.89,1.4,180,9.53,8.76,15.57
2026-03-24 06:00:00+00:00,1.41,10.21,167351.98320072528,1.4,1.65,0.7000000000000001,0.87,1.38,192,10.08,8.26,14.99
2026-03-24 06:30:00+00:00,1.53,10.77,147455.01339505086,1.46,1.89,0.61,0.91,1.46,186,10.69,8.5,16.31
2026-03-24 07:00:00+00:00,1.62,10.62,157720.48405180807,1.55,1.93,0.81,0.96,1.54,185,11.95,8.55,16.36
2026-03-24 07:30:00+00:00,1.74,10.69,167964.62205363315,1.64,2.09,1.26,1.0,1.62,183,9.95,8.620000000000001,15.47
2026-03-24 08:00:00+00:00,1.53,10.25,165882.09891284633,1.44,1.73,0.85,0.92,1.46,180,9.2,8.73,17.02
2026-03-24 08:30:00+00:00,1.57,10.31,145609.64953440003,1.46,1.81,0.97,0.95,1.49,190,11.42,8.26,15.19
2026-03-24 09:00:00+00:00,1.65,10.64,154840.90859875255,1.59,2.08,0.78,0.99,1.59,183,11.97,8.66,15.51
2026-03-24 09:30:00+00:00,1.62,10.69,161510.8181533044,1.59,2.05,0.62,0.99,1.59,182,10.48,8.68,15.87
2026-03-24 10:00:00+00:00,1.57,10.64,148721.64935567862,1.55,1.97,0.84,0.95,1.53,179,11.63,8.83,17.12
2026-03-24 10:30:00+00:00,1.51,10.43,141412.28457792202,1.46,1.79,0.91,0.9,1.45,186,9.99,8.45,16.28
2026-03-24 11:00:00+00:00,1.48,10.71,160789.0886393348,1.45,1.82,0.92,0.89,1.43,180,10.71,8.76,18.71
2026-03-24 11:30:00+00:00,1.37,10.27,178276.3128897232,1.33,1.59,1.14,0.85,1.34,185,11.3,8.55,15.55
2026-03-24 12:00:00+00:00,1.41,10.29,171262.9497710678,1.34,1.65,0.97,0.87,1.36,182,12.31,8.700000000000001,14.89
2026-03-24 12:30:00+00:00,1.56,10.66,177965.30524091588,1.49,1.88,0.97,0.91,1.47,186,11.61,8.53,15.74
2026-03-24 13:00:00+00:00,1.43,10.71,164485.316770095,1.4,1.74,0.49,0.88,1.4,176,11.2,8.94,15.86
2026-03-24 13:30:00+00:00,1.4,10.69,154894.43806260685,1.36,1.72,0.96,0.81,1.33,203,12.92,7.81,16.62
2026-03-24 14:00:00+00:00,1.39,10.61,165405.44507912442,1.34,1.65,0.96,0.84,1.34,194,10.88,8.15,14.97
2026-03-24 14:30:00+00:00,1.38,10.63,175729.69297019226,1.31,1.66,1.36,0.78,1.28,206,11.68,7.67,14.29
2026-03-24 15:00:00+00:00,1.34,10.65,176846.5422711665,1.31,1.66,0.98,0.78,1.28,204,11.33,7.71,16.07
2026-03-24 15:30:00+00:00,1.41,10.7,168486.69688613116,1.38,1.69,0.49,0.8300000000000001,1.35,198,12.45,8.0,16.080000000000002
2026-03-24 16:00:00+00:00,1.42,10.66,166977.54420153316,1.41,1.84,0.91,0.81,1.36,202,11.1,7.83,14.33
2026-03-24 16:30:00+00:00,1.39,10.54,173293.85124077572,1.34,1.77,1.13,0.76,1.29,214,10.68,7.43,16.59
2026-03-24 17:00:00+00:00,1.26,10.33,159170.0009164033,1.23,1.58,0.78,0.73,1.2,207,11.6,7.62,14.78
2026-03-24 17:30:00+00:00,1.33,10.23,146555.0330714063,1.3,1.63,0.95,0.75,1.25,226,11.26,7.0,13.69
2026-03-24 18:00:00+00:00,1.29,10.33,148003.40022612145,1.23,1.59,0.89,0.72,1.19,219,10.9,7.2,17.41
2026-03-24 18:30:00+00:00,1.38,10.29,149253.770431902,1.29,1.64,0.75,0.76,1.25,219,9.82,7.23,14.12
2026-03-24 19:00:00+00:00,1.28,10.11,146361.5409295162,1.18,1.56,1.1,0.7000000000000001,1.15,239,11.45,6.62,15.12
2026-03-24 19:30:00+00:00,1.34,9.77,161333.78329704952,1.28,1.67,1.27,0.75,1.24,236,11.21,6.7,13.64
2026-03-24 20:00:00+00:00,1.38,9.79,148320.33500158018,1.28,1.64,0.98,0.76,1.24,248,10.69,6.390000000000001,13.73
2026-03-24 20:30:00+00:00,1.4,9.6,158504.67839822453,1.34,1.75,1.03,0.81,1.31,240,10.95,6.61,15.11
2026-03-24 21:00:00+00:00,1.44,9.52,151344.75845408585,1.27,1.73,1.06,0.77,1.25,263,11.78,5.99,14.31
2026-03-24 21:30:00+00:00,1.37,9.43,148693.06220321983,1.28,1.68,0.91,0.76,1.24,269,10.87,5.89,14.03
2026-03-24 22:00:00+00:00,1.29,9.02,133846.26850089122,1.17,1.5,1.21,0.7000000000000001,1.14,288,11.0,5.48,13.29
2026-03-24 22:30:00+00:00,1.38,9.41,139799.84188535195,1.27,1.6,1.47,0.79,1.26,256,11.33,6.19,14.86
2026-03-24 23:00:00+00:00,1.26,8.950000000000001,146284.65419288148,1.15,1.51,0.99,0.7000000000000001,1.13,273,9.66,5.79,13.71
2026-03-24 23:30:00+00:00,1.18,8.84,149503.64930301343,1.07,1.41,1.17,0.65,1.06,300,7.88,5.26,13.14
2026-03-25 00:00:00+00:00,1.3,9.11,155412.06643236234,1.2,1.6,1.25,0.71,1.17,274,10.33,5.76,12.79
2026-03-25 00:30:00+00:00,1.22,9.26,148817.59964133747,1.17,1.46,0.74,0.7000000000000001,1.14,255,8.23,6.19,15.7
2026-03-25 01:00:00+00:00,1.25,9.4,167978.22265115354,1.15,1.54,0.68,0.6900000000000001,1.13,259,10.14,6.11,15.14
2026-03-25 01:30:00+00:00,1.19,9.52,147378.4232174697,1.13,1.47,1.05,0.67,1.1,242,9.58,6.5,14.76
2026-03-25 02:00:00+00:00,1.1,9.56,148722.6783591104,1.03,1.35,0.79,0.61,1.0,246,11.6,6.45,13.95
2026-03-25 02:30:00+00:00,1.09,9.84,148689.57854562937,1.04,1.32,1.39,0.62,1.01,230,11.64,6.91,14.39
2026-03-25 03:00:00+00:00,1.17,9.47,154854.9598258459,1.04,1.32,1.17,0.64,1.03,264,9.79,5.97,13.92
2026-03-25 03:30:00+00:00,1.14,8.950000000000001,149136.691149915,0.99,1.28,1.09,0.63,0.99,293,9.41,5.42,13.59
2026-03-25 04:00:00+00:00,1.22,8.99,147394.15568883522,1.12,1.47,1.26,0.6900000000000001,1.11,262,10.05,6.03,15.08
2026-03-25 04:30:00+00:00,1.27,8.61,161250.8290881958,1.19,1.48,1.26,0.75,1.2,263,9.98,6.03,14.37
2026-03-25 05:00:00+00:00,1.3,7.72,155774.74539198092,1.25,1.54,0.95,0.8,1.25,286,9.24,5.54,11.94
2026-03-25 05:30:00+00:00,1.39,7.63,146280.01886842088,1.26,1.52,1.07,0.8300000000000001,1.3,282,7.61,5.63,14.97
2026-03-25 06:00:00+00:00,1.49,7.56,151313.10691409043,1.43,1.77,1.13,0.9,1.43,286,9.58,5.53,14.41
2026-03-25 06:30:00+00:00,1.62,7.55,146197.5237166136,1.48,1.9,1.15,0.96,1.51,284,7.640000000000001,5.58,13.64
2026-03-25 07:00:00+00:00,1.57,7.18,142832.69554754382,1.46,1.91,0.92,0.91,1.45,306,6.19,5.17,12.83
2026-03-25 07:30:00+00:00,1.65,7.5,156994.11640820184,1.49,1.82,1.28,0.99,1.55,280,6.26,5.64,13.35
2026-03-25 08:00:00+00:00,1.59,7.72,158610.93935512606,1.46,1.85,1.0,0.93,1.47,272,7.17,5.82,14.04
2026-03-25 08:30:00+00:00,1.69,7.640000000000001,165061.18486548166,1.59,1.96,1.11,1.04,1.63,260,5.98,6.1000000000000005,13.78
2026-03-25 09:00:00+00:00,1.59,7.58,159825.06866801291,1.47,1.86,1.63,0.97,1.51,268,6.46,5.9,12.94
2026-03-25 09:30:00+00:00,1.59,7.45,175007.28436313174,1.46,1.79,1.42,0.93,1.47,287,6.53,5.51,12.7
2026-03-25 10:00:00+00:00,1.68,7.96,161754.21786487917,1.55,1.92,1.55,0.99,1.56,268,11.56,5.92,14.7
2026-03-25 10:30:00+00:00,1.62,7.57,149228.82476211598,1.53,1.89,1.42,0.94,1.51,292,6.68,5.43,12.91
2026-03-25 11:00:00+00:00,1.71,7.31,154729.2898361129,1.59,2.01,1.55,1.01,1.59,299,6.43,5.29,12.62
2026-03-25 11:30:00+00:00,1.83,7.61,155204.21379789896,1.72,2.23,2.14,1.09,1.74,298,7.07,5.3,12.45
2026-03-25 12:00:00+00:00,1.84,7.2,151818.7826559717,1.71,2.08,2.03,1.09,1.72,304,5.87,5.21,12.55
2026-03-25 12:30:00+00:00,1.86,7.42,174659.4127798177,1.65,2.06,1.91,1.03,1.65,331,7.640000000000001,4.79,13.57
2026-03-25 13:00:00+00:00,1.85,7.07,165925.07327368262,1.71,2.13,2.56,1.1,1.73,319,6.58,4.97,13.23
2026-03-25 13:30:00+00:00,2.05,7.01,157330.479804833,1.91,2.39,1.3,1.23,1.93,300,6.03,5.29,13.7
2026-03-25 14:00:00+00:00,2.05,6.8500000000000005,168605.34019506673,1.9,2.39,2.11,1.22,1.93,315,5.36,5.03,11.8
2026-03-25 14:30:00+00:00,2.3000000000000003,7.2,164222.54437263068,2.11,2.7,1.48,1.36,2.14,294,6.94,5.4,13.51
2026-03-25 15:00:00+00:00,2.47,7.32,152840.19438120807,2.31,2.87,1.99,1.47,2.31,291,6.390000000000001,5.43,14.05
2026-03-25 15:30:00+00:00,2.5500000000000003,7.16,171003.2732735415,2.31,2.94,2.01,1.48,2.34,291,7.71,5.46,13.08
2026-03-25 16:00:00+00:00,2.84,7.42,170709.43564920273,2.67,3.29,2.01,1.67,2.66,275,7.5,5.73,13.53
2026-03-25 16:30:00+00:00,2.79,7.34,172123.4766083027,2.5500000000000003,3.22,2.03,1.65,2.61,279,6.54,5.69,12.55
2026-03-25 17:00:00+00:00,3.08,7.54,155656.65497081872,3.02,3.85,2.13,1.87,3.0,262,6.98,6.0200000000000005,13.25
2026-03-25 17:30:00+00:00,3.04,7.74,156622.95124780983,2.86,3.54,2.41,1.79,2.84,267,7.9,5.91,12.81
2026-03-25 18:00:00+00:00,2.77,7.71,163362.48107216042,2.61,3.29,2.96,1.63,2.61,265,8.15,5.99,13.04
2026-03-25 18:30:00+00:00,2.79,8.2,167476.15475531487,2.64,3.24,2.99,1.67,2.65,255,7.930000000000001,6.2,13.44
2026-03-25 19:00:00+00:00,2.61,7.84,168133.29771165716,2.45,3.1,2.51,1.57,2.48,265,7.66,5.99,12.74
2026-03-25 19:30:00+00:00,2.7,8.22,161933.9548870588,2.6,3.17,1.75,1.62,2.58,248,8.44,6.390000000000001,14.99
2026-03-25 20:00:00+00:00,2.56,8.4,168677.19704266987,2.42,3.0,2.72,1.53,2.44,244,7.6,6.5,13.72
2026-03-25 20:30:00+00:00,2.6,8.36,161496.9335748252,2.41,3.0500000000000003,2.33,1.5,2.41,250,8.47,6.3,14.49
2026-03-25 21:00:00+00:00,2.53,8.51,179727.34000740803,2.4,2.98,1.76,1.49,2.39,244,8.69,6.49,14.37
2026-03-25 21:30:00+00:00,2.6,9.19,174895.01864245188,2.47,3.23,2.04,1.53,2.47,227,11.15,6.99,14.59
2026-03-25 22:00:00+00:00,2.94,9.13,178662.0409205584,2.78,3.36,2.18,1.8,2.83,223,9.84,7.08,14.68
2026-03-25 22:30:00+00:00,2.92,9.13,170611.81912513298,2.69,3.3000000000000003,2.05,1.7,2.7,227,8.45,6.95,14.8
2026-03-25 23:00:00+00:00,2.97,9.11,158029.81988008702,2.82,3.51,1.61,1.78,2.82,217,9.04,7.3,13.53
2026-03-25 23:30:00+00:00,2.95,9.24,163465.0962959573,2.77,3.5700000000000003,2.36,1.66,2.71,234,10.11,6.76,14.34
2026-03-26 00:00:00+00:00,2.9,9.71,,2.74,3.37,2.99,1.71,2.75,212,10.75,7.48,15.17
2026-03-26 00:30:00+00:00,2.98,9.05,163289.78606871192,2.89,3.61,1.93,1.75,2.83,225,10.09,7.03,14.61
2026-03-26 01:00:00+00:00,2.5,8.94,160256.5303222862,2.37,3.0500000000000003,1.37,1.49,2.39,231,8.370000000000001,6.8500000000000005,14.0
2026-03-26 01:30:00+00:00,2.66,8.76,168415.88284371878,2.51,3.11,1.82,1.57,2.5,231,9.19,6.83,13.79
2026-03-26 02:00:00+00:00,2.78,9.17,169719.45050988442,2.69,3.28,1.44,1.73,2.71,209,8.22,7.52,15.32
2026-03-26 02:30:00+00:00,2.75,9.58,166711.82567049333,2.63,3.19,2.56,1.66,2.64,208,9.7,7.62,15.22
2026-03-26 03:00:00+00:00,2.72,9.52,165029.47825460942,2.6,3.38,2.66,1.55,2.5500000000000003,220,10.01,7.17,16.07
2026-03-26 03:30:00+00:00,2.81,9.5,157543.98718464715,2.63,3.3000000000000003,1.38,1.63,2.61,216,9.61,7.35,15.78
2026-03-26 04:00:00+00:00,2.54,9.49,164036.75905024126,2.37,3.02,2.21,1.45,2.34,225,9.3,7.03,14.0
2026-03-26 04:30:00+00:00,2.87,9.71,164449.25093817382,2.71,3.28,1.9,1.69,2.7,206,9.3,7.69,15.08
2026-03-26 05:00:00+00:00,2.77,9.45,166269.242258275,2.62,3.23,1.47,1.67,2.64,210,9.39,7.56,15.4
2026-03-26 05:30:00+00:00,2.86,9.72,162767.11218790838,2.72,3.46,1.57,1.65,2.68,216,12.1,7.31,15.49
2026-03-26 06:00:00+00:00,2.99,9.78,175038.72626132207,2.88,3.61,2.31,1.79,2.88,209,9.96,7.6,14.31
2026-03-26 06:30:00+00:00,2.83,10.01,164940.59826799048,2.71,3.36,1.25,1.71,2.72,198,11.63,7.97,15.68
2026-03-26 07:00:00+00:00,2.75,9.78,167817.73231197303,2.62,3.22,2.04,1.65,2.62,208,9.67,7.62,14.01
2026-03-26 07:30:00+00:00,2.71,9.81,172181.5216814994,2.52,3.19,1.92,1.52,2.47,224,10.71,7.05,14.79
2026-03-26 08:00:00+00:00,2.86,10.01,166940.6226607991,2.66,3.29,1.53,1.6,2.59,223,12.08,7.12,14.84
2026-03-26 08:30:00+00:00,2.48,9.84,165248.54130574586,2.27,2.94,1.95,1.41,2.25,227,8.59,7.0,15.22
2026-03-26 09:00:00+00:00,2.68,10.07,156692.6553066478,2.62,3.25,2.36,1.59,2.58,209,10.34,7.56,15.54
2026-03-26 09:30:00+00:00,2.73,9.73,146519.24164294513,2.6,3.29,1.46,1.64,2.61,209,9.15,7.57,15.1
2026-03-26 10:00:00+00:00,2.56,9.87,137837.58695619917,2.39,2.88,1.34,1.48,2.37,215,7.81,7.35,16.16
2026-03-26 10:30:00+00:00,2.61,9.94,138144.87570149367,2.45,3.23,1.6,1.52,2.44,207,12.25,7.65,15.29
2026-03-26 11:00:00+00:00,2.66,10.06,140455.76453047022,2.52,3.29,1.92,1.54,2.49,212,11.39,7.4,15.6
2026-03-26 11:30:00+00:00,2.56,10.29,137169.5990967994,2.39,2.89,2.72,1.48,2.38,203,11.06,7.77,14.48
2026-03-26 12:00:00+00:00,2.57,9.92,131896.81006237745,2.43,2.98,1.78,1.52,2.43,205,13.08,7.71,16.87
2026-03-26 12:30:00+00:00,2.37,9.75,141003.1717122939,2.19,2.77,2.1,1.35,2.17,225,11.77,7.01,14.41
2026-03-26 13:00:00+00:00,2.18,9.2,137525.99039486985,2.02,2.47,1.54,1.27,2.02,241,11.37,6.55,13.85
2026-03-26 13:30:00+00:00,2.52,10.17,123723.19253132337,2.38,2.99,1.87,1.47,2.36,216,10.03,7.33,15.18
2026-03-26 14:00:00+00:00,2.58,9.92,118146.50798865629,2.48,3.12,1.7,1.48,2.42,219,11.84,7.18,15.68
2026-03-26 14:30:00+00:00,2.38,9.33,125087.38170643228,2.24,2.75,1.91,1.41,2.24,237,9.57,6.7,13.82
2026-03-26 15:00:00+00:00,2.39,9.03,127349.38399069036,2.23,2.85,1.86,1.4,2.23,240,8.61,6.58,16.64
2026-03-26 15:30:00+00:00,2.47,9.24,128746.0067753848,2.3000000000000003,2.88,1.64,1.41,2.27,240,12.11,6.58,14.67
2026-03-26 16:00:00+00:00,2.61,9.58,131423.23750220012,2.5,3.11,1.83,1.56,2.49,225,10.73,7.04,15.09
2026-03-26 16:30:00+00:00,2.63,9.48,131906.18653595398,2.5,3.0500000000000003,3.16,1.57,2.49,227,11.66,6.94,14.43
2026-03-26 17:00:00+00:00,2.43,9.14,133133.51322607853,2.32,2.87,2.01,1.44,2.3000000000000003,240,10.55,6.61,13.84
2026-03-26 17:30:00+00:00,2.51,9.32,134320.81807507528,2.39,2.94,1.92,1.45,2.35,237,11.72,6.69,14.74
2026-03-26 18:00:00+00:00,2.76,8.99,128757.31375292627,2.58,3.22,1.7,1.59,2.5500000000000003,242,7.28,6.5200000000000005,15.44
2026-03-26 18:30:00+00:00,2.47,9.17,125450.33310326966,2.29,2.77,2.34,1.41,2.26,244,8.47,6.44,13.98
2026-03-26 19:00:00+00:00,2.75,9.02,130025.6654007771,2.57,3.14,1.76,1.66,2.6,227,9.14,6.98,13.76
2026-03-26 19:30:00+00:00,2.68,9.27,135193.4355449037,2.51,3.15,2.66,1.62,2.56,221,10.57,7.16,16.6
2026-03-26 20:00:00+00:00,2.75,9.22,143111.9783236435,2.65,3.17,1.67,1.72,2.69,210,9.34,7.51,14.15
2026-03-26 20:30:00+00:00,2.33,8.97,153224.13725087274,2.19,2.73,1.84,1.38,2.2,233,11.25,6.79,14.09
2026-03-26 21:00:00+00:00,2.66,9.5,164449.92731161296,2.49,3.14,2.25,1.53,2.46,217,9.93,7.22,15.48
2026-03-26 21:30:00+00:00,2.53,9.65,163422.6634257065,2.5,3.11,1.74,1.49,2.42,220,9.97,7.16,15.47
2026-03-26 22:00:00+00:00,2.44,9.36,149666.21986986915,2.34,2.97,1.37,1.46,2.33,217,8.63,7.3,15.16
2026-03-26 22:30:00+00:00,2.4,9.36,150248.39583786373,2.25,2.77,1.56,1.45,2.28,221,11.35,7.13,16.7
2026-03-26 23:00:00+00:00,2.5,9.78,171209.8217535136,2.29,2.9,2.98,1.46,2.32,216,11.39,7.31,15.97
2026-03-26 23:30:00+00:00,2.62,10.2,162599.30534959977,2.47,2.94,1.69,1.54,2.45,200,10.59,7.9,15.94
2026-03-27 00:00:00+00:00,2.54,9.77,152601.88046822697,2.42,2.94,1.68,1.51,2.41,204,10.62,7.78,15.94
2026-03-27 00:30:00+00:00,2.41,9.84,163192.25139568883,2.28,2.87,1.71,1.41,2.28,207,8.67,7.62,14.12
2026-03-27 01:00:00+00:00,2.33,9.73,155809.202873104,2.2,2.74,1.52,1.4,2.21,215,11.29,7.36,15.18
2026-03-27 01:30:00+00:00,2.2,9.63,179255.57655440897,2.03,2.57,2.28,1.29,2.05,216,9.28,7.31,14.5
2026-03-27 02:00:00+00:00,2.26,9.74,169974.33149813948,2.14,2.56,1.1,1.41,2.2,197,11.83,8.02,15.52
2026-03-27 02:30:00+00:00,2.08,9.91,175400.27508242716,1.93,2.37,1.28,1.24,1.95,212,12.25,7.47,15.43
2026-03-27 03:00:00+00:00,2.11,9.91,175275.51684372505,2.02,2.6,1.43,1.27,2.03,204,11.51,7.78,16.17
2026-03-27 03:30:00+00:00,2.09,9.69,147622.82219991286,2.0,2.41,1.77,1.28,2.01,212,11.18,7.46,14.63
2026-03-27 04:00:00+00:00,2.13,10.07,156395.8554704875,2.06,2.49,1.96,1.29,2.04,200,11.11,7.930000000000001,16.43
2026-03-27 04:30:00+00:00,2.18,10.14,158212.87786600637,2.04,2.58,1.84,1.28,2.04,209,9.73,7.56,14.98
2026-03-27 05:00:00+00:00,2.27,9.99,157603.54112216216,2.17,2.77,0.91,1.37,2.18,198,9.11,8.0,15.88
2026-03-27 05:30:00+00:00,2.1,9.74,163518.02715375557,2.01,2.53,1.19,1.22,1.97,217,10.22,7.3,13.59
2026-03-27 06:00:00+00:00,2.0,9.54,167657.7137658813,1.82,2.25,1.81,1.16,1.84,216,9.67,7.29,15.65
2026-03-27 06:30:00+00:00,2.07,9.7,149825.59098992616,1.96,2.35,1.14,1.26,1.99,209,10.03,7.6,15.26
2026-03-27 07:00:00+00:00,1.96,9.17,168132.75534693498,1.82,2.21,1.1,1.14,1.81,222,7.62,7.09,13.91
2026-03-27 07:30:00+00:00,2.02,9.32,169067.8870583138,1.95,2.43,1.14,1.21,1.95,214,9.42,7.4,15.45
2026-03-27 08:00:00+00:00,2.06,9.82,155080.2543594078,2.0,2.47,1.16,1.25,2.0,204,10.99,7.79,14.35
2026-03-27 08:30:00+00:00,2.03,9.88,156781.23281902197,1.91,2.41,1.14,1.17,1.88,217,10.19,7.32,15.33
2026-03-27 09:00:00+00:00,2.07,9.75,153985.1821838939,1.99,2.47,1.29,1.26,1.99,203,10.21,7.75,15.17
2026-03-27 09:30:00+00:00,1.94,9.93,167072.54262756836,1.82,2.38,1.12,1.14,1.82,207,11.09,7.62,14.66
2026-03-27 10:00:00+00:00,2.04,10.35,162176.94646063203,1.96,2.42,1.03,1.19,1.93,198,11.87,8.01,15.11
2026-03-27 10:30:00+00:00,1.94,9.99,166164.73658111392,1.86,2.32,1.22,1.15,1.84,201,11.22,7.87,15.01
2026-03-27 11:00:00+00:00,1.85,9.81,163153.16339770707,1.78,2.17,1.54,1.11,1.77,207,12.74,7.65,15.32
2026-03-27 11:30:00+00:00,1.92,9.84,171244.02545025607,1.86,2.3000000000000003,1.16,1.16,1.86,203,8.33,7.76,16.45
2026-03-27 12:00:00+00:00,1.75,9.64,163112.79476034798,1.62,1.94,1.13,1.01,1.61,226,11.06,7.0,14.13
2026-03-27 12:30:00+00:00,1.84,9.67,170125.76322244643,1.73,2.27,1.53,1.03,1.7,237,10.81,6.69,14.99
2026-03-27 13:00:00+00:00,1.79,9.7,158714.08335048324,1.67,2.12,1.23,1.02,1.65,232,11.62,6.83,16.92
2026-03-27 13:30:00+00:00,1.8,9.52,152875.40049837294,1.71,2.15,1.91,1.02,1.66,242,11.43,6.5,13.38
2026-03-27 14:00:00+00:00,1.69,9.04,153164.1075609438,1.52,1.95,1.89,0.93,1.5,269,10.71,5.89,15.13
2026-03-27 14:30:00+00:00,1.72,9.21,153625.28086900277,1.62,2.07,0.8300000000000001,0.95,1.57,260,8.69,6.11,13.9
2026-03-27 15:00:00+00:00,1.81,9.55,143764.7889333218,1.69,2.03,0.85,1.04,1.68,235,10.01,6.74,14.52
2026-03-27 15:30:00+00:00,1.6,9.16,134770.4004388619,1.56,1.92,1.29,0.92,1.51,261,8.59,6.07,14.73
2026-03-27 16:00:00+00:00,1.63,9.14,142193.30875461578,1.52,1.94,1.54,0.92,1.49,257,9.19,6.17,13.55
2026-03-27 16:30:00+00:00,1.7,9.18,128175.38096571201,1.62,2.06,1.34,1.01,1.61,241,10.89,6.5600000000000005,13.71
2026-03-27 17:00:00+00:00,1.59,8.950000000000001,141493.3883588753,1.42,1.75,1.58,0.89,1.42,272,11.41,5.83,13.95
2026-03-27 17:30:00+00:00,1.57,9.07,147209.98651697134,1.5,2.0,1.57,0.9,1.48,257,10.49,6.16,13.85
2026-03-27 18:00:00+00:00,1.58,9.32,159547.49227875358,1.5,1.86,1.62,0.92,1.48,238,9.0,6.63,14.3
2026-03-27 18:30:00+00:00,1.52,8.57,154715.72185436572,1.39,1.81,1.24,0.87,1.4,259,10.51,6.12,13.34
2026-03-27 19:00:00+00:00,1.6,8.52,138851.2136720851,1.46,1.79,1.46,0.89,1.44,282,10.13,5.62,13.3
2026-03-27 19:30:00+00:00,1.7,8.47,136824.50262005418,1.55,1.92,1.65,0.97,1.55,288,10.48,5.49,13.62
2026-03-27 20:00:00+00:00,1.75,7.78,157554.96255550985,1.62,2.04,1.93,1.01,1.62,300,8.44,5.28,13.12
2026-03-27 20:30:00+00:00,1.9,7.85,149173.84525070168,1.75,2.27,1.48,1.11,1.76,286,10.01,5.55,13.38
2026-03-27 21:00:00+00:00,1.91,7.76,145199.76477196757,1.73,2.1,1.53,1.09,1.73,297,7.2,5.32,12.97
2026-03-27 21:30:00+00:00,2.06,7.9,155454.54944730722,1.91,2.23,1.67,1.22,1.92,275,8.77,5.78,13.37
2026-03-27 22:00:00+00:00,2.01,7.85,155646.53503641856,1.88,2.35,1.6,1.2,1.9,281,6.93,5.64,14.48
2026-03-27 22:30:00+00:00,2.16,7.84,164748.69071977303,2.01,2.54,1.56,1.29,2.04,277,9.2,5.72,14.53
2026-03-27 23:00:00+00:00,2.17,7.68,152545.36281526706,2.07,2.67,1.68,1.26,2.05,286,6.98,5.54,13.32
2026-03-27 23:30:00+00:00,2.05,8.06,149491.38834939786,1.9,2.38,1.55,1.2,1.91,274,8.52,5.78,12.77
2026-03-28 00:00:00+00:00,2.07,7.91,155590.2905711944,1.92,2.43,1.9,1.21,1.93,283,7.42,5.61,15.04
2026-03-28 00:30:00+00:00,1.89,7.99,157606.56466301324,1.78,2.26,1.4,1.1,1.77,290,7.86,5.44,12.32
2026-03-28 01:00:00+00:00,1.98,8.16,161400.2620875308,1.75,2.21,1.77,1.1,1.76,293,6.55,5.42,13.65
2026-03-28 01:30:00+00:00,1.89,8.49,163244.32330735258,1.77,2.3000000000000003,2.36,1.08,1.75,280,5.51,5.66,16.1
2026-03-28 02:00:00+00:00,1.98,9.09,173641.92527900185,1.84,2.33,2.11,1.15,1.84,252,6.0600000000000005,6.29,20.7
2026-03-28 02:30:00+00:00,1.97,9.08,172597.12628320468,1.79,2.22,1.24,1.16,1.83,253,8.25,6.2700000000000005,14.84
2026-03-28 03:00:00+00:00,1.8,8.93,169678.0904173072,1.64,2.09,1.73,1.03,1.64,276,7.03,5.71,15.7
2026-03-28 03:30:00+00:00,1.81,8.84,166548.174151257,1.66,2.11,1.53,1.07,1.68,262,7.75,6.05,13.77
2026-03-28 04:00:00+00:00,1.91,9.35,159088.11352294785,1.7,2.1,2.18,1.1,1.73,263,12.08,6.04,14.18
2026-03-28 04:30:00+00:00,2.0,9.5,161143.7411347116,1.88,2.36,2.38,1.17,1.87,254,9.56,6.23,16.490000000000002
2026-03-28 05:00:00+00:00,1.94,9.73,150022.51706493346,1.77,2.25,2.17,1.13,1.79,247,7.49,6.42,18.89
2026-03-28 05:30:00+00:00,1.8,9.32,158316.5231672308,1.64,2.07,1.08,1.07,1.67,247,6.79,6.42,15.79
2026-03-28 06:00:00+00:00,1.94,10.01,157527.15190128185,1.73,2.15,1.85,1.15,1.79,239,8.21,6.65,18.99
2026-03-28 06:30:00+00:00,1.89,10.01,165980.68994533058,1.74,2.15,1.78,1.12,1.76,231,8.33,6.84,18.73
2026-03-28 07:00:00+00:00,1.82,10.21,152617.38815144027,1.62,2.03,1.55,1.03,1.63,243,6.37,6.5,17.580000000000002
2026-03-28 07:30:00+00:00,1.94,10.87,159427.13297073956,1.82,2.29,1.48,1.14,1.81,224,8.01,7.07,19.52
2026-03-28 08:00:00+00:00,1.96,11.09,147326.7969182918,1.73,2.16,2.5,1.13,1.77,228,13.66,6.9,19.94
2026-03-28 08:30:00+00:00,1.81,9.31,143712.37893133523,1.66,2.11,2.02,1.04,1.66,259,11.39,6.12,15.76
2026-03-28 09:00:00+00:00,1.94,10.39,149393.052357961,1.81,2.21,1.91,1.16,1.82,225,12.31,7.0,18.16
2026-03-28 09:30:00+00:00,2.02,11.4,159807.37542629417,1.82,2.27,1.33,1.16,1.84,221,15.0,7.08,20.45
2026-03-28 10:00:00+00:00,2.08,11.46,166917.02952603914,1.86,2.32,1.72,1.15,1.84,218,18.3,7.27,18.85
2026-03-28 10:30:00+00:00,2.06,11.32,166918.17236611844,1.84,2.23,2.21,1.15,1.82,229,10.19,6.88,17.75
2026-03-28 11:00:00+00:00,2.01,11.01,153910.87769218738,1.82,2.18,1.87,1.15,1.82,222,7.11,7.1000000000000005,19.93
2026-03-28 11:30:00+00:00,2.04,11.39,143695.61645231638,1.92,2.46,2.16,1.18,1.9,212,13.9,7.46,18.5
2026-03-28 12:00:00+00:00,2.19,12.86,142408.76746970517,1.89,2.4,1.62,1.14,1.85,211,13.57,7.41,20.6
2026-03-28 12:30:00+00:00,2.09,12.58,167283.79465781592,1.94,2.42,1.36,1.14,1.86,198,15.22,7.96,19.2
2026-03-28 13:00:00+00:00,1.98,12.36,172514.27445328556,1.73,2.32,2.36,1.04,1.7,221,16.490000000000002,7.15,19.35
2026-03-28 13:30:00+00:00,1.93,12.31,160074.79450791786,1.72,2.2,2.03,1.04,1.69,219,17.62,7.22,18.28
2026-03-28 14:00:00+00:00,2.06,12.46,172410.21808050995,1.86,2.32,2.04,1.08,1.78,223,14.1,7.0600000000000005,17.5
2026-03-28 14:30:00+00:00,1.94,11.53,167701.32036417446,1.7,2.2,2.5,1.05,1.68,250,9.49,6.3100000000000005,17.32
2026-03-28 15:00:00+00:00,2.15,11.11,162123.61376344055,1.91,2.42,2.66,1.19,1.9,256,14.26,6.19,17.38
2026-03-28 15:30:00+00:00,2.34,11.47,164270.44357020268,2.1,2.69,1.74,1.29,2.08,241,13.91,6.58,18.07
2026-03-28 16:00:00+00:00,2.26,10.71,156986.6490030971,1.97,2.42,1.82,1.24,1.97,262,15.71,6.0600000000000005,16.78
2026-03-28 16:30:00+00:00,2.18,10.63,153535.6299176906,1.92,2.5,1.87,1.19,1.92,265,14.48,5.93,16.69
2026-03-28 17:00:00+00:00,2.37,10.64,152219.75811218945,2.06,2.59,2.31,1.32,2.08,263,12.91,6.01,15.96
2026-03-28 17:30:00+00:00,2.56,10.78,151590.9745687726,2.28,2.92,1.98,1.45,2.3000000000000003,247,14.9,6.42,16.78
2026-03-28 18:00:00+00:00,2.6,9.45,149821.86421033597,2.3000000000000003,2.83,2.35,1.53,2.37,257,12.64,6.15,16.080000000000002
2026-03-28 18:30:00+00:00,2.73,9.55,167779.60381831057,2.53,3.14,2.38,1.64,2.57,243,15.1,6.51,17.05
2026-03-28 19:00:00+00:00,2.94,10.18,154106.46240825436,2.6,3.18,2.45,1.67,2.63,235,13.37,6.75,17.22
2026-03-28 19:30:00+00:00,2.8000000000000003,9.44,149656.1558654949,2.5500000000000003,3.06,1.69,1.59,2.54,249,10.48,6.3500000000000005,17.26
2026-03-28 20:00:00+00:00,2.85,9.88,171099.7217688164,2.59,3.22,3.44,1.62,2.59,236,7.62,6.68,16.77
2026-03-28 20:30:00+00:00,2.82,9.77,158817.67875368483,2.57,3.03,2.65,1.67,2.6,232,7.11,6.79,15.05
2026-03-28 21:00:00+00:00,2.83,10.1,164779.47362604126,2.63,3.35,2.67,1.63,2.62,230,10.86,6.890000000000001,16.61
2026-03-28 21:30:00+00:00,2.84,9.9,189762.20009116645,2.57,3.2,1.53,1.58,2.54,235,8.03,6.73,18.51
2026-03-28 22:00:00+00:00,2.87,10.46,170529.33063127927,2.63,3.39,2.4,1.63,2.62,226,13.64,7.03,16.41
2026-03-28 22:30:00+00:00,2.8000000000000003,10.15,175674.165188516,2.53,3.15,1.44,1.6,2.53,227,10.17,6.96,18.32
2026-03-28 23:00:00+00:00,2.62,10.24,170098.88955278986,2.39,2.85,1.9,1.56,2.42,214,11.97,7.390000000000001,17.740000000000002
2026-03-28 23:30:00+00:00,2.72,11.15,168854.46622243337,2.47,3.31,2.22,1.51,2.45,211,13.41,7.51,17.78
2026-03-29 00:00:00+00:00,2.46,10.87,166372.74467117523,2.37,3.14,3.17,1.41,2.32,224,11.11,7.07,17.37
2026-03-29 00:30:00+00:00,2.71,10.77,162921.30895751287,2.52,3.21,1.89,1.56,2.51,213,11.53,7.4,17.57
2026-03-29 01:00:00+00:00,2.67,10.99,165889.3368560339,2.45,3.12,2.04,1.48,2.41,211,10.21,7.46,16.9
2026-03-29 01:30:00+00:00,2.45,10.3,172183.12846364107,2.33,2.77,2.64,1.42,2.28,220,11.95,7.21,16.12
2026-03-29 02:00:00+00:00,2.56,10.58,171783.3756778159,2.31,2.94,2.62,1.41,2.28,225,10.0,7.01,16.31
2026-03-29 02:30:00+00:00,2.52,10.83,158371.9470157272,2.36,2.74,1.5,1.51,2.38,195,12.48,8.07,17.84
2026-03-29 03:00:00+00:00,2.4,10.47,163895.31980053554,2.2,2.64,1.62,1.39,2.2,215,10.7,7.36,17.42
2026-03-29 03:30:00+00:00,2.46,10.58,173992.37102279326,2.33,2.94,1.27,1.46,2.33,208,13.71,7.6,17.04
2026-03-29 04:00:00+00:00,2.48,11.06,169256.01068962115,2.32,2.97,2.83,1.39,2.27,204,9.46,7.76,15.22
2026-03-29 04:30:00+00:00,2.41,10.72,207232.7409292326,2.27,2.86,1.5,1.45,2.3000000000000003,202,13.71,7.85,16.81
2026-03-29 05:00:00+00:00,2.59,11.37,187381.22324040683,2.5,3.09,1.33,1.5,2.44,199,13.1,7.98,16.54
2026-03-29 05:30:00+00:00,2.7,11.18,170320.95866192,2.54,3.23,1.98,1.55,2.5,200,9.88,7.9,16.78
2026-03-29 06:00:00+00:00,2.46,11.03,170779.75705730403,2.28,2.73,2.34,1.43,2.28,201,12.4,7.87,16.6
2026-03-29 06:30:00+00:00,2.5,11.32,169819.41296312856,2.38,3.0500000000000003,2.17,1.44,2.34,194,11.83,8.15,18.19
2026-03-29 07:00:00+00:00,2.59,11.35,169743.42765428603,2.47,3.0700000000000003,2.2,1.52,2.44,195,13.88,8.1,17.29
2026-03-29 07:30:00+00:00,2.47,11.05,182949.86751111352,2.28,2.94,1.82,1.39,2.24,208,14.05,7.59,15.58
2026-03-29 08:00:00+00:00,2.47,11.2,163909.5277784282,2.25,2.89,1.5,1.45,2.29,193,11.57,8.16,16.27
2026-03-29 08:30:00+00:00,2.51,11.34,174041.64217395984,2.33,2.91,1.83,1.43,2.31,198,12.18,7.95,17.42
2026-03-29 09:00:00+00:00,2.39,11.08,178597.9304422529,2.28,2.86,2.36,1.39,2.25,199,13.06,7.98,17.38
2026-03-29 09:30:00+00:00,2.56,11.56,158603.9578595492,2.33,2.91,2.05,1.4,2.27,202,13.8,7.82,16.86
2026-03-29 10:00:00+00:00,2.3000000000000003,11.41,163501.15237157134,2.19,2.82,2.11,1.3,2.13,199,10.45,7.890000000000001,17.240000000000002
2026-03-29 10:30:00+00:00,2.37,11.14,171487.33790430383,2.26,2.74,1.26,1.4,2.25,197,12.34,7.94,17.09
2026-03-29 11:00:00+00:00,2.18,10.67,158907.34336443697,2.11,2.66,1.88,1.3,2.08,216,13.35,7.33,16.8
2026-03-29 11:30:00+00:00,2.37,10.46,156531.5437214826,2.08,2.59,2.84,1.28,2.05,238,9.43,6.65,15.22
2026-03-29 12:00:00+00:00,2.36,10.77,147792.2276355884,2.08,2.77,3.6,1.28,2.06,237,13.86,6.67,15.73
2026-03-29 12:30:00+00:00,2.51,10.56,154283.58662053125,2.24,2.93,2.18,1.39,2.24,240,13.12,6.61,16.91
2026-03-29 13:00:00+00:00,2.66,10.57,160574.0252736211,2.35,3.04,1.91,1.4,2.28,254,12.34,6.19,17.38
2026-03-29 13:30:00+00:00,2.57,9.94,158292.53911336354,2.37,2.97,1.18,1.44,2.33,252,13.4,6.3,16.91
2026-03-29 14:00:00+00:00,2.59,10.27,148933.56850969998,2.31,2.98,2.5500000000000003,1.42,2.29,252,10.14,6.2700000000000005,16.6
2026-03-29 14:30:00+00:00,2.63,10.54,157128.37880532953,2.3000000000000003,2.91,2.09,1.46,2.32,238,12.29,6.65,15.39
2026-03-29 15:00:00+00:00,2.67,10.43,131459.97719952223,2.43,3.0700000000000003,3.0,1.54,2.44,237,10.66,6.65,16.46
2026-03-29 15:30:00+00:00,2.5500000000000003,10.18,121561.3048853953,2.23,2.81,2.08,1.39,2.22,259,12.27,6.11,16.72
2026-03-29 16:00:00+00:00,2.65,10.17,137597.87171649284,2.3000000000000003,2.91,1.56,1.46,2.3000000000000003,252,13.49,6.3,15.38
2026-03-29 16:30:00+00:00,2.59,9.56,139435.87461829718,2.32,2.96,3.16,1.43,2.3000000000000003,269,6.69,5.88,15.39
2026-03-29 17:00:00+00:00,2.47,9.33,132934.55427865486,2.26,2.81,2.61,1.43,2.26,255,12.86,6.22,16.240000000000002
2026-03-29 17:30:00+00:00,2.58,9.84,135864.60072403876,2.4,3.04,2.39,1.47,2.37,253,12.31,6.24,16.35
2026-03-29 18:00:00+00:00,2.72,10.3,144222.7495876096,2.47,3.3000000000000003,3.01,1.52,2.46,244,14.08,6.46,16.11
2026-03-29 18:30:00+00:00,2.63,10.26,132168.85600864864,2.39,3.01,3.2,1.49,2.37,243,12.77,6.5200000000000005,15.83
2026-03-29 19:00:00+00:00,2.61,9.56,131596.4147922789,2.37,3.1,1.36,1.45,2.34,257,12.79,6.17,16.02
2026-03-29 19:30:00+00:00,2.6,9.69,138371.93834926418,2.33,2.93,2.72,1.47,2.35,249,10.9,6.3500000000000005,15.31
2026-03-29 20:00:00+00:00,2.52,9.89,150707.4351832866,2.27,2.86,3.12,1.48,2.33,237,10.4,6.65,15.63
2026-03-29 20:30:00+00:00,2.29,9.39,177547.7777815682,2.06,2.66,2.98,1.25,2.03,258,12.75,6.11,15.5
2026-03-29 21:00:00+00:00,2.43,10.02,169014.49016712082,2.25,2.85,3.56,1.39,2.23,241,14.95,6.58,15.47
2026-03-29 21:30:00+00:00,2.39,9.52,157443.1057438128,2.21,2.69,1.5,1.39,2.21,248,11.92,6.38,15.78
2026-03-29 22:00:00+00:00,2.51,9.85,152718.53254271043,2.28,2.91,1.85,1.39,2.25,240,12.87,6.59,15.31
2026-03-29 22:30:00+00:00,2.56,9.52,148036.26082116278,2.41,3.04,1.39,1.5,2.4,229,10.24,6.93,15.09
2026-03-29 23:00:00+00:00,2.47,8.89,178850.94731600457,2.35,2.94,1.28,1.46,2.34,245,8.3,6.46,14.92
2026-03-29 23:30:00+00:00,2.5,9.57,171736.05309593288,2.35,2.87,1.96,1.5,2.36,216,9.13,7.35,15.07
2026-03-30 00:00:00+00:00,2.36,9.09,176267.59252474477,2.21,2.75,2.5,1.39,2.22,238,10.78,6.63,14.56
2026-03-30 00:30:00+00:00,2.29,9.29,165776.34980844462,2.1,2.64,2.27,1.32,2.1,245,11.08,6.45,13.69
2026-03-30 01:00:00+00:00,2.24,9.35,174504.02912103533,2.07,2.56,1.82,1.33,2.09,231,11.89,6.86,14.81
2026-03-30 01:30:00+00:00,2.21,9.52,164100.28595364827,1.99,2.51,2.27,1.22,1.98,252,13.41,6.2700000000000005,15.25
2026-03-30 02:00:00+00:00,2.14,9.27,160600.29380401288,2.01,2.63,1.18,1.21,1.97,251,8.84,6.3,15.76
2026-03-30 02:30:00+00:00,2.08,9.43,150394.88994631762,1.89,2.28,1.86,1.23,1.92,229,10.84,6.93,15.13
2026-03-30 03:00:00+00:00,2.12,9.05,152947.26816274459,1.98,2.5,1.56,1.23,1.96,243,10.11,6.51,14.67
2026-03-30 03:30:00+00:00,1.94,8.92,163826.27519385517,1.85,2.37,1.65,1.16,1.85,241,9.33,6.58,15.14
2026-03-30 04:00:00+00:00,1.92,8.98,138501.2883554719,1.74,2.14,1.76,1.12,1.76,241,8.67,6.5600000000000005,13.94
2026-03-30 04:30:00+00:00,1.88,8.93,158892.32426863423,1.71,2.17,1.64,1.07,1.71,249,9.25,6.36,14.43
2026-03-30 05:00:00+00:00,1.82,8.9,157901.21680083263,1.74,2.15,1.19,1.07,1.72,242,11.48,6.51,14.05
2026-03-30 05:30:00+00:00,1.85,9.14,157808.2291377728,1.71,2.13,1.3,1.07,1.7,241,11.19,6.59,15.73
2026-03-30 06:00:00+00:00,1.71,9.27,155165.52722593176,1.57,1.97,1.83,0.98,1.56,242,10.24,6.55,14.81
2026-03-30 06:30:00+00:00,1.69,8.55,152209.521871693,1.59,1.95,1.43,0.99,1.59,254,9.29,6.23,13.7
2026-03-30 07:00:00+00:00,1.64,9.01,158400.76435232454,1.55,1.97,1.42,0.96,1.54,246,7.77,6.45,13.81
2026-03-30 07:30:00+00:00,1.71,9.35,166718.90229136942,1.53,2.0,1.5,0.98,1.56,242,7.0200000000000005,6.53,15.07
2026-03-30 08:00:00+00:00,1.59,9.29,155379.30842074865,1.5,1.86,1.9,0.95,1.51,228,10.27,6.93,13.47
2026-03-30 08:30:00+00:00,1.61,9.17,157548.65025152307,1.48,1.9,1.78,0.93,1.49,240,9.91,6.61,16.27
2026-03-30 09:00:00+00:00,1.72,9.54,164138.37445098418,1.6,2.07,1.71,1.01,1.61,228,9.98,6.91,13.72
2026-03-30 09:30:00+00:00,1.6,9.54,157451.4673192776,1.56,1.94,1.52,0.92,1.5,236,10.59,6.69,14.91
2026-03-30 10:00:00+00:00,1.58,9.14,164750.11327777064,1.47,1.86,1.1,0.94,1.49,227,10.73,6.93,13.85
2026-03-30 10:30:00+00:00,1.59,9.21,167095.11799851057,1.5,1.87,1.31,0.92,1.48,242,10.37,6.55,14.62
2026-03-30 11:00:00+00:00,1.59,9.38,173255.26237466538,1.5,1.95,1.27,0.92,1.49,239,9.67,6.63,17.240000000000002
2026-03-30 11:30:00+00:00,1.56,9.04,150505.54446290302,1.45,1.82,1.49,0.9,1.44,258,12.85,6.12,15.04
2026-03-30 12:00:00+00:00,1.6,9.15,145297.48653182847,1.45,1.83,0.81,0.93,1.47,256,7.85,6.19,15.05
2026-03-30 12:30:00+00:00,1.55,8.52,173304.2787418699,1.44,1.79,1.37,0.9,1.43,283,11.06,5.61,14.18
2026-03-30 13:00:00+00:00,1.62,8.86,170227.07381809357,1.5,1.89,1.4,0.93,1.48,270,10.14,5.8500000000000005,14.11
2026-03-30 13:30:00+00:00,1.69,8.8,180282.72899534027,1.55,1.92,1.18,0.95,1.53,278,12.49,5.68,13.97
2026-03-30 14:00:00+00:00,1.68,8.3,169435.86409154025,1.55,1.95,1.5,0.99,1.57,290,9.63,5.47,13.87
2026-03-30 14:30:00+00:00,1.79,8.06,167259.3367311402,1.62,2.05,1.58,1.04,1.64,294,6.44,5.38,13.4
2026-03-30 15:00:00+00:00,1.83,8.36,164294.14264936664,1.68,2.14,1.99,1.05,1.68,291,10.08,5.44,14.28
2026-03-30 15:30:00+00:00,1.83,8.42,144248.30117171767,1.64,2.07,1.61,1.04,1.65,297,12.36,5.3500000000000005,14.82
2026-03-30 16:00:00+00:00,1.97,8.48,165005.47048185676,1.8,2.19,1.47,1.17,1.83,281,9.6,5.64,14.65
2026-03-30 16:30:00+00:00,1.91,8.26,152343.0322675229,1.73,2.24,1.96,1.08,1.73,304,7.87,5.22,13.81
2026-03-30 17:00:00+00:00,2.02,8.58,153865.7667716437,1.82,2.25,1.44,1.17,1.85,275,11.58,5.76,16.32
2026-03-30 17:30:00+00:00,1.96,8.5,146239.11140234387,1.77,2.18,1.59,1.14,1.79,286,5.92,5.55,16.29
2026-03-30 18:00:00+00:00,2.1,8.5,148921.82461053197,1.93,2.34,2.0,1.21,1.92,290,10.41,5.46,16.61
2026-03-30 18:30:00+00:00,2.11,8.620000000000001,150712.83937457387,1.89,2.38,2.34,1.23,1.93,277,11.59,5.7,16.2
2026-03-30 19:00:00+00:00,2.08,8.93,159286.86713945336,1.86,2.38,1.44,1.2,1.89,279,10.25,5.66,15.11
2026-03-30 19:30:00+00:00,2.2,9.01,151829.1038141762,1.97,2.49,2.81,1.23,1.97,282,9.14,5.63,13.69
2026-03-30 20:00:00+00:00,2.22,9.56,166547.67093022683,1.98,2.45,1.72,1.29,2.01,257,7.51,6.17,17.81
2026-03-30 20:30:00+00:00,2.22,9.43,186323.45589203486,2.04,2.57,2.1,1.27,2.04,249,7.41,6.3,18.07
2026-03-30 21:00:00+00:00,2.1,9.4,169037.94362986143,1.9,2.36,2.26,1.2,1.9,263,6.38,6.01,16.16
2026-03-30 21:30:00+00:00,2.11,9.46,148241.8765402969,1.93,2.42,2.77,1.22,1.94,253,6.05,6.25,16.240000000000002
2026-03-30 22:00:00+00:00,2.05,9.86,146605.28741845407,1.86,2.4,2.04,1.17,1.87,238,7.1000000000000005,6.62,16.4
2026-03-30 22:30:00+00:00,2.13,10.16,151410.90028329703,1.93,2.47,2.23,1.23,1.94,244,10.2,6.51,17.51
2026-03-30 23:00:00+00:00,2.11,10.34,146022.06516681283,1.88,2.36,1.57,1.22,1.92,230,11.06,6.9,17.080000000000002
2026-03-30 23:30:00+00:00,2.2,10.93,138624.06673225298,2.04,2.58,2.12,1.27,2.02,218,15.81,7.25,18.89
2026-03-31 00:00:00+00:00,2.16,11.16,147022.10045480344,1.93,2.36,2.15,1.24,1.94,220,13.44,7.21,19.12
2026-03-31 00:30:00+00:00,2.32,12.18,137552.8627112802,2.07,2.57,2.34,1.29,2.06,209,13.81,7.54,19.13
2026-03-31 01:00:00+00:00,2.38,11.86,163463.56787361193,2.22,2.82,1.97,1.32,2.16,211,11.81,7.48,19.83
2026-03-31 01:30:00+00:00,2.26,11.37,177383.89036000657,2.03,2.56,2.16,1.26,2.02,217,9.96,7.29,18.58
2026-03-31 02:00:00+00:00,2.33,11.94,202117.82673999824,2.0,2.44,1.75,1.27,2.01,214,12.87,7.36,17.18
2026-03-31 02:30:00+00:00,2.28,11.73,192455.70428830944,1.99,2.49,2.45,1.25,1.99,224,15.66,7.09,19.62
2026-03-31 03:00:00+00:00,2.37,12.77,179011.85511990273,2.18,2.71,2.83,1.35,2.16,199,16.29,7.97,21.15
2026-03-31 03:30:00+00:00,2.51,13.57,185883.1627886561,2.28,2.79,2.34,1.4,2.25,189,15.53,8.28,20.61
2026-03-31 04:00:00+00:00,2.5500000000000003,13.53,176959.2305861845,2.41,3.09,1.64,1.43,2.34,190,14.84,8.31,22.76
2026-03-31 04:30:00+00:00,2.53,13.89,178464.33102461774,2.3000000000000003,2.91,2.45,1.36,2.23,194,16.34,8.18,20.69
2026-03-31 05:00:00+00:00,2.48,13.04,173568.98752779188,2.18,2.94,2.51,1.34,2.17,201,17.54,7.85,18.67
2026-03-31 05:30:00+00:00,2.88,14.67,162887.34222232868,2.74,3.37,2.43,1.65,2.67,161,13.35,9.78,21.93
2026-03-31 06:00:00+00:00,2.76,14.39,181556.9615567692,2.5500000000000003,3.29,3.08,1.47,2.45,178,17.18,8.81,19.95
2026-03-31 06:30:00+00:00,2.97,14.99,186087.50638467437,2.69,3.41,2.43,1.6,2.61,166,18.48,9.49,20.91
2026-03-31 07:00:00+00:00,2.66,13.84,178547.19801866545,2.44,3.14,1.71,1.5,2.42,175,15.62,8.950000000000001,19.01
2026-03-31 07:30:00+00:00,2.87,14.48,188961.8800163744,2.72,3.27,2.16,1.68,2.67,156,15.69,10.14,20.9
2026-03-31 08:00:00+00:00,2.96,14.05,199206.72310814934,2.81,3.53,2.88,1.66,2.72,165,16.61,9.56,20.01
2026-03-31 08:30:00+00:00,2.68,13.32,188189.73271383168,2.5,3.27,2.31,1.47,2.43,181,16.13,8.78,19.81
2026-03-31 09:00:00+00:00,2.87,14.15,193946.50401678085,2.6,3.22,1.97,1.57,2.54,167,17.16,9.42,18.93
2026-03-31 09:30:00+00:00,3.18,14.17,186016.77093073854,3.11,3.96,2.32,1.83,3.01,157,14.2,10.06,19.85
2026-03-31 10:00:00+00:00,2.91,13.96,163853.67951896036,2.61,3.38,1.85,1.58,2.58,174,15.92,9.08,20.8
2026-03-31 10:30:00+00:00,2.83,13.27,161342.4915568785,2.52,3.19,2.43,1.52,2.48,186,15.24,8.53,19.59
2026-03-31 11:00:00+00:00,2.77,13.7,171717.06941964783,2.62,3.25,2.1,1.59,2.56,165,16.16,9.49,20.83
2026-03-31 11:30:00+00:00,2.95,13.27,195332.3626268181,2.81,3.44,1.87,1.71,2.76,170,16.03,9.34,19.36
2026-03-31 12:00:00+00:00,2.94,13.37,188969.53213516218,2.58,3.38,2.65,1.55,2.5500000000000003,188,16.330000000000002,8.36,18.45
2026-03-31 12:30:00+00:00,2.77,12.53,182572.58382124553,2.52,3.27,2.87,1.54,2.48,199,16.18,7.91,18.55
2026-03-31 13:00:00+00:00,2.7,12.75,177468.15929983478,2.43,3.19,2.46,1.47,2.38,208,16.89,7.55,20.02
2026-03-31 13:30:00+00:00,3.0,12.81,188267.54736246125,2.8000000000000003,3.68,2.18,1.75,2.83,180,17.48,8.78,18.99
2026-03-31 14:00:00+00:00,2.77,12.34,177920.707247791,2.41,3.15,2.02,1.49,2.4,219,14.48,7.21,18.4
2026-03-31 14:30:00+00:00,2.93,12.5,143311.4195278162,2.65,3.4,2.37,1.64,2.63,197,16.5,8.040000000000001,17.88
2026-03-31 15:00:00+00:00,2.85,12.55,167335.40331925248,2.62,3.29,3.41,1.57,2.56,205,13.51,7.72,17.57
2026-03-31 15:30:00+00:00,2.89,13.02,172042.8131777624,2.49,3.11,2.5500000000000003,1.49,2.43,203,12.09,7.78,18.84
2026-03-31 16:00:00+00:00,2.98,13.32,168850.0631064609,2.82,3.6,3.17,1.63,2.7,185,14.59,8.52,17.330000000000002
2026-03-31 16:30:00+00:00,2.76,12.87,155386.6261516805,2.52,3.15,2.27,1.49,2.43,197,15.02,8.01,18.17
2026-03-31 17:00:00+00:00,2.95,12.66,166984.05433664602,2.65,3.54,2.49,1.55,2.58,196,12.75,8.03,18.88
2026-03-31 17:30:00+00:00,2.67,12.17,161790.74768312435,2.33,2.93,2.03,1.4,2.29,217,12.7,7.3,18.63
2026-03-31 18:00:00+00:00,2.49,11.44,167642.1914893945,2.28,2.97,1.89,1.38,2.24,222,16.07,7.1000000000000005,19.38
2026-03-31 18:30:00+00:00,2.87,12.63,163745.55754761875,2.63,3.31,2.04,1.62,2.61,190,15.84,8.34,19.0
2026-03-31 19:00:00+00:00,2.56,12.38,165735.49842343555,2.37,3.0500000000000003,2.48,1.37,2.29,208,14.77,7.61,17.66
2026-03-31 19:30:00+00:00,2.58,11.8,163195.4181708501,2.35,3.0700000000000003,2.26,1.46,2.35,208,12.92,7.6,19.46
2026-03-31 20:00:00+00:00,2.69,12.18,162983.6341453644,2.5500000000000003,3.12,1.88,1.52,2.47,189,13.69,8.34,18.31
2026-03-31 20:30:00+00:00,2.71,12.05,179219.78814035805,2.52,3.25,2.09,1.5,2.45,202,14.08,7.81,17.87
2026-03-31 21:00:00+00:00,2.56,11.85,173285.71856368618,2.52,3.23,1.88,1.52,2.46,186,14.24,8.52,17.8
2026-03-31 21:30:00+00:00,2.4,11.49,176029.4899716133,2.29,2.9,2.16,1.45,2.29,193,11.82,8.18,16.78
2026-03-31 22:00:00+00:00,2.5500000000000003,11.58,188759.05735880588,2.24,2.97,2.03,1.33,2.19,220,14.63,7.19,16.39
2026-03-31 22:30:00+00:00,2.35,11.37,176969.876918972,2.21,2.7,2.03,1.36,2.19,198,12.37,7.98,19.43
2026-03-31 23:00:00+00:00,2.45,11.5,154391.5880886656,2.33,3.0,1.41,1.38,2.27,200,11.02,7.91,19.25
2026-03-31 23:30:00+00:00,2.51,11.34,174020.6307923058,2.4,3.18,1.07,1.38,2.32,199,14.0,7.9,16.54
2026-04-01 00:00:00+00:00,2.35,11.1,172215.22789710085,2.19,2.79,1.57,1.33,2.15,201,12.53,7.84,17.48
2026-04-01 00:30:00+00:00,2.47,12.03,175495.47497625416,2.29,2.89,1.44,1.41,2.26,186,14.86,8.51,17.22
2026-04-01 01:00:00+00:00,2.51,11.87,189850.1647970184,2.35,2.84,1.12,1.47,2.35,182,13.71,8.67,17.06
2026-04-01 01:30:00+00:00,2.23,11.29,185766.2611690081,2.17,2.73,1.4,1.37,2.17,186,11.55,8.53,16.8
2026-04-01 02:00:00+00:00,2.21,11.2,195835.43658905188,2.11,2.65,1.53,1.26,2.06,199,12.04,7.97,16.490000000000002
2026-04-01 02:30:00+00:00,2.24,11.23,214630.55994128282,2.14,2.64,2.04,1.34,2.13,190,14.01,8.32,16.17
2026-04-01 03:00:00+00:00,2.19,11.56,210033.6188292696,2.09,2.74,1.56,1.27,2.07,191,12.06,8.31,17.830000000000002
2026-04-01 03:30:00+00:00,2.23,11.32,203930.83164303328,2.17,2.66,1.1,1.36,2.16,184,13.45,8.61,16.15
2026-04-01 04:00:00+00:00,2.31,11.55,191230.19176528062,2.17,2.63,1.59,1.31,2.12,185,13.69,8.52,16.59
2026-04-01 04:30:00+00:00,2.06,11.22,194114.59423943536,1.96,2.5500000000000003,1.47,1.23,1.96,186,14.0,8.53,17.94
2026-04-01 05:00:00+00:00,2.11,10.87,201962.9554528505,1.93,2.28,1.92,1.25,1.95,191,9.83,8.22,16.55
2026-04-01 05:30:00+00:00,2.16,11.58,184252.85718945818,2.06,2.6,2.08,1.28,2.04,185,13.3,8.55,17.0
2026-04-01 06:00:00+00:00,2.12,11.73,183560.2622248555,1.99,2.42,1.52,1.23,1.97,186,11.78,8.49,18.11
2026-04-01 06:30:00+00:00,2.16,12.05,183860.826800233,1.95,2.42,1.27,1.2,1.92,182,11.38,8.66,18.63
2026-04-01 07:00:00+00:00,1.86,11.36,173687.71643795932,1.78,2.34,0.97,1.08,1.76,189,12.77,8.33,17.53
2026-04-01 07:30:00+00:00,2.0,11.67,182673.19421944485,1.98,2.54,1.73,1.21,1.94,179,13.83,8.82,17.14
2026-04-01 08:00:00+00:00,1.99,11.93,183044.8172769755,1.92,2.42,1.4,1.19,1.91,175,12.4,9.03,18.27
2026-04-01 08:30:00+00:00,2.0,11.56,179910.51953045942,1.94,2.37,1.66,1.22,1.93,179,11.28,8.81,17.98
2026-04-01 09:00:00+00:00,1.92,11.18,188372.19474148555,1.84,2.32,1.38,1.18,1.86,180,11.12,8.8,17.7
2026-04-01 09:30:00+00:00,2.03,11.85,169200.12553610437,1.96,2.4,1.36,1.21,1.94,177,13.91,8.96,17.94
2026-04-01 10:00:00+00:00,2.02,12.08,160570.1070437362,1.84,2.37,1.52,1.14,1.83,179,12.99,8.82,17.39
2026-04-01 10:30:00+00:00,2.06,11.78,173014.443110502,2.0,2.4,1.27,1.21,1.94,174,13.64,9.08,17.400000000000002
2026-04-01 11:00:00+00:00,1.8,11.21,163419.2838438279,1.73,2.09,1.14,1.06,1.7,192,12.81,8.22,16.86
2026-04-01 11:30:00+00:00,1.85,11.39,158294.5785907413,1.68,2.07,1.72,0.97,1.6,213,10.87,7.41,15.38
2026-04-01 12:00:00+00:00,1.77,10.82,188795.04607964298,1.66,2.09,1.49,0.99,1.61,223,12.47,7.13,16.22
2026-04-01 12:30:00+00:00,1.76,11.42,202542.12607719577,1.63,2.12,1.47,0.97,1.59,210,13.02,7.54,17.09
2026-04-01 13:00:00+00:00,1.75,11.16,174202.867679333,1.62,1.93,1.18,0.96,1.56,219,11.0,7.21,17.29
2026-04-01 13:30:00+00:00,1.82,11.18,181917.30215913747,1.61,1.99,1.38,0.98,1.59,226,12.8,7.0,15.8
2026-04-01 14:00:00+00:00,1.53,10.38,178404.52303420965,1.4,1.83,1.23,0.84,1.37,262,12.51,6.04,16.29
2026-04-01 14:30:00+00:00,1.69,11.12,185504.81100280458,1.53,1.93,1.35,0.91,1.49,225,13.12,7.04,16.23
2026-04-01 15:00:00+00:00,1.65,10.79,189755.85944830076,1.53,2.01,2.19,0.91,1.49,231,13.21,6.8500000000000005,15.41
2026-04-01 15:30:00+00:00,1.78,10.99,183701.41711424984,1.71,2.08,0.99,1.04,1.67,204,11.79,7.73,15.8
2026-04-01 16:00:00+00:00,1.69,10.71,166992.90417310336,1.53,1.95,1.19,0.91,1.49,233,12.49,6.8,15.92
2026-04-01 16:30:00+00:00,1.67,10.57,185177.7848697952,1.46,2.0,1.89,0.89,1.45,255,11.72,6.15,14.69
2026-04-01 17:00:00+00:00,1.69,10.3,194830.0710120793,1.5,1.98,1.24,0.91,1.48,262,12.51,6.03,15.49
2026-04-01 17:30:00+00:00,1.57,10.17,202094.48417986027,1.37,1.82,1.5,0.8300000000000001,1.35,284,11.6,5.58,15.71
2026-04-01 18:00:00+00:00,1.68,10.15,171413.44887654623,1.5,2.02,1.66,0.9,1.48,266,12.02,5.91,14.48
2026-04-01 18:30:00+00:00,1.71,10.03,184110.5739911214,1.58,2.05,1.51,0.94,1.54,255,12.31,6.21,15.87
2026-04-01 19:00:00+00:00,1.68,9.37,190969.2480539569,1.45,1.9,2.22,0.89,1.43,295,9.23,5.37,14.6
2026-04-01 19:30:00+00:00,1.66,9.83,190556.05776439895,1.54,1.95,1.86,0.95,1.52,257,11.39,6.16,14.81
2026-04-01 20:00:00+00:00,1.69,10.1,175764.95563361008,1.54,1.97,1.23,0.94,1.52,251,9.75,6.32,15.87
2026-04-01 20:30:00+00:00,1.73,10.07,182568.96040652026,1.55,2.03,1.87,0.94,1.53,254,10.66,6.25,15.65
2026-04-01 21:00:00+00:00,1.66,9.11,191985.71388239932,1.54,1.91,1.37,0.97,1.54,253,9.36,6.23,14.83
2026-04-01 21:30:00+00:00,1.72,9.31,187483.76213680048,1.63,2.1,1.54,0.99,1.61,251,11.37,6.33,15.97
2026-04-01 22:00:00+00:00,1.85,9.04,174657.92445003043,1.67,2.16,1.79,1.03,1.66,254,11.05,6.22,14.56
2026-04-01 22:30:00+00:00,1.81,9.0,179180.5560903033,1.66,2.04,1.28,1.06,1.68,247,7.58,6.41,14.46
2026-04-01 23:00:00+00:00,1.8,8.82,195240.7493827789,1.66,1.98,1.2,1.06,1.66,256,11.7,6.21,13.81
2026-04-01 23:30:00+00:00,1.86,8.53,182534.53417952126,1.75,2.18,1.69,1.1,1.75,255,11.0,6.22,15.08
2026-04-02 00:00:00+00:00,1.87,8.700000000000001,,1.75,2.22,1.25,1.08,1.74,264,10.81,6.0,16.48
2026-04-02 00:30:00+00:00,1.89,8.39,190044.3739265379,1.76,2.16,1.49,1.12,1.78,263.0,12.0,6.0,14.23
2026-04-02 01:00:00+00:00,1.95,8.39,165885.68074940908,1.74,2.21,1.46,1.08,1.74,284.0,7.37,5.59,14.45
2026-04-02 01:30:00+00:00,1.76,8.19,154658.91328810688,1.63,2.08,1.84,1.04,1.64,280.0,7.87,5.67,13.22
2026-04-02 02:00:00+00:00,1.89,7.74,187756.604743091,1.72,2.08,1.7,1.08,1.71,299.0,7.18,5.3,13.91
2026-04-02 02:30:00+00:00,1.89,7.78,182647.35372224744,1.73,2.15,1.61,1.11,1.75,295.0,7.12,5.39,13.62
2026-04-02 03:00:00+00:00,2.0,7.73,186798.1900042594,1.86,2.31,2.04,1.19,1.88,282.0,7.23,5.6000000000000005,13.56
2026-04-02 03:30:00+00:00,1.86,7.43,188980.62681004315,1.75,2.23,1.23,1.11,1.77,284.0,7.52,5.59,14.79
2026-04-02 04:00:00+00:00,1.95,8.13,205595.4892716293,1.79,2.25,1.72,1.15,1.81,266.0,6.96,5.96,15.12
2026-04-02 04:30:00+00:00,1.97,8.03,189794.76975934234,1.82,2.26,1.88,1.16,1.83,272.0,7.98,5.8,12.96
2026-04-02 05:00:00+00:00,1.83,7.74,197285.00449052497,1.73,2.14,1.3,1.12,1.76,274.0,9.38,5.79,12.3
2026-04-02 05:30:00+00:00,1.94,7.43,188503.3854367659,1.82,2.28,0.68,1.15,1.83,290.0,5.75,5.43,11.78
2026-04-02 06:00:00+00:00,1.95,7.86,183802.67961822054,1.81,2.28,1.04,1.16,1.84,267.0,5.63,5.91,14.14
2026-04-02 06:30:00+00:00,1.94,7.71,170324.29803361665,1.84,2.31,1.3,1.16,1.84,274.0,6.98,5.78,14.47
2026-04-02 07:00:00+00:00,1.89,7.94,190864.632932193,1.83,2.22,1.39,1.19,1.86,259.0,6.76,6.13,14.05
2026-04-02 07:30:00+00:00,1.76,8.08,192660.8736316862,1.64,2.0,1.52,1.06,1.67,258.0,7.98,6.15,13.17
2026-04-02 08:00:00+00:00,1.77,8.290000000000001,198025.5831696925,1.61,1.99,1.4,1.02,1.61,267.0,7.83,5.94,14.29
2026-04-02 08:30:00+00:00,1.69,8.25,202086.69456051954,1.56,1.87,1.15,1.01,1.59,263.0,7.91,6.0200000000000005,13.67
2026-04-02 09:00:00+00:00,1.74,8.58,180701.8217996448,1.6,2.07,1.31,1.0,1.6,267.0,8.61,5.93,13.54
2026-04-02 09:30:00+00:00,1.7,8.22,167829.63152575985,1.58,1.95,1.13,1.02,1.6,277.0,10.28,5.72,13.74
2026-04-02 10:00:00+00:00,1.81,7.8,161317.88365728443,1.69,2.06,1.49,1.08,1.7,289.0,5.21,5.48,13.74
2026-04-02 10:30:00+00:00,1.85,7.44,166552.66450404687,1.77,2.16,2.17,1.12,1.77,293.0,6.36,5.39,12.92
2026-04-02 11:00:00+00:00,2.01,7.43,184770.60528658718,1.85,2.25,1.5,1.18,1.86,300.0,10.59,5.2700000000000005,13.16
2026-04-02 11:30:00+00:00,2.01,7.36,188460.12398648946,1.79,2.19,2.0,1.15,1.81,311.0,6.67,5.1000000000000005,12.47
2026-04-02 12:00:00+00:00,2.0,7.03,186040.2609403656,1.86,2.29,2.62,1.18,1.86,314.0,6.2,5.04,12.11
2026-04-02 12:30:00+00:00,2.15,7.12,195781.92712043307,1.97,2.41,1.28,1.29,2.01,298.0,6.87,5.32,12.14
2026-04-02 13:00:00+00:00,2.16,6.73,185171.319723906,2.04,2.48,1.58,1.3,2.05,310.0,6.57,5.12,16.47
2026-04-02 13:30:00+00:00,2.25,6.8100000000000005,185630.57149517137,2.09,2.6,1.77,1.34,2.11,310.0,8.540000000000001,5.1000000000000005,12.19
2026-04-02 14:00:00+00:00,2.06,6.890000000000001,187799.0513969668,1.91,2.31,1.69,1.21,1.92,314.0,6.87,5.03,13.06
2026-04-02 14:30:00+00:00,2.24,7.0,175137.00725210432,2.15,2.65,1.48,1.35,2.15,303.0,5.19,5.23,11.43
2026-04-02 15:00:00+00:00,2.26,6.38,167366.0922352429,2.14,2.66,1.01,1.35,2.14,317.0,6.25,5.01,12.26
2026-04-02 15:30:00+00:00,2.07,6.37,166381.52893779558,1.87,2.3000000000000003,1.77,1.16,1.86,335.0,6.54,4.72,12.39
2026-04-02 16:00:00+00:00,1.97,6.84,184592.3595827508,1.84,2.27,1.55,1.22,1.9,303.0,5.3100000000000005,5.22,12.69
2026-04-02 16:30:00+00:00,2.11,7.13,170255.49755459162,1.96,2.45,1.15,1.25,1.98,297.0,10.71,5.33,13.0
2026-04-02 17:00:00+00:00,2.05,6.86,176083.9696599652,1.94,2.38,1.38,1.21,1.93,308.0,5.74,5.15,12.19
2026-04-02 17:30:00+00:00,2.05,6.7,165739.2318647118,1.86,2.27,2.82,1.22,1.9,307.0,5.93,5.15,11.49
2026-04-02 18:00:00+00:00,1.91,6.640000000000001,176136.96636437176,1.77,2.25,1.97,1.11,1.78,320.0,6.91,4.94,10.92
2026-04-02 18:30:00+00:00,1.95,6.97,168470.12430267743,1.8,2.24,1.69,1.16,1.82,314.0,6.88,5.05,13.49
2026-04-02 19:00:00+00:00,1.91,6.48,177746.36101132014,1.77,2.2,1.17,1.13,1.79,331.0,5.75,4.79,11.81
2026-04-02 19:30:00+00:00,1.81,6.95,190229.01994055408,1.66,2.08,1.89,1.06,1.68,324.0,6.21,4.91,12.06
2026-04-02 20:00:00+00:00,1.84,6.49,178265.26210880958,1.72,2.06,1.45,1.13,1.75,317.0,5.2700000000000005,5.01,12.95
2026-04-02 20:30:00+00:00,1.82,6.86,168044.55547022753,1.66,2.08,1.74,1.03,1.65,332.0,4.8500000000000005,4.78,13.17
2026-04-02 21:00:00+00:00,1.79,6.73,181212.0235938821,1.66,2.04,1.28,1.08,1.69,313.0,5.62,5.07,12.68
2026-04-02 21:30:00+00:00,1.76,6.61,179310.16321562463,1.62,1.97,1.59,1.04,1.64,327.0,9.35,4.8500000000000005,10.69
2026-04-02 22:00:00+00:00,1.96,6.8500000000000005,180308.20604150047,1.8,2.23,1.18,1.12,1.8,319.0,8.42,4.97,12.3
2026-04-02 22:30:00+00:00,1.95,6.91,195661.45547322102,1.75,2.19,1.81,1.14,1.79,311.0,8.1,5.1000000000000005,11.84
2026-04-02 23:00:00+00:00,1.79,6.890000000000001,215923.97524054197,1.66,1.99,1.48,1.06,1.67,310.0,6.3100000000000005,5.08,12.03
2026-04-02 23:30:00+00:00,1.88,7.07,207596.56608209037,1.72,2.16,1.87,1.1,1.74,308.0,6.09,5.14,11.53
2026-04-03 00:00:00+00:00,1.75,7.1000000000000005,203910.25001886775,1.57,1.94,1.32,1.04,1.61,309.0,6.26,5.13,11.61
2026-04-03 00:30:00+00:00,1.76,7.19,202128.70878588324,1.59,2.03,1.03,1.03,1.62,300.0,8.28,5.2700000000000005,12.57
2026-04-03 01:00:00+00:00,1.65,7.23,203580.2968915986,1.57,1.99,1.64,1.0,1.57,292.0,8.96,5.41,11.72
2026-04-03 01:30:00+00:00,1.58,7.28,186878.97953139557,1.45,1.78,1.71,0.92,1.46,305.0,7.44,5.2,13.27
2026-04-03 02:00:00+00:00,1.67,7.16,195441.00180449296,1.55,1.93,1.8,0.97,1.54,312.0,7.04,5.08,11.92
2026-04-03 02:30:00+00:00,1.71,7.44,202940.30550151202,1.57,1.97,2.06,0.99,1.58,301.0,10.77,5.25,13.12
2026-04-03 03:00:00+00:00,1.56,7.140000000000001,207096.6252552318,1.44,1.77,2.04,0.93,1.46,308.0,8.370000000000001,5.16,12.31
2026-04-03 03:30:00+00:00,1.62,7.35,199013.00701835335,1.54,1.96,1.13,0.95,1.52,304.0,7.07,5.23,12.99
2026-04-03 04:00:00+00:00,1.67,7.8,186777.55476058248,1.56,1.93,1.25,0.99,1.56,283.0,7.33,5.58,12.35
2026-04-03 04:30:00+00:00,1.64,7.76,199324.10990325836,1.56,1.93,1.05,0.99,1.56,273.0,8.49,5.7700000000000005,12.84
2026-04-03 05:00:00+00:00,1.58,7.640000000000001,207532.39437357016,1.48,1.85,1.22,0.91,1.46,290.0,9.42,5.46,13.27
2026-04-03 05:30:00+00:00,1.54,7.41,187713.7186603557,1.43,1.83,0.91,0.9,1.43,297.0,7.7,5.33,10.77
2026-04-03 06:00:00+00:00,1.57,8.39,189379.5957935299,1.41,1.82,2.11,0.87,1.41,270.0,10.5,5.8500000000000005,13.06
2026-04-03 06:30:00+00:00,1.47,7.88,179136.82106363718,1.38,1.72,1.11,0.85,1.36,279.0,8.05,5.67,12.84
2026-04-03 07:00:00+00:00,1.45,8.040000000000001,175265.4106788322,1.36,1.73,0.98,0.85,1.36,266.0,8.27,5.95,12.78
2026-04-03 07:30:00+00:00,1.48,8.39,174973.91953646,1.43,1.73,0.75,0.89,1.42,250.0,7.140000000000001,6.33,12.72
2026-04-03 08:00:00+00:00,1.41,7.87,184372.60629141773,1.31,1.58,1.14,0.85,1.33,265.0,6.92,5.95,12.26
2026-04-03 08:30:00+00:00,1.41,8.32,174947.73830693946,1.36,1.67,0.8200000000000001,0.86,1.36,255.0,10.0,6.19,14.47
2026-04-03 09:00:00+00:00,1.45,8.28,167568.0859649265,1.33,1.69,1.51,0.84,1.33,262.0,7.3,6.04,12.81
2026-04-03 09:30:00+00:00,1.44,8.35,172182.4277824791,1.36,1.75,0.86,0.84,1.35,251.0,9.33,6.29,12.76
2026-04-03 10:00:00+00:00,1.32,8.44,177486.79475928564,1.21,1.49,0.81,0.75,1.2,265.0,10.91,5.99,14.39
2026-04-03 10:30:00+00:00,1.4,8.6,168970.75453087784,1.3,1.61,1.01,0.8300000000000001,1.31,251.0,8.15,6.3100000000000005,14.23
2026-04-03 11:00:00+00:00,1.31,8.22,167411.28391079284,1.29,1.6,1.24,0.81,1.28,256.0,8.620000000000001,6.17,14.09
2026-04-03 11:30:00+00:00,1.37,8.2,170428.03986138353,1.27,1.63,1.08,0.75,1.23,295.0,9.9,5.3500000000000005,11.39
2026-04-03 12:00:00+00:00,1.4,8.49,158886.06604585217,1.3,1.66,1.69,0.79,1.28,280.0,9.49,5.64,13.59
2026-04-03 12:30:00+00:00,1.38,8.13,158639.3649157414,1.27,1.63,1.38,0.76,1.24,297.0,9.03,5.32,11.99
2026-04-03 13:00:00+00:00,1.39,8.34,161287.0033092291,1.31,1.66,0.93,0.8,1.28,292.0,8.370000000000001,5.43,12.45
2026-04-03 13:30:00+00:00,1.39,7.9,163656.64448476705,1.24,1.54,1.33,0.79,1.25,307.0,10.78,5.15,12.45
2026-04-03 14:00:00+00:00,1.35,7.75,168331.82582387398,1.21,1.56,1.14,0.77,1.22,324.0,9.55,4.89,14.46
2026-04-03 14:30:00+00:00,1.42,7.77,156817.65700931087,1.29,1.56,1.65,0.8300000000000001,1.3,309.0,6.05,5.12,14.28
2026-04-03 15:00:00+00:00,1.39,7.71,167170.50203926273,1.22,1.58,1.52,0.76,1.21,340.0,6.45,4.65,12.08
2026-04-03 15:30:00+00:00,1.4,7.85,163024.81724288748,1.28,1.64,1.26,0.8,1.27,320.0,10.64,4.96,13.14
2026-04-03 16:00:00+00:00,1.39,7.9,148950.8161773562,1.25,1.51,1.33,0.79,1.25,323.0,7.79,4.92,13.59
2026-04-03 16:30:00+00:00,1.36,7.52,155785.61347728255,1.21,1.53,1.68,0.75,1.2,343.0,10.0,4.61,12.0
2026-04-03 17:00:00+00:00,1.29,7.25,166456.15467260382,1.16,1.42,0.8300000000000001,0.74,1.17,352.0,9.71,4.5,14.36
2026-04-03 17:30:00+00:00,1.36,7.59,174623.79686808048,1.19,1.45,1.78,0.77,1.21,340.0,10.66,4.67,12.84
2026-04-03 18:00:00+00:00,1.38,7.85,181900.7132175225,1.19,1.5,1.29,0.78,1.22,330.0,11.13,4.8100000000000005,11.84
2026-04-03 18:30:00+00:00,1.45,8.51,197299.73188248219,1.33,1.66,1.59,0.8200000000000001,1.32,307.0,10.23,5.14,14.66
2026-04-03 19:00:00+00:00,1.42,8.15,200684.29650458466,1.26,1.6,1.79,0.8,1.27,320.0,8.68,4.95,14.63
2026-04-03 19:30:00+00:00,1.35,8.01,179461.34351161195,1.19,1.49,1.07,0.76,1.21,319.0,9.9,4.96,14.22
2026-04-03 20:00:00+00:00,1.34,8.28,197041.89928191478,1.2,1.5,1.49,0.76,1.2,316.0,10.97,5.0200000000000005,12.89
2026-04-03 20:30:00+00:00,1.54,9.39,209808.08578093653,1.45,1.84,1.21,0.9,1.44,263.0,10.57,6.0200000000000005,13.53
2026-04-03 21:00:00+00:00,1.4,9.32,214741.8792050977,1.25,1.63,0.99,0.79,1.26,276.0,11.42,5.75,15.9
2026-04-03 21:30:00+00:00,1.39,9.43,202441.3425542647,1.29,1.65,1.33,0.79,1.27,266.0,11.35,5.96,15.94
2026-04-03 22:00:00+00:00,1.35,9.2,180796.86528107198,1.21,1.54,1.33,0.75,1.2,266.0,12.0,5.96,14.32
2026-04-03 22:30:00+00:00,1.41,9.72,181910.24595331465,1.31,1.63,1.37,0.81,1.29,242.0,10.24,6.51,15.37
2026-04-03 23:00:00+00:00,1.6,10.36,168006.06906252197,1.48,1.89,1.07,0.88,1.44,229.0,12.47,6.890000000000001,15.76
2026-04-03 23:30:00+00:00,1.4,10.09,192969.13583353648,1.32,1.67,0.84,0.8,1.29,226.0,9.66,6.97,15.28
2026-04-04 00:00:00+00:00,1.46,9.98,183386.40901669973,1.39,1.79,0.77,0.8300000000000001,1.36,230.0,13.12,6.890000000000001,17.55
2026-04-04 00:30:00+00:00,1.48,9.91,188673.5112797813,1.41,1.72,1.38,0.85,1.37,222.0,10.41,7.140000000000001,14.96
2026-04-04 01:00:00+00:00,1.55,10.15,188337.70857591977,1.52,1.96,1.34,0.9,1.47,213.0,9.63,7.41,15.15
2026-04-04 01:30:00+00:00,1.6,10.19,174531.4438229527,1.54,1.99,1.4,0.93,1.51,208.0,12.57,7.58,13.64
2026-04-04 02:00:00+00:00,1.65,10.41,177222.6851063824,1.57,1.96,1.23,0.97,1.57,193.0,10.81,8.15,15.46
2026-04-04 02:30:00+00:00,1.59,10.0,165796.47949180065,1.53,2.0,0.99,0.91,1.49,204.0,9.13,7.75,17.04
2026-04-04 03:00:00+00:00,1.66,10.29,189252.79512168164,1.65,2.08,1.09,1.05,1.66,185.0,10.33,8.56,14.94
2026-04-04 03:30:00+00:00,1.63,9.89,190108.66178323352,1.6,2.01,1.05,0.96,1.57,207.0,10.89,7.63,17.150000000000002
2026-04-04 04:00:00+00:00,1.81,10.17,188690.2047790901,1.75,2.1,0.8200000000000001,1.1,1.75,190.0,10.14,8.3,16.45
2026-04-04 04:30:00+00:00,1.81,10.11,181598.12787215508,1.74,2.16,1.25,1.07,1.72,196.0,9.2,8.040000000000001,14.94
2026-04-04 05:00:00+00:00,1.93,10.37,181838.9345131885,1.9,2.4,1.35,1.17,1.89,184.0,12.67,8.61,16.59
2026-04-04 05:30:00+00:00,2.03,10.32,180533.03487980933,1.94,2.46,1.22,1.21,1.93,186.0,11.65,8.49,15.03
2026-04-04 06:00:00+00:00,1.97,10.44,187062.08725048116,1.89,2.32,2.0,1.18,1.88,185.0,11.29,8.49,14.79
2026-04-04 06:30:00+00:00,2.05,10.72,191570.1224819384,1.98,2.4,1.34,1.25,1.99,177.0,11.09,8.93,15.29
2026-04-04 07:00:00+00:00,2.03,10.87,180326.48536693957,1.94,2.46,1.33,1.19,1.92,183.0,10.17,8.66,15.19
2026-04-04 07:30:00+00:00,2.09,10.97,174398.8230737628,2.02,2.56,1.12,1.17,1.94,185.0,11.25,8.5,16.5
2026-04-04 08:00:00+00:00,1.95,10.55,182370.5143945013,1.81,2.27,1.71,1.13,1.81,186.0,10.56,8.53,14.98
2026-04-04 08:30:00+00:00,2.21,10.81,171949.52931133032,2.08,2.48,1.52,1.34,2.11,168.0,11.25,9.41,15.09
2026-04-04 09:00:00+00:00,2.17,10.69,167620.83129514623,2.02,2.63,1.27,1.24,2.01,178.0,10.15,8.88,15.54
2026-04-04 09:30:00+00:00,2.15,10.74,172757.28977773603,2.05,2.61,1.52,1.31,2.09,173.0,11.28,9.11,15.69
2026-04-04 10:00:00+00:00,1.98,10.82,159578.62484675137,1.85,2.34,1.29,1.15,1.85,180.0,11.88,8.81,15.01
2026-04-04 10:30:00+00:00,2.05,10.73,159725.74029100008,1.99,2.44,1.25,1.26,2.0,168.0,11.51,9.46,14.74
2026-04-04 11:00:00+00:00,2.11,10.89,157042.98512221043,2.03,2.44,1.64,1.34,2.09,163.0,11.16,9.72,16.4
2026-04-04 11:30:00+00:00,2.17,10.56,158830.75220498134,2.12,2.6,1.27,1.3,2.09,174.0,10.92,9.08,14.82
2026-04-04 12:00:00+00:00,2.07,10.92,151124.43179236495,1.99,2.37,1.19,1.3,2.04,167.0,10.68,9.49,16.46
2026-04-04 12:30:00+00:00,2.02,10.87,155455.8876999432,1.98,2.42,0.9,1.27,2.0,168.0,11.61,9.41,17.150000000000002
2026-04-04 13:00:00+00:00,1.94,10.62,165189.5784464114,1.86,2.19,1.25,1.21,1.89,175.0,10.38,9.03,15.32
2026-04-04 13:30:00+00:00,2.23,11.12,161095.76648478056,2.17,2.66,1.76,1.37,2.17,168.0,11.95,9.4,15.76
2026-04-04 14:00:00+00:00,2.08,10.75,155185.9348346967,2.02,2.44,1.2,1.3,2.05,170.0,12.27,9.27,16.31
2026-04-04 14:30:00+00:00,1.98,10.74,153100.77775430217,1.89,2.37,0.86,1.15,1.85,183.0,12.22,8.65,15.89
2026-04-04 15:00:00+00:00,2.22,10.87,160639.54171057072,2.08,2.72,1.41,1.3,2.1,168.0,10.37,9.42,15.6
2026-04-04 15:30:00+00:00,2.13,10.85,166919.5358887124,2.13,2.72,1.27,1.33,2.13,165.0,11.64,9.55,16.02
2026-04-04 16:00:00+00:00,2.16,10.76,160623.26736376013,2.03,2.57,1.14,1.26,2.03,175.0,11.28,9.02,16.0
2026-04-04 16:30:00+00:00,1.99,10.65,167720.20464407763,1.96,2.41,2.07,1.2,1.93,185.0,10.97,8.53,15.8
2026-04-04 17:00:00+00:00,1.91,10.74,172635.68636535713,1.84,2.3000000000000003,1.43,1.1,1.8,200.0,10.05,7.87,15.92
2026-04-04 17:30:00+00:00,2.06,10.74,171957.26970307366,1.92,2.54,1.5,1.15,1.89,199.0,11.39,7.930000000000001,15.17
2026-04-04 18:00:00+00:00,2.17,10.84,176962.28002630133,2.02,2.47,1.72,1.28,2.04,183.0,11.23,8.64,16.27
2026-04-04 18:30:00+00:00,2.22,10.78,175409.2802148556,2.14,2.62,1.3,1.32,2.12,189.0,11.55,8.38,16.1
2026-04-04 19:00:00+00:00,2.21,10.38,182862.86283483155,2.09,2.68,2.19,1.18,1.98,229.0,11.71,6.93,15.54
2026-04-04 19:30:00+00:00,2.19,10.48,191400.69091195866,2.04,2.63,2.02,1.21,1.98,216.0,11.8,7.34,16.37
2026-04-04 20:00:00+00:00,2.34,10.82,200700.45719636354,2.3000000000000003,2.97,1.81,1.33,2.21,208.0,11.69,7.6,15.84
2026-04-04 20:30:00+00:00,2.3000000000000003,10.64,204222.325281882,2.21,2.69,1.62,1.34,2.18,207.0,11.82,7.67,16.69
2026-04-04 21:00:00+00:00,2.33,10.59,189297.13357579045,2.27,2.88,1.96,1.38,2.24,202.0,11.35,7.85,14.47
2026-04-04 21:30:00+00:00,2.28,10.59,182256.41165217973,2.12,2.64,1.38,1.27,2.07,214.0,12.34,7.4,15.55
2026-04-04 22:00:00+00:00,2.37,10.62,180870.98909880753,2.24,2.72,1.51,1.35,2.19,210.0,10.51,7.53,16.1
2026-04-04 22:30:00+00:00,2.24,10.36,177755.8059219881,2.05,2.59,2.12,1.25,2.02,229.0,9.89,6.92,16.43
2026-04-04 23:00:00+00:00,2.29,10.45,173146.75477571704,2.19,2.71,1.32,1.34,2.15,208.0,12.3,7.61,16.79
2026-04-04 23:30:00+00:00,2.27,10.35,172673.41427717332,2.17,2.68,2.13,1.38,2.18,207.0,11.31,7.65,14.88
2026-04-05 00:00:00+00:00,2.28,10.59,173913.41010875304,2.17,2.79,1.59,1.34,2.15,202.0,11.91,7.84,15.82
2026-04-05 00:30:00+00:00,2.24,10.89,155703.7351094043,2.09,2.62,2.38,1.28,2.06,209.0,10.11,7.57,15.57
2026-04-05 01:00:00+00:00,2.36,11.08,159646.77211261785,2.13,2.82,2.78,1.28,2.1,211.0,12.7,7.49,15.92
2026-04-05 01:30:00+00:00,2.28,11.3,174284.85519971474,2.24,2.83,3.02,1.32,2.17,194.0,12.5,8.11,16.32
2026-04-05 02:00:00+00:00,2.23,11.26,174307.4012796543,2.07,2.6,1.72,1.22,2.01,199.0,11.36,7.95,19.42
2026-04-05 02:30:00+00:00,2.39,11.56,165083.09154233272,2.24,2.85,1.41,1.34,2.19,190.0,13.47,8.3,17.84
2026-04-05 03:00:00+00:00,2.34,11.26,175510.9232215401,2.19,2.65,1.39,1.39,2.2,180.0,14.63,8.82,17.34
2026-04-05 03:30:00+00:00,2.31,11.57,166295.30315268796,2.17,2.65,1.15,1.34,2.15,181.0,11.38,8.74,16.13
2026-04-05 04:00:00+00:00,2.33,11.61,159344.46611505048,2.3000000000000003,2.94,2.25,1.34,2.21,186.0,11.48,8.540000000000001,17.2
2026-04-05 04:30:00+00:00,2.44,11.52,179645.294454783,2.32,2.8000000000000003,2.02,1.47,2.34,170.0,12.47,9.26,16.75
2026-04-05 05:00:00+00:00,2.2,11.61,171708.46129456905,2.07,2.64,1.71,1.26,2.05,186.0,12.37,8.49,17.2
2026-04-05 05:30:00+00:00,2.08,10.72,181404.95379785815,2.01,2.45,1.66,1.18,1.94,204.0,12.07,7.74,15.26
2026-04-05 06:00:00+00:00,2.32,11.54,178331.75142640318,2.24,2.82,1.75,1.42,2.26,175.0,12.98,9.05,16.39
2026-04-05 06:30:00+00:00,2.37,11.29,169423.30666516637,2.29,2.88,1.78,1.42,2.29,182.0,10.39,8.66,16.97
2026-04-05 07:00:00+00:00,2.19,11.37,166722.13121281544,2.02,2.56,1.79,1.25,2.0,191.0,10.08,8.25,17.59
2026-04-05 07:30:00+00:00,2.18,11.33,185489.26680176173,2.08,2.62,2.12,1.27,2.05,196.0,15.21,8.09,18.25
2026-04-05 08:00:00+00:00,2.48,11.76,185377.84685347014,2.44,3.14,1.82,1.43,2.37,182.0,13.88,8.67,16.51
2026-04-05 08:30:00+00:00,2.73,12.16,184214.43752888124,2.54,3.29,1.82,1.51,2.49,179.0,10.16,8.790000000000001,18.29
2026-04-05 09:00:00+00:00,2.56,11.58,176128.79251555473,2.42,3.0700000000000003,2.37,1.46,2.37,182.0,11.85,8.63,17.61
2026-04-05 09:30:00+00:00,2.64,12.03,190469.81099017468,2.52,3.17,2.0,1.52,2.46,178.0,11.61,8.92,18.58
2026-04-05 10:00:00+00:00,2.77,11.74,192503.75232258206,2.69,3.38,1.6,1.69,2.7,165.0,12.16,9.53,16.45
2026-04-05 10:30:00+00:00,2.56,11.72,181368.00134264742,2.43,2.99,1.54,1.54,2.45,168.0,11.69,9.42,19.74
2026-04-05 11:00:00+00:00,2.64,11.83,178636.06691245906,2.5500000000000003,3.18,1.18,1.57,2.53,174.0,11.84,9.08,18.0
2026-04-05 11:30:00+00:00,2.71,11.73,176287.9395623323,2.51,3.01,2.08,1.57,2.51,177.0,13.56,8.89,16.28
2026-04-05 12:00:00+00:00,2.76,11.89,172718.58606743976,2.67,3.38,2.5500000000000003,1.56,2.56,178.0,12.34,8.9,17.84
2026-04-05 12:30:00+00:00,2.76,11.66,181873.8576866884,2.69,3.37,1.3,1.64,2.66,173.0,12.27,9.14,17.03
2026-04-05 13:00:00+00:00,2.6,11.53,189565.25848338724,2.52,3.18,1.94,1.5,2.45,183.0,10.74,8.63,16.19
2026-04-05 13:30:00+00:00,2.66,11.83,199918.71550670918,2.57,3.26,2.71,1.53,2.51,180.0,10.48,8.8,17.73
2026-04-05 14:00:00+00:00,2.84,11.76,191908.1830450126,2.66,3.23,1.9,1.62,2.62,174.0,11.25,9.05,16.71
2026-04-05 14:30:00+00:00,2.6,11.27,164407.3100732855,2.56,3.27,1.44,1.5,2.47,187.0,12.93,8.47,16.61
2026-04-05 15:00:00+00:00,2.71,11.3,158216.86528558691,2.64,3.18,2.11,1.65,2.64,173.0,12.48,9.14,16.78
2026-04-05 15:30:00+00:00,2.86,12.19,173038.03913359586,2.77,3.53,1.39,1.67,2.74,163.0,11.92,9.72,17.73
2026-04-05 16:00:00+00:00,2.77,11.49,174610.9784040267,2.64,3.4,2.4,1.61,2.63,178.0,12.97,8.85,16.78
2026-04-05 16:30:00+00:00,2.45,10.94,168292.16595991814,2.36,2.99,2.29,1.4,2.3000000000000003,189.0,10.84,8.35,18.87
2026-04-05 17:00:00+00:00,3.09,11.89,190182.84972949236,2.97,3.92,1.61,1.71,2.88,178.0,13.19,8.83,17.86
2026-04-05 17:30:00+00:00,2.82,11.9,202903.91375597927,2.78,3.47,2.26,1.64,2.69,173.0,12.28,9.14,17.1
2026-04-05 18:00:00+00:00,2.56,11.28,203224.1478403213,2.43,2.99,1.3,1.46,2.37,187.0,12.12,8.45,17.68
2026-04-05 18:30:00+00:00,2.97,11.84,187188.6287338338,2.86,3.5,1.76,1.82,2.88,161.0,11.38,9.8,17.98
2026-04-05 19:00:00+00:00,2.7,11.11,203248.27478903928,2.66,3.27,1.75,1.65,2.64,176.0,11.54,8.96,16.38
2026-04-05 19:30:00+00:00,2.63,11.04,211493.09241275102,2.52,3.19,1.74,1.6,2.5500000000000003,174.0,10.86,9.11,16.35
2026-04-05 20:00:00+00:00,2.72,11.44,198657.89323114284,2.64,3.24,1.11,1.72,2.7,161.0,11.61,9.83,16.39
2026-04-05 20:30:00+00:00,2.72,11.65,176448.03280848946,2.67,3.1,1.49,1.68,2.69,165.0,13.02,9.59,17.51
2026-04-05 21:00:00+00:00,2.54,11.36,178584.41845739388,2.46,3.14,1.83,1.47,2.41,182.0,11.87,8.71,17.54
2026-04-05 21:30:00+00:00,2.67,11.62,189382.14212468252,2.56,3.14,2.29,1.54,2.5,176.0,12.06,8.99,17.88
2026-04-05 22:00:00+00:00,2.64,11.35,188404.2881882973,2.59,3.23,1.33,1.62,2.59,172.0,12.64,9.23,17.73
2026-04-05 22:30:00+00:00,2.67,11.6,210083.39968888328,2.63,3.41,1.02,1.54,2.54,173.0,11.12,9.15,18.16
2026-04-05 23:00:00+00:00,2.52,11.39,200215.73567978092,2.44,2.89,1.48,1.57,2.48,165.0,10.81,9.6,16.91
2026-04-05 23:30:00+00:00,2.74,11.54,197535.3818066508,2.58,3.31,2.44,1.63,2.6,162.0,13.06,9.75,16.04
2026-04-06 00:00:00+00:00,2.35,11.1,161348.02876471705,2.3000000000000003,3.03,1.0,1.39,2.26,177.0,11.75,8.950000000000001,18.15
2026-04-06 00:30:00+00:00,2.43,10.99,179617.5228630516,2.36,2.94,1.05,1.45,2.32,171.0,11.87,9.24,17.72
2026-04-06 01:00:00+00:00,2.74,11.32,176910.28373698486,2.59,3.09,0.97,1.65,2.61,162.0,11.64,9.68,17.81
2026-04-06 01:30:00+00:00,2.66,11.31,175709.40244498863,2.53,3.09,1.94,1.61,2.56,164.0,11.78,9.6,16.56
2026-04-06 02:00:00+00:00,2.5,11.44,192891.43151111947,2.54,3.14,1.24,1.54,2.47,165.0,10.72,9.58,17.400000000000002
2026-04-06 02:30:00+00:00,2.37,11.2,194071.65387598338,2.3000000000000003,2.88,1.69,1.44,2.31,172.0,12.77,9.18,17.42
2026-04-06 03:00:00+00:00,2.47,11.33,173847.41908774487,2.43,3.0500000000000003,1.46,1.55,2.46,161.0,11.27,9.8,17.830000000000002
2026-04-06 03:30:00+00:00,2.36,11.44,197097.95238752864,2.3000000000000003,2.84,1.54,1.38,2.25,172.0,11.58,9.15,17.3
2026-04-06 04:00:00+00:00,2.52,11.14,180005.74801939802,2.47,3.06,1.02,1.52,2.44,169.0,13.63,9.34,16.65
2026-04-06 04:30:00+00:00,2.42,11.28,172295.95840152816,2.34,3.0,1.82,1.51,2.38,162.0,11.68,9.75,15.91
2026-04-06 05:00:00+00:00,2.24,11.08,168288.63616594247,2.11,2.5500000000000003,1.29,1.4,2.17,160.0,10.57,9.85,16.79
2026-04-06 05:30:00+00:00,2.29,10.53,155881.61234616983,2.2,2.72,1.28,1.44,2.25,168.0,10.0,9.38,15.17
2026-04-06 06:00:00+00:00,2.45,11.42,170682.0411480365,2.35,3.02,1.15,1.46,2.35,162.0,11.71,9.72,18.25
2026-04-06 06:30:00+00:00,2.13,11.08,167560.29905684156,1.97,2.37,2.07,1.27,1.99,167.0,10.75,9.46,16.75
2026-04-06 07:00:00+00:00,2.39,10.89,177199.43796521507,2.29,2.89,1.46,1.41,2.27,171.0,11.22,9.19,15.11
2026-04-06 07:30:00+00:00,2.27,11.22,173608.5820903448,2.25,2.81,1.31,1.46,2.31,159.0,11.2,9.92,17.68
2026-04-06 08:00:00+00:00,2.4,11.2,171196.58214303976,2.32,2.9,1.77,1.43,2.3000000000000003,170.0,11.05,9.31,16.25
2026-04-06 08:30:00+00:00,2.13,10.95,170330.07731036397,2.07,2.46,1.46,1.32,2.07,168.0,10.31,9.41,16.27
2026-04-06 09:00:00+00:00,2.13,11.06,182407.81097652885,2.07,2.7,1.39,1.23,2.03,179.0,12.36,8.83,17.39
2026-04-06 09:30:00+00:00,2.22,10.94,184140.93151075506,2.12,2.59,0.89,1.41,2.18,164.0,13.34,9.66,17.43
2026-04-06 10:00:00+00:00,2.02,10.88,175068.62071879036,1.94,2.46,0.95,1.21,1.94,177.0,11.02,8.94,15.56
2026-04-06 10:30:00+00:00,2.09,10.89,167780.2616397423,2.02,2.66,0.92,1.23,2.0,178.0,11.19,8.85,16.1
2026-04-06 11:00:00+00:00,2.1,10.74,155669.10353055416,2.12,2.56,1.07,1.3,2.09,172.0,11.64,9.17,18.53
2026-04-06 11:30:00+00:00,1.91,10.89,160242.62080923034,1.84,2.31,1.24,1.12,1.81,183.0,10.54,8.66,15.44
2026-04-06 12:00:00+00:00,1.94,10.97,174095.18259760033,1.84,2.28,1.12,1.15,1.84,174.0,11.58,9.05,15.0
2026-04-06 12:30:00+00:00,1.92,10.78,172292.79573994054,1.77,2.17,1.53,1.1,1.77,184.0,10.48,8.61,15.0
2026-04-06 13:00:00+00:00,1.7,10.29,191818.52249403484,1.68,2.12,0.78,1.03,1.66,190.0,9.87,8.31,15.34
2026-04-06 13:30:00+00:00,1.92,10.94,191156.2439701466,1.92,2.41,1.42,1.17,1.89,181.0,12.28,8.72,16.01
2026-04-06 14:00:00+00:00,1.78,10.48,196660.49842886828,1.68,2.06,1.06,1.01,1.65,196.0,12.51,8.06,15.83
2026-04-06 14:30:00+00:00,1.58,10.27,199159.1078392645,1.54,2.0,0.95,0.96,1.54,191.0,12.14,8.32,16.61
2026-04-06 15:00:00+00:00,1.68,10.46,197922.9567536808,1.6,2.05,1.24,0.98,1.59,195.0,10.51,8.11,14.72
2026-04-06 15:30:00+00:00,1.65,10.49,184186.53412118152,1.55,1.94,1.09,0.97,1.55,193.0,11.29,8.22,15.21
2026-04-06 16:00:00+00:00,1.71,10.26,193480.36315903315,1.61,2.03,1.17,0.98,1.59,201.0,10.68,7.9,18.0
2026-04-06 16:30:00+00:00,,,193299.5893139648,,,,,,,,,
2026-04-06 17:00:00+00:00,,,202525.79985484673,,,,,,,,,
2026-04-06 17:30:00+00:00,,,195333.48889883133,,,,,,,,,
2026-04-06 18:00:00+00:00,,,192485.80503808663,,,,,,,,,
2026-04-06 18:30:00+00:00,,,178838.18126572864,,,,,,,,,
2026-04-06 19:00:00+00:00,,,193814.02330624766,,,,,,,,,
2026-04-06 19:30:00+00:00,,,196658.1040197792,,,,,,,,,
2026-04-06 20:00:00+00:00,,,193605.33779575693,,,,,,,,,
2026-04-06 20:30:00+00:00,,,188297.12847232397,,,,,,,,,
2026-04-06 21:00:00+00:00,,,183576.88712638547,,,,,,,,,
2026-04-06 21:30:00+00:00,,,195581.5445172083,,,,,,,,,
2026-04-06 22:00:00+00:00,,,177281.62611758383,,,,,,,,,
2026-04-06 22:30:00+00:00,,,180956.79982699262,,,,,,,,,
2026-04-06 23:00:00+00:00,,,186505.39616208102,,,,,,,,,
2026-04-06 23:30:00+00:00,,,174123.76000276688,,,,,,,,,
2026-04-07 00:00:00+00:00,,,170790.92248252663,,,,,,,,,
2026-04-07 00:30:00+00:00,,,183727.1337038888,,,,,,,,,
2026-04-07 01:00:00+00:00,,,171255.13569313072,,,,,,,,,
2026-04-07 01:30:00+00:00,,,163621.26081989534,,,,,,,,,
2026-04-07 02:00:00+00:00,,,159947.2870225215,,,,,,,,,
2026-04-07 02:30:00+00:00,,,163690.35241442808,,,,,,,,,
2026-04-07 03:00:00+00:00,,,174423.15624107758,,,,,,,,,
2026-04-07 03:30:00+00:00,,,167703.00462050806,,,,,,,,,
2026-04-07 04:00:00+00:00,,,195441.48233916954,,,,,,,,,
2026-04-07 04:30:00+00:00,,,185235.7663838637,,,,,,,,,
2026-04-07 05:00:00+00:00,,,172036.31508006627,,,,,,,,,
2026-04-07 05:30:00+00:00,,,156089.94688015804,,,,,,,,,
2026-04-07 06:00:00+00:00,,,168086.67164616732,,,,,,,,,
2026-04-07 06:30:00+00:00,,,155022.79609830823,,,,,,,,,
2026-04-07 07:00:00+00:00,,,158343.59540602154,,,,,,,,,
2026-04-07 07:30:00+00:00,2.78,14.14,172753.09857295363,2.58,3.31,2.16,1.52,2.51,168.0,15.39,9.37,18.87
2026-04-07 08:00:00+00:00,3.03,14.15,178341.77172221272,2.75,3.56,1.84,1.6,2.66,174.0,15.45,9.11,18.25
2026-04-07 08:30:00+00:00,3.3200000000000003,14.37,179736.02254496524,2.99,4.0600000000000005,3.42,1.72,2.89,179.0,15.95,8.83,20.15
2026-04-07 09:00:00+00:00,3.02,13.95,172941.6512137629,2.64,3.5700000000000003,3.16,1.49,2.53,209.0,16.61,7.55,19.04
2026-04-07 09:30:00+00:00,3.26,13.49,160469.92006938535,2.99,3.8,2.17,1.73,2.86,185.0,13.06,8.55,18.63
2026-04-07 10:00:00+00:00,3.9,14.04,170787.4645449253,3.64,4.36,3.76,2.19,3.56,162.0,16.66,9.71,19.96
2026-04-07 10:30:00+00:00,3.51,13.95,187664.18708174556,3.48,4.5600000000000005,3.01,2.02,3.37,164.0,16.1,9.69,18.66
2026-04-07 11:00:00+00:00,3.34,13.28,171428.7474253683,3.1,4.0,2.41,1.89,3.06,182.0,16.580000000000002,8.71,20.29
2026-04-07 11:30:00+00:00,3.52,13.57,174439.60821001252,3.43,4.26,2.29,2.01,3.33,165.0,13.3,9.59,18.94
2026-04-07 12:00:00+00:00,4.9,14.96,157753.54789569956,4.65,5.69,2.49,2.77,4.53,138.0,13.76,11.47,20.99
2026-04-07 12:30:00+00:00,4.26,14.82,168692.5247141121,4.16,5.15,3.38,2.38,3.97,151.0,14.78,10.38,19.15
2026-04-07 13:00:00+00:00,4.33,14.61,187378.62546069364,4.2,5.3100000000000005,2.76,2.5,4.11,144.0,14.51,10.99,20.09
2026-04-07 13:30:00+00:00,4.2,14.44,187991.2737166195,4.15,5.14,2.68,2.41,4.01,145.0,15.56,10.88,19.75
2026-04-07 14:00:00+00:00,4.0200000000000005,14.16,167793.70918356781,3.93,4.79,3.4,2.38,3.85,147.0,13.59,10.69,20.05
2026-04-07 14:30:00+00:00,3.98,14.13,177269.7155314519,3.79,4.74,3.67,2.22,3.67,160.0,14.59,9.86,19.46
2026-04-07 15:00:00+00:00,4.0,13.87,188140.26720261364,3.8,4.82,3.29,2.19,3.66,166.0,14.15,9.5,19.21
2026-04-07 15:30:00+00:00,3.95,13.36,179993.05041977673,3.75,4.71,3.48,2.19,3.63,169.0,15.44,9.39,17.7
2026-04-07 16:00:00+00:00,3.85,13.7,178023.80102330726,3.6,4.68,4.55,2.03,3.42,178.0,15.26,8.9,18.84
2026-04-07 16:30:00+00:00,3.62,12.82,186837.57064581205,3.47,4.36,2.61,2.02,3.33,181.0,12.99,8.68,18.61
2026-04-07 17:00:00+00:00,4.68,14.23,165139.29121415544,4.55,5.8,2.45,2.5500000000000003,4.3100000000000005,163.0,15.29,9.71,19.56
2026-04-07 17:30:00+00:00,4.21,13.46,164073.54999665334,3.94,4.92,2.62,2.41,3.88,162.0,15.83,9.72,20.66
2026-04-07 18:00:00+00:00,4.12,13.2,169295.1043116626,3.91,4.89,2.65,2.34,3.81,168.0,11.95,9.37,20.18
2026-04-07 18:30:00+00:00,4.19,13.21,183339.75373956736,3.56,4.71,2.89,2.14,3.5,186.0,14.07,8.46,17.67
2026-04-07 19:00:00+00:00,4.47,13.53,168174.2154392033,4.2,5.66,3.19,2.58,4.19,164.0,15.64,9.64,18.28
2026-04-07 19:30:00+00:00,4.32,12.81,175870.2828743299,4.13,5.14,3.85,2.45,4.0200000000000005,173.0,14.14,9.14,18.05
2026-04-07 20:00:00+00:00,3.88,12.26,183941.081949529,3.49,4.57,2.58,2.15,3.51,189.0,13.15,8.39,18.67
2026-04-07 20:30:00+00:00,4.22,12.76,174836.78202695245,3.97,4.9,1.93,2.45,3.94,167.0,14.45,9.46,19.09
2026-04-07 21:00:00+00:00,4.12,12.56,184179.77664482783,4.0600000000000005,5.2700000000000005,2.74,2.42,3.98,167.0,13.99,9.37,18.15
2026-04-07 21:30:00+00:00,4.3100000000000005,13.04,182836.32981829756,4.0,4.75,1.7,2.35,3.85,168.0,14.2,9.42,20.29
2026-04-07 22:00:00+00:00,4.1,12.61,178868.98183260777,3.88,5.09,3.12,2.25,3.79,172.0,12.1,9.21,17.26
2026-04-07 22:30:00+00:00,4.19,12.82,181996.7726014362,4.1,5.11,2.89,2.52,4.05,155.0,14.65,10.23,19.0
2026-04-07 23:00:00+00:00,4.13,12.55,189548.1590195007,3.94,4.91,3.93,2.4,3.88,163.0,14.95,9.63,18.15
2026-04-07 23:30:00+00:00,4.0,12.64,203319.51436451892,3.73,4.73,3.47,2.37,3.76,158.0,13.92,10.0,17.29
2026-04-08 00:00:00+00:00,3.93,12.01,200411.8730472775,3.73,4.62,2.64,2.44,3.8,156.0,13.38,10.13,18.21
2026-04-08 00:30:00+00:00,3.79,12.38,189816.02022190063,3.66,4.58,3.01,2.28,3.68,159.0,11.98,9.94,17.900000000000002
2026-04-08 01:00:00+00:00,4.07,12.33,173500.14574066247,3.89,4.73,2.9,2.5,3.94,152.0,11.84,10.36,19.3
2026-04-08 01:30:00+00:00,3.75,11.85,178443.91586585337,3.63,4.28,2.82,2.26,3.6,166.0,11.73,9.51,18.59
2026-04-08 02:00:00+00:00,3.74,12.31,178451.11886428524,3.69,4.38,2.5500000000000003,2.2,3.5700000000000003,165.0,12.11,9.57,17.0
2026-04-08 02:30:00+00:00,3.75,12.05,175987.20413247464,3.63,4.66,2.75,2.23,3.6,165.0,12.83,9.54,17.080000000000002
2026-04-08 03:00:00+00:00,3.84,12.41,178863.30469650126,3.63,4.55,2.51,2.19,3.5700000000000003,167.0,11.39,9.49,18.26
2026-04-08 03:30:00+00:00,3.53,11.71,183587.1992137618,3.42,4.05,2.57,2.13,3.41,170.0,10.99,9.28,17.7
2026-04-08 04:00:00+00:00,3.45,12.51,190316.11379879422,3.23,4.15,3.22,2.01,3.23,164.0,14.56,9.65,18.81
2026-04-08 04:30:00+00:00,3.5700000000000003,12.09,177970.29813441928,3.41,4.37,1.34,2.12,3.43,165.0,11.97,9.59,19.16
2026-04-08 05:00:00+00:00,3.88,12.48,165110.75687714582,3.76,4.87,2.63,2.19,3.63,167.0,13.21,9.38,18.88
2026-04-08 05:30:00+00:00,3.23,11.81,175868.63416675502,3.14,3.71,2.4,2.02,3.16,167.0,12.41,9.47,17.330000000000002
2026-04-08 06:00:00+00:00,3.44,11.87,175008.96918223036,3.34,4.3,2.43,2.09,3.35,168.0,11.32,9.46,19.03
2026-04-08 06:30:00+00:00,3.31,12.29,179384.373105587,3.19,4.0,2.19,1.94,3.16,164.0,12.19,9.63,19.94
2026-04-08 07:00:00+00:00,3.97,12.91,191517.73039924522,3.81,4.91,2.26,2.38,3.82,153.0,14.17,10.33,17.79
2026-04-08 07:30:00+00:00,3.6,12.33,192481.75843920777,3.44,4.16,2.89,2.19,3.47,156.0,14.2,10.11,19.46
2026-04-08 08:00:00+00:00,3.43,12.29,191166.66263519166,3.2,3.82,3.08,2.07,3.24,158.0,14.25,9.98,17.650000000000002
2026-04-08 08:30:00+00:00,3.81,12.82,186475.99937246632,3.66,4.5200000000000005,1.44,2.36,3.72,143.0,12.93,10.99,18.67
2026-04-08 09:00:00+00:00,3.33,12.14,180748.63771775964,3.21,3.87,3.34,2.05,3.23,155.0,12.74,10.17,19.8
2026-04-08 09:30:00+00:00,3.64,12.36,170531.68505157167,3.63,4.49,1.71,2.27,3.62,149.0,13.5,10.58,18.75
2026-04-08 10:00:00+00:00,3.46,12.09,176573.76628104912,3.41,4.48,2.72,2.01,3.31,163.0,13.88,9.61,17.32
2026-04-08 10:30:00+00:00,3.37,12.42,182673.5467905063,3.28,4.0200000000000005,1.27,2.05,3.27,156.0,12.73,10.17,18.4
2026-04-08 11:00:00+00:00,3.53,12.55,186880.41232250747,3.39,4.34,1.68,2.14,3.42,152.0,12.72,10.29,20.52
2026-04-08 11:30:00+00:00,3.72,12.47,160969.56684232046,3.39,4.07,2.98,2.24,3.5,153.0,11.42,10.25,17.05
2026-04-08 12:00:00+00:00,3.46,12.17,172258.40518030114,3.21,4.14,2.24,1.97,3.21,163.0,13.53,9.71,18.85
2026-04-08 12:30:00+00:00,3.52,12.05,187727.41502244922,3.31,4.09,2.13,2.2,3.42,150.0,12.49,10.48,18.7
2026-04-08 13:00:00+00:00,3.48,11.77,167286.6156653952,3.38,4.3500000000000005,2.17,2.08,3.35,160.0,12.64,9.86,17.44
2026-04-08 13:30:00+00:00,3.52,12.31,166206.1403359227,3.49,4.2700000000000005,2.96,2.24,3.54,150.0,12.5,10.57,17.68
2026-04-08 14:00:00+00:00,3.45,12.37,163313.5568758147,3.26,4.04,2.29,2.06,3.29,157.0,13.22,9.99,18.84
2026-04-08 14:30:00+00:00,3.43,12.05,156192.61161774764,3.36,4.09,1.95,2.11,3.37,160.0,11.7,9.91,18.39
2026-04-08 15:00:00+00:00,3.3000000000000003,12.07,158140.78108735458,3.2,4.13,1.84,1.91,3.14,166.0,13.02,9.5,16.47
2026-04-08 15:30:00+00:00,3.31,11.85,158783.18250171986,3.11,3.82,3.17,2.05,3.2,157.0,13.62,10.0,17.64
2026-04-08 16:00:00+00:00,3.65,12.19,156800.19245144905,3.45,4.3500000000000005,2.38,2.07,3.37,164.0,13.14,9.63,16.75
2026-04-08 16:30:00+00:00,3.29,11.8,154117.8059521587,3.04,3.84,1.71,1.91,3.04,167.0,12.3,9.45,18.12
2026-04-08 17:00:00+00:00,3.4,11.98,153041.26551189704,3.23,4.12,1.57,2.01,3.22,161.0,11.92,9.73,17.080000000000002
2026-04-08 17:30:00+00:00,3.1,11.99,156615.94061283112,3.03,3.95,1.91,1.82,2.96,170.0,12.63,9.35,17.06
2026-04-08 18:00:00+00:00,3.17,11.8,144093.9894774356,3.02,3.83,2.21,1.87,3.02,168.0,13.72,9.34,17.73
2026-04-08 18:30:00+00:00,3.24,11.7,151007.38286632972,3.15,3.95,2.54,1.88,3.09,172.0,11.34,9.21,17.88
2026-04-08 19:00:00+00:00,3.06,11.61,154333.0472798472,3.02,3.5700000000000003,2.9,1.95,3.0700000000000003,161.0,12.71,9.82,16.25
2026-04-08 19:30:00+00:00,3.12,11.4,147631.66110714988,2.96,3.74,1.69,1.86,2.97,170.0,10.37,9.27,16.13
2026-04-08 20:00:00+00:00,3.13,12.05,141393.93155993408,3.06,3.76,2.14,1.91,3.0700000000000003,161.0,13.1,9.77,17.89
2026-04-08 20:30:00+00:00,3.51,12.11,152376.54875824612,3.41,4.39,1.87,2.12,3.41,157.0,12.84,10.04,17.78
2026-04-08 21:00:00+00:00,2.9,11.27,143355.22732176245,2.69,3.31,2.06,1.66,2.67,179.0,12.0,8.84,16.080000000000002
2026-04-08 21:30:00+00:00,3.2,11.57,147758.13370916934,3.03,3.79,1.81,1.89,3.02,170.0,13.04,9.28,16.45
2026-04-08 22:00:00+00:00,3.03,11.48,145262.08030766578,2.93,3.68,3.1,1.78,2.88,166.0,12.38,9.55,17.2
2026-04-08 22:30:00+00:00,3.2,11.47,135197.63587739802,3.01,3.76,1.74,1.9,3.02,165.0,11.91,9.61,17.240000000000002
2026-04-08 23:00:00+00:00,2.86,11.36,139692.3443555528,2.66,3.35,1.81,1.62,2.63,177.0,12.23,8.98,15.4
2026-04-08 23:30:00+00:00,2.85,11.38,158205.11107774518,2.76,3.46,1.9,1.64,2.68,177.0,12.39,8.92,18.18
2026-04-09 00:00:00+00:00,3.26,11.77,,3.16,4.07,1.57,1.97,3.16,162.0,13.26,9.75,17.45
2026-04-09 00:30:00+00:00,2.9,11.77,142338.25791131036,2.87,3.54,1.2,1.78,2.83,158,11.86,9.96,16.84
2026-04-09 01:00:00+00:00,2.57,11.09,148462.2404176386,2.44,2.99,1.46,1.52,2.43,177,10.84,8.93,17.66
2026-04-09 01:30:00+00:00,2.79,11.31,141954.88240597697,2.77,3.47,1.69,1.8,2.83,159,9.67,9.93,17.03
2026-04-09 02:00:00+00:00,2.71,11.0,149089.21628195344,2.57,3.18,1.66,1.65,2.61,164,9.46,9.57,17.57
2026-04-09 02:30:00+00:00,2.74,11.31,147603.9849486467,2.54,3.08,1.9,1.64,2.59,168,11.41,9.36,15.28
2026-04-09 03:00:00+00:00,2.49,11.22,143802.7846405626,2.41,3.03,2.02,1.56,2.45,162,11.54,9.76,16.15
2026-04-09 03:30:00+00:00,2.44,10.79,149036.5809639,2.33,2.73,1.17,1.44,2.3000000000000003,174,13.27,9.06,15.23
2026-04-09 04:00:00+00:00,2.49,10.91,141077.64117596054,2.36,2.8000000000000003,1.25,1.5,2.37,174,12.63,9.11,17.38
2026-04-09 04:30:00+00:00,2.54,10.99,133455.58664863984,2.43,3.0500000000000003,1.64,1.58,2.48,167,10.4,9.49,15.73
2026-04-09 05:00:00+00:00,2.57,11.27,142648.30582833395,2.49,3.1,0.8300000000000001,1.49,2.44,175,10.92,9.04,16.07
2026-04-09 05:30:00+00:00,2.2,10.7,155579.823010218,2.11,2.56,1.24,1.38,2.16,172,12.34,9.18,15.62
2026-04-09 06:00:00+00:00,2.46,11.01,152887.75911272783,2.36,2.95,1.99,1.45,2.33,177,11.66,8.94,15.09
2026-04-09 06:30:00+00:00,2.39,11.01,143680.42040675928,2.16,2.87,1.34,1.36,2.18,176,11.0,8.950000000000001,14.59
2026-04-09 07:00:00+00:00,2.32,10.83,151235.647436775,2.24,2.81,1.41,1.42,2.25,177,12.81,8.950000000000001,16.36
2026-04-09 07:30:00+00:00,2.26,10.79,151018.71021399484,2.07,2.59,1.19,1.31,2.09,179,11.16,8.790000000000001,15.66
2026-04-09 08:00:00+00:00,2.27,10.63,142607.19487176754,2.13,2.57,1.7,1.32,2.1,181,9.51,8.74,15.23
2026-04-09 08:30:00+00:00,2.12,10.32,151022.9141394642,2.11,2.71,1.13,1.27,2.08,184,9.79,8.57,15.75
2026-04-09 09:00:00+00:00,2.2,10.43,165709.54454949388,2.15,2.64,1.3,1.29,2.09,181,10.19,8.73,14.7
2026-04-09 09:30:00+00:00,2.27,10.85,165157.0049648452,2.2,2.81,1.34,1.35,2.18,176,10.6,8.950000000000001,16.2
2026-04-09 10:00:00+00:00,2.01,10.1,154548.05537940035,2.01,2.56,0.77,1.22,1.97,190,8.950000000000001,8.34,15.19
2026-04-09 10:30:00+00:00,2.08,10.08,151022.11833115283,1.99,2.42,0.74,1.24,2.0,201,10.49,7.85,15.67
2026-04-09 11:00:00+00:00,2.03,9.69,148234.13838705956,1.96,2.46,1.16,1.21,1.94,220,11.41,7.21,15.44
2026-04-09 11:30:00+00:00,2.26,9.79,149044.96078421018,2.14,2.71,2.26,1.3,2.11,229,10.05,6.92,15.02
2026-04-09 12:00:00+00:00,2.26,9.1,158370.03148630058,2.09,2.66,1.38,1.27,2.05,248,10.22,6.390000000000001,13.97
2026-04-09 12:30:00+00:00,2.37,9.06,152090.5553862623,2.27,2.99,2.32,1.33,2.19,254,10.32,6.25,13.58
2026-04-09 13:00:00+00:00,2.18,8.15,159318.8265739136,1.99,2.45,1.92,1.3,2.04,270,10.15,5.84,12.71
2026-04-09 13:30:00+00:00,2.37,8.69,148011.5652324239,2.15,2.75,3.96,1.33,2.14,270,10.23,5.87,14.07
2026-04-09 14:00:00+00:00,2.2,8.57,158668.64530637194,2.02,2.59,2.26,1.23,1.99,276,12.09,5.74,12.78
2026-04-09 14:30:00+00:00,2.29,8.07,147074.980451643,2.07,2.63,1.75,1.3,2.08,286,10.34,5.53,13.33
2026-04-09 15:00:00+00:00,2.3000000000000003,8.1,146414.54107248227,2.15,2.77,1.66,1.35,2.16,277,8.120000000000001,5.7,13.67
2026-04-09 15:30:00+00:00,2.25,7.88,136711.8178910432,2.08,2.63,1.77,1.31,2.09,283,8.39,5.59,13.8
2026-04-09 16:00:00+00:00,2.14,7.79,135170.74208239972,1.96,2.41,3.0500000000000003,1.24,1.96,284,6.53,5.57,13.35
2026-04-09 16:30:00+00:00,2.1,8.38,140339.72834457183,1.93,2.47,1.15,1.23,1.95,256,10.54,6.19,14.57
2026-04-09 17:00:00+00:00,2.11,8.2,145611.92821500244,1.99,2.47,0.86,1.22,1.97,260,8.24,6.1000000000000005,13.08
2026-04-09 17:30:00+00:00,1.94,8.08,160903.21133154797,1.82,2.3000000000000003,2.32,1.1,1.79,279,11.35,5.69,11.78
2026-04-09 18:00:00+00:00,2.01,7.92,149466.00276227508,1.88,2.33,0.93,1.16,1.87,276,9.65,5.73,13.33
2026-04-09 18:30:00+00:00,2.1,7.7,143143.2754947928,1.95,2.39,2.16,1.22,1.95,284,7.41,5.58,12.17
2026-04-09 19:00:00+00:00,2.1,7.87,151361.31019214095,2.0,2.45,1.49,1.26,2.0,263,8.71,5.99,12.91
2026-04-09 19:30:00+00:00,2.07,7.73,153993.85627471245,1.91,2.37,1.97,1.18,1.89,283,9.06,5.58,12.86
2026-04-09 20:00:00+00:00,2.19,8.06,149883.08143845096,2.1,2.58,1.54,1.37,2.15,238,7.23,6.65,12.87
2026-04-09 20:30:00+00:00,2.21,8.44,153244.9184777631,2.09,2.7,1.93,1.32,2.1,240,9.88,6.59,14.0
2026-04-09 21:00:00+00:00,2.01,8.040000000000001,153578.14859680997,1.87,2.3000000000000003,1.27,1.18,1.88,251,8.25,6.28,12.28
2026-04-09 21:30:00+00:00,1.98,8.26,149430.76167244793,1.89,2.32,1.41,1.2,1.9,242,9.22,6.55,12.26
2026-04-09 22:00:00+00:00,2.0,8.36,162729.82525276844,1.96,2.42,1.82,1.25,1.97,229,10.05,6.91,12.49
2026-04-09 22:30:00+00:00,2.21,8.25,159781.84490586544,2.04,2.54,1.29,1.34,2.11,225,8.17,7.0200000000000005,14.63
2026-04-09 23:00:00+00:00,2.15,8.27,153773.95027987138,2.06,2.61,1.22,1.33,2.1,225,8.86,7.03,13.8
2026-04-09 23:30:00+00:00,2.03,8.39,167334.6929150812,1.89,2.38,1.91,1.17,1.87,236,8.86,6.68,14.51
2026-04-10 00:00:00+00:00,2.16,8.32,165037.95281836583,2.03,2.56,2.09,1.25,2.01,233,9.31,6.7700000000000005,13.4
2026-04-10 00:30:00+00:00,2.06,8.34,159500.89756209345,1.92,2.43,1.21,1.19,1.91,246,7.8,6.44,14.7
2026-04-10 01:00:00+00:00,2.15,8.33,159016.34322511844,2.02,2.5500000000000003,1.7,1.28,2.04,238,7.73,6.63,12.94
2026-04-10 01:30:00+00:00,2.17,8.33,163257.07971046047,2.06,2.57,1.71,1.3,2.07,235,8.3,6.7,11.68
2026-04-10 02:00:00+00:00,2.27,8.46,159802.21017298612,2.17,2.64,1.12,1.37,2.18,228,7.82,6.95,13.61
2026-04-10 02:30:00+00:00,2.16,8.34,159281.22933886648,2.08,2.52,1.41,1.35,2.11,227,8.59,6.99,12.91
2026-04-10 03:00:00+00:00,2.18,8.39,164914.94220589395,2.04,2.52,2.0,1.32,2.08,232,10.18,6.83,13.71
2026-04-10 03:30:00+00:00,2.18,8.45,147391.79088118346,2.08,2.52,1.49,1.33,2.1,227,8.23,6.96,13.36
2026-04-10 04:00:00+00:00,2.04,8.66,147885.39994742797,1.96,2.48,1.39,1.19,1.92,234,8.46,6.76,14.67
2026-04-10 04:30:00+00:00,1.9,8.57,138449.34853862025,1.79,2.21,2.09,1.13,1.8,233,6.890000000000001,6.8,12.92
2026-04-10 05:00:00+00:00,1.96,8.66,154897.93152700766,1.85,2.27,1.46,1.18,1.87,223,9.1,7.08,13.72
2026-04-10 05:30:00+00:00,1.85,8.56,165967.723090138,1.76,2.25,1.02,1.12,1.77,230,9.02,6.890000000000001,13.93
2026-04-10 06:00:00+00:00,1.9,8.9,184380.48102883212,1.85,2.3000000000000003,1.83,1.17,1.85,216,7.04,7.34,13.48
2026-04-10 06:30:00+00:00,1.92,9.0,171201.53838834757,1.79,2.36,1.69,1.08,1.76,231,7.61,6.84,16.67
2026-04-10 07:00:00+00:00,1.95,9.24,168618.94706258163,1.88,2.3000000000000003,2.3000000000000003,1.19,1.89,210,10.03,7.51,14.54
2026-04-10 07:30:00+00:00,1.8,9.46,172247.33881810142,1.66,2.05,1.17,1.07,1.69,212,9.91,7.43,15.62
2026-04-10 08:00:00+00:00,1.77,9.55,189844.11547031897,1.69,2.08,1.29,1.09,1.71,212,6.71,7.47,17.8
2026-04-10 08:30:00+00:00,1.88,9.91,188562.68301439178,1.81,2.19,1.59,1.18,1.85,194,9.7,8.15,15.69
2026-04-10 09:00:00+00:00,2.05,10.23,172123.19593119863,1.91,2.39,1.62,1.18,1.9,200,11.78,7.9,15.06
2026-04-10 09:30:00+00:00,2.02,10.27,164920.8779386598,1.91,2.32,1.49,1.21,1.91,196,11.23,8.05,16.39
2026-04-10 10:00:00+00:00,2.01,10.34,183571.90888378758,1.89,2.32,1.15,1.26,1.96,183,10.35,8.63,18.16
2026-04-10 10:30:00+00:00,2.12,10.96,193512.26131991393,2.02,2.56,1.55,1.29,2.04,177,11.29,8.91,17.01
2026-04-10 11:00:00+00:00,2.05,10.63,198028.5279172468,1.98,2.45,1.31,1.24,1.97,191,10.68,8.3,16.21
2026-04-10 11:30:00+00:00,2.18,11.12,184420.79487690792,2.12,2.57,1.49,1.38,2.16,172,11.5,9.21,16.75
2026-04-10 12:00:00+00:00,2.47,11.78,181620.3251208772,2.39,2.81,1.51,1.52,2.39,167,9.93,9.47,17.68
2026-04-10 12:30:00+00:00,2.45,11.48,183799.0561318169,2.26,2.74,1.31,1.42,2.27,180,12.42,8.74,20.77
2026-04-10 13:00:00+00:00,2.33,11.17,179006.2233984849,2.24,2.74,2.27,1.33,2.18,200,13.81,7.890000000000001,17.09
2026-04-10 13:30:00+00:00,2.42,11.31,156892.67925706218,2.2,2.74,2.16,1.29,2.12,212,10.56,7.42,16.01
2026-04-10 14:00:00+00:00,2.44,11.42,172078.0817021981,2.36,2.91,1.76,1.47,2.35,185,9.9,8.58,16.46
2026-04-10 14:30:00+00:00,2.61,11.79,171094.5603366549,2.51,3.25,1.73,1.47,2.43,193,14.57,8.14,16.11
2026-04-10 15:00:00+00:00,2.62,11.74,167463.72656448063,2.28,3.1,2.3000000000000003,1.34,2.22,216,11.71,7.27,17.32
2026-04-10 15:30:00+00:00,2.5,11.65,171899.00578709578,2.24,2.87,2.34,1.34,2.18,216,13.77,7.31,16.46
2026-04-10 16:00:00+00:00,2.69,11.52,184581.3057222953,2.43,3.1,2.47,1.43,2.36,218,12.5,7.26,17.32
2026-04-10 16:30:00+00:00,2.7,10.98,172506.59039222874,2.43,3.02,1.7,1.44,2.35,223,10.81,7.09,17.03
2026-04-10 17:00:00+00:00,2.84,11.52,167202.28383457003,2.54,3.25,2.65,1.51,2.47,224,13.39,7.04,16.6
2026-04-10 17:30:00+00:00,2.82,11.17,159806.19230101292,2.62,3.27,2.77,1.61,2.59,217,10.43,7.28,15.83
2026-04-10 18:00:00+00:00,2.9,10.92,171303.2249861336,2.64,3.53,1.55,1.62,2.63,220,12.23,7.18,17.79
2026-04-10 18:30:00+00:00,3.08,11.25,149538.51369827485,2.73,3.58,2.21,1.64,2.69,224,13.1,7.04,16.21
2026-04-10 19:00:00+00:00,3.16,11.24,151355.61469769082,2.83,3.71,2.76,1.76,2.83,219,11.43,7.24,18.03
2026-04-10 19:30:00+00:00,2.9,10.54,152568.7559507393,2.73,3.5,1.93,1.68,2.71,222,12.6,7.1000000000000005,15.01
2026-04-10 20:00:00+00:00,3.31,11.1,149491.31508494855,3.14,3.84,3.46,1.93,3.11,202,13.3,7.84,16.54
2026-04-10 20:30:00+00:00,3.15,10.73,150097.93527804682,2.9,3.83,2.09,1.81,2.92,224,10.17,7.07,17.28
2026-04-10 21:00:00+00:00,3.15,10.44,154566.4354162958,2.98,3.85,2.05,1.89,2.99,215,11.62,7.36,15.63
2026-04-10 21:30:00+00:00,3.44,10.89,160989.53666659762,3.29,4.0,3.26,2.02,3.22,208,9.91,7.61,15.68
2026-04-10 22:00:00+00:00,3.49,11.03,161522.10195024917,3.19,4.01,3.08,1.95,3.14,214,12.75,7.4,16.54
2026-04-10 22:30:00+00:00,3.0500000000000003,10.31,159076.79087903912,2.85,3.64,3.5500000000000003,1.79,2.86,229,13.45,6.91,16.35
2026-04-10 23:00:00+00:00,3.29,10.92,158252.66442667216,2.95,3.73,2.84,1.86,2.96,214,12.58,7.36,17.0
2026-04-10 23:30:00+00:00,3.14,10.63,172677.66401262197,2.98,3.64,1.15,1.81,2.92,210,12.34,7.51,15.92
2026-04-11 00:00:00+00:00,3.0,10.82,173637.25731078326,2.77,3.45,2.46,1.73,2.76,210,11.79,7.53,15.71
2026-04-11 00:30:00+00:00,3.01,10.61,182055.8723574137,2.82,3.5,2.03,1.7,2.75,216,13.14,7.34,15.06
2026-04-11 01:00:00+00:00,3.0500000000000003,10.59,174342.07324498004,2.89,3.46,2.29,1.8,2.87,208,12.85,7.61,16.9
2026-04-11 01:30:00+00:00,2.98,10.32,166882.8754278843,2.82,3.5500000000000003,2.76,1.74,2.8000000000000003,224,13.15,7.09,16.29
2026-04-11 02:00:00+00:00,2.96,9.83,146174.57863423612,2.87,3.65,1.74,1.71,2.78,228,9.82,6.92,15.59
2026-04-11 02:30:00+00:00,3.23,10.53,154050.27472732103,2.92,3.8,1.7,1.75,2.85,233,12.29,6.8100000000000005,15.57
2026-04-11 03:00:00+00:00,3.17,9.86,152403.10831318196,2.92,3.73,2.62,1.8,2.9,235,10.88,6.74,14.55
2026-04-11 03:30:00+00:00,3.06,10.29,156623.22581267558,2.74,3.52,1.9,1.7,2.73,224,13.23,7.07,17.080000000000002
2026-04-11 04:00:00+00:00,2.88,10.07,158891.31501015672,2.64,3.39,2.17,1.67,2.66,227,12.89,6.99,14.63
2026-04-11 04:30:00+00:00,2.9,10.26,139459.83473675005,2.69,3.45,1.43,1.61,2.62,233,7.86,6.8100000000000005,16.68
2026-04-11 05:00:00+00:00,2.75,10.34,143778.3960079225,2.48,3.06,1.71,1.51,2.42,232,11.52,6.8100000000000005,16.580000000000002
2026-04-11 05:30:00+00:00,2.54,10.3,169750.54712743338,2.28,2.95,2.62,1.41,2.27,240,11.46,6.58,17.31
2026-04-11 06:00:00+00:00,2.69,9.88,168683.76132071216,2.52,3.31,1.39,1.47,2.43,255,11.4,6.18,14.81
2026-04-11 06:30:00+00:00,3.0,8.98,155413.2342984377,2.67,3.41,3.42,1.75,2.74,253,9.01,6.24,14.51
2026-04-11 07:00:00+00:00,2.96,8.6,148941.4387600698,2.8000000000000003,3.41,1.86,1.78,2.81,252,8.17,6.29,15.54
2026-04-11 07:30:00+00:00,3.23,8.21,134368.19014770762,2.96,3.69,2.28,1.95,3.04,255,6.97,6.2,15.28
2026-04-11 08:00:00+00:00,3.24,8.27,133998.32297767673,2.99,3.71,2.79,1.9,3.0,260,9.7,6.11,13.49
2026-04-11 08:30:00+00:00,3.14,8.78,141326.61690736472,2.89,3.64,2.8000000000000003,1.81,2.88,251,7.140000000000001,6.32,15.32
2026-04-11 09:00:00+00:00,3.26,8.9,134358.36960751153,3.01,3.73,1.54,1.87,3.0,251,9.13,6.3,18.47
2026-04-11 09:30:00+00:00,3.2,8.89,142788.32704128718,2.98,3.64,2.32,1.95,3.04,234,12.19,6.74,17.93
2026-04-11 10:00:00+00:00,3.01,8.26,160436.3130798982,2.87,3.59,2.62,1.82,2.88,252,7.25,6.26,14.22
2026-04-11 10:30:00+00:00,3.1,9.09,145887.1151127684,2.84,3.62,2.07,1.79,2.85,240,7.87,6.57,16.77
2026-04-11 11:00:00+00:00,3.01,9.31,150490.04817200327,2.81,3.51,2.14,1.77,2.82,239,12.46,6.65,16.11
2026-04-11 11:30:00+00:00,3.15,9.54,148007.6120306324,2.8000000000000003,3.4,3.11,1.77,2.81,248,9.14,6.36,14.15
2026-04-11 12:00:00+00:00,2.93,9.06,170030.34807587645,2.68,3.37,3.98,1.69,2.69,257,11.88,6.18,14.97
2026-04-11 12:30:00+00:00,3.24,9.29,153452.69315664165,2.92,3.63,2.52,1.91,3.0,237,10.09,6.67,16.080000000000002
2026-04-11 13:00:00+00:00,3.01,8.38,130240.64922668267,2.88,3.68,3.19,1.84,2.92,253,8.2,6.25,15.03
2026-04-11 13:30:00+00:00,3.06,8.700000000000001,137535.09740664618,2.83,3.56,2.23,1.78,2.84,253,9.94,6.26,15.95
2026-04-11 14:00:00+00:00,3.23,8.44,142895.5052189221,3.08,3.85,3.99,1.93,3.08,253,8.41,6.26,13.8
2026-04-11 14:30:00+00:00,3.21,8.59,156393.49382298513,3.03,3.8,2.65,1.86,3.0,255,8.61,6.2,16.27
2026-04-11 15:00:00+00:00,3.3200000000000003,8.45,154129.29473039237,3.14,3.98,1.77,1.98,3.16,248,7.86,6.390000000000001,15.23
2026-04-11 15:30:00+00:00,3.44,8.34,161855.39407953926,3.11,4.0200000000000005,2.54,1.95,3.12,265,8.05,5.98,12.49
2026-04-11 16:00:00+00:00,3.46,8.52,158683.68653249968,3.3200000000000003,4.21,2.16,2.09,3.33,241,7.7,6.55,14.75
2026-04-11 16:30:00+00:00,3.5700000000000003,8.68,154081.8775444784,3.39,4.29,4.44,2.17,3.42,239,8.870000000000001,6.640000000000001,15.11
2026-04-11 17:00:00+00:00,3.87,8.83,162977.21774406824,3.56,4.39,4.41,2.23,3.5500000000000003,246,7.12,6.45,13.39
2026-04-11 17:30:00+00:00,3.65,8.48,157562.73088712362,3.3000000000000003,4.2700000000000005,3.02,2.08,3.33,255,11.75,6.2,13.06
2026-04-11 18:00:00+00:00,3.87,9.03,154815.38728261145,3.59,4.46,3.78,2.26,3.6,235,12.54,6.71,14.97
2026-04-11 18:30:00+00:00,3.93,9.17,147680.2093006544,3.6,4.6000000000000005,2.7,2.19,3.56,244,10.61,6.51,15.77
2026-04-11 19:00:00+00:00,4.0,9.59,153066.35741999786,3.6,4.7700000000000005,2.0,2.28,3.65,230,10.35,6.88,16.65
2026-04-11 19:30:00+00:00,4.01,9.78,147530.48219603163,3.82,4.7700000000000005,2.17,2.37,3.8,213,9.25,7.41,17.3
2026-04-11 20:00:00+00:00,4.09,10.18,147311.45324396016,3.79,4.97,2.75,2.28,3.72,225,13.85,7.03,18.32
2026-04-11 20:30:00+00:00,3.91,10.28,152588.42596377304,3.74,4.71,2.94,2.27,3.69,210,8.09,7.54,16.03
2026-04-11 21:00:00+00:00,3.92,10.84,165296.6581100386,3.65,4.64,2.63,2.29,3.66,205,12.13,7.69,16.98
2026-04-11 21:30:00+00:00,3.88,10.82,186287.7026708456,3.52,4.53,3.63,2.15,3.48,217,11.63,7.26,16.2
2026-04-11 22:00:00+00:00,4.4,11.73,167273.40613947666,4.16,5.3100000000000005,3.48,2.52,4.1,189,13.95,8.35,17.900000000000002
2026-04-11 22:30:00+00:00,4.15,11.77,157296.41661568344,3.95,4.96,3.35,2.45,3.93,185,13.16,8.55,18.69
2026-04-11 23:00:00+00:00,4.49,12.37,159254.44397024598,4.3100000000000005,5.62,2.1,2.6,4.24,174,13.05,9.12,17.87
2026-04-11 23:30:00+00:00,4.61,12.47,177160.69137388372,4.37,5.51,2.21,2.57,4.24,181,12.33,8.73,20.02
2026-04-12 00:00:00+00:00,4.54,12.74,166618.60136643084,4.38,5.2700000000000005,3.96,2.79,4.4,163,12.11,9.62,18.75
2026-04-12 00:30:00+00:00,4.2700000000000005,12.68,170547.11041342918,4.16,5.26,5.13,2.47,4.07,172,13.27,9.23,18.46
2026-04-12 01:00:00+00:00,4.17,12.68,153932.21716547673,3.84,5.0,3.5500000000000003,2.34,3.81,175,15.35,9.03,20.14
2026-04-12 01:30:00+00:00,4.16,13.25,146637.65582384888,3.95,4.95,2.72,2.39,3.9,162,15.04,9.71,19.23
2026-04-12 02:00:00+00:00,4.42,13.38,155273.34840565297,4.3100000000000005,5.46,2.63,2.59,4.22,156,14.54,10.12,19.91
2026-04-12 02:30:00+00:00,4.2700000000000005,13.39,157729.27382738757,4.03,5.3100000000000005,3.26,2.28,3.85,168,12.61,9.43,19.12
2026-04-12 03:00:00+00:00,4.65,13.96,142991.9918796596,4.39,5.39,3.69,2.6,4.2700000000000005,157,16.31,10.08,20.67
2026-04-12 03:30:00+00:00,4.5,13.57,145410.94782376225,4.19,5.34,3.04,2.5500000000000003,4.17,157,14.51,10.05,19.23
2026-04-12 04:00:00+00:00,4.76,13.61,147709.36003359247,4.64,5.95,2.68,2.77,4.5200000000000005,145,13.19,10.78,18.95
2026-04-12 04:30:00+00:00,4.47,13.84,148760.1714852914,4.13,4.99,4.88,2.58,4.14,146,15.57,10.7,19.89
2026-04-12 05:00:00+00:00,4.86,14.17,151882.07894501858,4.8,5.96,2.6,3.04,4.83,135,14.33,11.76,21.19
2026-04-12 05:30:00+00:00,4.83,13.8,154393.0403180945,4.64,5.82,3.74,2.91,4.65,142,15.2,11.15,19.29
2026-04-12 06:00:00+00:00,4.53,13.43,156231.70852925483,4.44,5.6000000000000005,2.25,2.78,4.46,141,14.13,11.24,19.95
2026-04-12 06:30:00+00:00,4.49,13.92,159205.9156999932,4.24,5.36,2.5500000000000003,2.61,4.21,136,12.77,11.6,19.06
2026-04-12 07:00:00+00:00,4.43,13.96,145535.04905860187,4.19,5.51,3.38,2.44,4.05,149,12.95,10.62,19.05
2026-04-12 07:30:00+00:00,4.53,13.91,153047.24217801812,4.37,5.3,3.0500000000000003,2.7,4.34,140,14.84,11.28,19.23
2026-04-12 08:00:00+00:00,4.25,13.61,164309.54356452465,4.14,5.1000000000000005,2.28,2.61,4.15,143,14.0,11.09,19.24
2026-04-12 08:30:00+00:00,4.32,13.75,152698.87477619573,4.12,5.3500000000000005,3.29,2.52,4.11,145,13.21,10.83,20.97
2026-04-12 09:00:00+00:00,4.37,13.56,162090.7729277857,4.19,5.3500000000000005,2.99,2.7,4.2700000000000005,138,15.5,11.36,19.42
2026-04-12 09:30:00+00:00,4.45,14.18,173549.90483430645,4.11,4.91,3.98,2.63,4.16,139,15.15,11.3,18.87
2026-04-12 10:00:00+00:00,4.5600000000000005,13.9,152367.30561064286,4.41,5.24,2.25,2.74,4.37,140,15.2,11.26,19.53
2026-04-12 10:30:00+00:00,5.17,14.01,157543.7828129209,5.01,5.89,4.42,2.88,4.8,148,14.77,10.67,19.42
2026-04-12 11:00:00+00:00,4.43,13.91,156405.92188694316,4.2,5.16,4.41,2.48,4.0600000000000005,156,14.25,10.13,19.24
2026-04-12 11:30:00+00:00,4.89,14.18,170052.35733951427,4.74,6.22,2.04,2.86,4.67,141,15.59,11.17,19.91
2026-04-12 12:00:00+00:00,4.53,14.04,176595.53252632436,4.21,5.0,2.52,2.68,4.24,138,13.65,11.39,19.71
2026-04-12 12:30:00+00:00,4.48,13.65,161030.56347726786,4.23,5.18,2.88,2.46,4.09,160,14.2,9.93,19.41
2026-04-12 13:00:00+00:00,4.34,13.71,157936.7353452136,4.34,5.58,3.16,2.45,4.15,157,15.41,10.0,18.38
2026-04-12 13:30:00+00:00,4.23,13.54,151967.70842342207,4.11,5.25,4.2,2.31,3.9,165,13.06,9.57,18.57
2026-04-12 14:00:00+00:00,4.32,13.39,167296.8034819914,4.23,4.95,3.0,2.65,4.24,150,14.12,10.55,21.63
2026-04-12 14:30:00+00:00,4.61,13.39,152470.58233561617,4.4,5.8,3.15,2.62,4.3,165,14.24,9.58,18.71
2026-04-12 15:00:00+00:00,4.54,13.07,153602.22649804907,4.33,5.67,4.86,2.42,4.12,177,13.26,8.97,18.83
2026-04-12 15:30:00+00:00,4.73,13.46,167404.09163896515,4.34,5.63,2.18,2.45,4.13,177,13.91,8.9,17.76
2026-04-12 16:00:00+00:00,4.7700000000000005,13.6,156149.55506220643,4.68,5.99,3.28,2.66,4.48,165,14.85,9.57,17.44
2026-04-12 16:30:00+00:00,4.46,13.23,160213.14592689142,4.16,5.36,3.48,2.43,4.0200000000000005,171,16.080000000000002,9.24,19.13
2026-04-12 17:00:00+00:00,4.41,13.08,154806.46646692953,4.2,5.3100000000000005,5.03,2.37,3.98,176,14.26,8.93,18.22
2026-04-12 17:30:00+00:00,4.73,13.57,148896.15989461594,4.78,5.71,3.13,2.83,4.61,155,13.72,10.22,18.56
2026-04-12 18:00:00+00:00,4.74,13.33,159209.5523422853,4.55,5.54,3.79,2.77,4.5200000000000005,154,13.68,10.29,18.88
2026-04-12 18:30:00+00:00,4.72,13.65,166759.9358312297,4.72,5.8500000000000005,4.0200000000000005,2.92,4.72,144,13.99,10.87,17.67
2026-04-12 19:00:00+00:00,4.2,12.92,166118.3436641598,3.89,5.19,3.0,2.2,3.73,182,12.65,8.63,20.97
2026-04-12 19:30:00+00:00,4.38,13.11,168192.64502167897,4.17,5.2,3.97,2.57,4.13,157,13.34,10.07,19.04
2026-04-12 20:00:00+00:00,4.2700000000000005,12.92,166439.13503159903,4.12,5.17,3.21,2.44,4.01,159,12.68,9.88,19.8
2026-04-12 20:30:00+00:00,4.18,12.72,175050.15123656605,3.83,4.69,2.38,2.39,3.8,165,13.53,9.56,18.83
2026-04-12 21:00:00+00:00,4.25,12.83,178179.8801419483,4.18,5.21,2.81,2.52,4.12,163,14.13,9.74,19.65
2026-04-12 21:30:00+00:00,3.99,12.28,181684.30741291613,3.85,4.7,3.79,2.41,3.85,168,13.93,9.43,16.94
2026-04-12 22:00:00+00:00,3.66,12.14,186382.92578452436,3.47,4.37,3.78,2.11,3.42,172,13.7,9.14,18.45
2026-04-12 22:30:00+00:00,4.1,13.02,170709.91178053094,4.05,5.03,2.5500000000000003,2.54,4.0600000000000005,149,13.65,10.63,20.29
2026-04-12 23:00:00+00:00,3.96,12.76,163118.960619271,3.78,4.64,5.1000000000000005,2.37,3.77,154,14.91,10.17,17.56
2026-04-12 23:30:00+00:00,3.93,12.76,162486.9638410154,3.8,4.66,2.46,2.35,3.76,157,15.23,10.08,17.740000000000002
2026-04-13 00:00:00+00:00,3.64,12.47,168087.54394470982,3.5700000000000003,4.49,3.45,2.12,3.47,168,14.85,9.34,16.98
2026-04-13 00:30:00+00:00,3.67,12.36,173019.68486070598,3.51,4.21,2.91,2.15,3.46,164,14.71,9.65,17.16
2026-04-13 01:00:00+00:00,3.72,12.54,173944.06785029836,3.58,4.45,2.68,2.14,3.5,167,12.24,9.48,17.36
2026-04-13 01:30:00+00:00,3.5700000000000003,12.21,161336.87181561065,3.51,4.22,1.9,2.17,3.47,163,11.81,9.65,19.43
2026-04-13 02:00:00+00:00,3.71,12.46,139433.82852314803,3.5500000000000003,4.64,2.02,2.21,3.5500000000000003,155,12.83,10.13,16.84
2026-04-13 02:30:00+00:00,3.17,11.68,143733.6970087524,3.02,3.87,1.87,1.86,3.02,177,13.71,8.93,16.580000000000002
2026-04-13 03:00:00+00:00,3.19,11.65,146623.70196080828,3.1,3.77,2.43,1.94,3.1,166,11.52,9.54,16.48
2026-04-13 03:30:00+00:00,3.53,12.33,155134.61790053564,3.31,4.18,1.63,2.01,3.27,163,12.93,9.61,17.47
2026-04-13 04:00:00+00:00,3.48,12.19,157023.88443740507,3.36,4.34,1.87,2.01,3.3000000000000003,169,13.11,9.39,17.78
2026-04-13 04:30:00+00:00,3.6,12.12,173261.1261328927,3.42,4.19,1.63,2.16,3.44,158,11.97,10.02,17.38
2026-04-13 05:00:00+00:00,3.3000000000000003,12.39,161858.30729024656,3.23,3.98,2.1,1.93,3.16,166,12.74,9.54,18.34
2026-04-13 05:30:00+00:00,3.28,11.74,155935.18495723876,3.12,3.77,2.78,2.02,3.18,162,11.16,9.77,16.36
2026-04-13 06:00:00+00:00,3.33,11.81,146527.99581363297,3.01,3.62,3.24,1.93,3.06,163,12.83,9.67,16.73
2026-04-13 06:30:00+00:00,3.53,12.36,149635.8852315444,3.42,4.47,2.07,2.01,3.35,162,13.45,9.78,16.54
2026-04-13 07:00:00+00:00,3.27,12.05,155422.27515528075,3.01,3.82,2.17,1.92,3.04,161,12.82,9.78,16.72
2026-04-13 07:30:00+00:00,3.09,11.32,157976.5145275993,3.06,3.77,2.05,1.95,3.0700000000000003,165,12.96,9.55,17.16
2026-04-13 08:00:00+00:00,3.0500000000000003,11.58,159511.5811195254,2.95,3.59,1.98,1.84,2.93,166,11.65,9.51,16.1
2026-04-13 08:30:00+00:00,3.28,11.77,162228.47398026416,3.15,3.74,1.54,1.88,3.0700000000000003,171,10.71,9.22,17.150000000000002
2026-04-13 09:00:00+00:00,3.08,11.63,158422.45588003093,2.98,3.9,1.92,1.78,2.91,175,13.52,9.01,16.46
2026-04-13 09:30:00+00:00,3.29,11.76,159873.53926970167,3.02,3.82,2.12,1.92,3.04,167,12.59,9.46,17.27
2026-04-13 10:00:00+00:00,3.13,11.94,153790.26456829897,2.95,3.81,1.78,1.73,2.85,177,13.7,8.96,16.330000000000002
2026-04-13 10:30:00+00:00,2.84,11.34,145822.41964010164,2.68,3.5,1.7,1.59,2.62,187,10.58,8.46,15.91
2026-04-13 11:00:00+00:00,3.16,11.72,155924.65709262984,3.03,3.79,2.65,1.96,3.1,164,10.93,9.65,16.11
2026-04-13 11:30:00+00:00,2.83,11.26,161180.91415892178,2.77,3.31,1.39,1.78,2.79,164,11.29,9.67,17.31
2026-04-13 12:00:00+00:00,3.01,11.32,150978.13734239258,2.74,3.29,1.87,1.73,2.75,177,12.41,8.96,17.05
2026-04-13 12:30:00+00:00,3.09,11.72,153172.68190871773,3.0500000000000003,4.01,1.5,1.82,3.0,170,12.21,9.3,17.39
2026-04-13 13:00:00+00:00,2.81,11.2,169968.8013365655,2.68,3.35,2.37,1.7,2.69,176,12.49,8.98,15.78
2026-04-13 13:30:00+00:00,2.92,11.24,153312.85491946925,2.9,3.5,2.49,1.8,2.87,166,11.29,9.45,17.21
2026-04-13 14:00:00+00:00,2.69,11.03,141618.3320528767,2.66,3.34,2.3000000000000003,1.67,2.66,178,14.29,8.82,16.4
2026-04-13 14:30:00+00:00,2.56,10.93,158443.03494370563,2.43,3.03,1.35,1.53,2.43,184,12.88,8.61,17.150000000000002
2026-04-13 15:00:00+00:00,2.54,10.61,156236.23286064065,2.4,3.04,1.69,1.41,2.33,202,12.07,7.85,15.42
2026-04-13 15:30:00+00:00,2.57,11.01,156269.08456601333,2.41,3.03,1.78,1.48,2.39,188,9.13,8.35,15.77
2026-04-13 16:00:00+00:00,2.72,10.88,157527.07941628844,2.6,3.14,1.6,1.69,2.65,176,10.9,9.0,16.81
2026-04-13 16:30:00+00:00,2.39,10.68,159860.25899587804,2.13,2.64,1.02,1.29,2.09,214,10.78,7.43,15.35
2026-04-13 17:00:00+00:00,2.49,10.31,152988.4268015837,2.43,2.94,1.8,1.5,2.41,197,10.42,8.02,15.83
2026-04-13 17:30:00+00:00,2.51,10.66,153203.8439556507,2.45,2.89,2.23,1.53,2.43,185,12.89,8.5,15.82
2026-04-13 18:00:00+00:00,2.23,10.28,161979.61857752557,2.09,2.67,2.5500000000000003,1.25,2.04,217,10.99,7.26,15.42
2026-04-13 18:30:00+00:00,2.53,10.37,152113.78572099184,2.45,3.09,1.66,1.48,2.39,203,12.23,7.79,15.54
2026-04-13 19:00:00+00:00,2.31,10.3,149624.09319720042,2.15,2.56,2.15,1.37,2.16,205,9.96,7.7,15.22
2026-04-13 19:30:00+00:00,2.32,10.17,147560.17012510277,2.23,2.95,1.84,1.34,2.2,211,13.62,7.48,15.49
2026-04-13 20:00:00+00:00,2.14,9.89,162674.39802654556,2.03,2.7,1.94,1.23,1.99,221,12.1,7.16,14.05
2026-04-13 20:30:00+00:00,2.29,10.03,158497.18918074772,2.17,2.61,1.76,1.38,2.19,208,9.35,7.61,14.97
2026-04-13 21:00:00+00:00,2.6,10.43,167114.21505182073,2.49,3.25,2.18,1.56,2.5,198,12.04,8.01,14.94
2026-04-13 21:30:00+00:00,2.39,9.86,165004.11531145373,2.2,2.76,1.89,1.36,2.19,223,10.3,7.11,16.490000000000002
2026-04-13 22:00:00+00:00,2.46,9.76,180402.27427484546,2.29,2.89,2.15,1.35,2.21,234,8.16,6.7700000000000005,13.87
2026-04-13 22:30:00+00:00,2.32,9.98,172692.7392483908,2.17,2.88,1.36,1.32,2.15,225,10.59,7.05,14.9
2026-04-13 23:00:00+00:00,2.45,10.04,160892.79805762443,2.35,2.92,1.8,1.44,2.31,206,10.84,7.66,16.23
2026-04-13 23:30:00+00:00,2.24,9.69,164144.27626617317,2.16,2.68,1.94,1.28,2.1,234,8.5,6.78,13.85
2026-04-14 00:00:00+00:00,2.18,9.59,163846.13348574526,2.09,2.67,1.38,1.3,2.08,221,10.53,7.140000000000001,17.07
2026-04-14 00:30:00+00:00,2.22,9.33,156185.36761693048,2.1,2.48,1.33,1.36,2.14,219,9.93,7.24,15.23
2026-04-14 01:00:00+00:00,2.12,9.39,155945.58148858536,2.02,2.56,1.63,1.24,2.0,230,9.55,6.88,14.86
2026-04-14 01:30:00+00:00,2.2,9.24,163573.2710062088,2.12,2.6,2.03,1.32,2.1,226,11.85,7.0,14.8
2026-04-14 02:00:00+00:00,2.19,9.32,170974.7652128533,2.09,2.58,1.18,1.29,2.07,227,8.46,6.95,14.19
2026-04-14 02:30:00+00:00,2.15,9.72,182831.77300708526,2.08,2.53,2.33,1.36,2.13,202,9.25,7.85,14.15
2026-04-14 03:00:00+00:00,2.03,9.2,175927.08556194877,1.88,2.37,1.55,1.14,1.85,239,8.59,6.62,13.75
2026-04-14 03:30:00+00:00,2.08,9.15,169496.4363267612,1.9,2.4,1.64,1.23,1.93,230,8.49,6.890000000000001,14.11
2026-04-14 04:00:00+00:00,2.12,9.53,159195.19062981693,2.02,2.52,1.75,1.27,2.02,219,10.83,7.25,15.11
2026-04-14 04:30:00+00:00,2.03,9.34,159271.42245276395,1.95,2.42,1.31,1.21,1.93,221,11.2,7.15,14.6
2026-04-14 05:00:00+00:00,2.1,9.1,161863.160887657,2.02,2.52,1.31,1.24,1.99,225,8.45,7.0200000000000005,14.14
2026-04-14 05:30:00+00:00,2.08,9.58,153506.6724090804,1.97,2.52,1.73,1.21,1.95,220,11.2,7.22,13.98
2026-04-14 06:00:00+00:00,1.92,9.29,169859.39962444225,1.81,2.3000000000000003,1.63,1.15,1.82,213,9.75,7.43,14.77
2026-04-14 06:30:00+00:00,2.07,9.01,174279.8587423702,1.91,2.38,2.31,1.23,1.94,218,9.32,7.25,12.96
2026-04-14 07:00:00+00:00,1.92,9.01,155838.1642844438,1.84,2.26,1.78,1.11,1.79,226,10.25,6.97,14.38
2026-04-14 07:30:00+00:00,2.09,9.18,179672.82725126008,2.0,2.4,1.84,1.22,1.96,221,9.53,7.17,14.58
2026-04-14 08:00:00+00:00,2.1,9.31,175303.68575988716,2.01,2.5500000000000003,1.57,1.25,2.0,210,9.5,7.54,13.55
2026-04-14 08:30:00+00:00,2.0,9.11,171073.1285425993,1.89,2.37,1.58,1.21,1.91,217,10.31,7.33,14.42
2026-04-14 09:00:00+00:00,1.99,9.08,157621.25031071893,1.94,2.48,1.6,1.2,1.94,222,9.79,7.11,14.16
2026-04-14 09:30:00+00:00,2.05,9.25,161799.95702017436,1.97,2.34,1.4,1.22,1.95,207,9.86,7.640000000000001,13.46
2026-04-14 10:00:00+00:00,2.09,9.09,177500.18422501493,2.01,2.52,1.74,1.27,2.02,213,10.15,7.41,13.89
2026-04-14 10:30:00+00:00,1.93,8.91,171456.6800576335,1.89,2.33,1.47,1.17,1.87,223,8.1,7.11,13.69
2026-04-14 11:00:00+00:00,2.02,8.78,178895.69522731763,1.91,2.35,1.41,1.26,1.98,215,8.42,7.390000000000001,13.85
2026-04-14 11:30:00+00:00,2.0,8.870000000000001,162966.76879668547,1.91,2.32,1.21,1.17,1.89,228,9.31,6.91,15.14
2026-04-14 12:00:00+00:00,2.02,9.12,145011.06609585803,1.91,2.28,1.32,1.25,1.96,212,9.12,7.45,13.72
2026-04-14 12:30:00+00:00,1.93,9.03,149852.78413084976,1.88,2.28,1.1,1.19,1.89,214,9.51,7.38,14.44
2026-04-14 13:00:00+00:00,2.05,9.05,167096.0284087299,1.89,2.37,1.32,1.21,1.91,218,7.7,7.25,15.0
2026-04-14 13:30:00+00:00,2.0,8.540000000000001,163599.7986323636,1.91,2.46,1.31,1.19,1.91,229,9.09,6.91,14.43
2026-04-14 14:00:00+00:00,2.0,8.81,153975.80194486465,1.89,2.4,1.41,1.2,1.91,222,9.37,7.13,13.85
2026-04-14 14:30:00+00:00,2.13,8.89,168513.68490736172,1.97,2.39,1.1,1.25,1.97,224,9.51,7.03,13.91
2026-04-14 15:00:00+00:00,1.97,8.950000000000001,175757.65833019305,1.92,2.35,1.15,1.18,1.9,220,8.0,7.2,14.78
2026-04-14 15:30:00+00:00,2.1,8.85,186597.8990136551,2.02,2.38,1.57,1.34,2.09,206,10.73,7.69,14.13
2026-04-14 16:00:00+00:00,2.01,8.68,193628.5132626412,1.9,2.32,1.16,1.22,1.93,215,9.55,7.37,14.68
2026-04-14 16:30:00+00:00,2.19,8.78,192706.3228723375,2.07,2.5500000000000003,1.42,1.27,2.06,221,8.56,7.15,12.51
2026-04-14 17:00:00+00:00,1.95,8.83,176054.0648222603,1.88,2.38,1.31,1.15,1.87,226,10.35,7.03,13.63
2026-04-14 17:30:00+00:00,1.96,8.97,187964.8903261938,1.83,2.24,1.36,1.18,1.86,215,9.32,7.37,14.31
2026-04-14 18:00:00+00:00,2.01,8.49,197182.5830640774,1.89,2.36,1.68,1.2,1.91,219,7.57,7.24,12.6
2026-04-14 18:30:00+00:00,2.01,8.870000000000001,193410.42517131474,1.9,2.36,0.72,1.19,1.91,221,8.290000000000001,7.19,13.9
2026-04-14 19:00:00+00:00,2.1,8.88,193752.22592585388,2.01,2.46,1.18,1.23,1.98,221,7.42,7.17,13.16
2026-04-14 19:30:00+00:00,1.93,8.69,186253.4950205367,1.83,2.25,1.02,1.09,1.78,232,10.14,6.82,13.57
2026-04-14 20:00:00+00:00,2.05,8.66,214541.70559600415,2.01,2.51,1.49,1.3,2.06,214,9.33,7.41,14.06
2026-04-14 20:30:00+00:00,2.12,8.94,209492.72297210284,2.05,2.58,0.85,1.27,2.03,208,9.55,7.61,13.72
2026-04-14 21:00:00+00:00,1.9,8.75,210559.87814653758,1.89,2.35,1.19,1.17,1.87,213,9.74,7.44,13.72
2026-04-14 21:30:00+00:00,1.89,8.950000000000001,205294.1682844166,1.84,2.21,1.09,1.19,1.87,209,9.24,7.6,13.01
2026-04-14 22:00:00+00:00,1.98,8.89,180799.52002870364,1.87,2.39,0.93,1.2,1.89,212,8.75,7.46,13.68
2026-04-14 22:30:00+00:00,2.02,9.08,177505.3848602773,1.94,2.49,1.12,1.23,1.95,204,9.4,7.76,13.68
2026-04-14 23:00:00+00:00,2.01,9.06,190240.53620310707,1.91,2.36,1.19,1.24,1.94,204,9.59,7.75,13.65
2026-04-14 23:30:00+00:00,1.9,8.93,186745.29669343916,1.88,2.35,1.41,1.17,1.87,207,9.54,7.61,13.67
2026-04-15 00:00:00+00:00,1.95,9.13,190277.27009534996,1.97,2.39,1.92,1.23,1.96,198,8.96,8.02,13.37
2026-04-15 00:30:00+00:00,1.98,9.38,214903.8743792301,1.92,2.41,1.58,1.23,1.94,194,10.73,8.13,13.24
2026-04-15 01:00:00+00:00,1.95,9.31,201807.14179367726,1.82,2.36,1.16,1.12,1.8,211,10.14,7.47,14.29
2026-04-15 01:30:00+00:00,1.81,9.13,181951.36552416722,1.75,2.17,1.49,1.13,1.78,205,10.76,7.69,15.44
2026-04-15 02:00:00+00:00,1.97,9.23,179674.9523719492,1.88,2.34,1.05,1.24,1.92,200,9.24,7.88,14.85
2026-04-15 02:30:00+00:00,1.92,9.43,186056.29840268288,1.83,2.13,1.59,1.19,1.87,199,11.74,7.95,14.47
2026-04-15 03:00:00+00:00,1.94,9.33,188119.51974180673,1.81,2.28,1.2,1.14,1.82,213,7.59,7.43,13.76
2026-04-15 03:30:00+00:00,1.99,9.43,183519.6399251819,1.91,2.35,1.26,1.19,1.9,209,10.33,7.56,13.37
2026-04-15 04:00:00+00:00,2.11,9.85,199847.73746186003,2.02,2.62,1.49,1.24,2.01,198,10.29,7.95,14.73
2026-04-15 04:30:00+00:00,2.2,9.7,184941.79522587417,2.08,2.72,1.53,1.32,2.12,195,10.19,8.120000000000001,13.52
2026-04-15 05:00:00+00:00,2.24,9.9,173900.62130944553,2.13,2.75,1.47,1.29,2.1,201,9.99,7.87,15.13
2026-04-15 05:30:00+00:00,1.98,9.75,190578.2767507831,1.89,2.39,1.38,1.2,1.9,198,10.71,8.01,14.81
2026-04-15 06:00:00+00:00,2.26,9.91,168447.77819861195,2.2,2.69,2.18,1.36,2.18,198,10.38,8.0,13.75
2026-04-15 06:30:00+00:00,2.04,9.61,176631.8057006524,1.89,2.43,1.41,1.16,1.87,218,9.64,7.25,15.53
2026-04-15 07:00:00+00:00,2.33,9.84,174393.18701563138,2.28,2.86,1.65,1.37,2.23,201,9.43,7.85,14.9
2026-04-15 07:30:00+00:00,2.32,9.96,173750.88857006552,2.16,2.79,1.4,1.31,2.13,209,10.77,7.57,14.34
2026-04-15 08:00:00+00:00,2.32,9.75,166680.75513702654,2.22,2.7,1.72,1.4,2.22,204,10.5,7.73,14.0
2026-04-15 08:30:00+00:00,2.44,9.93,171047.22244592148,2.32,2.79,1.83,1.55,2.4,193,9.12,8.18,14.6
2026-04-15 09:00:00+00:00,2.57,10.16,157791.71563147588,2.41,3.08,1.33,1.44,2.36,210,10.92,7.53,15.29
2026-04-15 09:30:00+00:00,2.5,10.0,155305.41523511172,2.4,3.03,1.83,1.46,2.37,206,10.18,7.62,14.36
2026-04-15 10:00:00+00:00,2.62,10.32,162973.24295117724,2.53,2.96,1.8,1.61,2.5500000000000003,189,11.38,8.36,14.36
2026-04-15 10:30:00+00:00,2.47,9.96,160057.6191828928,2.39,2.86,1.79,1.46,2.36,199,10.96,7.92,15.08
2026-04-15 11:00:00+00:00,2.5,10.26,150732.7335495944,2.38,2.94,1.79,1.45,2.35,204,9.21,7.76,14.94
2026-04-15 11:30:00+00:00,2.52,10.0,163706.847492735,2.4,2.89,1.19,1.46,2.36,200,11.72,7.890000000000001,13.86
2026-04-15 12:00:00+00:00,2.91,10.64,166956.68123401765,2.82,3.5700000000000003,1.55,1.72,2.81,185,9.62,8.55,17.47
2026-04-15 12:30:00+00:00,2.84,10.4,166523.4252219329,2.68,3.3200000000000003,1.13,1.66,2.67,186,10.87,8.46,16.69
2026-04-15 13:00:00+00:00,2.89,10.55,165046.50496910664,2.84,3.48,1.91,1.79,2.86,180,9.34,8.82,16.68
2026-04-15 13:30:00+00:00,2.82,10.39,154489.87891585456,2.79,3.4,1.58,1.73,2.77,182,10.94,8.66,15.19
2026-04-15 14:00:00+00:00,2.93,10.36,167844.72312908494,2.84,3.42,1.54,1.8,2.86,178,9.54,8.9,16.54
2026-04-15 14:30:00+00:00,2.84,10.24,175947.28589664114,2.7,3.41,1.21,1.63,2.65,196,11.08,8.09,15.03
2026-04-15 15:00:00+00:00,2.98,10.42,173068.96713091276,2.92,3.58,1.84,1.8,2.9,182,11.73,8.69,16.26
2026-04-15 15:30:00+00:00,3.01,10.55,175396.06430830283,2.96,3.65,2.1,1.82,2.94,180,10.71,8.76,14.78
2026-04-15 16:00:00+00:00,2.91,10.22,180719.32673790894,2.77,3.42,1.49,1.72,2.76,189,10.23,8.34,15.72
2026-04-15 16:30:00+00:00,2.69,10.25,183634.03468966993,2.65,3.28,1.44,1.7,2.68,177,10.56,8.92,15.42
2026-04-15 17:00:00+00:00,2.76,10.15,186291.0521952183,2.62,3.3200000000000003,1.4,1.65,2.64,187,11.1,8.45,16.23
2026-04-15 17:30:00+00:00,2.72,10.01,172636.9941990415,2.6,3.38,1.71,1.57,2.58,193,9.83,8.19,14.38
2026-04-15 18:00:00+00:00,2.53,9.87,181728.18779956392,2.4,2.88,1.26,1.56,2.45,187,9.11,8.46,15.79
2026-04-15 18:30:00+00:00,2.48,10.08,170440.88028656653,2.44,3.1,1.39,1.55,2.47,185,10.91,8.51,14.23
2026-04-15 19:00:00+00:00,2.51,10.19,183684.49194080537,2.33,2.87,0.94,1.46,2.32,189,9.85,8.38,15.18
2026-04-15 19:30:00+00:00,2.34,9.55,194522.4010160751,2.27,2.87,0.85,1.38,2.23,203,10.48,7.82,14.27
2026-04-15 20:00:00+00:00,2.62,10.02,210498.08542358663,2.52,3.2,0.88,1.63,2.57,175,9.12,9.02,16.23
2026-04-15 20:30:00+00:00,2.54,10.06,189459.5451063996,2.41,2.95,1.2,1.51,2.41,190,10.02,8.31,15.72
2026-04-15 21:00:00+00:00,2.5,9.8,180803.94604638987,2.42,3.03,2.04,1.47,2.38,198,9.4,8.0,13.95
2026-04-15 21:30:00+00:00,2.28,9.89,185207.9438921583,2.24,2.8000000000000003,1.67,1.43,2.26,180,11.52,8.74,15.21
2026-04-15 22:00:00+00:00,2.35,10.07,182928.11528372447,2.26,2.9,1.0,1.41,2.25,193,10.62,8.21,14.55
2026-04-15 22:30:00+00:00,2.32,10.19,192530.47466058418,2.18,2.78,1.16,1.36,2.17,194,11.35,8.17,17.02
2026-04-15 23:00:00+00:00,2.35,10.65,182349.40912953476,2.18,2.78,2.16,1.38,2.21,189,11.17,8.39,15.44
2026-04-15 23:30:00+00:00,2.28,10.05,187407.2767117333,2.19,2.72,1.95,1.33,2.15,199,10.01,7.98,16.59
2026-04-16 00:00:00+00:00,2.63,11.05,,2.47,3.08,1.84,1.54,2.46,181,8.870000000000001,8.73,18.38
2026-04-16 00:30:00+00:00,2.52,11.52,198707.22211062966,2.44,3.12,2.34,1.56,2.47,171,11.65,9.23,19.26
2026-04-16 01:00:00+00:00,3.03,12.59,192961.17155050617,2.79,3.77,3.27,1.69,2.79,167,13.01,9.47,20.95
2026-04-16 01:30:00+00:00,2.97,12.36,212038.39861519917,2.85,3.5700000000000003,2.57,1.75,2.82,164,11.74,9.63,19.51
2026-04-16 02:00:00+00:00,3.5700000000000003,12.99,179513.48970559594,3.63,4.59,2.53,2.29,3.63,140,13.2,11.29,21.88
2026-04-16 02:30:00+00:00,3.94,13.72,171089.86934452047,3.78,4.68,2.64,2.36,3.77,141,13.93,11.18,21.5
2026-04-16 03:00:00+00:00,4.7,13.79,173697.5159296958,4.7,5.9,2.5500000000000003,2.98,4.71,130,11.8,12.14,19.4
2026-04-16 03:30:00+00:00,4.43,14.0,189429.9828869108,4.07,5.21,2.61,2.62,4.13,134,13.73,11.81,19.58
2026-04-16 04:00:00+00:00,4.96,13.6,176323.16603363605,4.76,5.8100000000000005,2.32,3.06,4.82,131,11.76,11.97,18.84
2026-04-16 04:30:00+00:00,4.98,14.16,172372.73460764214,4.75,6.09,3.33,2.89,4.69,134,14.79,11.71,20.25
2026-04-16 05:00:00+00:00,4.69,13.51,177194.78379593036,4.61,5.88,2.95,2.94,4.65,137,14.32,11.56,20.63
2026-04-16 05:30:00+00:00,4.84,14.14,180002.95005533786,4.58,5.9,2.06,2.88,4.61,132,16.43,12.03,20.99
2026-04-16 06:00:00+00:00,4.61,13.93,183212.78487080763,4.38,5.41,4.0600000000000005,2.72,4.37,138,13.94,11.48,19.28
2026-04-16 06:30:00+00:00,4.41,13.47,184271.37908707574,4.28,5.47,2.5500000000000003,2.71,4.33,139,14.98,11.35,19.85
2026-04-16 07:00:00+00:00,4.68,13.74,183431.11514134993,4.38,5.22,2.4,2.65,4.32,143,15.09,11.04,19.32
2026-04-16 07:30:00+00:00,3.95,13.38,178778.098896131,3.85,4.55,2.06,2.51,3.93,135,14.75,11.62,19.51
2026-04-16 08:00:00+00:00,4.21,13.71,183424.50082052767,4.0,4.86,2.63,2.47,3.95,144,13.76,10.96,19.88
2026-04-16 08:30:00+00:00,4.43,13.8,190004.24820404945,4.07,5.24,2.97,2.53,4.08,142,15.51,11.08,19.45
2026-04-16 09:00:00+00:00,4.23,13.19,181104.11463306381,4.05,5.11,3.5500000000000003,2.52,4.04,148,12.92,10.62,17.96
2026-04-16 09:30:00+00:00,4.28,13.17,170900.22211275948,4.19,5.23,3.28,2.62,4.18,142,14.76,11.08,18.24
2026-04-16 10:00:00+00:00,3.88,13.09,164238.56501313165,3.89,4.73,3.22,2.45,3.89,142,14.26,11.09,17.29
2026-04-16 10:30:00+00:00,3.71,12.87,178414.5898418213,3.49,4.34,1.93,2.2,3.51,150,15.03,10.51,19.19
2026-04-16 11:00:00+00:00,4.24,13.68,162928.59748308925,4.05,4.89,2.39,2.46,3.98,143,14.06,11.02,19.92
2026-04-16 11:30:00+00:00,3.69,12.86,158884.9608225637,3.5500000000000003,4.15,3.24,2.25,3.5500000000000003,150,10.24,10.5,17.04
2026-04-16 12:00:00+00:00,4.05,13.11,154719.16494975172,4.03,5.18,3.15,2.43,3.96,148,13.64,10.7,18.14
2026-04-16 12:30:00+00:00,3.78,13.02,154655.14105119102,3.68,4.69,1.94,2.27,3.65,151,14.85,10.49,19.07
2026-04-16 13:00:00+00:00,4.12,13.02,164353.66178290185,3.92,4.66,2.08,2.45,3.93,143,12.86,10.95,19.86
2026-04-16 13:30:00+00:00,3.74,13.1,154932.7088958666,3.69,4.5200000000000005,2.07,2.31,3.68,146,13.8,10.8,17.98
2026-04-16 14:00:00+00:00,3.68,12.89,159732.39228786295,3.51,4.58,2.64,2.19,3.53,150,12.66,10.55,18.15
2026-04-16 14:30:00+00:00,3.62,12.57,155057.8517197007,3.54,4.61,2.49,2.19,3.5500000000000003,148,11.05,10.67,19.19
2026-04-16 15:00:00+00:00,3.68,12.79,154282.66851436932,3.71,4.74,2.39,2.23,3.63,149,14.24,10.57,18.0
2026-04-16 15:30:00+00:00,3.51,12.89,147131.81315994574,3.36,4.1,3.29,2.15,3.41,148,13.09,10.67,17.52
2026-04-16 16:00:00+00:00,3.77,12.65,144990.72252874923,3.5,4.19,2.61,2.17,3.47,155,13.13,10.14,17.38
2026-04-16 16:30:00+00:00,3.7,12.46,148219.79153351666,3.52,4.47,2.2,2.18,3.51,156,13.79,10.12,18.36
2026-04-16 17:00:00+00:00,3.76,12.73,153715.13563400932,3.64,4.63,2.23,2.19,3.56,154,11.21,10.26,17.67
2026-04-16 17:30:00+00:00,3.9,12.59,153056.82818198306,3.74,4.67,2.19,2.28,3.7,155,12.83,10.2,19.45
2026-04-16 18:00:00+00:00,3.3200000000000003,11.66,161408.98902455618,3.1,4.05,2.11,1.93,3.1,168,12.64,9.41,18.87
2026-04-16 18:30:00+00:00,3.41,12.14,177814.2573665047,3.22,4.19,2.89,2.0,3.23,162,11.12,9.72,16.79
2026-04-16 19:00:00+00:00,3.3200000000000003,12.2,165154.3333381804,3.31,4.18,1.98,1.86,3.13,173,12.75,9.16,17.02
2026-04-16 19:30:00+00:00,3.38,12.12,164541.17665750356,3.28,3.86,1.81,2.12,3.3200000000000003,153,10.56,10.32,16.91
2026-04-16 20:00:00+00:00,3.51,11.89,161042.0757950921,3.41,4.3100000000000005,2.16,2.11,3.42,164,12.26,9.65,16.72
2026-04-16 20:30:00+00:00,3.22,11.54,160699.93012866558,2.99,3.71,2.08,1.79,2.94,183,11.7,8.63,15.48
2026-04-16 21:00:00+00:00,3.53,11.82,177007.96383030646,3.28,4.2,1.42,2.04,3.28,164,12.48,9.65,16.15
2026-04-16 21:30:00+00:00,3.16,11.36,187011.80974837308,3.1,3.79,2.12,1.9,3.0700000000000003,177,12.7,8.91,16.59
2026-04-16 22:00:00+00:00,3.34,11.48,180405.29946580515,3.14,4.11,2.35,1.86,3.06,180,12.56,8.700000000000001,17.38
2026-04-16 22:30:00+00:00,3.11,11.05,193254.5673716267,3.09,3.8,1.86,1.96,3.12,170,11.97,9.29,16.21
2026-04-16 23:00:00+00:00,3.09,11.23,191837.6839160661,3.03,3.76,2.89,1.87,3.01,174,10.07,9.08,16.43
2026-04-16 23:30:00+00:00,3.13,11.3,181916.7135040133,3.03,3.8,1.48,1.85,2.98,183,11.06,8.65,16.57
2026-04-17 00:00:00+00:00,3.04,11.22,193149.2731241985,2.91,3.69,2.29,1.69,2.8000000000000003,194,10.61,8.16,17.14
2026-04-17 00:30:00+00:00,3.13,10.99,187033.85543187612,2.93,3.69,3.02,1.85,2.95,179,10.85,8.8,15.48
2026-04-17 01:00:00+00:00,2.66,11.08,177261.1404001208,2.5,3.03,2.07,1.55,2.47,192,12.77,8.21,15.82
2026-04-17 01:30:00+00:00,2.49,10.38,175814.3515208552,2.38,3.0,2.12,1.41,2.31,209,11.75,7.6,16.4
2026-04-17 02:00:00+00:00,2.84,10.62,167145.48838018693,2.79,3.41,1.22,1.76,2.79,178,11.76,8.86,16.78
2026-04-17 02:30:00+00:00,2.78,10.97,181638.23090522943,2.67,3.31,2.2,1.75,2.74,166,11.57,9.5,16.67
2026-04-17 03:00:00+00:00,2.5,10.68,188038.58336838373,2.37,2.92,1.01,1.47,2.35,187,12.47,8.45,16.29
2026-04-17 03:30:00+00:00,2.48,10.37,193648.37457117255,2.42,2.97,1.46,1.48,2.38,187,11.27,8.47,18.19
2026-04-17 04:00:00+00:00,2.77,11.24,185864.93437148325,2.72,3.44,1.52,1.7,2.72,167,12.84,9.46,15.81
2026-04-17 04:30:00+00:00,2.57,11.05,184729.01318078412,2.46,3.1,1.27,1.56,2.46,178,10.39,8.9,15.98
2026-04-17 05:00:00+00:00,2.32,10.77,176342.21858474176,2.29,2.93,1.23,1.36,2.24,183,11.74,8.620000000000001,18.7
2026-04-17 05:30:00+00:00,2.42,10.78,184873.55842241313,2.26,2.84,1.62,1.41,2.27,181,10.35,8.72,16.06
2026-04-17 06:00:00+00:00,2.5,10.73,186047.71022411485,2.4,3.18,1.65,1.49,2.4,177,11.42,8.950000000000001,16.17
2026-04-17 06:30:00+00:00,2.33,10.91,207874.8061310408,2.25,2.79,1.27,1.44,2.28,172,12.75,9.18,15.86
2026-04-17 07:00:00+00:00,2.21,10.43,212318.26760029726,2.05,2.67,2.62,1.25,2.03,196,12.81,8.07,14.04
2026-04-17 07:30:00+00:00,2.32,10.72,204154.96496770825,2.2,2.85,1.85,1.39,2.22,182,12.36,8.65,15.08
2026-04-17 08:00:00+00:00,2.35,10.57,195299.17801899603,2.31,2.72,1.62,1.48,2.34,176,11.86,9.01,15.49
2026-04-17 08:30:00+00:00,2.15,10.16,183037.75063957425,2.07,2.63,1.98,1.26,2.04,194,9.98,8.14,15.03
2026-04-17 09:00:00+00:00,2.06,10.25,176559.9265582706,2.03,2.48,0.99,1.27,2.02,191,11.57,8.31,15.56
2026-04-17 09:30:00+00:00,2.16,9.96,166063.901834594,2.06,2.57,1.41,1.27,2.04,200,8.97,7.9,15.07
2026-04-17 10:00:00+00:00,2.23,9.94,181745.5074497432,2.17,2.65,0.87,1.33,2.13,204,10.8,7.76,14.36
2026-04-17 10:30:00+00:00,2.14,9.49,180514.1353887591,2.1,2.65,1.6,1.24,2.03,224,10.86,7.05,14.92
2026-04-17 11:00:00+00:00,2.06,9.8,185803.3482099816,2.04,2.51,2.22,1.21,1.99,224,9.86,7.04,12.94
2026-04-17 11:30:00+00:00,2.04,9.54,169036.50557081267,1.97,2.5500000000000003,1.42,1.17,1.93,230,11.05,6.8500000000000005,13.97
2026-04-17 12:00:00+00:00,2.27,9.81,172464.39811457784,2.19,2.74,1.91,1.31,2.13,221,10.47,7.16,13.76
2026-04-17 12:30:00+00:00,2.04,9.38,188602.2834073848,1.92,2.47,1.98,1.13,1.86,247,10.63,6.42,15.11
2026-04-17 13:00:00+00:00,2.19,9.63,193277.96393806834,2.11,2.7,1.54,1.31,2.1,225,8.92,7.0200000000000005,15.67
2026-04-17 13:30:00+00:00,2.13,9.5,179697.30265926695,1.92,2.45,1.08,1.14,1.87,261,11.98,6.0600000000000005,14.56
2026-04-17 14:00:00+00:00,2.11,9.37,180431.74798475415,2.0,2.61,1.52,1.21,1.97,250,11.42,6.34,14.19
2026-04-17 14:30:00+00:00,2.1,9.24,180511.14170319357,2.01,2.54,1.95,1.21,1.96,245,9.53,6.45,13.5
2026-04-17 15:00:00+00:00,2.11,9.25,180086.63162177024,1.95,2.52,1.84,1.2,1.94,247,9.58,6.43,13.61
2026-04-17 15:30:00+00:00,2.11,9.28,174088.4565505585,1.94,2.47,2.21,1.16,1.89,262,10.87,6.05,12.76
2026-04-17 16:00:00+00:00,2.39,9.55,163199.70713234422,2.28,2.82,1.84,1.37,2.22,238,12.9,6.640000000000001,13.68
2026-04-17 16:30:00+00:00,2.46,9.66,179203.1038780108,2.32,3.01,1.46,1.35,2.23,244,11.45,6.46,13.56
2026-04-17 17:00:00+00:00,2.17,9.04,174065.8957994371,1.97,2.47,2.37,1.19,1.93,263,11.69,6.03,13.1
2026-04-17 17:30:00+00:00,2.31,9.08,168027.01945138845,2.2,2.88,2.19,1.32,2.16,262,12.01,6.05,14.25
2026-04-17 18:00:00+00:00,2.37,8.9,167560.3419283007,2.11,2.67,2.29,1.36,2.14,257,9.88,6.15,13.33
2026-04-17 18:30:00+00:00,2.5,9.22,152914.4886900688,2.29,2.95,2.49,1.41,2.27,246,10.93,6.390000000000001,13.89
2026-04-17 19:00:00+00:00,2.61,9.13,166435.6412532266,2.47,3.16,2.91,1.49,2.41,249,10.19,6.33,13.65
2026-04-17 19:30:00+00:00,2.32,9.02,166126.43520664333,2.18,2.81,2.7,1.31,2.14,260,9.63,6.09,13.52
2026-04-17 20:00:00+00:00,2.6,9.5,151114.00288531097,2.48,3.11,0.97,1.45,2.38,237,9.75,6.66,15.08
2026-04-17 20:30:00+00:00,2.41,9.06,161390.93321419435,2.3000000000000003,2.9,1.32,1.43,2.28,243,10.57,6.5200000000000005,13.78
2026-04-17 21:00:00+00:00,2.3000000000000003,8.99,176130.24644235906,2.18,2.72,2.08,1.34,2.16,244,9.77,6.5,13.56
2026-04-17 21:30:00+00:00,2.39,9.32,190003.27703053653,2.25,2.84,1.17,1.4,2.24,219,9.94,7.23,14.51
2026-04-17 22:00:00+00:00,2.65,10.02,180221.20621597287,2.51,3.14,2.1,1.54,2.48,209,10.17,7.56,14.73
2026-04-17 22:30:00+00:00,2.37,9.53,174419.59895908882,2.26,2.88,1.74,1.41,2.25,212,9.16,7.46,16.51
2026-04-17 23:00:00+00:00,2.16,9.59,167077.7617337627,2.12,2.68,1.89,1.28,2.07,221,12.31,7.16,15.77
2026-04-17 23:30:00+00:00,2.17,9.48,170277.5531187364,2.12,2.61,1.73,1.29,2.08,215,10.29,7.35,14.53
2026-04-18 00:00:00+00:00,2.29,9.87,169998.76547089423,2.15,2.81,1.35,1.31,2.12,208,11.46,7.6,14.1
2026-04-18 00:30:00+00:00,2.3000000000000003,9.77,174353.5933352903,2.17,2.75,1.28,1.34,2.15,205,10.23,7.7,15.84
2026-04-18 01:00:00+00:00,2.13,9.8,172343.98863913064,2.06,2.48,1.37,1.28,2.05,203,10.82,7.78,14.87
2026-04-18 01:30:00+00:00,2.2,9.75,175346.47150821675,2.04,2.6,1.84,1.29,2.05,210,11.12,7.52,13.88
2026-04-18 02:00:00+00:00,2.06,9.7,166331.4414010976,2.02,2.64,1.04,1.23,1.99,209,9.91,7.59,14.08
2026-04-18 02:30:00+00:00,2.18,9.71,176971.6831777932,2.11,2.75,1.66,1.34,2.12,196,10.27,8.09,14.89
2026-04-18 03:00:00+00:00,2.12,9.57,175040.32697823274,2.08,2.58,0.92,1.27,2.05,204,10.08,7.76,14.78
2026-04-18 03:30:00+00:00,2.18,10.06,186564.07559982454,2.08,2.59,1.56,1.31,2.07,196,10.52,8.07,14.99
2026-04-18 04:00:00+00:00,2.12,9.81,183903.52709681305,2.04,2.56,1.22,1.25,2.01,201,10.29,7.88,15.17
2026-04-18 04:30:00+00:00,2.3000000000000003,10.18,181312.59930987516,2.13,2.66,0.8300000000000001,1.35,2.15,192,9.7,8.21,14.96
2026-04-18 05:00:00+00:00,1.98,9.78,186172.9861639217,1.91,2.4,1.69,1.22,1.92,196,9.73,8.06,14.17
2026-04-18 05:30:00+00:00,2.03,9.82,213829.55706346393,1.9,2.45,1.45,1.19,1.9,205,10.89,7.72,14.24
2026-04-18 06:00:00+00:00,1.98,9.76,193646.7557194511,1.96,2.47,1.57,1.16,1.91,211,10.31,7.49,15.55
2026-04-18 06:30:00+00:00,2.04,9.99,198822.18336546727,1.93,2.53,1.27,1.15,1.88,206,9.87,7.69,14.57
2026-04-18 07:00:00+00:00,2.02,9.84,178476.76642276582,2.0,2.47,1.1,1.25,2.0,195,12.79,8.14,14.65
2026-04-18 07:30:00+00:00,2.21,9.98,191781.5820312656,2.16,2.72,1.11,1.33,2.14,197,9.78,8.02,14.24
2026-04-18 08:00:00+00:00,2.03,9.76,198179.00556040733,1.89,2.32,1.08,1.21,1.92,199,11.14,7.97,14.5
2026-04-18 08:30:00+00:00,2.1,9.87,189247.300490015,1.97,2.42,1.23,1.24,1.98,197,10.51,8.02,16.42
2026-04-18 09:00:00+00:00,2.12,10.02,168481.95904666654,2.01,2.42,1.85,1.25,2.0,195,12.59,8.1,14.99
2026-04-18 09:30:00+00:00,2.13,9.9,183730.29109319326,2.04,2.6,1.08,1.29,2.06,195,10.3,8.1,15.75
2026-04-18 10:00:00+00:00,2.02,9.79,186226.20376782172,1.99,2.46,1.04,1.21,1.95,202,10.27,7.82,13.73
2026-04-18 10:30:00+00:00,1.86,9.41,171262.16437156164,1.81,2.39,0.6,1.09,1.78,211,10.1,7.49,13.92
2026-04-18 11:00:00+00:00,1.98,9.96,172314.45633319838,1.96,2.37,1.24,1.21,1.94,195,9.69,8.13,14.92
2026-04-18 11:30:00+00:00,2.14,9.94,174887.14544596354,1.97,2.43,1.24,1.25,2.0,191,10.19,8.24,13.98
2026-04-18 12:00:00+00:00,1.75,9.18,172549.7546341113,1.72,2.16,0.97,1.02,1.67,218,10.09,7.24,13.86
2026-04-18 12:30:00+00:00,1.85,10.1,162665.0515826443,1.8,2.19,1.33,1.14,1.81,186,11.39,8.5,14.97
2026-04-18 13:00:00+00:00,1.85,9.63,159303.57499453626,1.8,2.27,1.16,1.09,1.76,206,9.62,7.68,16.01
2026-04-18 13:30:00+00:00,1.77,9.68,173873.74170296878,1.71,2.12,0.86,1.03,1.68,210,9.14,7.54,16.26
2026-04-18 14:00:00+00:00,1.88,9.82,169462.64597901172,1.79,2.28,1.01,1.13,1.8,198,10.72,7.95,15.58
2026-04-18 14:30:00+00:00,1.84,9.67,164165.93284614573,1.79,2.19,1.05,1.13,1.79,196,9.15,8.05,13.59
2026-04-18 15:00:00+00:00,1.73,9.5,148751.80326809405,1.67,2.06,1.35,1.02,1.65,220,10.31,7.22,13.17
2026-04-18 15:30:00+00:00,1.74,9.36,165176.6242427034,1.65,2.05,1.45,1.01,1.63,221,8.57,7.15,13.09
2026-04-18 16:00:00+00:00,1.82,9.52,170228.8599296207,1.73,2.17,0.95,1.02,1.67,225,10.06,7.05,13.31
2026-04-18 16:30:00+00:00,1.68,9.1,184649.05918311427,1.58,2.05,1.75,0.94,1.54,244,9.39,6.5,12.81
2026-04-18 17:00:00+00:00,1.65,9.36,171583.88187966487,1.57,1.96,1.32,0.94,1.53,239,9.79,6.640000000000001,14.3
2026-04-18 17:30:00+00:00,1.68,9.33,167123.67476580918,1.65,1.99,0.89,1.03,1.65,214,10.24,7.41,13.87
2026-04-18 18:00:00+00:00,1.68,9.27,159344.94464847195,1.6,1.98,1.05,0.97,1.57,225,8.540000000000001,7.0200000000000005,14.92
2026-04-18 18:30:00+00:00,1.61,9.36,155220.66174836888,1.5,1.96,1.08,0.92,1.49,221,9.34,7.17,14.32
2026-04-18 19:00:00+00:00,1.54,9.04,158854.6763877048,1.43,1.8,1.43,0.87,1.42,232,9.34,6.8100000000000005,12.64
2026-04-18 19:30:00+00:00,1.58,9.27,174390.5840412058,1.52,1.87,0.78,0.95,1.52,206,8.65,7.65,13.63
2026-04-18 20:00:00+00:00,1.57,9.37,175227.9313501569,1.47,1.81,0.7000000000000001,0.92,1.47,206,9.84,7.69,15.01
2026-04-18 20:30:00+00:00,1.57,9.21,178310.68342411867,1.49,1.82,0.85,0.91,1.47,210,9.38,7.49,14.01
2026-04-18 21:00:00+00:00,1.47,8.96,195371.1949264094,1.37,1.74,1.33,0.86,1.38,219,9.37,7.22,13.67
2026-04-18 21:30:00+00:00,1.65,9.17,184501.1512789334,1.59,2.0,0.93,1.01,1.6,202,8.77,7.83,13.36
2026-04-18 22:00:00+00:00,1.54,9.17,189477.7878594329,1.48,1.81,0.64,0.95,1.5,203,9.55,7.81,14.27
2026-04-18 22:30:00+00:00,1.59,8.93,179563.274697934,1.49,1.82,0.81,0.97,1.52,206,8.49,7.69,13.27
2026-04-18 23:00:00+00:00,1.44,8.9,171884.91419335947,1.41,1.72,0.62,0.89,1.41,211,10.02,7.5,14.79
2026-04-18 23:30:00+00:00,1.39,8.43,179018.7123618009,1.32,1.66,0.91,0.84,1.33,229,9.56,6.94,12.9
2026-04-19 00:00:00+00:00,1.37,8.41,194909.51222244653,1.32,1.67,0.66,0.85,1.34,221,8.73,7.17,12.54
2026-04-19 00:30:00+00:00,1.44,8.81,189650.23832267534,1.33,1.65,0.84,0.87,1.36,214,9.59,7.390000000000001,13.87
2026-04-19 01:00:00+00:00,1.32,8.25,191434.32099073185,1.26,1.6,0.65,0.8200000000000001,1.29,224,7.53,7.05,12.13
2026-04-19 01:30:00+00:00,1.3,8.39,189711.94496224672,1.23,1.54,0.9,0.79,1.24,230,9.42,6.88,13.8
2026-04-19 02:00:00+00:00,1.48,8.63,205623.08698918563,1.45,1.82,0.5,0.89,1.43,218,8.42,7.25,14.34
2026-04-19 02:30:00+00:00,1.34,8.55,190098.55961646733,1.27,1.53,1.08,0.8300000000000001,1.29,219,8.82,7.21,12.94
2026-04-19 03:00:00+00:00,1.37,8.61,178719.33495825116,1.34,1.63,0.94,0.85,1.35,212,9.28,7.47,14.03
2026-04-19 03:30:00+00:00,1.36,8.64,181875.80187028568,1.32,1.6,0.93,0.8300000000000001,1.31,220,8.3,7.19,13.92
2026-04-19 04:00:00+00:00,1.45,8.58,188649.04936433537,1.38,1.69,0.67,0.89,1.41,217,9.6,7.28,14.62
2026-04-19 04:30:00+00:00,1.48,8.89,187333.44502878474,1.4,1.73,1.12,0.9,1.43,212,7.22,7.45,13.16
2026-04-19 05:00:00+00:00,1.36,8.67,187174.75771737122,1.33,1.61,0.84,0.84,1.34,219,8.73,7.25,13.58
2026-04-19 05:30:00+00:00,1.34,9.05,184300.43550203097,1.28,1.63,1.19,0.79,1.27,225,10.08,7.0600000000000005,12.54
2026-04-19 06:00:00+00:00,1.39,8.9,188216.1420044781,1.31,1.57,1.14,0.84,1.33,208,9.57,7.62,12.74
2026-04-19 06:30:00+00:00,1.32,9.04,170768.99727838824,1.3,1.51,0.6,0.85,1.32,198,9.63,7.97,13.4
2026-04-19 07:00:00+00:00,1.48,9.15,181335.87122745463,1.47,1.79,0.8,0.86,1.41,211,9.09,7.47,13.15
2026-04-19 07:30:00+00:00,1.37,8.86,199755.99830316156,1.3,1.57,0.79,0.8200000000000001,1.31,211,9.42,7.53,12.5
2026-04-19 08:00:00+00:00,1.25,8.75,179162.93739464943,1.2,1.5,0.76,0.74,1.19,225,9.46,7.0600000000000005,12.77
2026-04-19 08:30:00+00:00,1.36,8.85,170820.28588274028,1.33,1.7,0.61,0.81,1.31,216,10.13,7.31,13.7
2026-04-19 09:00:00+00:00,1.31,8.68,183693.73993431652,1.28,1.6,1.06,0.78,1.27,227,10.45,6.96,12.1
2026-04-19 09:30:00+00:00,1.24,8.45,176858.89661683765,1.19,1.5,0.61,0.73,1.18,241,8.78,6.58,12.89
2026-04-19 10:00:00+00:00,1.44,8.83,157942.2107157186,1.38,1.73,0.6,0.84,1.37,226,10.79,6.96,14.88
2026-04-19 10:30:00+00:00,1.25,8.5,163743.54477303475,1.21,1.54,1.12,0.73,1.19,240,7.58,6.59,12.57
2026-04-19 11:00:00+00:00,1.31,8.72,176309.54357725807,1.24,1.56,1.12,0.78,1.24,227,10.04,6.95,12.58
2026-04-19 11:30:00+00:00,1.19,8.51,167065.03457613778,1.14,1.39,0.91,0.7000000000000001,1.13,238,9.63,6.62,11.93
2026-04-19 12:00:00+00:00,1.28,8.71,174816.45360389265,1.23,1.58,1.29,0.74,1.22,237,8.32,6.67,12.36
2026-04-19 12:30:00+00:00,1.22,8.72,172764.14317663817,1.21,1.47,0.8300000000000001,0.76,1.21,218,8.51,7.28,13.5
2026-04-19 13:00:00+00:00,1.19,8.85,189310.1285563038,1.13,1.4,0.8200000000000001,0.7000000000000001,1.13,228,9.57,6.93,12.66
2026-04-19 13:30:00+00:00,1.12,8.620000000000001,216764.28053570815,1.08,1.33,0.6,0.65,1.05,232,8.78,6.8100000000000005,13.63
2026-04-19 14:00:00+00:00,1.09,8.53,193468.5696137009,1.04,1.29,0.67,0.62,1.02,237,8.94,6.67,12.03
2026-04-19 14:30:00+00:00,1.1,8.76,201964.15178651706,1.07,1.33,0.5700000000000001,0.66,1.06,222,8.6,7.09,13.02
2026-04-19 15:00:00+00:00,1.07,8.64,177116.60369697626,1.02,1.22,0.79,0.65,1.03,224,7.19,7.1000000000000005,12.18
2026-04-19 15:30:00+00:00,1.1,8.86,170023.2484210616,1.05,1.3,0.63,0.62,1.01,243,9.65,6.51,12.83
2026-04-19 16:00:00+00:00,1.16,8.75,178628.2413858387,1.1,1.36,0.74,0.6900000000000001,1.1,223,8.85,7.12,12.26
2026-04-19 16:30:00+00:00,1.01,8.64,205736.4959748342,0.96,1.2,0.87,0.61,0.97,229,8.86,6.92,12.81
2026-04-19 17:00:00+00:00,1.12,8.67,214055.92121997286,1.04,1.28,0.45,0.62,1.02,233,8.91,6.78,12.73
2026-04-19 17:30:00+00:00,0.99,8.49,195981.91799896825,0.95,1.19,0.76,0.58,0.93,244,9.12,6.5,12.22
2026-04-19 18:00:00+00:00,0.99,8.700000000000001,178962.5520738083,0.97,1.23,0.67,0.59,0.96,231,9.73,6.87,12.49
2026-04-19 18:30:00+00:00,1.02,8.68,192227.37919037498,1.0,1.25,0.36,0.62,0.99,225,8.52,7.0200000000000005,14.83
2026-04-19 19:00:00+00:00,1.08,8.790000000000001,172092.1245590468,1.03,1.25,0.73,0.64,1.02,221,8.94,7.16,13.65
2026-04-19 19:30:00+00:00,0.98,8.5,161212.43500439962,0.94,1.2,0.58,0.58,0.94,238,8.52,6.640000000000001,13.56
2026-04-19 20:00:00+00:00,1.01,8.82,164832.0452078265,0.94,1.21,0.81,0.5700000000000001,0.93,234,8.91,6.79,12.24
2026-04-19 20:30:00+00:00,0.95,8.56,156353.75051216056,0.9,1.18,0.42,0.56,0.9,229,8.78,6.88,12.86
2026-04-19 21:00:00+00:00,0.9,8.540000000000001,165585.49525666318,0.85,1.08,0.47,0.55,0.87,221,8.97,7.18,13.64
2026-04-19 21:30:00+00:00,0.97,8.65,179929.52381490645,0.92,1.14,0.6,0.58,0.92,223,8.82,7.12,12.36
2026-04-19 22:00:00+00:00,1.02,8.81,197989.59816523103,0.97,1.21,0.6,0.6,0.96,222,8.27,7.13,13.06
2026-04-19 22:30:00+00:00,1.01,8.75,210629.4733462009,0.98,1.2,0.95,0.6,0.97,220,7.37,7.15,12.5
2026-04-19 23:00:00+00:00,0.94,8.61,212775.90393112457,0.91,1.11,0.72,0.58,0.91,218,9.5,7.27,12.75
2026-04-19 23:30:00+00:00,0.97,8.59,184609.35985705614,0.95,1.15,0.45,0.61,0.96,215,7.58,7.38,13.5
2026-04-20 00:00:00+00:00,0.96,8.58,182391.82023954557,0.91,1.12,0.32,0.59,0.93,215,8.15,7.37,12.38
2026-04-20 00:30:00+00:00,1.01,8.68,168350.18019451553,0.97,1.17,0.53,0.61,0.97,214,9.09,7.38,12.63
2026-04-20 01:00:00+00:00,0.97,8.52,184747.8291125689,0.94,1.21,0.53,0.59,0.93,222,8.700000000000001,7.12,11.8
2026-04-20 01:30:00+00:00,0.92,8.540000000000001,178020.10019263194,0.87,1.09,0.66,0.55,0.87,227,10.41,6.98,11.7
2026-04-20 02:00:00+00:00,0.91,8.540000000000001,175046.92499604382,0.91,1.14,0.59,0.5700000000000001,0.91,214,9.16,7.43,13.23
2026-04-20 02:30:00+00:00,0.85,8.39,179589.89755141333,0.8200000000000001,1.05,0.34,0.51,0.81,237,9.71,6.66,12.97
2026-04-20 03:00:00+00:00,0.96,8.56,182729.25548412077,0.93,1.17,0.77,0.5700000000000001,0.92,225,9.19,7.04,11.97
2026-04-20 03:30:00+00:00,0.91,8.44,159565.3466503018,0.87,1.13,0.5700000000000001,0.53,0.86,229,9.1,6.94,12.12
2026-04-20 04:00:00+00:00,0.92,8.77,174096.59333358725,0.89,1.09,0.5,0.5700000000000001,0.9,211,9.4,7.51,14.06
2026-04-20 04:30:00+00:00,0.88,8.6,170457.78334737182,0.88,1.1,0.44,0.55,0.88,214,8.02,7.390000000000001,12.48
2026-04-20 05:00:00+00:00,0.8300000000000001,8.56,173886.17582041572,0.8200000000000001,1.04,0.49,0.5,0.81,222,9.14,7.11,14.94
2026-04-20 05:30:00+00:00,0.86,8.4,172961.83008143769,0.84,1.04,0.27,0.55,0.86,212,8.0,7.47,13.77
2026-04-20 06:00:00+00:00,0.89,8.6,174552.19815579316,0.88,1.11,0.38,0.56,0.88,210,9.23,7.5,12.7
2026-04-20 06:30:00+00:00,0.85,8.53,166204.67152263186,0.8200000000000001,1.02,0.51,0.53,0.84,212,7.97,7.48,12.86
2026-04-20 07:00:00+00:00,0.81,8.38,157815.15983984608,0.79,0.99,0.54,0.5,0.8,219,8.48,7.26,13.87
2026-04-20 07:30:00+00:00,0.81,8.700000000000001,172574.86744526852,0.81,1.01,0.59,0.5,0.8,214,9.77,7.38,13.23
2026-04-20 08:00:00+00:00,0.78,8.76,176671.08490477232,0.76,1.01,0.61,0.46,0.76,221,8.82,7.15,13.34
2026-04-20 08:30:00+00:00,0.79,8.77,166503.82143017132,0.76,0.95,0.37,0.47,0.75,214,8.34,7.4,15.32
2026-04-20 09:00:00+00:00,0.76,8.5,146362.52043265227,0.72,0.89,0.62,0.45,0.72,233,9.03,6.79,13.91
2026-04-20 09:30:00+00:00,0.8,8.72,142790.0902756666,0.77,0.97,0.93,0.47,0.76,229,8.55,6.91,13.07
2026-04-20 10:00:00+00:00,0.76,8.56,142251.34848893798,0.74,0.95,0.47,0.46,0.74,229,9.5,6.87,14.24
2026-04-20 10:30:00+00:00,0.71,8.25,127097.87177591947,0.6900000000000001,0.85,0.59,0.43,0.6900000000000001,250,8.69,6.33,12.2
2026-04-20 11:00:00+00:00,0.75,8.120000000000001,114300.52711125971,0.73,0.91,0.66,0.44,0.72,268,6.83,5.91,12.55
2026-04-20 11:30:00+00:00,0.72,8.1,105527.1852451646,0.68,0.85,0.5700000000000001,0.42,0.67,282,8.46,5.6000000000000005,12.25
2026-04-20 12:00:00+00:00,0.81,8.23,116760.7358465299,0.8,0.96,0.5700000000000001,0.49,0.78,255,8.06,6.19,10.99
2026-04-20 12:30:00+00:00,0.78,7.98,133046.5067098542,0.71,0.89,0.6,0.43,0.7000000000000001,310,8.81,5.1000000000000005,12.01
2026-04-20 13:00:00+00:00,0.81,7.65,118395.53933772062,0.75,0.93,0.79,0.47,0.74,312,8.36,5.08,12.18
2026-04-20 13:30:00+00:00,0.8,7.48,143538.92830176358,0.72,0.94,0.68,0.46,0.73,332,9.44,4.76,11.03
2026-04-20 14:00:00+00:00,0.77,7.12,140720.42431220537,0.71,0.92,0.89,0.45,0.71,365,10.23,4.3500000000000005,10.89
2026-04-20 14:30:00+00:00,0.8300000000000001,7.44,156466.8211863718,0.78,1.03,0.58,0.48,0.77,319,8.94,4.97,12.18
2026-04-20 15:00:00+00:00,0.78,7.38,157026.74935565252,0.7000000000000001,0.93,0.56,0.43,0.7000000000000001,354,8.06,4.47,12.12
2026-04-20 15:30:00+00:00,0.77,7.18,143315.39176917207,0.6900000000000001,0.9,0.66,0.42,0.68,364,9.22,4.34,10.32
2026-04-20 16:00:00+00:00,0.7000000000000001,6.91,138065.83245107153,0.63,0.81,0.9,0.4,0.63,374,9.27,4.24,11.73
2026-04-20 16:30:00+00:00,0.73,7.0200000000000005,144421.00332179456,0.64,0.8300000000000001,0.66,0.41,0.65,364,9.11,4.36,11.11
2026-04-20 17:00:00+00:00,0.71,7.0,151339.0941076792,0.64,0.87,0.54,0.4,0.64,374,9.13,4.23,13.59
2026-04-20 17:30:00+00:00,0.73,6.97,146853.30317990796,0.65,0.8300000000000001,0.87,0.41,0.65,360,8.2,4.41,10.88
2026-04-20 18:00:00+00:00,0.75,6.91,138017.1930297802,0.66,0.81,0.63,0.43,0.67,361,8.08,4.39,12.04
2026-04-20 18:30:00+00:00,0.71,7.24,141200.9202914178,0.63,0.8200000000000001,0.76,0.4,0.63,362,6.92,4.39,13.78
2026-04-20 19:00:00+00:00,0.75,7.31,141055.79369004085,0.6900000000000001,0.85,0.93,0.45,0.7000000000000001,314,8.03,5.05,10.99
2026-04-20 19:30:00+00:00,0.7000000000000001,7.57,140223.58419289917,0.64,0.81,0.5700000000000001,0.4,0.64,326,8.88,4.87,10.53
2026-04-20 20:00:00+00:00,0.68,7.72,141631.62127647677,0.61,0.8,0.6900000000000001,0.38,0.61,318,10.19,4.99,11.79
2026-04-20 20:30:00+00:00,0.73,7.98,144232.80190710435,0.67,0.87,0.46,0.43,0.68,281,8.55,5.63,12.96
2026-04-20 21:00:00+00:00,0.66,7.83,169449.28813980168,0.61,0.79,0.77,0.38,0.61,297,7.99,5.33,15.02
2026-04-20 21:30:00+00:00,0.64,8.06,168087.29936622808,0.59,0.77,0.4,0.37,0.59,290,8.53,5.43,14.9
2026-04-20 22:00:00+00:00,0.62,7.86,152582.6528941159,0.59,0.75,0.36,0.37,0.59,283,7.03,5.61,13.33
2026-04-20 22:30:00+00:00,0.67,8.44,144657.8882789924,0.63,0.76,0.46,0.41,0.64,259,9.9,6.13,13.89
2026-04-20 23:00:00+00:00,0.63,7.85,140091.63359969517,0.56,0.71,0.46,0.35,0.56,334,8.34,4.74,12.52
2026-04-20 23:30:00+00:00,0.65,7.97,151392.4560723409,0.6,0.75,0.76,0.36,0.58,334,8.21,4.76,11.69
2026-04-21 00:00:00+00:00,0.68,7.74,159521.97861067,0.62,0.8200000000000001,0.6900000000000001,0.38,0.61,349,8.57,4.55,11.92
2026-04-21 00:30:00+00:00,0.63,7.8,149759.47954813833,0.5700000000000001,0.73,0.67,0.35,0.56,345,10.8,4.58,12.59
2026-04-21 01:00:00+00:00,0.6,7.61,131167.00398624607,0.54,0.68,0.61,0.34,0.54,360,8.86,4.41,12.81
2026-04-21 01:30:00+00:00,0.61,7.51,146700.58158733544,0.53,0.72,0.55,0.33,0.53,387,7.84,4.1,12.77
2026-04-21 02:00:00+00:00,0.61,7.88,146997.96766386455,0.5,0.64,0.66,0.31,0.5,390,9.9,4.0600000000000005,11.63
2026-04-21 02:30:00+00:00,0.58,8.91,150112.49204714206,0.5,0.66,0.51,0.31,0.5,333,11.42,4.7700000000000005,14.09
2026-04-21 03:00:00+00:00,0.56,8.71,146595.85379723474,0.48,0.62,0.66,0.31,0.48,320,9.98,4.95,16.85
2026-04-21 03:30:00+00:00,0.58,9.45,145404.75374362274,0.49,0.66,0.44,0.31,0.5,353,10.62,4.47,16.77
2026-04-21 04:00:00+00:00,0.62,8.33,132515.04761573704,0.51,0.65,1.05,0.34,0.53,405,15.44,3.91,15.44
2026-04-21 04:30:00+00:00,0.68,8.950000000000001,142704.55817242464,0.5700000000000001,0.72,0.52,0.36,0.5700000000000001,396,12.85,4.01,14.44
2026-04-21 05:00:00+00:00,0.72,8.99,144030.21726489425,0.58,0.74,0.68,0.39,0.6,408,14.28,3.86,15.52
2026-04-21 05:30:00+00:00,0.74,8.96,138241.28143108296,0.61,0.78,0.61,0.4,0.63,398,8.06,3.97,15.63
2026-04-21 06:00:00+00:00,0.79,10.0,126115.61437395876,0.66,0.8300000000000001,0.65,0.42,0.66,374,14.87,4.22,16.01
2026-04-21 06:30:00+00:00,0.72,9.54,139657.70090912527,0.59,0.77,0.81,0.38,0.6,377,11.9,4.21,16.77
2026-04-21 07:00:00+00:00,0.78,10.3,151023.8344627073,0.64,0.86,0.81,0.4,0.64,344,10.38,4.61,17.37
2026-04-21 07:30:00+00:00,0.78,9.37,144194.68241909595,0.63,0.8200000000000001,0.98,0.41,0.64,396,11.3,4.0,16.32
2026-04-21 08:00:00+00:00,0.86,10.19,142575.76397186486,0.6900000000000001,0.88,0.86,0.44,0.7000000000000001,362,13.74,4.36,15.92
2026-04-21 08:30:00+00:00,0.96,11.45,140148.9756003875,0.76,1.09,1.34,0.47,0.76,332,12.2,4.7700000000000005,15.48
2026-04-21 09:00:00+00:00,0.99,12.03,133101.25570717774,0.89,1.2,1.11,0.52,0.86,242,15.13,6.55,15.98
2026-04-21 09:30:00+00:00,0.92,10.75,137292.59671276936,0.79,1.06,1.18,0.48,0.79,305,13.52,5.21,16.47
2026-04-21 10:00:00+00:00,1.08,10.95,145549.57605608544,0.85,1.22,1.37,0.52,0.85,340,14.32,4.63,15.84
2026-04-21 10:30:00+00:00,1.07,10.12,145396.51157113296,0.93,1.23,0.88,0.59,0.94,311,14.57,5.08,15.25
2026-04-21 11:00:00+00:00,1.06,9.54,129701.51771137281,0.87,1.1,0.74,0.5700000000000001,0.89,335,12.97,4.73,14.15
2026-04-21 11:30:00+00:00,1.17,10.1,136159.06516589166,0.95,1.28,1.25,0.6,0.96,338,12.9,4.7,15.97
2026-04-21 12:00:00+00:00,1.2,10.1,142149.45658395707,1.03,1.37,1.15,0.63,1.02,316,14.14,4.96,16.38
2026-04-21 12:30:00+00:00,1.25,10.26,143388.51068517615,1.07,1.45,1.65,0.65,1.07,301,14.67,5.26,15.1
2026-04-21 13:00:00+00:00,1.19,9.77,153174.2365368926,1.06,1.33,1.08,0.68,1.07,275,13.21,5.75,15.99
2026-04-21 13:30:00+00:00,1.33,9.6,156215.33698760663,1.15,1.49,1.04,0.74,1.17,286,13.24,5.54,16.73
2026-04-21 14:00:00+00:00,1.29,9.45,145480.55822640297,1.15,1.45,1.37,0.75,1.17,279,12.19,5.68,15.53
2026-04-21 14:30:00+00:00,1.36,10.21,159429.21487136226,1.21,1.63,1.35,0.75,1.21,269,14.34,5.88,16.1
2026-04-21 15:00:00+00:00,1.47,10.39,168787.46627811383,1.32,1.64,1.13,0.84,1.33,236,13.21,6.7,15.81
2026-04-21 15:30:00+00:00,1.51,10.72,161875.9605236406,1.33,1.78,0.8,0.8,1.31,265,13.66,5.96,15.74
2026-04-21 16:00:00+00:00,1.48,10.13,147103.15080466625,1.33,1.65,1.23,0.8200000000000001,1.32,259,13.31,6.1000000000000005,14.87
2026-04-21 16:30:00+00:00,1.66,10.5,154052.1104953129,1.53,1.95,1.43,0.94,1.52,247,13.56,6.42,17.32
2026-04-21 17:00:00+00:00,1.53,9.8,138537.1708335424,1.37,1.75,1.77,0.84,1.35,275,11.61,5.75,15.65
2026-04-21 17:30:00+00:00,1.67,10.13,149867.690729653,1.47,1.85,1.44,0.92,1.47,258,12.65,6.13,15.36
2026-04-21 18:00:00+00:00,1.7,10.29,149020.12320247912,1.45,1.88,1.81,0.89,1.44,266,12.97,5.96,15.45
2026-04-21 18:30:00+00:00,1.84,10.21,143565.1201398286,1.73,2.24,1.67,1.05,1.7,230,12.02,6.86,16.09
2026-04-21 19:00:00+00:00,1.88,10.72,148483.54246382153,1.79,2.21,1.31,1.11,1.77,209,12.31,7.58,15.4
2026-04-21 19:30:00+00:00,1.87,10.05,163947.29353346617,1.7,2.05,1.44,1.04,1.67,242,10.84,6.55,15.71
2026-04-21 20:00:00+00:00,2.08,10.35,166394.7252542745,1.92,2.35,2.24,1.18,1.89,223,10.61,7.11,15.05
2026-04-21 20:30:00+00:00,2.16,10.71,172686.6591768564,2.04,2.65,1.85,1.24,2.02,212,10.99,7.49,15.25
2026-04-21 21:00:00+00:00,2.09,10.62,156544.41532305206,1.96,2.44,1.55,1.21,1.94,203,11.2,7.77,17.21
2026-04-21 21:30:00+00:00,1.85,10.05,147386.01483047634,1.73,2.14,1.64,1.09,1.73,218,11.2,7.27,16.73
2026-04-21 22:00:00+00:00,2.03,10.39,179645.58934865711,1.9,2.42,1.73,1.2,1.91,204,10.56,7.72,16.13
2026-04-21 22:30:00+00:00,2.19,10.51,158857.25988716993,2.02,2.56,2.0,1.29,2.05,200,9.93,7.91,14.98
2026-04-21 23:00:00+00:00,2.06,10.21,163652.60529847626,1.89,2.35,1.25,1.18,1.89,222,10.69,7.12,15.66
2026-04-21 23:30:00+00:00,2.22,11.22,163117.69923937193,2.01,2.54,1.78,1.24,2.0,201,10.78,7.84,15.71
2026-04-22 00:00:00+00:00,2.3000000000000003,10.76,163333.59992366855,2.19,2.81,2.18,1.32,2.16,197,10.93,8.03,16.35
2026-04-22 00:30:00+00:00,2.2,11.5,163565.45834216842,2.0,2.62,1.4,1.2,1.97,198,12.58,7.94,16.71
2026-04-22 01:00:00+00:00,2.37,11.48,158737.1778657922,2.21,2.89,1.09,1.3,2.16,198,15.7,7.99,16.16
2026-04-22 01:30:00+00:00,2.17,11.35,146366.74954410788,2.03,2.56,1.51,1.23,1.99,197,12.06,8.01,18.09
2026-04-22 02:00:00+00:00,2.25,11.02,136500.85584896285,2.15,2.6,1.93,1.31,2.12,190,11.84,8.28,16.42
2026-04-22 02:30:00+00:00,2.3000000000000003,10.79,135754.99296477376,2.13,2.77,1.66,1.28,2.1,203,10.86,7.76,17.73
2026-04-22 03:00:00+00:00,2.54,11.05,154075.1943386111,2.44,3.04,2.01,1.45,2.37,199,11.67,7.930000000000001,16.47
2026-04-22 03:30:00+00:00,2.5,10.75,147430.3801800174,2.29,2.83,1.54,1.44,2.3000000000000003,201,10.37,7.87,15.74
2026-04-22 04:00:00+00:00,2.51,10.38,145206.40106038822,2.33,2.94,2.15,1.45,2.32,204,10.18,7.75,15.33
2026-04-22 04:30:00+00:00,2.68,10.49,128863.64632490513,2.53,3.18,1.37,1.59,2.53,202,10.47,7.83,17.43
2026-04-22 05:00:00+00:00,2.77,10.66,143321.8008119848,2.63,3.38,1.24,1.59,2.6,205,10.15,7.7,15.65
2026-04-22 05:30:00+00:00,2.47,10.22,137459.42185649739,2.29,2.98,2.09,1.4,2.26,221,10.49,7.18,14.97
2026-04-22 06:00:00+00:00,2.8000000000000003,10.46,163255.67974036708,2.66,3.38,1.82,1.65,2.65,199,9.93,7.98,15.33
2026-04-22 06:30:00+00:00,2.64,10.5,171297.17620013523,2.44,3.0500000000000003,1.77,1.44,2.37,214,11.54,7.37,15.65
2026-04-22 07:00:00+00:00,2.67,10.19,162147.85720190214,2.5500000000000003,3.2,2.97,1.56,2.51,210,13.59,7.56,17.21
2026-04-22 07:30:00+00:00,2.6,9.98,151410.06826664135,2.47,2.97,2.39,1.57,2.49,203,9.76,7.81,15.14
2026-04-22 08:00:00+00:00,2.68,10.39,169132.99118751808,2.45,3.13,2.15,1.5,2.43,219,13.02,7.23,16.5
2026-04-22 08:30:00+00:00,2.69,10.66,160763.66942499246,2.5500000000000003,3.23,2.07,1.56,2.52,208,10.43,7.58,16.11
2026-04-22 09:00:00+00:00,2.52,10.0,143221.79934608616,2.35,2.93,1.78,1.45,2.34,224,11.06,7.08,17.04
2026-04-22 09:30:00+00:00,2.39,9.72,147189.91982456128,2.23,2.88,2.43,1.31,2.16,238,7.96,6.640000000000001,15.72
2026-04-22 10:00:00+00:00,2.31,9.41,134480.76805738168,2.18,2.66,1.4,1.37,2.17,236,10.55,6.69,14.23
2026-04-22 10:30:00+00:00,2.47,9.61,131580.331546317,2.33,2.91,1.64,1.43,2.3000000000000003,232,10.92,6.82,15.77
2026-04-22 11:00:00+00:00,2.31,9.52,124650.84466130147,2.13,2.68,2.08,1.33,2.13,228,9.09,6.95,15.73
2026-04-22 11:30:00+00:00,2.38,9.6,121040.20906587646,2.23,2.84,1.49,1.38,2.23,228,13.38,6.95,14.73
2026-04-22 12:00:00+00:00,2.2,9.14,136293.58850596382,2.08,2.75,1.58,1.24,2.04,242,8.47,6.53,15.66
2026-04-22 12:30:00+00:00,2.3000000000000003,9.44,146822.1013252014,2.11,2.6,1.16,1.34,2.12,218,11.44,7.25,15.59
2026-04-22 13:00:00+00:00,2.05,8.97,147548.49280641784,1.94,2.49,1.22,1.23,1.95,229,8.42,6.92,15.45
2026-04-22 13:30:00+00:00,2.03,9.2,142918.10850357974,1.89,2.35,1.93,1.14,1.85,247,10.96,6.390000000000001,14.84
2026-04-22 14:00:00+00:00,2.06,9.07,139569.30000888757,1.95,2.44,1.35,1.22,1.94,227,8.16,6.97,16.48
2026-04-22 14:30:00+00:00,1.98,9.28,151175.46898254415,1.93,2.37,1.45,1.17,1.9,228,8.76,6.92,13.57
2026-04-22 15:00:00+00:00,2.17,9.45,130059.18319802682,2.07,2.64,1.49,1.3,2.07,219,8.48,7.24,15.7
2026-04-22 15:30:00+00:00,1.94,8.870000000000001,128640.25191144597,1.77,2.31,1.12,1.06,1.74,246,9.19,6.390000000000001,13.89
2026-04-22 16:00:00+00:00,1.79,8.41,138130.2912552889,1.66,2.1,1.29,1.05,1.67,252,12.93,6.26,13.54
2026-04-22 16:30:00+00:00,1.91,8.8,128400.91850132108,1.88,2.3000000000000003,1.48,1.19,1.88,223,8.67,7.09,13.69
2026-04-22 17:00:00+00:00,1.99,9.32,130743.78555699688,1.87,2.31,1.74,1.2,1.89,212,8.81,7.44,15.0
2026-04-22 17:30:00+00:00,2.0,8.91,130641.15064476627,1.89,2.36,2.01,1.16,1.86,225,7.8,7.01,14.69
2026-04-22 18:00:00+00:00,2.02,9.05,123765.67612041706,1.97,2.47,1.04,1.22,1.95,216,9.35,7.32,13.71
2026-04-22 18:30:00+00:00,2.2,9.34,117945.87927098095,2.07,2.53,1.51,1.31,2.08,209,9.51,7.57,13.95
2026-04-22 19:00:00+00:00,2.12,9.12,120349.74301968196,1.98,2.47,1.6,1.26,1.99,214,9.51,7.37,14.84
2026-04-22 19:30:00+00:00,2.22,9.14,128832.15078056142,2.04,2.56,2.04,1.27,2.03,217,10.18,7.3,14.69
2026-04-22 20:00:00+00:00,2.24,9.29,118154.98901986996,2.1,2.7,1.11,1.35,2.13,201,10.2,7.87,13.34
2026-04-22 20:30:00+00:00,2.26,9.23,126894.55096197175,2.13,2.64,1.31,1.31,2.11,205,9.38,7.69,13.56
2026-04-22 21:00:00+00:00,2.07,9.19,143621.7766524638,1.97,2.46,1.39,1.26,2.0,205,9.34,7.71,15.15
2026-04-22 21:30:00+00:00,1.93,8.92,131095.66815389178,1.88,2.43,1.49,1.19,1.89,210,8.370000000000001,7.51,13.49
2026-04-22 22:00:00+00:00,2.14,9.47,134873.3010499744,2.05,2.65,1.64,1.29,2.06,197,8.620000000000001,8.02,15.4
2026-04-22 22:30:00+00:00,2.05,9.15,147597.03905544145,1.97,2.41,1.24,1.26,2.0,200,8.92,7.92,13.23
2026-04-22 23:00:00+00:00,2.1,9.16,149608.46729811598,1.97,2.45,1.13,1.31,2.03,198,10.77,8.0,14.16
2026-04-22 23:30:00+00:00,1.99,9.22,158362.40948493738,1.95,2.34,0.79,1.31,2.03,187,8.620000000000001,8.45,16.14
2026-04-23 00:00:00+00:00,1.93,9.61,,1.83,2.3000000000000003,1.48,1.15,1.83,199,9.83,7.930000000000001,13.95
2026-04-23 00:30:00+00:00,2.0,9.06,135707.30127642892,1.93,2.45,1.26,1.2,1.93,209.0,7.63,7.56,13.67
2026-04-23 01:00:00+00:00,1.94,9.11,144457.23358506057,1.86,2.26,1.2,1.21,1.89,200.0,10.22,7.91,13.65
2026-04-23 01:30:00+00:00,1.93,9.06,148315.04853274967,1.86,2.29,1.62,1.2,1.88,205.0,10.74,7.7,12.91
2026-04-23 02:00:00+00:00,2.05,9.12,132058.7254657055,1.93,2.34,0.95,1.24,1.96,200.0,10.34,7.91,15.29
2026-04-23 02:30:00+00:00,1.81,8.870000000000001,133006.23347627907,1.67,2.13,1.09,1.07,1.69,218.0,8.92,7.28,13.22
2026-04-23 03:00:00+00:00,1.76,8.91,128664.93558127158,1.71,2.09,1.38,1.07,1.71,210.0,7.73,7.53,14.4
2026-04-23 03:30:00+00:00,1.91,8.700000000000001,121904.69543612988,1.9,2.35,1.0,1.23,1.93,204.0,8.43,7.77,12.69
2026-04-23 04:00:00+00:00,1.79,8.620000000000001,128239.86210612481,1.72,2.13,1.16,1.08,1.72,220.0,8.35,7.21,13.45
2026-04-23 04:30:00+00:00,1.89,8.47,130573.1294604658,1.84,2.27,1.3,1.16,1.84,217.0,8.22,7.29,13.85
2026-04-23 05:00:00+00:00,1.91,8.58,130921.59224107924,1.83,2.24,2.02,1.17,1.85,219.0,7.72,7.2,12.31
2026-04-23 05:30:00+00:00,1.8,8.53,124942.04921330918,1.72,2.13,1.12,1.07,1.72,224.0,9.5,7.07,13.54
2026-04-23 06:00:00+00:00,1.71,8.28,129543.05450994619,1.59,1.93,0.74,1.07,1.65,215.0,8.61,7.34,12.6
2026-04-23 06:30:00+00:00,1.85,8.52,134195.21228741508,1.81,2.18,0.77,1.12,1.79,218.0,8.98,7.25,13.95
2026-04-23 07:00:00+00:00,1.88,8.59,141410.48955462984,1.83,2.33,0.97,1.13,1.82,220.0,8.94,7.18,13.14
2026-04-23 07:30:00+00:00,1.77,8.4,131969.28626566843,1.69,2.15,0.95,1.07,1.7,222.0,8.1,7.140000000000001,12.44
2026-04-23 08:00:00+00:00,1.83,8.45,144118.51129522838,1.73,2.15,1.4,1.12,1.76,215.0,8.67,7.35,12.99
2026-04-23 08:30:00+00:00,1.72,8.52,143302.67363103342,1.69,2.14,1.63,1.04,1.67,223.0,9.07,7.07,12.17
2026-04-23 09:00:00+00:00,2.04,8.66,149491.08618153413,1.92,2.41,0.98,1.23,1.93,211.0,9.05,7.5,13.58
2026-04-23 09:30:00+00:00,1.84,8.6,135890.07642210773,1.75,2.22,1.76,1.08,1.74,219.0,7.97,7.24,12.91
2026-04-23 10:00:00+00:00,2.09,9.04,142930.6578690263,2.05,2.57,1.14,1.28,2.05,209.0,10.05,7.57,14.07
2026-04-23 10:30:00+00:00,1.86,8.76,148451.27313329192,1.8,2.29,1.08,1.12,1.79,218.0,8.73,7.26,12.94
2026-04-23 11:00:00+00:00,1.91,8.8,134109.25907616166,1.86,2.36,1.51,1.18,1.87,214.0,9.74,7.38,13.29
2026-04-23 11:30:00+00:00,1.9,9.12,131437.63585074816,1.87,2.27,0.95,1.12,1.82,221.0,10.19,7.15,16.19
2026-04-23 12:00:00+00:00,1.95,9.07,133349.04892451802,1.87,2.25,1.28,1.21,1.9,210.0,10.87,7.55,11.75
2026-04-23 12:30:00+00:00,1.84,9.12,139325.97364525803,1.79,2.21,1.21,1.13,1.8,219.0,10.19,7.24,13.69
2026-04-23 13:00:00+00:00,1.77,8.9,137978.83631417662,1.67,2.11,0.73,1.05,1.67,234.0,9.14,6.76,12.94
2026-04-23 13:30:00+00:00,1.92,9.05,122632.9228840178,1.84,2.31,1.06,1.16,1.85,216.0,10.15,7.3,12.45
2026-04-23 14:00:00+00:00,1.86,8.92,139203.11477619686,1.76,2.14,1.27,1.11,1.78,228.0,9.66,6.95,13.23
2026-04-23 14:30:00+00:00,1.79,8.85,142472.90351450688,1.74,2.29,1.15,1.01,1.68,247.0,8.950000000000001,6.43,12.5
2026-04-23 15:00:00+00:00,1.93,8.99,126717.46059504301,1.87,2.39,1.39,1.1,1.81,238.0,9.69,6.65,13.79
2026-04-23 15:30:00+00:00,2.15,9.34,120489.23477334352,2.07,2.56,0.93,1.27,2.04,210.0,10.14,7.51,16.69
2026-04-23 16:00:00+00:00,1.83,8.83,19467.673116287337,1.75,2.25,1.45,1.04,1.7,237.0,9.86,6.67,13.46
2026-04-23 16:30:00+00:00,2.11,9.36,-612.1888334270327,2.02,2.48,1.68,1.23,1.99,212.0,9.23,7.42,13.2
2026-04-23 17:00:00+00:00,1.92,9.17,-621.0082603621448,1.84,2.27,1.61,1.14,1.83,217.0,10.16,7.28,12.94
2026-04-23 17:30:00+00:00,2.08,9.23,-647.8902845532143,2.09,2.62,1.76,1.23,2.03,218.0,9.77,7.28,13.58
2026-04-23 18:00:00+00:00,1.87,8.83,-664.3115991608477,1.8,2.24,1.15,1.08,1.77,231.0,8.4,6.86,14.61
2026-04-23 18:30:00+00:00,2.02,8.950000000000001,-658.810336497133,1.96,2.53,1.84,1.2,1.94,217.0,8.790000000000001,7.3,13.18
2026-04-23 19:00:00+00:00,2.01,8.93,-656.2343721873787,1.9,2.38,0.68,1.14,1.85,230.0,8.93,6.86,13.73
2026-04-23 19:30:00+00:00,2.06,9.05,-663.7804334679972,1.98,2.42,1.45,1.21,1.95,220.0,10.14,7.17,13.5
2026-04-23 20:00:00+00:00,2.02,8.93,-674.9608713632626,1.97,2.37,0.9,1.23,1.96,210.0,9.2,7.54,14.87
2026-04-23 20:30:00+00:00,2.18,9.12,-668.652972132599,2.07,2.72,1.19,1.26,2.05,214.0,9.49,7.42,13.52
2026-04-23 21:00:00+00:00,2.02,9.06,-671.5169413308106,1.96,2.47,1.74,1.24,1.97,206.0,9.93,7.67,12.37
2026-04-23 21:30:00+00:00,1.99,8.950000000000001,-676.9462310894583,1.89,2.41,0.98,1.21,1.92,204.0,10.08,7.75,13.01
2026-04-23 22:00:00+00:00,2.0,8.91,-674.2265285186085,1.88,2.4,1.51,1.14,1.85,221.0,9.15,7.18,12.52
2026-04-23 22:30:00+00:00,2.0,8.8,-665.4687586611133,1.95,2.42,1.82,1.23,1.96,206.0,8.620000000000001,7.640000000000001,11.95
2026-04-23 23:00:00+00:00,1.79,8.89,-652.0998883115212,1.78,2.19,1.0,1.11,1.77,218.0,9.08,7.27,12.63
2026-04-23 23:30:00+00:00,1.89,8.78,-656.1581244861248,1.78,2.3000000000000003,1.26,1.08,1.76,221.0,8.32,7.15,12.9
2026-04-24 00:00:00+00:00,1.81,8.77,-654.6415069267576,1.75,2.24,1.01,1.07,1.74,223.0,8.09,7.09,13.24
2026-04-24 00:30:00+00:00,1.88,8.8,-644.1719420419041,1.81,2.15,1.16,1.13,1.81,216.0,9.15,7.35,12.31
2026-04-24 01:00:00+00:00,2.04,8.9,-658.896620282889,1.88,2.45,1.25,1.16,1.87,216.0,10.04,7.32,11.83
2026-04-24 01:30:00+00:00,1.77,8.59,-678.9274946927012,1.71,2.18,0.84,1.12,1.75,206.0,9.48,7.66,12.48
2026-04-24 02:00:00+00:00,1.87,8.86,-670.9683485383026,1.83,2.17,0.77,1.16,1.83,207.0,8.35,7.66,14.25
2026-04-24 02:30:00+00:00,1.82,8.74,-667.4458126766915,1.78,2.23,0.72,1.12,1.79,210.0,8.81,7.53,13.18
2026-04-24 03:00:00+00:00,1.84,8.84,-673.1878942852891,1.74,2.18,1.21,1.05,1.7,227.0,9.56,6.95,12.88
2026-04-24 03:30:00+00:00,1.84,9.02,-672.0875105635378,1.76,2.19,0.93,1.2,1.84,196.0,9.63,8.08,13.74
2026-04-24 04:00:00+00:00,2.04,8.99,-658.6061309245883,1.97,2.52,1.18,1.2,1.94,210.0,7.17,7.52,12.81
2026-04-24 04:30:00+00:00,2.09,9.09,-662.917468535136,2.02,2.52,1.24,1.31,2.06,192.0,9.17,8.24,13.32
2026-04-24 05:00:00+00:00,1.95,9.1,-679.0414070297161,1.85,2.26,1.08,1.17,1.86,202.0,9.96,7.8,13.67
2026-04-24 05:30:00+00:00,1.93,9.13,-679.1414889095062,1.84,2.24,0.87,1.18,1.86,202.0,9.12,7.83,14.6
2026-04-24 06:00:00+00:00,1.96,9.15,-683.8895717477835,1.9,2.31,1.06,1.18,1.89,205.0,9.99,7.71,14.08
2026-04-24 06:30:00+00:00,2.01,9.17,-692.4823179107786,1.95,2.33,0.98,1.22,1.94,201.0,9.17,7.84,13.29
2026-04-24 07:00:00+00:00,2.04,9.05,-656.977516507025,1.84,2.37,0.74,1.18,1.87,206.0,9.16,7.67,14.88
2026-04-24 07:30:00+00:00,1.85,9.07,-655.0386482133945,1.78,2.4,1.14,1.07,1.76,211.0,9.32,7.49,13.51
2026-04-24 08:00:00+00:00,2.01,9.22,-668.4820219021462,2.01,2.54,1.1,1.31,2.05,188.0,9.51,8.41,12.89
2026-04-24 08:30:00+00:00,1.9,9.07,-698.8125180410557,1.81,2.31,1.34,1.16,1.83,205.0,9.66,7.72,12.7
2026-04-24 09:00:00+00:00,2.06,9.47,-692.3814275380823,1.99,2.37,0.81,1.29,2.03,184.0,9.34,8.61,15.45
2026-04-24 09:30:00+00:00,2.12,9.23,-663.9761329225945,2.02,2.45,1.01,1.31,2.05,192.0,8.92,8.23,13.02
2026-04-24 10:00:00+00:00,1.91,9.2,-643.9110100224125,1.87,2.4,1.2,1.17,1.87,198.0,8.49,7.97,13.14
2026-04-24 10:30:00+00:00,1.67,9.11,-649.4977376925968,1.59,1.93,0.71,1.01,1.6,210.0,8.78,7.56,12.77
2026-04-24 11:00:00+00:00,1.83,9.21,-656.7797203506257,1.79,2.16,1.52,1.17,1.82,190.0,9.83,8.3,13.36
2026-04-24 11:30:00+00:00,1.72,9.04,-661.4263935023291,1.64,2.06,1.42,1.05,1.67,204.0,9.5,7.77,13.24
2026-04-24 12:00:00+00:00,1.74,9.11,-650.3472861592303,1.75,2.1,1.77,1.13,1.77,191.0,9.76,8.28,13.55
2026-04-24 12:30:00+00:00,1.81,9.13,-641.9936249833669,1.77,2.27,0.58,1.11,1.77,198.0,9.92,7.97,14.4
2026-04-24 13:00:00+00:00,1.74,9.28,-617.2356360721897,1.64,2.0,1.78,1.07,1.68,197.0,10.18,8.040000000000001,13.07
2026-04-24 13:30:00+00:00,1.74,9.18,-618.3057265298581,1.72,2.2,0.6900000000000001,1.09,1.73,196.0,9.47,8.06,13.96
2026-04-24 14:00:00+00:00,1.76,9.33,-629.2028903960831,1.71,2.08,1.88,1.09,1.72,197.0,9.32,8.0,12.46
2026-04-24 14:30:00+00:00,1.66,9.13,-626.7740694536844,1.52,1.95,0.72,0.94,1.5,218.0,8.64,7.23,14.3
2026-04-24 15:00:00+00:00,1.64,8.870000000000001,-611.5779153853861,1.54,1.94,0.86,0.94,1.52,230.0,11.23,6.87,12.81
2026-04-24 15:30:00+00:00,1.69,9.1,-620.2945099761727,1.65,2.03,1.31,1.04,1.66,211.0,9.32,7.51,12.95
2026-04-24 16:00:00+00:00,1.62,8.71,-619.1487952595846,1.57,1.98,0.88,0.97,1.57,227.0,8.73,6.97,13.24
2026-04-24 16:30:00+00:00,1.64,8.75,-624.6152086935139,1.54,1.95,0.81,0.93,1.51,240.0,9.06,6.59,13.31
2026-04-24 17:00:00+00:00,1.69,8.49,-616.3611599757952,1.55,2.05,1.01,0.95,1.55,247.0,9.09,6.41,12.33
2026-04-24 17:30:00+00:00,1.72,8.75,-619.8336709183112,1.56,2.0,0.73,0.97,1.56,243.0,9.44,6.53,12.76
2026-04-24 18:00:00+00:00,1.64,8.42,-623.9156036174022,1.6,2.01,1.27,0.96,1.56,243.0,7.78,6.47,12.31
2026-04-24 18:30:00+00:00,1.73,8.66,-642.7179817112869,1.66,2.02,1.49,1.04,1.66,228.0,9.39,6.95,12.64
2026-04-24 19:00:00+00:00,1.7,8.72,-664.2452857884426,1.67,2.06,1.63,1.01,1.63,241.0,9.56,6.55,12.52
2026-04-24 19:30:00+00:00,1.68,8.44,-684.4246880398124,1.58,2.05,1.76,0.94,1.55,263.0,9.58,6.03,11.93
2026-04-24 20:00:00+00:00,1.78,8.370000000000001,-700.333654677403,1.67,2.12,1.11,1.03,1.65,250.0,9.24,6.3100000000000005,12.32
2026-04-24 20:30:00+00:00,1.67,7.96,-699.0602153548987,1.53,1.89,1.42,0.96,1.53,267.0,8.8,5.9,11.31
2026-04-24 21:00:00+00:00,1.74,8.51,-708.056267691649,1.68,2.1,1.41,1.02,1.64,248.0,9.36,6.3500000000000005,13.02
2026-04-24 21:30:00+00:00,1.85,8.370000000000001,-688.9959495140388,1.76,2.25,1.47,1.04,1.7,267.0,9.25,5.92,12.27
2026-04-24 22:00:00+00:00,1.82,8.35,-669.023300680874,1.79,2.24,1.03,1.06,1.74,264.0,8.82,5.99,12.21
2026-04-24 22:30:00+00:00,1.76,8.16,-664.3849016580155,1.64,2.1,0.85,1.0,1.62,270.0,10.06,5.87,12.89
2026-04-24 23:00:00+00:00,1.68,7.74,-649.4504026551431,1.57,1.98,1.36,0.95,1.54,300.0,8.81,5.29,11.81
2026-04-24 23:30:00+00:00,1.81,8.03,-661.6888140890258,1.71,2.16,1.58,1.03,1.67,278.0,8.290000000000001,5.71,11.13
2026-04-25 00:00:00+00:00,1.82,8.16,-639.8467784558987,1.73,2.21,1.36,1.04,1.69,277.0,9.81,5.7,12.65
2026-04-25 00:30:00+00:00,1.72,7.92,-658.6675290387242,1.58,2.02,1.17,0.93,1.53,294.0,8.21,5.37,12.6
2026-04-25 01:00:00+00:00,1.8,8.14,-653.0369617465581,1.66,2.17,1.15,1.02,1.64,275.0,8.64,5.78,12.92
2026-04-25 01:30:00+00:00,1.79,8.3,-641.2838061185037,1.7,2.15,1.5,1.02,1.66,269.0,8.9,5.9,11.38
2026-04-25 02:00:00+00:00,1.87,8.63,-663.0274151169647,1.81,2.25,1.05,1.12,1.8,235.0,8.77,6.76,13.72
2026-04-25 02:30:00+00:00,1.8,8.51,-676.2982729077905,1.74,2.25,0.9,1.02,1.68,247.0,9.02,6.42,13.53
2026-04-25 03:00:00+00:00,1.67,8.55,-656.6673997430044,1.57,1.97,1.02,0.94,1.53,241.0,8.13,6.58,12.81
2026-04-25 03:30:00+00:00,1.63,8.64,-646.7395732760908,1.58,1.98,1.47,0.98,1.57,221.0,8.040000000000001,7.17,12.95
2026-04-25 04:00:00+00:00,1.56,8.41,-623.9353782547086,1.49,1.86,1.06,0.92,1.49,230.0,8.78,6.87,12.33
2026-04-25 04:30:00+00:00,1.55,8.75,-623.8220359722603,1.44,1.82,1.13,0.89,1.45,229.0,9.2,6.91,11.67
2026-04-25 05:00:00+00:00,1.66,8.72,-628.689318845855,1.59,2.03,0.96,1.04,1.64,207.0,8.81,7.63,13.49
2026-04-25 05:30:00+00:00,1.54,8.44,-618.9880226530462,1.47,1.84,0.73,0.92,1.47,226.0,7.42,7.0,13.21
2026-04-25 06:00:00+00:00,1.47,8.0,-626.5514106722839,1.43,1.77,0.6900000000000001,0.89,1.42,237.0,8.34,6.68,14.26
2026-04-25 06:30:00+00:00,1.47,8.27,-619.9480407246454,1.43,1.79,1.75,0.88,1.42,240.0,8.73,6.59,11.76
2026-04-25 07:00:00+00:00,1.39,8.18,-624.3017067629878,1.35,1.67,0.79,0.84,1.34,238.0,9.5,6.65,12.18
2026-04-25 07:30:00+00:00,1.36,7.97,-606.8363089144042,1.26,1.61,0.8200000000000001,0.77,1.24,257.0,8.67,6.15,12.95
2026-04-25 08:00:00+00:00,1.39,7.81,-583.3767211288505,1.31,1.66,0.76,0.8300000000000001,1.31,252.0,8.44,6.2700000000000005,13.65
2026-04-25 08:30:00+00:00,1.25,7.54,-566.2565111415281,1.15,1.39,1.16,0.74,1.16,261.0,7.27,6.0600000000000005,11.71
2026-04-25 09:00:00+00:00,1.26,7.8,-582.5591876038897,1.2,1.49,1.29,0.74,1.18,255.0,8.05,6.21,12.32
2026-04-25 09:30:00+00:00,1.39,8.05,-614.9864493656195,1.35,1.67,1.01,0.86,1.36,234.0,8.72,6.7700000000000005,11.6
2026-04-25 10:00:00+00:00,1.24,7.55,101852.61060646332,1.2,1.52,1.09,0.74,1.19,267.0,8.19,5.94,10.85
2026-04-25 10:30:00+00:00,1.24,7.55,171377.28439157153,1.17,1.41,0.81,0.74,1.17,274.0,8.31,5.7700000000000005,11.44
2026-04-25 11:00:00+00:00,1.21,7.19,162004.84052858673,1.13,1.44,0.74,0.6900000000000001,1.11,309.0,6.98,5.11,11.84
2026-04-25 11:30:00+00:00,1.2,7.09,154717.25523208923,1.13,1.41,0.91,0.68,1.1,318.0,8.26,4.96,10.39
2026-04-25 12:00:00+00:00,1.32,7.03,153018.82846793917,1.26,1.56,1.24,0.8,1.27,304.0,8.8,5.22,11.65
2026-04-25 12:30:00+00:00,1.37,6.92,156097.1816131541,1.27,1.62,1.21,0.77,1.24,341.0,8.9,4.63,11.17
2026-04-25 13:00:00+00:00,1.42,6.640000000000001,156258.52587446407,1.32,1.62,1.49,0.8300000000000001,1.31,335.0,8.31,4.72,10.27
2026-04-25 13:30:00+00:00,1.31,6.04,156029.10484731817,1.18,1.52,1.69,0.76,1.2,375.0,8.15,4.23,10.42
2026-04-25 14:00:00+00:00,1.46,6.55,157554.25181390182,1.31,1.61,0.84,0.8300000000000001,1.31,346.0,8.32,4.58,10.73
2026-04-25 14:30:00+00:00,1.36,6.17,163486.27507105508,1.25,1.54,1.31,0.79,1.25,362.0,9.4,4.38,10.57
2026-04-25 15:00:00+00:00,1.36,6.17,159218.06166168413,1.23,1.55,1.69,0.79,1.25,363.0,8.77,4.36,9.95
2026-04-25 15:30:00+00:00,1.34,6.140000000000001,157219.35663112343,1.21,1.49,1.77,0.78,1.23,371.0,7.29,4.2700000000000005,10.43
2026-04-25 16:00:00+00:00,1.37,6.09,162000.596557372,1.28,1.62,0.86,0.81,1.29,355.0,8.65,4.46,10.47
2026-04-25 16:30:00+00:00,1.39,6.15,163779.40822845255,1.28,1.61,1.35,0.8,1.28,358.0,6.04,4.43,10.14
2026-04-25 17:00:00+00:00,1.35,6.08,138713.4101836678,1.2,1.49,0.68,0.76,1.2,372.0,7.85,4.24,10.11
2026-04-25 17:30:00+00:00,1.38,5.84,139926.33557175833,1.26,1.57,1.37,0.8,1.27,366.0,5.28,4.3100000000000005,9.62
2026-04-25 18:00:00+00:00,1.39,6.24,126927.42596402962,1.31,1.62,0.65,0.84,1.33,330.0,8.870000000000001,4.8100000000000005,12.84
2026-04-25 18:30:00+00:00,1.44,6.17,130530.3317464449,1.32,1.62,0.94,0.86,1.35,341.0,7.94,4.65,11.83
2026-04-25 19:00:00+00:00,1.43,6.17,156636.53005621053,1.32,1.66,0.89,0.86,1.35,337.0,6.78,4.7,10.18
2026-04-25 19:30:00+00:00,1.41,6.24,148697.9565816189,1.32,1.61,1.03,0.86,1.34,329.0,6.48,4.8,10.51
2026-04-25 20:00:00+00:00,1.34,6.19,143149.3721050783,1.25,1.56,1.19,0.79,1.25,339.0,7.0,4.66,10.41
2026-04-25 20:30:00+00:00,1.26,6.22,142285.3201588731,1.17,1.45,0.88,0.74,1.17,344.0,6.66,4.61,10.23
2026-04-25 21:00:00+00:00,1.32,6.5,157015.33279520116,1.24,1.6,0.66,0.76,1.23,326.0,6.54,4.86,10.32
2026-04-25 21:30:00+00:00,1.36,6.43,170269.61876640917,1.3,1.56,0.94,0.8200000000000001,1.3,310.0,7.42,5.12,11.16
2026-04-25 22:00:00+00:00,1.19,6.47,155356.92876172185,1.11,1.37,1.56,0.6900000000000001,1.1,323.0,5.82,4.91,10.91
2026-04-25 22:30:00+00:00,1.37,6.55,150067.36580272426,1.3,1.6,1.03,0.84,1.32,296.0,6.43,5.34,11.27
2026-04-25 23:00:00+00:00,1.36,6.51,151467.63375432664,1.25,1.6,0.92,0.78,1.24,322.0,6.12,4.9,10.02
2026-04-25 23:30:00+00:00,1.23,6.3,145478.87642350924,1.15,1.39,0.89,0.74,1.16,315.0,8.56,5.03,11.28
2026-04-26 00:00:00+00:00,1.22,6.3500000000000005,149736.28314128047,1.17,1.45,1.02,0.74,1.17,314.0,6.42,5.05,10.7
2026-04-26 00:30:00+00:00,1.28,6.390000000000001,134936.11192742418,1.21,1.5,0.71,0.77,1.21,306.0,8.540000000000001,5.18,10.06
2026-04-26 01:00:00+00:00,1.24,6.66,149300.68498099182,1.15,1.49,0.86,0.72,1.15,304.0,7.16,5.22,10.89
2026-04-26 01:30:00+00:00,1.18,6.47,164795.8354760617,1.11,1.38,0.75,0.71,1.12,307.0,7.23,5.15,10.59
2026-04-26 02:00:00+00:00,1.15,6.33,171088.20601057902,1.07,1.29,1.07,0.6900000000000001,1.08,305.0,5.17,5.2,10.03
2026-04-26 02:30:00+00:00,1.17,6.32,168097.24830128896,1.12,1.43,0.79,0.72,1.14,293.0,6.68,5.41,10.45
2026-04-26 03:00:00+00:00,1.15,6.41,166613.7062777319,1.06,1.33,0.67,0.67,1.06,311.0,7.68,5.09,10.57
2026-04-26 03:30:00+00:00,1.08,6.18,159852.12979095863,1.02,1.26,0.91,0.64,1.02,322.0,7.86,4.91,10.15
2026-04-26 04:00:00+00:00,1.17,6.44,147810.1018643673,1.08,1.35,0.81,0.72,1.12,297.0,5.26,5.32,9.98
2026-04-26 04:30:00+00:00,1.14,6.41,167406.4105746789,1.06,1.3,0.72,0.71,1.1,296.0,8.77,5.3500000000000005,10.51
2026-04-26 05:00:00+00:00,1.15,6.3500000000000005,163038.45150159922,1.09,1.28,0.91,0.71,1.11,300.0,7.390000000000001,5.28,11.33
2026-04-26 05:30:00+00:00,1.12,6.23,172154.07723230377,1.05,1.32,0.71,0.67,1.05,310.0,5.55,5.12,10.22
2026-04-26 06:00:00+00:00,1.1,6.42,168332.3300317752,1.06,1.3,0.77,0.6900000000000001,1.08,292.0,5.84,5.44,10.97
2026-04-26 06:30:00+00:00,1.06,6.32,181880.66113453844,1.04,1.25,0.5,0.66,1.05,296.0,6.7,5.3500000000000005,11.04
2026-04-26 07:00:00+00:00,0.97,6.33,153120.06296226737,0.92,1.13,0.51,0.59,0.93,315.0,7.46,5.04,11.59
2026-04-26 07:30:00+00:00,1.03,6.51,148299.12565004514,0.97,1.19,0.6,0.63,0.99,295.0,7.82,5.37,11.33
2026-04-26 08:00:00+00:00,0.96,6.3100000000000005,143934.62191408375,0.92,1.12,1.05,0.59,0.93,302.0,5.5200000000000005,5.24,9.91
2026-04-26 08:30:00+00:00,0.97,6.44,159268.5799454495,0.92,1.14,0.53,0.59,0.93,297.0,5.8,5.32,10.42
2026-04-26 09:00:00+00:00,0.95,6.34,170455.7740678251,0.92,1.16,0.8,0.56,0.91,311.0,6.63,5.09,9.99
2026-04-26 09:30:00+00:00,0.94,6.45,152796.23268590806,0.9,1.13,0.54,0.59,0.92,287.0,7.47,5.51,9.96
2026-04-26 10:00:00+00:00,0.94,6.5600000000000005,145867.59560897734,0.89,1.12,0.53,0.56,0.89,299.0,5.78,5.3,10.81
2026-04-26 10:30:00+00:00,0.95,6.55,152134.63294713348,0.91,1.12,0.55,0.58,0.92,290.0,7.81,5.47,10.22
2026-04-26 11:00:00+00:00,0.95,6.3500000000000005,174295.87005952973,0.91,1.13,0.44,0.59,0.92,297.0,6.3100000000000005,5.34,11.23
2026-04-26 11:30:00+00:00,0.91,6.3,177759.64507482416,0.85,1.07,0.46,0.55,0.87,299.0,6.3,5.3,10.38
2026-04-26 12:00:00+00:00,0.97,6.32,189717.98900046243,0.93,1.16,0.44,0.59,0.94,298.0,5.7700000000000005,5.32,10.64
2026-04-26 12:30:00+00:00,0.89,6.2700000000000005,171012.74928151164,0.84,1.06,0.77,0.53,0.84,321.0,6.8,4.92,10.23
2026-04-26 13:00:00+00:00,0.91,6.23,160119.45110915368,0.87,1.05,0.49,0.55,0.87,310.0,7.5,5.1000000000000005,10.9
2026-04-26 13:30:00+00:00,0.97,6.45,169273.14970168314,0.93,1.16,0.79,0.58,0.92,316.0,8.01,5.03,11.25
2026-04-26 14:00:00+00:00,0.96,6.19,160171.66674294736,0.93,1.16,0.81,0.58,0.93,321.0,6.2,4.95,9.51
2026-04-26 14:30:00+00:00,0.94,6.2700000000000005,158423.1955500248,0.89,1.07,0.68,0.5700000000000001,0.9,320.0,6.74,4.96,9.46
2026-04-26 15:00:00+00:00,0.95,6.43,143157.21046415257,0.91,1.14,0.91,0.5700000000000001,0.91,319.0,7.36,4.96,10.2
2026-04-26 15:30:00+00:00,0.89,6.18,120736.06588477523,0.84,1.04,0.77,0.53,0.84,342.0,6.09,4.64,10.41
2026-04-26 16:00:00+00:00,0.99,6.57,126069.95475616319,0.94,1.16,0.89,0.59,0.94,315.0,6.22,5.0200000000000005,10.09
2026-04-26 16:30:00+00:00,0.94,6.34,123898.86249280916,0.9,1.12,0.64,0.58,0.91,307.0,6.36,5.15,10.65
2026-04-26 17:00:00+00:00,0.97,6.36,138632.46143019997,0.91,1.12,1.11,0.58,0.92,321.0,6.32,4.94,9.63
2026-04-26 17:30:00+00:00,0.91,6.24,120323.01595897444,0.85,1.07,0.72,0.54,0.85,334.0,8.59,4.73,9.89
2026-04-26 18:00:00+00:00,0.91,6.6000000000000005,132091.1140848173,0.86,1.07,0.85,0.54,0.86,315.0,8.22,5.0200000000000005,10.43
2026-04-26 18:30:00+00:00,0.94,6.51,126811.47736528481,0.89,1.1,0.81,0.56,0.88,320.0,7.95,4.94,10.6
2026-04-26 19:00:00+00:00,0.92,6.3500000000000005,123592.94536518198,0.87,1.05,0.8200000000000001,0.5700000000000001,0.88,311.0,7.58,5.08,10.33
2026-04-26 19:30:00+00:00,0.98,6.63,139830.83614298614,0.95,1.18,0.8,0.58,0.94,309.0,5.96,5.11,9.84
2026-04-26 20:00:00+00:00,0.95,6.48,158152.3976322938,0.87,1.1,0.67,0.55,0.88,328.0,7.890000000000001,4.82,10.51
2026-04-26 20:30:00+00:00,0.99,6.48,155388.68194333496,0.93,1.19,0.61,0.5700000000000001,0.92,334.0,7.88,4.75,10.0
2026-04-26 21:00:00+00:00,1.02,6.49,155186.9924394014,0.95,1.17,0.73,0.61,0.96,320.0,8.07,4.95,10.88
2026-04-26 21:30:00+00:00,0.98,6.28,169291.82095263494,0.91,1.13,0.68,0.5700000000000001,0.91,340.0,7.65,4.67,10.43
2026-04-26 22:00:00+00:00,0.97,6.15,156804.55324909172,0.89,1.1,0.74,0.58,0.91,338.0,5.83,4.69,10.61
2026-04-26 22:30:00+00:00,1.07,6.19,141756.58210794217,1.02,1.28,0.77,0.64,1.02,331.0,5.96,4.79,9.47
2026-04-26 23:00:00+00:00,1.03,6.140000000000001,154092.0537244297,0.98,1.19,0.77,0.64,1.0,319.0,5.92,4.96,9.94
2026-04-26 23:30:00+00:00,1.08,6.38,165688.87586902748,1.01,1.26,0.52,0.64,1.02,314.0,6.99,5.05,10.54
2026-04-27 00:00:00+00:00,1.18,6.25,160211.2850043273,1.12,1.4,0.9,0.73,1.14,300.0,6.16,5.29,8.75
2026-04-27 00:30:00+00:00,1.1,6.24,157776.47031519504,1.07,1.28,0.95,0.67,1.07,309.0,5.97,5.14,9.24
2026-04-27 01:00:00+00:00,1.11,6.43,157823.03559745822,1.02,1.26,0.89,0.6900000000000001,1.07,293.0,6.67,5.41,10.5
2026-04-27 01:30:00+00:00,1.17,6.21,153356.5762243614,1.13,1.36,0.61,0.73,1.15,293.0,7.29,5.4,9.96
2026-04-27 02:00:00+00:00,1.13,6.22,159292.3138953959,1.05,1.28,0.76,0.68,1.07,307.0,6.72,5.15,9.84
2026-04-27 02:30:00+00:00,1.14,6.26,156069.35162979888,1.08,1.36,0.8200000000000001,0.6900000000000001,1.09,299.0,5.72,5.3100000000000005,11.49
2026-04-27 03:00:00+00:00,1.07,6.11,156265.26487441626,0.99,1.23,0.63,0.65,1.02,313.0,5.6000000000000005,5.05,9.83
2026-04-27 03:30:00+00:00,1.14,6.4,166525.17335923418,1.1,1.4,0.47,0.7000000000000001,1.11,301.0,6.22,5.2700000000000005,12.32
2026-04-27 04:00:00+00:00,1.15,6.140000000000001,167183.6007611791,1.08,1.34,0.86,0.71,1.11,295.0,6.26,5.36,10.43
2026-04-27 04:30:00+00:00,1.18,6.18,142523.6159658499,1.16,1.39,0.86,0.75,1.18,299.0,6.51,5.3,10.72
2026-04-27 05:00:00+00:00,1.13,6.17,134613.72890054696,1.05,1.29,0.36,0.67,1.06,312.0,5.75,5.08,11.06
2026-04-27 05:30:00+00:00,1.23,6.18,142398.70061494812,1.18,1.53,0.79,0.75,1.19,300.0,6.65,5.28,9.11
2026-04-27 06:00:00+00:00,1.08,6.12,138873.82663130222,1.07,1.29,0.67,0.67,1.06,305.0,5.86,5.21,11.35
2026-04-27 06:30:00+00:00,1.13,6.0600000000000005,137236.73626609004,1.08,1.35,0.99,0.68,1.08,311.0,5.3100000000000005,5.1000000000000005,9.2
2026-04-27 07:00:00+00:00,1.17,6.49,140575.50352909125,1.08,1.38,0.56,0.71,1.11,283.0,7.0,5.6000000000000005,13.09
2026-04-27 07:30:00+00:00,1.1,6.140000000000001,133270.39849183377,1.04,1.31,0.51,0.66,1.04,311.0,6.97,5.1000000000000005,11.67
2026-04-27 08:00:00+00:00,1.15,6.3,131220.02818157733,1.1,1.42,0.58,0.7000000000000001,1.11,292.0,6.640000000000001,5.42,10.29
2026-04-27 08:30:00+00:00,1.1,6.37,139315.49415621994,1.04,1.28,1.0,0.67,1.05,292.0,6.0,5.44,10.3
2026-04-27 09:00:00+00:00,1.03,6.46,142775.564444821,0.97,1.19,0.78,0.63,0.99,298.0,6.57,5.32,11.33
2026-04-27 09:30:00+00:00,1.05,6.38,131621.6711289178,1.0,1.24,0.6,0.67,1.03,290.0,7.13,5.46,9.91
2026-04-27 10:00:00+00:00,1.0,6.37,138104.4008716821,0.91,1.14,0.54,0.61,0.94,306.0,7.54,5.17,12.09
2026-04-27 10:30:00+00:00,0.99,6.3,143688.29253681205,0.94,1.12,0.92,0.62,0.96,298.0,6.8100000000000005,5.32,9.65
2026-04-27 11:00:00+00:00,0.99,6.4,125481.48689204785,0.94,1.16,0.88,0.6,0.95,312.0,7.0600000000000005,5.07,10.12
2026-04-27 11:30:00+00:00,1.01,6.25,119825.20500254112,0.96,1.18,0.95,0.61,0.96,323.0,6.97,4.89,9.38
2026-04-27 12:00:00+00:00,1.07,6.34,125042.11160827175,0.99,1.21,0.95,0.64,1.01,311.0,5.88,5.09,10.61
2026-04-27 12:30:00+00:00,0.95,6.21,124375.66496565277,0.88,1.12,0.74,0.55,0.88,350.0,8.4,4.53,9.46
2026-04-27 13:00:00+00:00,0.98,6.2,124467.39447311012,0.92,1.15,0.88,0.59,0.93,334.0,6.71,4.75,10.02
2026-04-27 13:30:00+00:00,0.96,6.09,126505.03155081518,0.9,1.14,0.68,0.5700000000000001,0.91,341.0,6.94,4.65,9.62
2026-04-27 14:00:00+00:00,0.96,6.1000000000000005,120828.59929483823,0.89,1.1,0.85,0.5700000000000001,0.9,356.0,6.87,4.46,10.05
2026-04-27 14:30:00+00:00,1.0,5.95,119192.6974529422,0.93,1.14,0.79,0.58,0.93,355.0,5.92,4.45,10.49
2026-04-27 15:00:00+00:00,1.03,5.96,120742.87124468522,0.97,1.24,0.8300000000000001,0.6,0.96,367.0,5.89,4.33,11.72
2026-04-27 15:30:00+00:00,1.05,6.13,138941.7300469185,0.99,1.23,0.58,0.62,0.99,353.0,8.38,4.5,9.73
2026-04-27 16:00:00+00:00,1.07,5.99,130708.90480082958,0.99,1.24,0.67,0.63,0.99,363.0,6.93,4.36,9.91
2026-04-27 16:30:00+00:00,1.01,5.69,136212.07171165812,0.93,1.11,0.61,0.61,0.95,368.0,3.72,4.29,11.06
2026-04-27 17:00:00+00:00,1.03,5.89,31287.416050661446,0.96,1.2,0.84,0.62,0.98,356.0,7.05,4.43,11.61
2026-04-27 17:30:00+00:00,1.01,5.94,8894.150370879597,0.93,1.17,0.79,0.59,0.93,371.0,5.74,4.28,9.37
2026-04-27 18:00:00+00:00,1.07,6.0200000000000005,119365.25748651275,0.97,1.23,1.02,0.62,0.98,368.0,5.04,4.3100000000000005,9.66
2026-04-27 18:30:00+00:00,1.02,5.95,21100.986951419356,0.96,1.18,1.02,0.62,0.97,352.0,4.88,4.5,10.15
2026-04-27 19:00:00+00:00,1.04,6.42,128.0452930897637,0.96,1.18,0.8200000000000001,0.62,0.98,327.0,5.25,4.84,11.86
2026-04-27 19:30:00+00:00,1.06,6.72,20.757958704541984,1.01,1.28,0.79,0.63,1.01,315.0,8.36,5.03,11.69
2026-04-27 20:00:00+00:00,1.01,6.36,185.16433690369578,0.94,1.16,0.8300000000000001,0.6,0.95,331.0,8.01,4.8,10.61
2026-04-27 20:30:00+00:00,1.09,6.58,62.70517509363906,1.04,1.27,1.04,0.6900000000000001,1.07,293.0,6.19,5.4,10.63
2026-04-27 21:00:00+00:00,1.12,6.29,-77.61473004062631,1.07,1.35,1.15,0.68,1.07,312.0,6.21,5.08,11.76
2026-04-27 21:30:00+00:00,1.12,6.17,-48.03195781973743,1.05,1.27,0.84,0.6900000000000001,1.08,309.0,4.73,5.13,10.22
2026-04-27 22:00:00+00:00,1.14,6.29,-66.66090612469443,1.08,1.35,0.89,0.7000000000000001,1.1,307.0,6.34,5.15,10.1
2026-04-27 22:30:00+00:00,1.11,6.34,-186.9640166934236,1.04,1.31,0.59,0.68,1.06,311.0,4.79,5.1000000000000005,10.25
2026-04-27 23:00:00+00:00,1.08,6.57,57.996098750097445,1.01,1.21,1.26,0.65,1.01,308.0,7.7,5.13,10.74
2026-04-27 23:30:00+00:00,1.03,6.5,-29.497494146701662,0.98,1.19,0.51,0.63,0.99,302.0,8.15,5.24,12.1
2026-04-28 00:00:00+00:00,1.01,6.67,-29.783375170693386,0.95,1.18,0.77,0.61,0.96,315.0,7.66,5.04,11.77
2026-04-28 00:30:00+00:00,1.0,6.46,-81.35293250959145,0.92,1.15,0.81,0.6,0.94,308.0,5.08,5.16,11.87
2026-04-28 01:00:00+00:00,1.01,6.75,54.4559360709292,0.95,1.18,0.32,0.6,0.95,308.0,8.58,5.13,11.29
2026-04-28 01:30:00+00:00,1.01,6.76,23.640908124067657,0.98,1.23,0.56,0.63,0.99,287.0,6.37,5.51,12.3
2026-04-28 02:00:00+00:00,1.07,6.74,-37.22704330417685,0.98,1.2,0.75,0.66,1.01,293.0,7.3,5.4,11.36
2026-04-28 02:30:00+00:00,1.11,6.75,-140.2082149656401,1.04,1.29,0.87,0.68,1.06,295.0,5.79,5.3500000000000005,12.16
2026-04-28 03:00:00+00:00,1.09,6.63,-108.0121588333359,1.01,1.23,0.67,0.64,1.01,314.0,6.59,5.04,12.87
2026-04-28 03:30:00+00:00,1.09,6.58,-125.1271162954986,1.04,1.28,0.63,0.68,1.06,296.0,7.03,5.36,11.89
2026-04-28 04:00:00+00:00,1.06,6.44,-164.07023146508445,0.99,1.2,0.78,0.66,1.02,298.0,5.53,5.3100000000000005,13.46
2026-04-28 04:30:00+00:00,1.13,6.78,-165.22766104653988,1.07,1.34,0.8,0.68,1.08,298.0,5.65,5.32,13.45
2026-04-28 05:00:00+00:00,1.05,6.640000000000001,-362.18095298541,0.98,1.23,0.75,0.64,1.01,305.0,5.99,5.18,11.49
2026-04-28 05:30:00+00:00,1.03,6.8,-476.19255253420863,0.96,1.18,0.81,0.64,0.99,289.0,5.37,5.46,12.17
2026-04-28 06:00:00+00:00,1.01,6.5200000000000005,-327.89394722919906,0.94,1.19,0.94,0.6,0.95,304.0,7.26,5.23,10.99
2026-04-28 06:30:00+00:00,0.96,6.84,-164.7140438038864,0.88,1.1,0.65,0.5700000000000001,0.89,303.0,5.16,5.23,11.45
2026-04-28 07:00:00+00:00,1.0,7.17,-1.3798493533377432,0.93,1.17,0.78,0.61,0.95,281.0,7.74,5.63,13.26
2026-04-28 07:30:00+00:00,0.97,7.42,-221.42153877650318,0.89,1.12,0.67,0.5700000000000001,0.9,282.0,6.12,5.63,12.22
2026-04-28 08:00:00+00:00,0.88,7.25,-164.9314928703179,0.79,0.99,0.79,0.52,0.81,295.0,7.94,5.37,13.33
2026-04-28 08:30:00+00:00,0.87,7.96,-24.942907390046784,0.8,0.97,0.76,0.52,0.81,278.0,8.74,5.72,13.87
2026-04-28 09:00:00+00:00,0.88,8.0,1570.5854419229602,0.78,0.98,1.11,0.51,0.79,293.0,9.52,5.4,13.17
2026-04-28 09:30:00+00:00,1.0,9.16,73934.15586165038,,,0.67,0.59,0.92,246.0,10.68,6.42,14.87
2026-04-28 10:00:00+00:00,,,144886.27855400273,,,,,,,,,
2026-04-28 10:30:00+00:00,,,140143.7920987352,,,,,,,,,
2026-04-28 11:00:00+00:00,,,122448.74088923317,,,,,,,,,
2026-04-28 11:30:00+00:00,1.02,9.29,129878.37005912338,0.95,1.21,0.95,0.62,0.97,226.0,9.24,7.0200000000000005,14.75
2026-04-28 12:00:00+00:00,0.96,8.96,132854.84997987765,0.89,1.09,0.93,0.5700000000000001,0.9,250.0,8.17,6.3100000000000005,14.54
2026-04-28 12:30:00+00:00,0.92,8.74,133534.95057209398,0.84,1.04,0.8300000000000001,0.5700000000000001,0.87,252.0,7.12,6.2700000000000005,15.98
2026-04-28 13:00:00+00:00,1.03,9.42,121520.53185009933,0.93,1.21,1.17,0.59,0.93,247.0,12.95,6.38,15.23
2026-04-28 13:30:00+00:00,0.94,8.52,119232.45610835464,0.85,1.03,0.76,0.5700000000000001,0.88,249.0,10.78,6.32,15.22
2026-04-28 14:00:00+00:00,1.06,9.13,111172.60639623551,0.98,1.19,1.02,0.64,1.0,242.0,10.17,6.55,15.51
2026-04-28 14:30:00+00:00,1.1,9.72,121319.31732422422,1.01,1.28,1.19,0.65,1.03,229.0,11.02,6.92,16.12
2026-04-28 15:00:00+00:00,1.05,9.4,128629.92429955798,0.98,1.26,0.86,0.61,0.98,243.0,12.33,6.49,14.49
2026-04-28 15:30:00+00:00,1.05,9.4,120763.65583473313,0.93,1.22,1.02,0.61,0.95,242.0,9.51,6.5200000000000005,14.26
2026-04-28 16:00:00+00:00,1.16,10.08,129173.95910269432,1.06,1.41,0.92,0.67,1.06,230.0,12.36,6.88,15.82
2026-04-28 16:30:00+00:00,1.1,9.95,126049.35837075833,1.04,1.32,1.19,0.63,1.02,232.0,12.48,6.82,14.32
2026-04-28 17:00:00+00:00,1.05,9.35,123701.73639087571,0.95,1.22,0.76,0.61,0.96,245.0,10.2,6.49,15.88
2026-04-28 17:30:00+00:00,0.96,9.32,134943.64197532213,0.9,1.17,0.87,0.56,0.9,245.0,10.93,6.46,14.34
2026-04-28 18:00:00+00:00,0.98,10.07,128184.92358942155,0.91,1.18,0.99,0.55,0.89,231.0,12.55,6.86,14.92
2026-04-28 18:30:00+00:00,1.08,9.86,28030.94984717055,1.0,1.27,0.85,0.63,1.0,234.0,11.64,6.73,16.45
2026-04-28 19:00:00+00:00,1.0,9.43,37.122762939032704,0.93,1.22,0.6,0.55,0.91,263.0,12.03,6.0200000000000005,14.22
2026-04-28 19:30:00+00:00,1.04,9.59,477.11348874946134,0.93,1.16,0.77,0.5700000000000001,0.92,258.0,11.29,6.13,14.38
2026-04-28 20:00:00+00:00,1.02,9.75,318.2962969788205,0.91,1.19,0.58,0.54,0.88,262.0,12.35,6.0200000000000005,15.13
2026-04-28 20:30:00+00:00,0.97,9.89,123.91192689198157,0.93,1.19,0.62,0.55,0.91,239.0,9.63,6.63,15.46
2026-04-28 21:00:00+00:00,1.12,10.94,10.859278098592364,1.07,1.4,0.72,0.65,1.05,207.0,11.93,7.66,14.96
2026-04-28 21:30:00+00:00,1.0,10.22,283.8731698889578,0.95,1.19,0.88,0.5700000000000001,0.93,210.0,11.83,7.51,15.52
2026-04-28 22:00:00+00:00,1.05,10.63,142.12451881428444,1.0,1.21,0.92,0.62,0.99,191.0,10.89,8.24,14.95
2026-04-28 22:30:00+00:00,1.06,10.78,250.25712629245623,1.03,1.26,1.05,0.61,1.0,197.0,9.69,8.03,14.97
2026-04-28 23:00:00+00:00,0.99,10.53,148.30831198057157,0.95,1.21,0.59,0.58,0.93,197.0,11.81,8.040000000000001,14.03
2026-04-28 23:30:00+00:00,1.11,10.94,-7.345104388732077,1.09,1.31,0.36,0.67,1.07,180.0,11.32,8.78,17.09
2026-04-29 00:00:00+00:00,1.0,10.19,25.5028685263923,0.94,1.25,0.76,0.5700000000000001,0.93,221.0,12.35,7.18,14.72
2026-04-29 00:30:00+00:00,1.03,10.58,213.35769271933128,0.97,1.2,0.74,0.58,0.95,208.0,12.8,7.62,14.2
2026-04-29 01:00:00+00:00,1.14,11.0,179.62231014182,1.1,1.39,0.62,0.67,1.09,185.0,11.18,8.52,14.96
2026-04-29 01:30:00+00:00,0.92,10.08,126.25647150233216,0.89,1.1,0.91,0.54,0.88,212.0,10.54,7.46,15.4
2026-04-29 02:00:00+00:00,1.05,10.38,51.67135763470733,1.0,1.26,1.02,0.58,0.96,227.0,12.87,6.96,14.65
2026-04-29 02:30:00+00:00,1.07,9.48,27.54639554155259,0.92,1.27,0.96,0.53,0.89,301.0,12.22,5.24,13.39
2026-04-29 03:00:00+00:00,1.19,9.66,13.86801047495071,1.09,1.4,1.12,0.64,1.05,276.0,11.02,5.74,13.54
2026-04-29 03:30:00+00:00,1.22,9.79,61.145192565062686,1.11,1.45,1.39,0.66,1.08,249.0,9.54,6.34,13.91
2026-04-29 04:00:00+00:00,1.15,9.27,55.817538521971386,1.07,1.38,0.75,0.64,1.05,254.0,7.7,6.23,14.2
2026-04-29 04:30:00+00:00,1.17,9.2,138.15437551617498,1.09,1.39,1.23,0.65,1.06,268.0,10.79,5.91,13.53
2026-04-29 05:00:00+00:00,1.15,9.43,245.74762957513542,1.07,1.39,1.14,0.63,1.04,265.0,11.19,5.96,13.99
2026-04-29 05:30:00+00:00,1.23,9.44,51.60681447827675,1.16,1.54,0.79,0.6900000000000001,1.13,259.0,11.3,6.12,13.75
2026-04-29 06:00:00+00:00,1.21,9.7,105.63428251261493,1.17,1.43,0.87,0.71,1.15,238.0,10.25,6.65,14.12
2026-04-29 06:30:00+00:00,1.11,8.88,-80.77255484242895,0.98,1.28,1.18,0.59,0.97,303.0,9.81,5.23,14.45
2026-04-29 07:00:00+00:00,1.19,9.31,-192.01145848684274,1.15,1.41,0.87,0.68,1.11,252.0,10.99,6.28,14.22
2026-04-29 07:30:00+00:00,1.21,9.52,54.21664989782846,1.11,1.42,1.08,0.66,1.08,253.0,8.4,6.28,14.32
2026-04-29 08:00:00+00:00,1.21,9.05,223.37608106219693,1.11,1.41,1.41,0.65,1.07,275.0,10.92,5.76,13.93
2026-04-29 08:30:00+00:00,1.3,8.8,-81.75961264660111,1.19,1.52,1.2,0.71,1.16,289.0,9.91,5.5,13.32
2026-04-29 09:00:00+00:00,1.33,8.96,-198.43093147896954,1.28,1.62,1.22,0.8,1.27,249.0,10.02,6.37,14.93
2026-04-29 09:30:00+00:00,1.28,8.950000000000001,-5.1312268690927105,1.2,1.52,0.64,0.73,1.18,268.0,7.63,5.92,13.61
2026-04-29 10:00:00+00:00,1.21,8.58,940.382013774268,1.13,1.39,1.02,0.68,1.1,276.0,8.85,5.73,14.18
2026-04-29 10:30:00+00:00,1.23,8.74,29.790818106682174,1.14,1.46,0.93,0.67,1.1,288.0,8.06,5.51,13.15
2026-04-29 11:00:00+00:00,1.35,8.92,-52.76363202920358,1.27,1.61,1.25,0.79,1.26,251.0,9.62,6.3,15.83
2026-04-29 11:30:00+00:00,1.37,9.08,-120.17771313676995,1.28,1.62,0.7000000000000001,0.79,1.26,250.0,9.66,6.34,14.35
2026-04-29 12:00:00+00:00,1.34,8.8,-158.2097101660221,1.22,1.56,0.89,0.75,1.21,265.0,9.02,5.97,14.18
2026-04-29 12:30:00+00:00,1.3,8.64,33.172185255399754,1.23,1.49,0.73,0.79,1.25,239.0,9.1,6.62,13.39
2026-04-29 13:00:00+00:00,1.38,9.2,94.21112452098848,1.24,1.58,1.11,0.77,1.23,242.0,8.57,6.51,15.2
2026-04-29 13:30:00+00:00,1.25,8.89,172.6732349906728,1.17,1.48,0.61,0.74,1.18,244.0,10.67,6.51,14.55
2026-04-29 14:00:00+00:00,1.24,8.950000000000001,207.42961267590596,1.13,1.39,1.07,0.71,1.13,249.0,10.75,6.38,13.55
2026-04-29 14:30:00+00:00,1.16,8.97,222.8617254176339,1.08,1.42,1.07,0.67,1.07,245.0,10.67,6.47,13.79
2026-04-29 15:00:00+00:00,1.27,9.54,163.54775580769504,1.17,1.48,0.8300000000000001,0.72,1.16,232.0,10.79,6.83,13.59
2026-04-29 15:30:00+00:00,1.11,8.74,96.7070511212646,1.03,1.32,0.95,0.62,1.01,274.0,9.47,5.75,13.21
2026-04-29 16:00:00+00:00,1.24,9.21,15.123730604338629,1.12,1.48,0.86,0.68,1.1,271.0,9.4,5.84,15.44
2026-04-29 16:30:00+00:00,1.29,9.48,-130.5116920294786,1.24,1.58,0.79,0.73,1.19,246.0,10.24,6.42,14.36
2026-04-29 17:00:00+00:00,1.09,9.0,25.03048289557686,0.96,1.25,0.84,0.59,0.95,292.0,9.4,5.41,13.94
2026-04-29 17:30:00+00:00,1.18,9.37,-12.826049211808819,1.1,1.38,1.0,0.67,1.08,249.0,12.0,6.36,13.72
2026-04-29 18:00:00+00:00,1.21,9.22,44.547494010029176,1.07,1.42,1.37,0.66,1.07,272.0,12.33,5.82,13.24
2026-04-29 18:30:00+00:00,1.15,9.1,-90.0563445244864,1.05,1.39,0.67,0.64,1.03,269.0,10.56,5.9,13.31
2026-04-29 19:00:00+00:00,1.16,8.92,-129.49322117619647,1.06,1.36,0.97,0.66,1.06,258.0,10.23,6.12,14.42
2026-04-29 19:30:00+00:00,1.11,9.08,23.946178811095812,1.02,1.32,1.23,0.61,1.0,272.0,10.87,5.82,13.43
2026-04-29 20:00:00+00:00,1.12,8.72,-68.53910959561111,1.04,1.34,1.02,0.63,1.02,275.0,9.55,5.75,13.42
2026-04-29 20:30:00+00:00,1.14,8.73,-159.46886429626397,1.03,1.29,0.99,0.64,1.02,284.0,9.01,5.59,14.48
2026-04-29 21:00:00+00:00,1.18,8.52,-218.4966800620416,1.04,1.38,1.16,0.64,1.03,305.0,9.97,5.2,13.7
2026-04-29 21:30:00+00:00,1.29,8.76,-217.63155127242715,1.19,1.57,1.11,0.71,1.17,281.0,10.12,5.63,12.71
2026-04-29 22:00:00+00:00,1.26,8.48,-253.52527407090315,1.15,1.52,1.31,0.7000000000000001,1.13,300.0,8.57,5.29,13.35
2026-04-29 22:30:00+00:00,1.24,8.19,35.93031335553153,1.07,1.36,1.15,0.68,1.08,307.0,9.42,5.12,14.04
2026-04-29 23:00:00+00:00,1.23,8.11,221.05159032836363,1.11,1.42,0.99,0.68,1.09,319.0,8.81,4.97,12.52
2026-04-29 23:30:00+00:00,1.22,7.82,217.5185169503199,1.08,1.39,1.29,0.6900000000000001,1.09,324.0,10.33,4.9,14.51
2026-04-30 00:00:00+00:00,1.26,8.09,,1.1,1.4,1.14,0.7000000000000001,1.11,316.0,10.08,4.99,12.82
2026-04-30 00:30:00+00:00,1.35,8.46,52.01587079330772,1.21,1.59,1.37,0.76,1.21,302.0,9.96,5.22,13.44
2026-04-30 01:00:00+00:00,1.25,8.19,43.46263437066597,1.13,1.45,0.66,0.71,1.13,328.0,10.94,4.83,13.14
2026-04-30 01:30:00+00:00,1.35,8.55,-7.496837024866556,1.25,1.57,1.2,0.78,1.25,290.0,10.62,5.46,13.54
2026-04-30 02:00:00+00:00,1.36,8.700000000000001,-39.44972640271319,1.21,1.55,1.24,0.77,1.22,298.0,9.95,5.32,12.84
2026-04-30 02:30:00+00:00,1.29,8.81,-100.64864107741633,1.18,1.53,0.93,0.75,1.18,288.0,9.55,5.51,14.87
2026-04-30 03:00:00+00:00,1.31,8.8,-118.6300348889398,1.16,1.46,1.55,0.75,1.17,297.0,8.89,5.32,15.32
2026-04-30 03:30:00+00:00,1.3,8.73,-117.51787749065637,1.15,1.42,1.16,0.75,1.17,300.0,7.04,5.28,13.23
2026-04-30 04:00:00+00:00,1.34,9.3,-77.89281559782494,1.17,1.47,1.47,0.76,1.19,301.0,8.89,5.2700000000000005,15.46
2026-04-30 04:30:00+00:00,1.29,9.52,-42.544662156371515,1.12,1.36,0.95,0.72,1.14,291.0,14.38,5.45,16.4
2026-04-30 05:00:00+00:00,1.36,9.5,-42.01713385528367,1.22,1.52,1.05,0.8,1.25,264.0,11.2,6.01,14.31
2026-04-30 05:30:00+00:00,1.4,10.31,-119.99852814126842,1.27,1.59,1.4,0.79,1.25,257.0,10.62,6.12,15.37
2026-04-30 06:00:00+00:00,1.41,10.35,7.626245336567012,1.27,1.7,2.0,0.78,1.26,267.0,15.94,5.93,18.33
2026-04-30 06:30:00+00:00,1.39,9.98,-201.50926219473436,1.23,1.53,1.54,0.77,1.22,283.0,10.26,5.61,16.3
2026-04-30 07:00:00+00:00,1.36,9.89,-116.1389257868327,1.16,1.44,1.31,0.76,1.18,287.0,12.93,5.53,17.330000000000002
2026-04-30 07:30:00+00:00,1.45,11.14,-114.09226597805005,1.24,1.58,1.33,0.78,1.25,273.0,10.83,5.79,18.25
2026-04-30 08:00:00+00:00,1.59,10.64,-81.95901738166285,1.36,1.74,2.24,0.85,1.36,288.0,10.23,5.5200000000000005,15.87
2026-04-30 08:30:00+00:00,1.64,11.37,176.6701360382693,1.43,1.87,1.88,0.88,1.42,267.0,12.82,5.92,17.36
2026-04-30 09:00:00+00:00,1.5,10.56,328.18238665728626,1.24,1.6,1.58,0.8,1.26,295.0,13.18,5.37,17.04
2026-04-30 09:30:00+00:00,1.64,11.62,176.98384099836477,1.4,1.83,1.9,0.87,1.39,264.0,13.01,6.0,16.64
2026-04-30 10:00:00+00:00,1.8,11.95,-26.205051059143585,1.54,2.05,1.92,0.97,1.55,253.0,13.8,6.26,17.18
2026-04-30 10:30:00+00:00,2.0,13.3,-92.9164556309737,1.81,2.54,2.02,1.04,1.75,220.0,15.22,7.18,19.03
2026-04-30 11:00:00+00:00,2.03,13.1,-3.4006185797979445,1.69,2.22,1.55,1.01,1.66,227.0,16.54,6.93,18.64
2026-04-30 11:30:00+00:00,1.88,12.76,112.57931148386723,1.6,2.12,1.77,0.95,1.56,236.0,15.64,6.7,17.39
2026-04-30 12:00:00+00:00,1.78,12.52,-93.3620517918358,1.53,2.14,2.14,0.91,1.51,244.0,13.18,6.48,17.490000000000002
2026-04-30 12:30:00+00:00,1.67,11.94,195.66178004833705,1.46,2.03,1.71,0.88,1.45,249.0,16.14,6.34,18.38
2026-04-30 13:00:00+00:00,1.63,12.0,16.13910140449271,1.42,1.97,1.14,0.85,1.4,251.0,14.63,6.32,18.66
2026-04-30 13:30:00+00:00,1.83,12.65,119.7437956141435,1.65,2.23,1.72,0.95,1.59,224.0,13.74,7.05,17.36
2026-04-30 14:00:00+00:00,1.8,12.96,116.0233260779972,1.71,2.25,1.32,0.99,1.64,200.0,14.0,7.94,17.900000000000002
2026-04-30 14:30:00+00:00,1.74,12.57,90.52614588208917,1.54,2.0,1.67,0.92,1.51,216.0,15.39,7.32,18.04
2026-04-30 15:00:00+00:00,1.74,12.26,-89.96256177750824,1.46,1.94,1.17,0.86,1.42,231.0,14.37,6.8100000000000005,17.34
2026-04-30 15:30:00+00:00,1.72,12.6,-18.35026635654938,1.51,2.03,1.84,0.9,1.48,212.0,14.09,7.45,17.79
2026-04-30 16:00:00+00:00,1.83,12.9,-13.304970254042054,1.63,2.16,1.53,0.96,1.58,206.0,11.87,7.7,17.53
2026-04-30 16:30:00+00:00,1.92,13.1,-17.391906337239018,1.78,2.31,2.15,1.05,1.72,193.0,15.42,8.19,17.490000000000002
2026-04-30 17:00:00+00:00,1.63,12.4,-115.67289312883001,1.57,1.97,1.71,0.9,1.49,200.0,14.48,7.9,18.37
2026-04-30 17:30:00+00:00,1.83,13.28,4.41689664976426,1.75,2.25,1.62,1.03,1.69,172.0,14.82,9.18,18.37
2026-04-30 18:00:00+00:00,1.81,13.21,91.35510815409589,1.74,2.23,1.51,1.0,1.67,174.0,14.91,9.04,19.53
2026-04-30 18:30:00+00:00,1.78,13.38,-6.889240064597676,1.58,1.97,1.7,0.91,1.52,179.0,15.89,8.75,17.89
2026-04-30 19:00:00+00:00,1.63,13.03,-27.569115580930415,1.55,1.98,1.01,0.92,1.51,176.0,15.15,8.94,18.36
2026-04-30 19:30:00+00:00,1.84,13.34,-235.30371133959693,1.74,2.08,1.38,1.07,1.72,156.0,14.08,10.08,18.26
2026-04-30 20:00:00+00:00,1.79,13.31,-305.5560792131907,1.67,2.11,1.79,0.98,1.61,166.0,14.5,9.46,16.830000000000002
2026-04-30 20:30:00+00:00,1.82,13.39,-371.05856284836796,1.74,2.15,1.53,1.05,1.7,161.0,13.65,9.87,17.6
2026-04-30 21:00:00+00:00,1.82,13.51,-362.7854336534999,1.69,2.11,1.62,0.99,1.63,162.0,15.78,9.74,18.05
2026-04-30 21:30:00+00:00,2.02,13.75,-200.86148135542757,1.99,2.61,1.69,1.23,1.99,142.0,14.09,11.11,18.91
2026-04-30 22:00:00+00:00,1.77,13.15,-227.86667133859015,1.71,2.19,0.91,0.98,1.64,168.0,13.04,9.44,20.62
2026-04-30 22:30:00+00:00,1.86,13.42,-283.8140268050068,1.87,2.41,1.45,1.1,1.8,154.0,13.71,10.29,19.15
2026-04-30 23:00:00+00:00,,,-380.9645423401443,1.7,2.09,,,,,,,
2026-04-30 23:30:00+00:00,1.73,13.07,-421.41911152666637,1.66,2.1,1.54,0.98,1.62,167.0,14.2,9.49,17.41
2026-05-01 00:00:00+00:00,1.61,12.87,-387.4079295770762,1.5,1.99,0.88,0.91,1.48,168.0,13.56,9.43,17.91
2026-05-01 00:30:00+00:00,1.8,13.36,-371.4414188010366,1.75,2.26,0.86,1.04,1.71,153.0,13.59,10.3,17.650000000000002
2026-05-01 01:00:00+00:00,1.76,13.02,-375.4336151821542,1.72,2.27,0.97,1.02,1.68,156.0,12.85,10.13,17.69
2026-05-01 01:30:00+00:00,1.79,13.48,-404.467609236063,1.76,2.32,1.21,1.03,1.71,150.0,14.06,10.53,18.37
2026-05-01 02:00:00+00:00,1.83,13.44,-426.2224255325998,1.72,2.18,1.16,1.03,1.69,152.0,14.2,10.4,19.12
2026-05-01 02:30:00+00:00,1.55,12.94,-440.6431912594849,1.49,1.98,1.02,0.87,1.45,163.0,13.29,9.69,17.48
2026-05-01 03:00:00+00:00,1.85,13.26,-510.5215726956185,1.79,2.23,0.89,1.07,1.75,151.0,12.8,10.44,18.91
2026-05-01 03:30:00+00:00,1.83,13.3,-481.1436157862072,1.79,2.21,0.89,1.05,1.73,152.0,12.9,10.3,18.2
2026-05-01 04:00:00+00:00,2.05,13.5,-549.8025438270558,2.04,2.5500000000000003,1.74,1.2,1.98,146.0,13.15,10.73,17.81
2026-05-01 04:30:00+00:00,1.77,13.38,-517.9816184136644,1.7,2.26,1.04,0.94,1.61,166.0,13.95,9.48,17.8
2026-05-01 05:00:00+00:00,1.71,13.15,-491.3627416484721,1.58,2.06,1.17,0.93,1.54,163.0,13.78,9.69,17.580000000000002
2026-05-01 05:30:00+00:00,1.67,13.17,-319.88002625475,1.6,2.08,0.8300000000000001,1.01,1.62,141.0,13.56,11.11,17.67
2026-05-01 06:00:00+00:00,1.38,12.51,-391.97267431445704,1.36,1.78,0.66,0.8,1.32,165.0,11.93,9.55,18.47
2026-05-01 06:30:00+00:00,1.9,13.25,5.857569073585093,1.83,2.21,0.81,1.23,1.9,129.0,12.45,12.28,17.2
2026-05-01 07:00:00+00:00,1.63,12.66,52.63950036127752,1.57,1.89,1.01,0.97,1.57,154.0,14.75,10.23,16.65
2026-05-01 07:30:00+00:00,1.65,12.45,-258.9288842687468,1.63,2.09,0.99,0.99,1.61,156.0,13.43,10.07,16.91
2026-05-01 08:00:00+00:00,1.35,12.27,-243.8113220584476,1.32,1.67,0.87,0.79,1.29,170.0,12.75,9.3,17.43
2026-05-01 08:30:00+00:00,1.61,12.53,-122.99069814353507,1.6,1.97,0.95,1.0,1.6,149.0,12.78,10.65,17.17
2026-05-01 09:00:00+00:00,1.75,12.13,-190.7393019168553,1.71,2.13,1.38,1.08,1.72,153.0,12.87,10.36,17.39
2026-05-01 09:30:00+00:00,1.71,12.67,-72.02730414893949,1.64,2.15,1.28,0.95,1.58,156.0,12.51,10.08,16.330000000000002
2026-05-01 10:00:00+00:00,1.62,12.16,-137.05473725968855,1.68,2.05,0.8,1.07,1.69,146.0,13.07,10.83,16.95
2026-05-01 10:30:00+00:00,1.72,12.23,-76.45321225205721,1.67,2.06,0.94,1.04,1.67,152.0,12.68,10.42,17.51
2026-05-01 11:00:00+00:00,1.73,12.26,-101.60328192374604,1.69,2.17,1.04,1.01,1.65,155.0,12.25,10.18,18.32
2026-05-01 11:30:00+00:00,1.42,11.89,-219.544306912876,1.43,1.73,1.02,0.88,1.41,163.0,12.09,9.65,17.580000000000002
2026-05-01 12:00:00+00:00,1.63,12.18,-276.19929085376833,1.57,1.9,1.03,0.99,1.58,157.0,11.9,10.1,16.04
2026-05-01 12:30:00+00:00,1.62,11.72,-333.1520938199342,1.63,2.09,1.51,0.97,1.59,164.0,12.51,9.67,16.0
2026-05-01 13:00:00+00:00,1.49,12.03,-352.09694884209574,1.48,1.78,0.59,0.9,1.45,162.0,12.09,9.77,16.06
2026-05-01 13:30:00+00:00,1.49,11.91,-136.6657143820939,1.44,1.86,1.18,0.93,1.47,154.0,12.75,10.22,16.080000000000002
2026-05-01 14:00:00+00:00,1.46,11.68,-150.4432390929248,1.44,1.91,1.01,0.8200000000000001,1.39,178.0,12.06,8.88,16.61
2026-05-01 14:30:00+00:00,1.46,11.8,-78.88430446709297,1.38,1.75,1.26,0.81,1.34,175.0,12.31,9.05,16.85
2026-05-01 15:00:00+00:00,1.32,11.86,-90.5428546845086,1.26,1.68,0.67,0.76,1.24,173.0,12.72,9.16,16.13
2026-05-01 15:30:00+00:00,1.57,12.01,50.27879557065684,1.51,1.97,0.98,0.95,1.52,155.0,12.67,10.22,18.1
2026-05-01 16:00:00+00:00,1.43,11.79,-75.62046467073071,1.42,1.77,0.92,0.86,1.4,163.0,12.4,9.69,17.3
2026-05-01 16:30:00+00:00,1.43,11.78,2.3673033141688196,1.4,1.66,0.66,0.84,1.37,167.0,12.12,9.46,15.68
2026-05-01 17:00:00+00:00,1.42,12.08,48.97574056071348,1.36,1.7,1.09,0.8300000000000001,1.34,165.0,11.75,9.57,15.72
2026-05-01 17:30:00+00:00,1.41,11.89,67.70009947974809,1.35,1.72,0.8300000000000001,0.8,1.32,173.0,12.68,9.09,17.45
2026-05-01 18:00:00+00:00,1.31,11.61,92.83550960432366,1.29,1.7,0.59,0.78,1.28,167.0,12.06,9.45,17.990000000000002
2026-05-01 18:30:00+00:00,1.48,11.82,4.965269682523691,1.46,1.93,0.48,0.89,1.45,161.0,10.54,9.8,16.39
2026-05-01 19:00:00+00:00,1.5,12.12,45.780700865325215,1.44,1.86,1.4,0.9,1.45,153.0,12.62,10.26,15.46
2026-05-01 19:30:00+00:00,1.57,11.94,-127.74063509166747,1.56,1.91,0.91,0.96,1.54,158.0,11.82,10.01,16.740000000000002
2026-05-01 20:00:00+00:00,1.52,11.8,-292.6966890915951,1.49,1.83,0.8,0.94,1.5,157.0,11.29,10.03,16.87
2026-05-01 20:30:00+00:00,1.65,11.95,-361.1194674888733,1.62,1.92,0.73,1.05,1.64,148.0,13.05,10.69,15.38
2026-05-01 21:00:00+00:00,1.47,11.58,-252.4517208837343,1.47,1.85,0.95,0.93,1.48,155.0,11.74,10.21,16.18
2026-05-01 21:30:00+00:00,1.3,11.65,-303.7158179374548,1.24,1.54,0.75,0.75,1.22,170.0,11.56,9.22,15.51
2026-05-01 22:00:00+00:00,1.39,11.74,-367.8990023559,1.37,1.67,0.85,0.87,1.38,154.0,12.81,10.27,18.4
2026-05-01 22:30:00+00:00,1.58,11.88,-399.9512651200554,1.58,2.0,0.32,0.96,1.57,152.0,12.04,10.37,17.32
2026-05-01 23:00:00+00:00,1.73,12.11,-354.79603522293013,1.71,2.1,0.59,1.1,1.73,142.0,12.6,11.1,16.490000000000002
2026-05-01 23:30:00+00:00,1.42,11.49,-160.85310136864675,1.35,1.67,0.85,0.8200000000000001,1.33,167.0,11.84,9.49,15.49
2026-05-02 00:00:00+00:00,1.43,11.26,-230.84950885131556,1.41,1.74,0.58,0.88,1.41,158.0,12.09,10.02,16.57
2026-05-02 00:30:00+00:00,1.32,11.52,-208.00597777899677,1.27,1.55,0.61,0.71,1.2,184.0,11.85,8.58,15.66
2026-05-02 01:00:00+00:00,1.3,11.57,-162.1739178913945,1.26,1.53,0.6,0.81,1.28,155.0,12.35,10.11,16.09
2026-05-02 01:30:00+00:00,1.37,11.31,-123.44439958484122,1.38,1.65,0.58,0.87,1.38,157.0,12.33,10.01,17.34
2026-05-02 02:00:00+00:00,1.32,11.28,-140.61530979892095,1.27,1.62,0.55,0.87,1.35,150.0,11.32,10.56,15.61
2026-05-02 02:30:00+00:00,1.3,11.38,-142.28614093990953,1.28,1.64,0.53,0.8300000000000001,1.3,157.0,11.95,10.03,16.4
2026-05-02 03:00:00+00:00,1.35,11.22,-155.612690366364,1.35,1.69,0.5700000000000001,0.8300000000000001,1.34,165.0,11.59,9.57,17.51
2026-05-02 03:30:00+00:00,1.32,10.89,-140.682607450901,1.31,1.61,0.86,0.8300000000000001,1.32,167.0,12.18,9.45,15.94
2026-05-02 04:00:00+00:00,1.39,11.15,-139.42064686809618,1.32,1.67,0.92,0.8200000000000001,1.32,167.0,12.07,9.44,15.35
2026-05-02 04:30:00+00:00,1.28,10.87,-76.57136996720885,1.26,1.63,0.6900000000000001,0.74,1.22,177.0,11.27,8.93,16.13
2026-05-02 05:00:00+00:00,1.36,10.87,-118.09551072136696,1.31,1.59,0.89,0.8300000000000001,1.32,168.0,11.32,9.46,15.13
2026-05-02 05:30:00+00:00,1.38,10.93,-183.2090632469974,1.35,1.7,0.67,0.84,1.35,169.0,10.47,9.36,14.76
2026-05-02 06:00:00+00:00,1.43,10.99,-160.02015038819064,1.38,1.76,0.91,0.87,1.39,166.0,11.7,9.51,14.86
2026-05-02 06:30:00+00:00,1.25,10.25,-92.50990978675704,1.21,1.41,0.67,0.8,1.24,177.0,10.84,8.93,16.73
2026-05-02 07:00:00+00:00,1.33,10.62,50.26147554131413,1.32,1.65,0.53,0.8200000000000001,1.31,177.0,10.75,8.97,15.61
2026-05-02 07:30:00+00:00,1.34,10.5,26347.927780407095,1.3,1.72,0.81,0.81,1.3,180.0,10.99,8.81,14.2
2026-05-02 08:00:00+00:00,1.34,10.41,146679.04922895983,1.29,1.6,0.93,0.8,1.29,187.0,11.18,8.49,13.97
2026-05-02 08:30:00+00:00,1.35,10.16,148396.12742960153,1.33,1.64,0.65,0.8,1.3,201.0,10.43,7.91,15.11
2026-05-02 09:00:00+00:00,1.32,9.79,143231.27396906473,1.27,1.57,1.03,0.71,1.2,241.0,10.49,6.5600000000000005,14.82
2026-05-02 09:30:00+00:00,1.24,9.96,132561.5578837286,1.21,1.46,0.88,0.72,1.18,223.0,10.07,7.1000000000000005,14.4
2026-05-02 10:00:00+00:00,1.35,9.8,93980.4327370331,1.22,1.63,0.97,0.6900000000000001,1.16,263.0,8.65,6.04,12.89
2026-05-02 10:30:00+00:00,1.3,9.1,355.35191841847933,1.17,1.53,1.41,0.71,1.14,288.0,10.66,5.48,13.64
2026-05-02 11:00:00+00:00,1.33,9.24,229.0605809728671,1.19,1.59,0.96,0.7000000000000001,1.16,292.0,9.37,5.42,13.13
2026-05-02 11:30:00+00:00,1.32,9.26,131.44681784011323,1.19,1.59,1.11,0.6900000000000001,1.15,298.0,10.1,5.3100000000000005,14.43
2026-05-02 12:00:00+00:00,1.28,8.72,75.68056486090916,1.17,1.53,1.05,0.7000000000000001,1.14,304.0,11.13,5.21,13.32
2026-05-02 12:30:00+00:00,1.29,8.68,65.7281221833724,1.17,1.5,1.08,0.71,1.14,310.0,9.15,5.1000000000000005,14.47
2026-05-02 13:00:00+00:00,1.34,8.67,400.5970414340078,1.22,1.59,1.49,0.74,1.2,296.0,10.81,5.3500000000000005,13.42
2026-05-02 13:30:00+00:00,1.44,8.44,336.64801729178305,1.3,1.74,1.76,0.77,1.27,318.0,11.87,4.97,12.8
2026-05-02 14:00:00+00:00,1.4,7.76,15.908530592647233,1.26,1.56,0.94,0.79,1.26,325.0,9.76,4.87,13.82
2026-05-02 14:30:00+00:00,1.42,7.56,-33.557115388704915,1.28,1.63,1.32,0.8,1.28,336.0,12.29,4.7,13.1
2026-05-02 15:00:00+00:00,1.51,7.43,-80.99498577987157,1.34,1.66,1.22,0.87,1.36,327.0,9.95,4.86,12.43
2026-05-02 15:30:00+00:00,1.57,7.67,39.54857119712561,1.45,1.76,1.39,0.93,1.46,299.0,10.53,5.3,13.0
2026-05-02 16:00:00+00:00,1.41,7.36,-54.85696298285838,1.3,1.63,2.1,0.84,1.32,324.0,12.26,4.89,12.26
2026-05-02 16:30:00+00:00,1.44,8.03,-148.7380174299829,1.31,1.7,0.8200000000000001,0.8200000000000001,1.31,298.0,11.16,5.3100000000000005,13.99
2026-05-02 17:00:00+00:00,1.45,8.040000000000001,-42.00887060606409,1.36,1.71,1.17,0.8300000000000001,1.33,302.0,8.19,5.25,13.37
2026-05-02 17:30:00+00:00,1.36,7.77,-117.69745547912012,1.28,1.58,1.22,0.79,1.27,303.0,10.5,5.23,14.13
2026-05-02 18:00:00+00:00,1.31,7.930000000000001,-84.78691498807201,1.19,1.48,1.2,0.75,1.19,302.0,5.89,5.25,12.49
2026-05-02 18:30:00+00:00,1.31,7.9,27.741854371423454,1.2,1.49,0.65,0.75,1.19,300.0,9.22,5.28,13.06
2026-05-02 19:00:00+00:00,1.31,7.96,-234.14703457737403,1.15,1.46,1.11,0.72,1.14,300.0,10.4,5.26,11.81
2026-05-02 19:30:00+00:00,1.33,8.05,-406.24181492621756,1.25,1.5,1.44,0.78,1.24,279.0,9.02,5.67,12.56
2026-05-02 20:00:00+00:00,1.24,8.36,-580.0594721029573,1.13,1.4,0.8,0.7000000000000001,1.12,283.0,9.09,5.61,12.58
2026-05-02 20:30:00+00:00,1.22,7.92,-666.553528242351,1.1,1.39,0.98,0.7000000000000001,1.11,277.0,9.19,5.71,12.14
2026-05-02 21:00:00+00:00,1.26,8.53,-243.53238639060655,1.19,1.47,1.0,0.76,1.2,250.0,9.92,6.3500000000000005,13.03
2026-05-02 21:30:00+00:00,1.26,8.84,-389.22386032975527,1.2,1.45,0.97,0.75,1.2,232.0,10.68,6.83,13.41
2026-05-02 22:00:00+00:00,1.21,8.85,-512.7467022640459,1.17,1.45,0.56,0.72,1.16,230.0,8.41,6.91,14.37
2026-05-02 22:30:00+00:00,1.17,8.870000000000001,-606.6840246172565,1.07,1.32,0.81,0.7000000000000001,1.1,226.0,8.06,6.98,12.62
2026-05-02 23:00:00+00:00,1.14,8.620000000000001,-625.8444486076299,1.11,1.43,0.8300000000000001,0.71,1.12,218.0,10.87,7.27,12.72
2026-05-02 23:30:00+00:00,1.15,8.98,-462.6494229110601,1.12,1.41,0.59,0.71,1.13,209.0,8.74,7.58,15.41
2026-05-03 00:00:00+00:00,1.16,9.01,-389.26234690891476,1.12,1.5,0.46,0.6900000000000001,1.12,219.0,9.31,7.24,13.68
2026-05-03 00:30:00+00:00,1.16,8.96,-432.3514897549811,1.08,1.39,0.53,0.67,1.09,220.0,9.65,7.21,14.34
2026-05-03 01:00:00+00:00,1.13,8.8,-567.7669856244856,1.09,1.36,0.59,0.68,1.09,224.0,10.03,7.08,14.49
2026-05-03 01:30:00+00:00,1.15,8.56,-483.5903608593551,1.11,1.37,0.71,0.7000000000000001,1.11,219.0,8.2,7.23,13.28
2026-05-03 02:00:00+00:00,1.13,8.51,-590.504027962777,1.03,1.3,0.8300000000000001,0.66,1.05,235.0,9.75,6.73,12.39
2026-05-03 02:30:00+00:00,1.2,8.77,-613.8740005338952,1.13,1.43,0.63,0.72,1.13,223.0,9.31,7.08,13.71
2026-05-03 03:00:00+00:00,1.16,8.41,-593.3549424398902,1.12,1.42,0.81,0.72,1.14,228.0,8.82,6.93,13.11
2026-05-03 03:30:00+00:00,1.19,8.47,-566.5725764936793,1.13,1.45,0.79,0.68,1.11,244.0,9.89,6.49,13.12
2026-05-03 04:00:00+00:00,1.15,8.42,-455.83960164510086,1.12,1.37,0.5700000000000001,0.7000000000000001,1.11,229.0,10.15,6.9,12.67
2026-05-03 04:30:00+00:00,1.13,8.23,-292.4231949896097,1.07,1.33,0.65,0.68,1.08,238.0,10.02,6.66,12.88
2026-05-03 05:00:00+00:00,1.14,8.28,-210.518149726112,1.09,1.29,0.94,0.71,1.1,235.0,8.05,6.74,13.21
2026-05-03 05:30:00+00:00,1.16,8.26,-359.9306609578621,1.14,1.42,1.08,0.72,1.15,239.0,10.27,6.62,12.53
2026-05-03 06:00:00+00:00,1.14,8.25,-211.83622508881743,1.09,1.36,1.13,0.68,1.08,261.0,8.65,6.0600000000000005,12.27
2026-05-03 06:30:00+00:00,1.07,7.81,-205.93116985479807,0.99,1.29,0.9,0.61,0.98,287.0,8.790000000000001,5.5200000000000005,12.51
2026-05-03 07:00:00+00:00,1.1,7.9,12.676130808537213,1.04,1.29,0.97,0.65,1.04,263.0,8.72,6.01,12.29
2026-05-03 07:30:00+00:00,1.18,8.41,-304.5912687018894,1.15,1.44,0.77,0.71,1.14,243.0,8.6,6.5200000000000005,13.01
2026-05-03 08:00:00+00:00,1.06,7.76,-259.35557215525694,0.99,1.22,0.75,0.6,0.96,286.0,7.82,5.54,12.65
2026-05-03 08:30:00+00:00,1.15,7.99,-222.1492548887889,1.07,1.35,0.7000000000000001,0.65,1.05,275.0,9.8,5.78,12.56
2026-05-03 09:00:00+00:00,1.17,8.21,-205.2207394640793,1.11,1.43,0.6900000000000001,0.67,1.09,258.0,9.09,6.16,14.44
2026-05-03 09:30:00+00:00,1.12,7.92,-237.66553007868274,1.07,1.35,0.7000000000000001,0.64,1.04,276.0,8.13,5.74,12.24
2026-05-03 10:00:00+00:00,1.12,7.87,-176.37016341531802,1.07,1.34,1.0,0.64,1.04,291.0,8.76,5.46,12.17
2026-05-03 10:30:00+00:00,1.21,8.11,-155.60316228018488,1.11,1.4,0.8300000000000001,0.6900000000000001,1.1,282.0,9.45,5.62,11.52
2026-05-03 11:00:00+00:00,1.22,8.05,-213.77433771630763,1.14,1.46,1.33,0.6900000000000001,1.12,286.0,9.23,5.55,12.05
2026-05-03 11:30:00+00:00,1.43,8.5,-309.59269612077156,1.33,1.64,1.13,0.81,1.31,263.0,8.86,6.01,11.93
2026-05-03 12:00:00+00:00,1.32,7.86,-266.61777803341863,1.25,1.66,0.75,0.76,1.23,289.0,8.46,5.46,11.45
2026-05-03 12:30:00+00:00,1.27,7.65,-157.27681401199908,1.24,1.55,1.08,0.76,1.22,282.0,7.05,5.62,12.21
2026-05-03 13:00:00+00:00,1.29,7.91,-284.5031292052253,1.19,1.6,1.15,0.73,1.19,288.0,9.76,5.48,12.77
2026-05-03 13:30:00+00:00,1.19,7.55,-303.47704267475393,1.12,1.37,0.84,0.71,1.13,291.0,9.55,5.44,11.02
2026-05-03 14:00:00+00:00,1.35,7.98,-289.91813507481623,1.23,1.61,0.81,0.77,1.24,289.0,9.17,5.49,12.07
2026-05-03 14:30:00+00:00,1.3,7.69,-230.66802403265535,1.21,1.54,0.98,0.75,1.2,295.0,9.57,5.37,10.96
2026-05-03 15:00:00+00:00,1.3,7.4,-400.33576076825517,1.14,1.44,0.84,0.72,1.14,307.0,8.620000000000001,5.15,12.8
2026-05-03 15:30:00+00:00,1.33,7.52,-367.01618650916583,1.24,1.51,1.23,0.8,1.26,278.0,8.46,5.7,11.89
2026-05-03 16:00:00+00:00,1.28,7.41,-317.2856893407072,1.17,1.42,0.95,0.74,1.18,289.0,8.88,5.48,11.97
2026-05-03 16:30:00+00:00,1.3,7.52,-388.0252679348873,1.19,1.54,1.45,0.75,1.2,290.0,8.69,5.47,11.37
2026-05-03 17:00:00+00:00,1.26,7.390000000000001,-484.29441680190746,1.22,1.51,0.61,0.78,1.23,273.0,8.23,5.79,12.92
2026-05-03 17:30:00+00:00,1.28,7.65,-504.9587875464204,1.21,1.48,0.65,0.76,1.21,276.0,8.56,5.76,12.45
2026-05-03 18:00:00+00:00,1.18,7.52,-409.24751706195514,1.1,1.36,0.68,0.6900000000000001,1.1,284.0,8.26,5.57,11.63
2026-05-03 18:30:00+00:00,1.24,7.41,-576.5747457544816,1.19,1.51,0.92,0.75,1.19,286.0,7.71,5.55,13.9
2026-05-03 19:00:00+00:00,1.21,7.49,-467.2437597641078,1.13,1.42,0.61,0.71,1.13,284.0,7.2,5.59,12.85
2026-05-03 19:30:00+00:00,1.26,7.32,-804.9546864317596,1.18,1.44,1.06,0.75,1.19,285.0,9.07,5.54,11.58
2026-05-03 20:00:00+00:00,1.28,7.0,-997.6070208676572,1.22,1.49,1.13,0.76,1.22,295.0,8.88,5.36,10.46
2026-05-03 20:30:00+00:00,1.29,7.15,-771.8797939337157,1.18,1.47,0.5700000000000001,0.74,1.18,304.0,6.0,5.2,11.35
2026-05-03 21:00:00+00:00,1.22,6.63,-874.5426862538613,1.11,1.44,1.16,0.7000000000000001,1.11,340.0,8.59,4.64,10.52
2026-05-03 21:30:00+00:00,1.22,6.72,-1003.4025489790941,1.13,1.4,1.1,0.72,1.14,319.0,6.95,4.97,10.75
2026-05-03 22:00:00+00:00,1.31,6.61,-1081.0403747543494,1.2,1.47,0.73,0.75,1.19,337.0,7.17,4.71,11.37
2026-05-03 22:30:00+00:00,1.34,7.01,-810.0921444840823,1.26,1.61,1.18,0.79,1.26,313.0,8.33,5.07,10.92
2026-05-03 23:00:00+00:00,1.29,6.73,-750.5059804916456,1.17,1.45,1.01,0.74,1.18,331.0,8.27,4.78,11.27
2026-05-03 23:30:00+00:00,1.31,6.96,-574.1992009705831,1.2,1.5,1.12,0.76,1.21,306.0,8.93,5.16,11.29
2026-05-04 00:00:00+00:00,1.32,6.75,-563.8968900877513,1.25,1.53,0.85,0.8,1.26,308.0,7.69,5.14,11.09
2026-05-04 00:30:00+00:00,1.32,6.83,-615.8092668758254,1.25,1.54,1.17,0.8,1.26,303.0,8.18,5.24,11.28
2026-05-04 01:00:00+00:00,1.33,6.48,-654.747867761635,1.22,1.56,0.88,0.78,1.24,319.0,7.09,4.97,11.05
2026-05-04 01:30:00+00:00,1.39,6.87,-635.5422117237237,1.28,1.63,0.78,0.78,1.27,327.0,6.17,4.84,11.01
2026-05-04 02:00:00+00:00,1.31,6.78,-686.8125951740724,1.23,1.51,0.74,0.77,1.23,318.0,7.31,4.99,10.39
2026-05-04 02:30:00+00:00,1.37,6.69,-688.7432454602801,1.31,1.64,1.32,0.8,1.29,316.0,8.370000000000001,5.01,10.09
2026-05-04 03:00:00+00:00,1.29,6.5,-752.9102903098628,1.25,1.6,0.86,0.78,1.25,319.0,6.68,4.97,11.81
2026-05-04 03:30:00+00:00,1.25,6.640000000000001,-719.6854562039238,1.18,1.49,0.78,0.74,1.18,318.0,6.13,4.96,11.39
2026-05-04 04:00:00+00:00,1.31,6.6000000000000005,-881.4680447294684,1.19,1.52,0.67,0.75,1.19,324.0,7.23,4.9,10.69
2026-05-04 04:30:00+00:00,1.28,6.8,-967.6675075171248,1.19,1.48,1.54,0.77,1.21,309.0,7.48,5.12,10.94
2026-05-04 05:00:00+00:00,1.24,6.78,-830.8214106396327,1.17,1.46,1.33,0.72,1.15,319.0,9.43,4.97,11.74
2026-05-04 05:30:00+00:00,1.23,6.43,-148.92315091266678,1.14,1.46,0.92,0.72,1.15,328.0,5.89,4.82,11.16
2026-05-04 06:00:00+00:00,1.24,6.55,146873.98104565058,1.15,1.4,1.2,0.73,1.15,323.0,5.0,4.9,10.41
2026-05-04 06:30:00+00:00,1.22,6.69,144242.0428678824,1.15,1.41,1.04,0.73,1.15,318.0,9.25,5.0,10.61
2026-05-04 07:00:00+00:00,1.16,6.36,136581.78829853548,1.07,1.32,1.01,0.67,1.07,340.0,6.47,4.66,10.65
2026-05-04 07:30:00+00:00,1.24,6.640000000000001,137411.99898813348,1.16,1.44,1.19,0.73,1.16,313.0,5.04,5.05,10.13
2026-05-04 08:00:00+00:00,1.17,6.68,134182.16202803253,1.13,1.41,0.91,0.71,1.13,307.0,6.37,5.17,11.95
2026-05-04 08:30:00+00:00,1.19,6.7,139184.12331123106,1.13,1.39,0.67,0.72,1.14,304.0,7.5,5.22,11.14
2026-05-04 09:00:00+00:00,1.16,6.79,134325.9788098677,1.09,1.37,1.16,0.68,1.09,306.0,8.19,5.18,11.61
2026-05-04 09:30:00+00:00,1.22,7.04,7409.524328762499,1.13,1.44,1.01,0.71,1.12,299.0,8.21,5.3,12.04
2026-05-04 10:00:00+00:00,1.17,6.83,26.383485369539713,1.13,1.4,0.89,0.68,1.1,315.0,8.38,5.04,12.3
2026-05-04 10:30:00+00:00,1.16,7.0600000000000005,183.47051460766738,1.08,1.34,0.5700000000000001,0.66,1.07,307.0,9.26,5.17,11.27
2026-05-04 11:00:00+00:00,1.13,6.87,71.11062250610405,1.04,1.28,0.8,0.67,1.05,300.0,6.33,5.26,10.72
2026-05-04 11:30:00+00:00,1.1,6.91,332.75858702919766,1.06,1.29,0.79,0.67,1.06,295.0,7.36,5.36,11.1
2026-05-04 12:00:00+00:00,1.09,6.76,387.6146937855108,1.01,1.28,0.86,0.63,1.01,318.0,7.15,5.0,10.98
2026-05-04 12:30:00+00:00,1.14,6.68,391.92974401222307,1.05,1.33,0.89,0.66,1.05,314.0,8.950000000000001,5.03,11.5
2026-05-04 13:00:00+00:00,1.1,6.88,453.7407282653287,1.02,1.3,0.6900000000000001,0.66,1.04,295.0,7.09,5.37,11.43
2026-05-04 13:30:00+00:00,1.14,6.88,292.0522678312455,1.08,1.35,0.87,0.68,1.08,304.0,6.83,5.2,13.36
2026-05-04 14:00:00+00:00,1.16,6.95,104.29569951887261,1.08,1.33,1.08,0.65,1.05,321.0,7.71,4.94,11.45
2026-05-04 14:30:00+00:00,1.2,6.7700000000000005,96.8262552307552,1.14,1.45,1.23,0.7000000000000001,1.12,316.0,6.54,5.01,11.27
2026-05-04 15:00:00+00:00,1.21,6.53,76.24818409587253,1.11,1.42,0.77,0.68,1.1,351.0,5.73,4.51,10.35
2026-05-04 15:30:00+00:00,1.15,6.3,217.5312504737083,1.05,1.32,0.88,0.67,1.06,347.0,6.62,4.58,10.8
2026-05-04 16:00:00+00:00,1.12,6.5600000000000005,-26.278862621490088,1.07,1.34,0.8300000000000001,0.66,1.05,332.0,7.55,4.76,11.66
2026-05-04 16:30:00+00:00,1.14,6.87,16.76270870010985,1.07,1.32,0.76,0.66,1.06,317.0,8.83,5.0,10.17
2026-05-04 17:00:00+00:00,1.03,6.55,-74.97271929925303,1.0,1.23,0.81,0.64,1.01,311.0,8.3,5.1000000000000005,10.31
2026-05-04 17:30:00+00:00,1.07,6.47,71.8821016696574,1.0,1.23,0.94,0.64,1.0,323.0,8.790000000000001,4.9,9.8
2026-05-04 18:00:00+00:00,1.05,6.33,8.687756162348252,0.99,1.24,0.96,0.62,0.99,339.0,7.66,4.68,10.85
2026-05-04 18:30:00+00:00,1.11,6.58,51.000190551357065,1.0,1.26,0.93,0.62,0.99,349.0,8.44,4.53,10.15
2026-05-04 19:00:00+00:00,1.06,6.11,-45.452613688076696,0.98,1.24,0.94,0.63,0.99,351.0,7.56,4.53,10.49
2026-05-04 19:30:00+00:00,1.11,6.32,34.74381143562658,1.01,1.27,0.77,0.65,1.02,349.0,6.16,4.54,9.89
2026-05-04 20:00:00+00:00,1.04,5.93,22.542560229126913,0.94,1.17,0.5,0.6,0.95,371.0,8.36,4.2700000000000005,11.41
2026-05-04 20:30:00+00:00,1.07,6.05,-228.34078476386634,0.97,1.18,1.16,0.62,0.98,363.0,5.29,4.36,11.92
2026-05-04 21:00:00+00:00,1.11,6.11,-128.50052441643638,1.02,1.29,0.73,0.65,1.03,352.0,8.89,4.51,10.48
2026-05-04 21:30:00+00:00,1.06,5.92,-268.50664857818475,0.97,1.18,0.98,0.63,0.99,369.0,5.08,4.3,9.51
2026-05-04 22:00:00+00:00,1.06,6.07,-332.0005869591317,0.98,1.19,0.74,0.61,0.97,364.0,8.8,4.3500000000000005,10.37
2026-05-04 22:30:00+00:00,1.1,6.48,-287.83523475767146,1.02,1.28,0.8,0.64,1.01,338.0,8.43,4.69,9.8
2026-05-04 23:00:00+00:00,1.06,6.57,-201.04425117189257,1.0,1.28,1.06,0.64,1.02,313.0,7.44,5.05,10.77
2026-05-04 23:30:00+00:00,1.03,6.5200000000000005,-199.06575301990665,0.96,1.16,0.93,0.61,0.96,323.0,7.18,4.9,11.0
2026-05-05 00:00:00+00:00,1.09,6.84,-201.64850345285944,1.04,1.33,0.79,0.63,1.02,314.0,8.69,5.05,11.51
2026-05-05 00:30:00+00:00,1.09,6.95,-206.62137094683973,1.02,1.31,0.64,0.64,1.02,301.0,7.85,5.26,10.7
2026-05-05 01:00:00+00:00,1.1,7.0,-269.3468411346247,1.08,1.31,0.85,0.6900000000000001,1.09,276.0,8.45,5.75,11.05
2026-05-05 01:30:00+00:00,1.04,6.8100000000000005,-327.16723476336415,0.97,1.18,0.6900000000000001,0.61,0.97,297.0,7.92,5.34,10.2
2026-05-05 02:00:00+00:00,1.07,6.88,-364.70497243534265,1.01,1.24,0.78,0.63,1.01,301.0,7.640000000000001,5.26,10.08
2026-05-05 02:30:00+00:00,1.12,6.890000000000001,-353.04623908017106,1.1,1.35,0.72,0.68,1.09,279.0,6.59,5.69,10.98
2026-05-05 03:00:00+00:00,1.16,7.0200000000000005,-230.11451493405823,1.14,1.44,0.81,0.72,1.14,270.0,7.94,5.86,10.38
2026-05-05 03:30:00+00:00,1.11,6.66,-227.73818077179024,1.04,1.28,0.62,0.65,1.03,301.0,7.84,5.2700000000000005,12.07
2026-05-05 04:00:00+00:00,1.19,6.91,-189.5105876714544,1.13,1.43,0.68,0.71,1.13,283.0,7.09,5.58,10.31
2026-05-05 04:30:00+00:00,1.26,6.890000000000001,-162.55198841741245,1.22,1.53,0.77,0.77,1.23,271.0,8.02,5.84,10.35
2026-05-05 05:00:00+00:00,1.2,6.8,-384.49307353713186,1.17,1.5,0.7000000000000001,0.73,1.16,276.0,7.78,5.73,10.79
2026-05-05 05:30:00+00:00,1.25,6.96,-477.3538397899631,1.18,1.44,0.75,0.77,1.2,267.0,7.33,5.95,10.45
2026-05-05 06:00:00+00:00,1.35,7.0200000000000005,-394.63447673765836,1.29,1.65,0.56,0.81,1.29,262.0,7.38,6.04,10.9
2026-05-05 06:30:00+00:00,1.29,6.890000000000001,-227.23425536440442,1.25,1.49,1.05,0.79,1.25,272.0,7.35,5.84,10.35
2026-05-05 07:00:00+00:00,1.27,6.57,-95.66953856084442,1.21,1.51,0.96,0.77,1.22,290.0,5.26,5.47,9.99
2026-05-05 07:30:00+00:00,1.41,7.03,-331.2236430901332,1.33,1.67,0.8,0.84,1.34,269.0,7.18,5.88,11.56
2026-05-05 08:00:00+00:00,1.32,6.76,-51.74049988668416,1.22,1.51,0.8,0.78,1.23,285.0,7.03,5.5600000000000005,11.14
2026-05-05 08:30:00+00:00,1.4,6.96,-88.89146845575796,1.34,1.65,0.58,0.85,1.35,270.0,7.38,5.86,10.26
2026-05-05 09:00:00+00:00,1.35,7.0200000000000005,-107.40277117577861,1.32,1.66,0.79,0.81,1.31,267.0,7.52,5.9,11.12
2026-05-05 09:30:00+00:00,1.4,7.07,3.1683800978894485,1.34,1.68,0.96,0.84,1.34,267.0,6.84,5.94,10.86
2026-05-05 10:00:00+00:00,1.45,6.94,-148.16045777511212,1.35,1.71,0.93,0.89,1.4,261.0,7.79,6.08,10.24
2026-05-05 10:30:00+00:00,1.25,6.9,-306.9700148496172,1.2,1.49,1.07,0.77,1.22,266.0,7.11,5.94,10.58
2026-05-05 11:00:00+00:00,1.2,6.79,-266.5782365647007,1.18,1.47,1.04,0.76,1.19,276.0,7.43,5.74,11.06
2026-05-05 11:30:00+00:00,1.25,7.0,-389.7911386552444,1.18,1.46,0.99,0.74,1.17,285.0,7.0600000000000005,5.58,11.09
2026-05-05 12:00:00+00:00,1.16,6.98,-472.4732463273955,1.13,1.44,0.85,0.71,1.14,277.0,6.87,5.72,11.27
2026-05-05 12:30:00+00:00,1.21,7.0,-341.0432865475857,1.18,1.52,0.74,0.72,1.17,278.0,7.71,5.71,11.35
2026-05-05 13:00:00+00:00,1.43,7.34,-345.06836562685396,1.4,1.71,0.67,0.85,1.38,263.0,6.63,6.03,10.78
2026-05-05 13:30:00+00:00,1.34,7.2,-573.6845128503737,1.28,1.65,0.88,0.79,1.27,284.0,7.34,5.57,11.14
2026-05-05 14:00:00+00:00,1.56,7.38,-447.4683238221476,1.51,1.9,1.21,0.96,1.53,262.0,7.75,6.0200000000000005,11.57
2026-05-05 14:30:00+00:00,1.38,7.07,-508.44468134907083,1.3,1.62,1.23,0.8200000000000001,1.3,287.0,8.52,5.51,10.97
2026-05-05 15:00:00+00:00,1.51,7.27,-710.3691339896417,1.41,1.8,0.88,0.86,1.39,302.0,8.790000000000001,5.26,10.72
2026-05-05 15:30:00+00:00,1.51,7.13,-523.9220579839152,1.41,1.75,0.93,0.86,1.38,304.0,8.76,5.22,10.99
2026-05-05 16:00:00+00:00,1.36,6.74,-521.5416846450169,1.27,1.61,0.84,0.79,1.26,329.0,7.77,4.82,11.01
2026-05-05 16:30:00+00:00,1.47,6.82,-381.50008949796734,1.41,1.74,1.25,0.9,1.42,290.0,6.86,5.45,11.17
2026-05-05 17:00:00+00:00,1.45,6.72,-295.5289941058893,1.36,1.7,1.33,0.87,1.37,312.0,7.0,5.08,10.93
2026-05-05 17:30:00+00:00,1.46,6.58,-433.11567180287034,1.4,1.75,0.92,0.86,1.39,323.0,7.34,4.9,10.34
2026-05-05 18:00:00+00:00,1.43,6.55,-455.1673745790066,1.31,1.65,0.76,0.81,1.3,334.0,6.79,4.75,10.52
2026-05-05 18:30:00+00:00,1.5,6.67,-877.3400211734456,1.4,1.74,1.39,0.87,1.39,327.0,8.69,4.8500000000000005,10.2
2026-05-05 19:00:00+00:00,1.41,6.26,-1044.3084521113817,1.28,1.56,1.05,0.8300000000000001,1.31,341.0,7.2,4.64,10.53
2026-05-05 19:30:00+00:00,1.47,6.46,-830.2435488657878,1.39,1.7,1.43,0.88,1.39,321.0,6.94,4.94,10.51
2026-05-05 20:00:00+00:00,1.57,6.62,-865.2421915979622,1.49,1.83,1.08,0.95,1.5,308.0,7.81,5.14,10.21
2026-05-05 20:30:00+00:00,1.43,6.08,-694.5249005256485,1.31,1.6,0.96,0.84,1.33,339.0,9.03,4.68,9.96
2026-05-05 21:00:00+00:00,1.36,5.93,-800.5101121508125,1.28,1.58,1.05,0.8,1.28,349.0,5.36,4.54,9.54
2026-05-05 21:30:00+00:00,1.4,6.140000000000001,-655.2761412357386,1.3,1.7,1.05,0.8,1.29,352.0,6.5600000000000005,4.5,10.02
2026-05-05 22:00:00+00:00,1.44,6.13,-597.9592910286771,1.38,1.69,1.29,0.86,1.37,333.0,5.76,4.76,9.56
2026-05-05 22:30:00+00:00,1.34,5.98,-712.9382516189359,1.25,1.53,1.2,0.8,1.26,332.0,6.5600000000000005,4.76,10.16
2026-05-05 23:00:00+00:00,1.36,5.92,-501.22113732733,1.29,1.58,0.66,0.8200000000000001,1.29,338.0,5.84,4.69,10.62
2026-05-05 23:30:00+00:00,1.42,5.92,-735.9639358086146,1.34,1.62,0.86,0.87,1.36,328.0,6.0,4.84,9.04
2026-05-06 00:00:00+00:00,1.56,6.23,-694.7151922980574,1.45,1.81,1.36,0.9,1.44,322.0,6.92,4.92,8.85
2026-05-06 00:30:00+00:00,1.4,6.2,-444.40133856873217,1.32,1.67,1.63,0.8200000000000001,1.32,323.0,6.7700000000000005,4.92,9.35
2026-05-06 01:00:00+00:00,1.4,6.0600000000000005,-439.84497085752383,1.3,1.67,1.24,0.8200000000000001,1.31,330.0,6.8500000000000005,4.8100000000000005,8.75
2026-05-06 01:30:00+00:00,1.37,6.23,-518.006113224554,1.31,1.63,0.51,0.8300000000000001,1.31,307.0,6.6000000000000005,5.15,11.19
2026-05-06 02:00:00+00:00,1.38,6.21,-507.885189155339,1.3,1.62,1.18,0.8300000000000001,1.31,307.0,7.46,5.16,10.14
2026-05-06 02:30:00+00:00,1.44,6.68,-549.0012656957467,1.34,1.65,1.26,0.85,1.34,294.0,7.8,5.37,9.98
2026-05-06 03:00:00+00:00,1.38,6.58,-590.8711443713534,1.34,1.7,0.97,0.86,1.36,284.0,5.67,5.59,9.2
2026-05-06 03:30:00+00:00,1.42,6.640000000000001,-505.76234841816387,1.37,1.69,0.77,0.89,1.39,281.0,6.5,5.64,9.6
2026-05-06 04:00:00+00:00,1.36,6.68,-647.974746499177,1.33,1.71,0.85,0.8,1.31,294.0,6.9,5.37,10.28
2026-05-06 04:30:00+00:00,1.4,6.51,-613.4509149151478,1.34,1.64,0.89,0.84,1.34,290.0,6.890000000000001,5.45,10.4
2026-05-06 05:00:00+00:00,1.39,6.61,-483.5171050315057,1.3,1.57,0.74,0.84,1.32,282.0,6.86,5.62,10.57
2026-05-06 05:30:00+00:00,1.34,6.72,-449.97200424466627,1.3,1.61,0.6900000000000001,0.8200000000000001,1.3,274.0,6.11,5.78,10.65
2026-05-06 06:00:00+00:00,1.33,6.69,-398.6697484261238,1.25,1.54,1.04,0.81,1.27,281.0,8.42,5.65,9.9
2026-05-06 06:30:00+00:00,1.27,6.72,-555.0121639197012,1.18,1.44,0.84,0.75,1.18,278.0,6.17,5.68,11.23
2026-05-06 07:00:00+00:00,1.23,6.54,-568.1042863684078,1.18,1.42,0.76,0.76,1.2,279.0,6.92,5.67,10.38
2026-05-06 07:30:00+00:00,1.22,6.51,-409.08773042997154,1.18,1.45,0.88,0.74,1.18,283.0,6.62,5.6000000000000005,10.49
2026-05-06 08:00:00+00:00,1.25,6.58,-413.2228207559297,1.19,1.49,0.9,0.77,1.2,278.0,6.33,5.7,10.3
2026-05-06 08:30:00+00:00,1.24,6.5600000000000005,-536.8144238280771,1.2,1.45,0.95,0.78,1.22,278.0,6.79,5.69,10.55
2026-05-06 09:00:00+00:00,1.15,6.41,-489.8310373905714,1.1,1.39,0.42,0.7000000000000001,1.11,287.0,6.95,5.5200000000000005,10.24
2026-05-06 09:30:00+00:00,1.07,6.3100000000000005,-364.15057460876477,1.02,1.25,1.0,0.66,1.04,301.0,7.16,5.2700000000000005,10.69
2026-05-06 10:00:00+00:00,1.14,6.46,-427.04483875872626,1.08,1.33,0.71,0.7000000000000001,1.1,291.0,6.640000000000001,5.45,10.19
2026-05-06 10:30:00+00:00,1.21,6.66,-286.3504841795541,1.14,1.43,0.97,0.7000000000000001,1.12,299.0,4.94,5.29,9.61
2026-05-06 11:00:00+00:00,1.14,6.25,-503.5912256727514,1.07,1.35,0.81,0.66,1.06,338.0,6.37,4.69,9.62
2026-05-06 11:30:00+00:00,1.2,6.05,-425.8892752061824,1.12,1.42,1.01,0.7000000000000001,1.12,351.0,6.24,4.5200000000000005,9.18
2026-05-06 12:00:00+00:00,1.15,5.84,-462.24686674396,1.1,1.38,1.66,0.7000000000000001,1.1,350.0,6.08,4.53,8.790000000000001
2026-05-06 12:30:00+00:00,1.11,5.4,-290.0827831082724,1.05,1.31,0.76,0.65,1.04,402.0,7.17,3.95,10.25
2026-05-06 13:00:00+00:00,1.14,5.36,-179.92891348143297,1.05,1.27,0.76,0.67,1.06,390.0,6.98,4.0600000000000005,9.24
2026-05-06 13:30:00+00:00,1.14,5.05,-144.8152874207546,1.07,1.3,0.97,0.68,1.07,408.0,4.7,3.89,9.11
2026-05-06 14:00:00+00:00,1.15,4.88,-174.9393583761326,1.06,1.26,0.77,0.6900000000000001,1.07,417.0,4.88,3.81,8.620000000000001
2026-05-06 14:30:00+00:00,1.2,4.89,-303.61191608147425,1.12,1.36,0.72,0.72,1.13,413.0,6.5600000000000005,3.84,8.13
2026-05-06 15:00:00+00:00,1.24,4.75,-500.2649825975359,1.16,1.45,0.89,0.74,1.17,419.0,4.63,3.79,9.15
2026-05-06 15:30:00+00:00,1.3,4.79,-338.7525186416023,1.19,1.44,0.76,0.77,1.21,417.0,5.46,3.8,8.28
2026-05-06 16:00:00+00:00,1.33,4.84,-388.0774072395874,1.2,1.54,1.25,0.76,1.21,420.0,4.95,3.78,8.19
2026-05-06 16:30:00+00:00,1.33,4.86,-370.7696940701028,1.22,1.52,0.88,0.79,1.24,414.0,5.17,3.83,8.15
2026-05-06 17:00:00+00:00,1.41,4.99,-546.3268437765985,1.33,1.69,0.91,0.8200000000000001,1.32,412.0,5.16,3.85,8.99
2026-05-06 17:30:00+00:00,1.44,4.97,-478.46670758744256,1.36,1.71,0.93,0.87,1.38,383.0,5.75,4.15,8.76
2026-05-06 18:00:00+00:00,1.38,4.97,-321.4012640713935,1.28,1.6,1.18,0.84,1.31,384.0,5.17,4.13,7.82
2026-05-06 18:30:00+00:00,1.36,4.86,-389.01030055456755,1.26,1.56,0.99,0.81,1.28,400.0,4.95,3.97,8.05
2026-05-06 19:00:00+00:00,1.32,4.91,-602.4545994234816,1.24,1.58,0.8,0.8,1.26,394.0,5.2,4.03,8.35
2026-05-06 19:30:00+00:00,1.33,4.91,-562.053753568472,1.23,1.53,1.13,0.79,1.25,398.0,5.67,3.99,8.93
2026-05-06 20:00:00+00:00,1.33,5.05,-556.3844450116414,1.25,1.5,0.5700000000000001,0.8200000000000001,1.28,377.0,5.49,4.2,8.21
2026-05-06 20:30:00+00:00,1.31,5.05,-655.5713931649724,1.22,1.49,0.88,0.78,1.23,382.0,5.47,4.15,8.120000000000001
2026-05-06 21:00:00+00:00,1.26,5.14,-566.6413158915333,1.19,1.48,1.11,0.76,1.2,370.0,5.21,4.28,8.09
2026-05-06 21:30:00+00:00,1.14,5.24,-612.6087292416989,1.04,1.27,1.04,0.65,1.04,380.0,4.14,4.17,8.290000000000001
2026-05-06 22:00:00+00:00,1.07,5.19,-712.5204832917412,1.01,1.27,0.59,0.64,1.02,375.0,4.68,4.22,8.98
2026-05-06 22:30:00+00:00,0.98,5.3,-775.2811236498095,0.92,1.13,0.65,0.6,0.94,358.0,5.3100000000000005,4.42,9.05
2026-05-06 23:00:00+00:00,0.99,5.51,-469.9226118130657,0.94,1.16,0.66,0.62,0.96,332.0,6.09,4.76,9.21
2026-05-06 23:30:00+00:00,0.97,5.59,-563.7164945304878,0.95,1.19,0.61,0.58,0.94,343.0,5.49,4.63,9.75
2026-05-07 00:00:00+00:00,0.97,5.68,,0.92,1.16,0.78,0.59,0.94,322.0,5.4,4.92,9.92
2026-05-07 00:30:00+00:00,0.99,5.68,-695.2947884173802,0.95,1.13,0.45,0.61,0.95,322.0,5.0200000000000005,4.9,11.39
2026-05-07 01:00:00+00:00,0.96,5.66,-715.8609104815762,0.91,1.14,0.59,0.58,0.91,340.0,5.45,4.65,9.39
2026-05-07 01:30:00+00:00,0.93,5.59,-667.315431914404,0.87,1.08,0.71,0.56,0.88,343.0,5.59,4.61,8.86
2026-05-07 02:00:00+00:00,0.96,5.64,-693.5541964486881,0.92,1.11,0.49,0.6,0.93,330.0,4.4,4.8100000000000005,10.14
2026-05-07 02:30:00+00:00,0.94,5.69,-687.1522040778392,0.89,1.08,0.51,0.59,0.92,327.0,4.89,4.8500000000000005,8.59
2026-05-07 03:00:00+00:00,0.98,5.72,-612.7930295053467,0.93,1.15,0.64,0.6,0.94,327.0,5.62,4.8500000000000005,9.47
2026-05-07 03:30:00+00:00,0.96,5.73,-590.5799672955595,0.91,1.13,0.67,0.6,0.93,333.0,5.95,4.7700000000000005,9.15
2026-05-07 04:00:00+00:00,0.96,5.75,-639.1589228762576,0.9,1.11,0.63,0.59,0.92,327.0,5.15,4.8500000000000005,10.28
2026-05-07 04:30:00+00:00,0.95,5.55,-531.3061359825793,0.89,1.09,0.66,0.5700000000000001,0.9,352.0,5.82,4.51,8.790000000000001
2026-05-07 05:00:00+00:00,0.96,5.37,-716.6109641993669,0.9,1.11,0.34,0.58,0.91,362.0,5.22,4.39,9.64
2026-05-07 05:30:00+00:00,0.94,5.44,307.5697407058482,0.89,1.12,0.64,0.5700000000000001,0.9,362.0,5.3,4.37,9.33
2026-05-07 06:00:00+00:00,0.91,5.2700000000000005,144127.60658523865,0.84,1.05,0.56,0.56,0.87,363.0,5.18,4.37,9.17
2026-05-07 06:30:00+00:00,0.88,5.75,143204.6231920163,0.84,1.04,0.51,0.53,0.84,349.0,6.5600000000000005,4.55,9.97
2026-05-07 07:00:00+00:00,0.88,5.72,138200.18478523524,0.81,0.95,0.63,0.54,0.84,337.0,6.97,4.7,9.45
2026-05-07 07:30:00+00:00,0.89,5.66,126174.71892565611,0.8300000000000001,1.02,0.74,0.54,0.84,353.0,5.62,4.49,10.17
2026-05-07 08:00:00+00:00,0.92,5.92,143928.86577477294,0.85,1.02,0.7000000000000001,0.55,0.86,337.0,5.87,4.7,10.96
2026-05-07 08:30:00+00:00,0.92,6.03,129573.01844348175,0.86,1.06,0.49,0.55,0.87,333.0,5.88,4.76,10.63
2026-05-07 09:00:00+00:00,0.91,6.0600000000000005,122332.03830884618,0.86,1.09,0.7000000000000001,0.56,0.87,316.0,6.3100000000000005,5.01,10.62
2026-05-07 09:30:00+00:00,0.89,5.97,130464.22810430192,0.85,1.03,0.7000000000000001,0.56,0.87,311.0,5.95,5.1000000000000005,8.99
2026-05-07 10:00:00+00:00,0.95,6.390000000000001,128474.27795238495,0.9,1.12,0.7000000000000001,0.58,0.91,299.0,6.75,5.3100000000000005,11.2
2026-05-07 10:30:00+00:00,0.92,6.01,131471.82429530515,0.87,1.12,0.5700000000000001,0.56,0.89,317.0,5.62,4.99,10.74
2026-05-07 11:00:00+00:00,0.93,6.07,120229.53742128823,0.9,1.12,0.48,0.58,0.91,307.0,5.5200000000000005,5.17,10.77
2026-05-07 11:30:00+00:00,0.93,6.07,91089.25881669023,0.9,1.11,0.58,0.59,0.92,307.0,6.87,5.16,9.91
2026-05-07 12:00:00+00:00,0.93,6.0200000000000005,-101.95301574080804,0.88,1.08,0.53,0.58,0.9,320.0,7.43,4.96,9.56
2026-05-07 12:30:00+00:00,0.96,6.24,1040.876544719411,0.91,1.13,0.6,0.5700000000000001,0.91,309.0,5.58,5.12,10.3
2026-05-07 13:00:00+00:00,0.91,6.37,2011.5600757977516,0.88,1.1,0.42,0.56,0.88,300.0,5.78,5.29,10.59
2026-05-07 13:30:00+00:00,0.8200000000000001,6.18,272.09822578674533,0.79,0.97,0.67,0.49,0.78,325.0,5.45,4.87,10.49
2026-05-07 14:00:00+00:00,0.8300000000000001,6.29,730.3028367255523,0.8,0.96,0.93,0.52,0.81,294.0,6.38,5.39,10.44
2026-05-07 14:30:00+00:00,0.8300000000000001,6.2700000000000005,1943.8499423992698,0.79,0.99,0.47,0.5,0.79,319.0,7.47,4.95,10.55
2026-05-07 15:00:00+00:00,0.87,6.2,1567.41155150343,0.8200000000000001,1.01,0.61,0.51,0.8200000000000001,329.0,7.12,4.83,9.39
2026-05-07 15:30:00+00:00,0.88,6.43,1265.6365453532235,0.84,1.07,0.47,0.51,0.8200000000000001,324.0,7.43,4.89,10.02
2026-05-07 16:00:00+00:00,0.76,6.24,1102.8662083374406,0.74,0.9,0.48,0.47,0.74,322.0,7.17,4.92,10.66
2026-05-07 16:30:00+00:00,0.76,6.3100000000000005,472.5217460134539,0.72,0.89,0.61,0.45,0.71,323.0,7.79,4.91,10.46
2026-05-07 17:00:00+00:00,0.77,6.25,98.49250369701522,0.74,0.9,0.61,0.46,0.73,326.0,6.5,4.8500000000000005,10.01
2026-05-07 17:30:00+00:00,0.73,6.19,-93.27398195161682,0.6900000000000001,0.84,0.43,0.45,0.71,328.0,6.3500000000000005,4.83,11.54
2026-05-07 18:00:00+00:00,0.76,6.15,66.44432987034092,0.7000000000000001,0.88,0.65,0.44,0.7000000000000001,337.0,6.49,4.7,10.2
2026-05-07 18:30:00+00:00,0.78,6.37,65.45139598392919,0.75,0.95,0.5700000000000001,0.46,0.74,338.0,7.04,4.67,10.09
2026-05-07 19:00:00+00:00,0.75,6.26,49.37857377700985,0.7000000000000001,0.9,0.44,0.43,0.6900000000000001,347.0,5.5600000000000005,4.55,10.25
2026-05-07 19:30:00+00:00,0.76,6.34,-76.9438030202472,0.7000000000000001,0.86,0.61,0.45,0.71,335.0,7.17,4.73,11.66
2026-05-07 20:00:00+00:00,0.78,6.21,-207.17963616396514,0.75,0.93,0.59,0.47,0.75,334.0,5.8100000000000005,4.73,9.98
2026-05-07 20:30:00+00:00,0.72,6.04,-271.6569597340105,0.68,0.85,0.51,0.43,0.6900000000000001,340.0,8.14,4.66,9.88
2026-05-07 21:00:00+00:00,0.76,6.17,-203.47450336289404,0.6900000000000001,0.9,0.66,0.44,0.7000000000000001,343.0,7.11,4.62,9.8
2026-05-07 21:30:00+00:00,0.81,6.49,-7.502675025302526,0.78,0.95,0.43,0.5,0.79,300.0,7.21,5.29,10.88
2026-05-07 22:00:00+00:00,0.75,6.33,29.605157431804777,0.7000000000000001,0.89,0.6,0.44,0.7000000000000001,322.0,6.61,4.92,10.86
2026-05-07 22:30:00+00:00,0.81,6.5,20.80426590140603,0.78,0.91,0.77,0.5,0.79,296.0,6.73,5.37,9.97
2026-05-07 23:00:00+00:00,0.77,6.48,162.65057831994113,0.74,0.88,0.42,0.46,0.73,305.0,6.23,5.18,12.37
2026-05-07 23:30:00+00:00,0.74,6.5200000000000005,115.09397037017945,0.71,0.88,0.41,0.45,0.71,296.0,7.22,5.3500000000000005,10.6
2026-05-08 00:00:00+00:00,0.78,6.62,-58.762262582833365,0.75,0.93,0.36,0.49,0.76,276.0,5.98,5.73,10.18
2026-05-08 00:30:00+00:00,0.74,6.4,-151.03075921838155,0.71,0.9,0.5,0.46,0.72,296.0,7.140000000000001,5.37,11.48
2026-05-08 01:00:00+00:00,0.77,6.53,-269.3851576957514,0.74,0.9,0.37,0.49,0.76,284.0,6.59,5.59,11.13
2026-05-08 01:30:00+00:00,0.75,6.53,-281.21793806472857,0.72,0.84,0.49,0.47,0.73,278.0,6.8500000000000005,5.68,11.18
2026-05-08 02:00:00+00:00,0.78,6.73,-314.70304934502104,0.74,0.9,0.43,0.48,0.75,283.0,6.5600000000000005,5.6000000000000005,10.61
2026-05-08 02:30:00+00:00,0.73,6.36,-322.1248950657357,0.67,0.88,0.31,0.43,0.68,309.0,6.9,5.14,9.4
2026-05-08 03:00:00+00:00,0.74,6.84,-172.3833352286306,0.72,0.88,0.52,0.46,0.72,288.0,6.82,5.5,11.22
2026-05-08 03:30:00+00:00,0.73,6.47,-154.3821049831731,0.68,0.84,0.36,0.45,0.7000000000000001,292.0,7.95,5.41,11.31
2026-05-08 04:00:00+00:00,0.7000000000000001,6.47,-161.9855030405876,0.66,0.8200000000000001,0.29,0.43,0.67,296.0,7.61,5.3500000000000005,11.93
2026-05-08 04:30:00+00:00,0.6900000000000001,6.62,-160.23829165624917,0.65,0.8200000000000001,0.39,0.43,0.67,290.0,7.03,5.46,10.89
2026-05-08 05:00:00+00:00,0.6900000000000001,6.8100000000000005,-90.38575350924091,0.66,0.79,0.37,0.43,0.68,277.0,9.05,5.72,12.3
2026-05-08 05:30:00+00:00,0.62,6.82,-135.4688691047937,0.61,0.75,0.44,0.4,0.62,281.0,7.29,5.65,10.84
2026-05-08 06:00:00+00:00,0.63,7.08,-14.678787403031388,0.59,0.74,0.4,0.38,0.6,280.0,6.17,5.62,13.58
2026-05-08 06:30:00+00:00,0.65,7.15,-60.69510798134952,0.61,0.75,0.34,0.39,0.62,279.0,6.62,5.68,11.95
2026-05-08 07:00:00+00:00,0.67,7.52,-13.97817114542862,0.64,0.8,0.42,0.42,0.65,264.0,6.16,5.99,11.94
2026-05-08 07:30:00+00:00,0.67,7.16,2820.6941891076594,0.64,0.79,0.38,0.41,0.65,277.0,7.58,5.72,15.44
2026-05-08 08:00:00+00:00,0.66,7.7,1066.5828425746179,0.61,0.76,0.7000000000000001,0.37,0.6,311.0,7.23,5.1000000000000005,14.74
2026-05-08 08:30:00+00:00,0.65,7.27,987.8453935628006,0.59,0.74,0.8200000000000001,0.38,0.59,322.0,6.49,4.92,12.71
2026-05-08 09:00:00+00:00,0.67,7.45,1037.9114909439415,0.64,0.8,0.59,0.4,0.63,313.0,9.75,5.07,14.26
2026-05-08 09:30:00+00:00,0.73,6.62,1241.7955445976888,0.67,0.8300000000000001,0.65,0.42,0.66,399.0,7.01,3.97,11.78
2026-05-08 10:00:00+00:00,0.72,6.8100000000000005,1179.8319137561425,0.67,0.8200000000000001,0.89,0.43,0.68,363.0,8.78,4.37,13.03
2026-05-08 10:30:00+00:00,0.81,6.51,1040.5428220172673,0.72,0.9,0.84,0.46,0.73,402.0,7.49,3.94,11.78
2026-05-08 11:00:00+00:00,0.87,5.4,1123.035909748074,0.79,0.95,0.7000000000000001,0.52,0.81,438.0,4.21,3.62,9.21
2026-05-08 11:30:00+00:00,0.87,6.1000000000000005,1274.27197128607,0.76,0.94,0.5700000000000001,0.51,0.79,421.0,7.87,3.76,13.66
2026-05-08 12:00:00+00:00,0.88,6.82,1283.9979999571228,0.78,0.98,0.85,0.51,0.8,371.0,7.12,4.2700000000000005,11.01
2026-05-08 12:30:00+00:00,0.79,6.34,1236.4135148224316,0.7000000000000001,0.87,0.54,0.46,0.72,398.0,6.17,3.98,11.74
2026-05-08 13:00:00+00:00,0.79,6.5200000000000005,1177.4388991202472,0.71,0.89,0.8,0.46,0.72,396.0,8.22,4.01,12.94
2026-05-08 13:30:00+00:00,0.8200000000000001,5.97,1170.5546113216578,0.76,0.93,0.8,0.49,0.77,378.0,3.91,4.21,12.68
2026-05-08 14:00:00+00:00,0.9,6.29,1173.1194274602767,0.8200000000000001,1.02,0.8,0.55,0.85,370.0,4.54,4.29,13.24
2026-05-08 14:30:00+00:00,0.93,6.86,1033.2701894675067,0.81,0.97,0.93,0.55,0.84,368.0,3.8,4.3,13.05
2026-05-08 15:00:00+00:00,0.89,6.16,2620.738538555164,0.8200000000000001,1.02,1.08,0.54,0.8300000000000001,393.0,4.86,4.03,13.79
2026-05-08 15:30:00+00:00,0.93,6.28,144.52340260523908,0.8,1.03,0.84,0.53,0.8300000000000001,373.0,5.03,4.22,12.98
2026-05-08 16:00:00+00:00,0.98,6.47,-141.03743827422934,0.86,1.07,0.93,0.5700000000000001,0.89,354.0,4.51,4.45,12.96
2026-05-08 16:30:00+00:00,0.97,6.69,-219.1371501391414,0.87,1.04,0.67,0.5700000000000001,0.89,346.0,4.37,4.59,12.02
2026-05-08 17:00:00+00:00,0.95,7.140000000000001,-223.50654379915864,0.85,1.04,0.64,0.56,0.86,345.0,6.24,4.6000000000000005,15.95
2026-05-08 17:30:00+00:00,0.9,6.84,-158.23788130941304,0.8200000000000001,0.99,0.93,0.55,0.85,339.0,5.21,4.68,13.77
2026-05-08 18:00:00+00:00,0.96,6.88,-57.10946990309395,0.86,1.01,0.81,0.58,0.89,323.0,9.86,4.91,13.33
2026-05-08 18:30:00+00:00,0.89,6.65,41.63618702925124,0.8200000000000001,1.03,0.64,0.54,0.84,340.0,9.2,4.67,12.79
2026-05-08 19:00:00+00:00,0.94,8.2,-5.24793089657372,0.8200000000000001,0.99,1.1,0.55,0.85,293.0,7.65,5.41,14.28
2026-05-08 19:30:00+00:00,0.86,7.94,77.82961638536369,0.75,0.91,0.75,0.5,0.77,304.0,9.29,5.21,14.77
2026-05-08 20:00:00+00:00,0.89,8.35,91.5625165318615,0.81,1.0,0.94,0.54,0.84,278.0,4.84,5.7,16.23
2026-05-08 20:30:00+00:00,0.88,8.39,68.0623403453483,0.8,1.01,0.91,0.5,0.8,299.0,12.49,5.3100000000000005,14.23
2026-05-08 21:00:00+00:00,0.79,8.25,-29.912966873775204,0.7000000000000001,0.86,0.91,0.46,0.72,307.0,9.73,5.14,13.9
2026-05-08 21:30:00+00:00,0.78,7.85,-49.72404424373768,0.7000000000000001,0.87,0.61,0.44,0.71,349.0,5.45,4.54,14.13
2026-05-08 22:00:00+00:00,0.8,8.120000000000001,-170.8722169507351,0.72,0.89,0.8200000000000001,0.46,0.72,336.0,12.97,4.72,14.39
2026-05-08 22:30:00+00:00,0.8200000000000001,8.67,-203.36141880705108,0.6900000000000001,0.88,0.7000000000000001,0.43,0.68,349.0,12.64,4.53,15.74
2026-05-08 23:00:00+00:00,0.78,8.75,54.51107745326633,0.7000000000000001,0.89,0.45,0.44,0.7000000000000001,312.0,12.41,5.08,15.45
2026-05-08 23:30:00+00:00,0.84,8.48,61.75163710886548,0.73,0.91,1.05,0.46,0.73,358.0,13.52,4.42,14.88
2026-05-09 00:00:00+00:00,0.93,8.08,5.2903250539674,0.8,1.02,0.96,0.52,0.8200000000000001,370.0,6.55,4.28,14.92
2026-05-09 00:30:00+00:00,0.95,8.28,-21.457280088494738,0.8300000000000001,1.05,0.99,0.53,0.84,345.0,10.13,4.59,14.0
2026-05-09 01:00:00+00:00,1.04,8.370000000000001,-29.21137626058624,0.86,1.1,1.01,0.56,0.88,326.0,12.51,4.84,12.9
2026-05-09 01:30:00+00:00,1.03,7.55,-79.91587604406548,0.94,1.2,1.33,0.61,0.96,326.0,12.32,4.86,14.89
2026-05-09 02:00:00+00:00,1.05,7.45,-180.9632974703924,0.95,1.17,0.95,0.62,0.97,320.0,5.26,4.97,14.66
2026-05-09 02:30:00+00:00,1.1,7.77,-159.9100438887715,0.98,1.21,1.02,0.63,0.99,317.0,5.04,4.98,14.77
2026-05-09 03:00:00+00:00,1.19,6.97,-188.90367035296393,1.03,1.26,1.69,0.66,1.04,359.0,11.54,4.41,11.54
2026-05-09 03:30:00+00:00,1.33,6.2700000000000005,-246.10314689524847,1.2,1.5,1.46,0.77,1.22,356.0,6.59,4.45,11.16
2026-05-09 04:00:00+00:00,1.37,6.7700000000000005,-179.01604928143158,1.24,1.53,0.79,0.81,1.27,338.0,9.93,4.68,12.89
2026-05-09 04:30:00+00:00,1.39,7.13,-287.39404527671036,1.29,1.56,1.18,0.85,1.33,306.0,6.5600000000000005,5.17,13.84
2026-05-09 05:00:00+00:00,1.62,6.8100000000000005,-262.0249783019493,1.52,1.85,1.48,0.99,1.54,299.0,5.32,5.29,12.7
2026-05-09 05:30:00+00:00,1.8,7.07,-238.12843059631564,1.68,2.16,1.2,1.08,1.7,284.0,6.22,5.59,13.16
2026-05-09 06:00:00+00:00,2.2,7.46,-209.7723974664299,2.08,2.61,1.75,1.36,2.13,257.0,7.21,6.17,12.38
2026-05-09 06:30:00+00:00,2.54,7.8,-154.23000567252413,2.47,3.14,1.42,1.52,2.45,249.0,7.97,6.36,12.99
2026-05-09 07:00:00+00:00,2.38,7.62,29.420759031359207,2.23,2.82,1.41,1.41,2.24,258.0,7.79,6.15,12.65
2026-05-09 07:30:00+00:00,2.41,7.71,-40.695319717433584,2.27,2.72,1.4,1.5,2.33,242.0,7.640000000000001,6.54,12.95
2026-05-09 08:00:00+00:00,2.31,7.54,-37.40196685505084,2.21,2.67,1.16,1.42,2.24,257.0,7.51,6.17,12.07
2026-05-09 08:30:00+00:00,2.34,7.71,62.864987470982285,2.25,2.98,1.39,1.37,2.23,267.0,7.77,5.93,13.12
2026-05-09 09:00:00+00:00,2.5,7.59,119.34401959975851,2.32,2.97,1.11,1.47,2.33,259.0,8.01,6.11,13.43
2026-05-09 09:30:00+00:00,2.09,7.26,49.73266030958661,1.98,2.46,1.47,1.24,1.98,279.0,7.33,5.67,12.14
2026-05-09 10:00:00+00:00,2.21,7.21,109.3447251088367,2.11,2.62,1.75,1.31,2.1,281.0,8.49,5.65,12.21
2026-05-09 10:30:00+00:00,2.24,7.35,71.82174027156603,2.07,2.52,1.14,1.33,2.09,274.0,7.28,5.78,12.86
2026-05-09 11:00:00+00:00,2.16,7.4,47.23725876233539,2.03,2.49,1.59,1.28,2.04,271.0,6.63,5.8500000000000005,12.29
2026-05-09 11:30:00+00:00,1.99,7.62,3.220425945843581,1.86,2.36,1.43,1.22,1.91,254.0,7.76,6.25,12.63
2026-05-09 12:00:00+00:00,1.98,8.07,5.894164267381688,1.9,2.32,0.75,1.22,1.92,235.0,7.97,6.74,13.08
2026-05-09 12:30:00+00:00,1.97,7.98,-7.490473260102103,1.92,2.47,1.21,1.2,1.92,240.0,7.51,6.58,12.84
2026-05-09 13:00:00+00:00,1.97,7.99,260.3769742158534,1.88,2.39,1.86,1.2,1.89,238.0,6.75,6.640000000000001,12.73
2026-05-09 13:30:00+00:00,1.83,8.1,261.6392769368058,1.71,2.12,1.3,1.1,1.73,247.0,6.59,6.4,12.51
2026-05-09 14:00:00+00:00,1.85,8.0,79.60313661766845,1.74,2.19,1.55,1.08,1.73,256.0,7.7,6.2,13.24
2026-05-09 14:30:00+00:00,1.74,7.48,-42.695892419891095,1.62,2.0,1.02,1.05,1.65,273.0,7.67,5.8100000000000005,13.07
2026-05-09 15:00:00+00:00,1.81,7.86,172.47705937288316,1.71,2.23,1.41,1.07,1.71,270.0,6.49,5.84,11.77
2026-05-09 15:30:00+00:00,1.88,7.7,171.04026914540512,1.78,2.15,1.38,1.14,1.8,251.0,6.67,6.3,13.35
2026-05-09 16:00:00+00:00,1.89,7.58,180.77666776926827,1.74,2.22,1.58,1.07,1.72,287.0,7.57,5.5200000000000005,11.61
2026-05-09 16:30:00+00:00,2.05,7.34,-44.18231905215141,1.89,2.33,1.87,1.22,1.91,286.0,9.94,5.55,12.52
2026-05-09 17:00:00+00:00,2.13,6.92,-11.81731894724021,1.99,2.5,1.57,1.27,2.0,292.0,5.2700000000000005,5.43,11.24
2026-05-09 17:30:00+00:00,2.04,6.67,-105.96248618525732,1.92,2.41,1.85,1.19,1.9,311.0,7.28,5.09,12.1
2026-05-09 18:00:00+00:00,2.2,6.99,-119.22263388273987,2.09,2.6,1.56,1.31,2.09,293.0,8.92,5.4,12.12
2026-05-09 18:30:00+00:00,2.16,7.0,26.220736631855715,2.03,2.5500000000000003,1.39,1.28,2.04,296.0,5.64,5.36,12.07
2026-05-09 19:00:00+00:00,2.42,7.0,-287.9624148890581,2.25,2.68,1.51,1.44,2.27,277.0,7.88,5.71,12.59
2026-05-09 19:30:00+00:00,2.46,7.05,-288.55938107130163,2.33,2.97,2.4,1.47,2.34,285.0,7.09,5.55,12.17
2026-05-09 20:00:00+00:00,2.48,7.09,-242.01512126787918,2.3000000000000003,2.93,2.21,1.45,2.32,287.0,7.69,5.5200000000000005,10.68
2026-05-09 20:30:00+00:00,2.35,7.04,-356.80526619422335,2.21,2.64,0.94,1.44,2.25,281.0,7.35,5.65,11.1
2026-05-09 21:00:00+00:00,2.53,7.13,-394.56417348300045,2.41,3.03,1.48,1.51,2.41,276.0,6.63,5.75,11.87
2026-05-09 21:30:00+00:00,2.4,7.19,-413.0212260905331,2.26,2.74,1.32,1.43,2.26,286.0,7.25,5.5200000000000005,10.9
2026-05-09 22:00:00+00:00,2.62,7.44,-456.0648757129687,2.44,3.09,1.92,1.56,2.48,265.0,7.22,5.97,12.35
2026-05-09 22:30:00+00:00,2.5,7.33,-427.4280621635998,2.42,2.98,1.42,1.52,2.42,270.0,9.79,5.8500000000000005,11.25
2026-05-09 23:00:00+00:00,2.43,7.36,-460.32820650151695,2.27,2.8000000000000003,2.44,1.41,2.25,283.0,8.44,5.58,11.17
2026-05-09 23:30:00+00:00,2.58,7.33,-550.8907040374536,2.39,3.0500000000000003,1.16,1.49,2.38,278.0,8.15,5.71,11.92
2026-05-10 00:00:00+00:00,2.38,7.36,-276.5260752001158,2.25,2.7,1.39,1.47,2.3000000000000003,259.0,6.3500000000000005,6.11,11.75
2026-05-10 00:30:00+00:00,2.46,7.18,-133.38809300260897,2.27,2.88,1.68,1.41,2.25,286.0,6.62,5.55,12.19
2026-05-10 01:00:00+00:00,2.37,6.9,-59.77090819509334,2.15,2.69,1.43,1.38,2.18,297.0,7.58,5.32,10.63
2026-05-10 01:30:00+00:00,2.42,7.15,76.59846722206433,2.33,2.87,1.38,1.52,2.39,267.0,7.6,5.95,11.43
2026-05-10 02:00:00+00:00,2.37,6.79,-118.84447622519878,2.24,2.83,2.57,1.42,2.25,291.0,6.92,5.46,10.57
2026-05-10 02:30:00+00:00,2.58,6.73,-167.0273656077232,2.4,2.97,2.05,1.54,2.44,293.0,9.99,5.4,11.15
2026-05-10 03:00:00+00:00,2.26,6.8,-168.59558811022157,2.14,2.63,1.77,1.35,2.14,307.0,6.12,5.15,11.46
2026-05-10 03:30:00+00:00,2.33,7.07,-312.6846099742161,2.15,2.77,0.81,1.35,2.16,290.0,6.5600000000000005,5.47,9.96
2026-05-10 04:00:00+00:00,2.2,7.09,-250.9101331026703,2.07,2.56,1.17,1.26,2.04,311.0,7.57,5.1000000000000005,14.32
2026-05-10 04:30:00+00:00,2.34,7.27,-58.40609012479797,2.21,2.72,1.79,1.38,2.2,287.0,8.290000000000001,5.5200000000000005,11.66
2026-05-10 05:00:00+00:00,2.32,7.05,-209.35554314337583,2.17,2.72,1.83,1.39,2.19,288.0,7.75,5.49,12.29
2026-05-10 05:30:00+00:00,2.24,7.17,-222.00604843333994,2.08,2.56,0.87,1.31,2.09,292.0,8.55,5.44,12.55
2026-05-10 06:00:00+00:00,2.35,7.21,-32.88109138854103,2.17,2.73,1.4,1.38,2.19,288.0,7.3,5.5,10.43
2026-05-10 06:30:00+00:00,2.29,7.1000000000000005,-54.74300056899504,2.16,2.68,1.56,1.37,2.17,285.0,8.1,5.58,11.35
2026-05-10 07:00:00+00:00,2.34,7.41,81.65153077251995,2.25,2.84,2.36,1.41,2.25,277.0,9.11,5.73,12.78
2026-05-10 07:30:00+00:00,2.29,7.27,98.62329696297121,2.19,2.74,2.76,1.35,2.16,283.0,8.78,5.61,11.48
2026-05-10 08:00:00+00:00,2.37,7.3,-92.25513292382539,2.25,2.89,2.35,1.44,2.28,269.0,8.18,5.87,12.01
2026-05-10 08:30:00+00:00,2.58,7.57,-31.567700050403133,2.49,3.17,1.56,1.53,2.46,265.0,8.85,5.97,11.66
2026-05-10 09:00:00+00:00,2.48,7.4,-16.87168601852445,2.31,2.83,1.76,1.47,2.33,271.0,8.64,5.82,11.38
2026-05-10 09:30:00+00:00,2.45,7.61,132.9004650732951,2.3000000000000003,2.79,2.19,1.46,2.31,267.0,7.91,5.92,11.59
2026-05-10 10:00:00+00:00,2.45,7.54,205.50328821913035,2.33,2.84,2.19,1.47,2.34,263.0,10.15,6.01,11.3
2026-05-10 10:30:00+00:00,2.63,7.6,35.898314448989666,2.58,3.11,1.3,1.62,2.57,255.0,8.59,6.21,11.84
2026-05-10 11:00:00+00:00,2.5,7.41,-122.05614272607102,2.36,2.9,1.3,1.48,2.36,274.0,7.27,5.78,12.4
2026-05-10 11:30:00+00:00,2.56,7.49,-63.822787156945154,2.45,3.13,2.35,1.48,2.4,276.0,6.92,5.74,11.64
2026-05-10 12:00:00+00:00,2.71,7.54,32.268096342023874,2.53,2.98,1.47,1.6,2.54,266.0,8.05,5.95,11.53
2026-05-10 12:30:00+00:00,2.46,7.48,44.48259526277925,2.34,2.84,1.76,1.47,2.34,264.0,8.19,6.01,11.72
2026-05-10 13:00:00+00:00,2.57,7.44,-36.3475190024317,2.47,3.15,1.29,1.52,2.45,269.0,7.62,5.9,11.86
2026-05-10 13:30:00+00:00,2.69,7.34,-95.40820023260387,2.59,3.17,1.73,1.63,2.59,270.0,7.57,5.8500000000000005,12.08
2026-05-10 14:00:00+00:00,2.89,7.46,-51.600175055469556,2.75,3.43,2.46,1.69,2.71,275.0,7.67,5.7700000000000005,10.78
2026-05-10 14:30:00+00:00,2.7,7.28,137.06532764780718,2.59,3.24,1.93,1.63,2.59,270.0,6.84,5.87,10.98
2026-05-10 15:00:00+00:00,2.91,7.41,13.854207103042835,2.73,3.36,1.34,1.73,2.75,269.0,7.82,5.9,10.47
2026-05-10 15:30:00+00:00,3.09,7.59,57.12240650990324,2.91,3.63,2.68,1.85,2.93,256.0,8.22,6.19,11.55
2026-05-10 16:00:00+00:00,2.9,7.41,97.97793469132215,2.76,3.54,1.93,1.72,2.77,266.0,7.9,5.95,12.06
2026-05-10 16:30:00+00:00,3.04,7.65,-7.411209262888528,2.85,3.61,1.98,1.82,2.9,258.0,8.2,6.140000000000001,11.16
2026-05-10 17:00:00+00:00,3.03,7.56,-124.00819823919093,2.96,3.8,2.19,1.91,3.01,250.0,8.48,6.3100000000000005,10.84
2026-05-10 17:30:00+00:00,3.0700000000000003,7.45,-159.99831975941655,2.93,3.5500000000000003,2.04,1.88,2.97,259.0,7.34,6.11,12.8
2026-05-10 18:00:00+00:00,2.96,7.28,-161.27513854177448,2.84,3.46,1.88,1.72,2.77,281.0,8.97,5.62,12.77
2026-05-10 18:30:00+00:00,3.06,7.390000000000001,-259.0778693729352,2.85,3.53,1.77,1.79,2.85,271.0,8.49,5.83,11.97
2026-05-10 19:00:00+00:00,2.93,7.36,-343.6744893030267,2.7,3.3000000000000003,1.71,1.68,2.7,282.0,8.040000000000001,5.6000000000000005,10.9
2026-05-10 19:30:00+00:00,2.93,7.34,-339.32569022609914,2.75,3.44,2.5,1.75,2.77,268.0,7.45,5.91,11.93
2026-05-10 20:00:00+00:00,2.89,7.47,-309.04739441030665,2.65,3.21,2.36,1.74,2.72,264.0,7.32,6.0,11.54
2026-05-10 20:30:00+00:00,2.62,7.56,-398.447713261496,2.49,3.06,2.3000000000000003,1.58,2.5,267.0,7.58,5.94,12.37
2026-05-10 21:00:00+00:00,2.68,7.45,-367.8812430996753,2.49,3.12,1.6,1.55,2.48,271.0,7.58,5.8500000000000005,12.37
2026-05-10 21:30:00+00:00,2.58,7.6,-312.39156165662075,2.43,2.89,1.2,1.58,2.48,262.0,9.27,6.04,12.21
2026-05-10 22:00:00+00:00,2.52,7.77,-119.20032112121758,2.37,2.88,1.85,1.49,2.37,268.0,7.21,5.89,11.58
2026-05-10 22:30:00+00:00,2.45,7.9,-169.72786686321453,2.27,2.86,1.14,1.4,2.24,262.0,7.65,6.04,13.95
2026-05-10 23:00:00+00:00,2.36,7.94,-165.30541963328147,2.22,2.78,2.14,1.37,2.2,266.0,7.82,5.96,12.12
2026-05-10 23:30:00+00:00,2.39,8.06,-252.45831871139777,2.23,2.9,1.78,1.35,2.2,269.0,8.75,5.89,11.95
2026-05-11 00:00:00+00:00,2.47,7.84,-347.89568603780276,2.3000000000000003,2.78,1.8,1.48,2.33,261.0,8.3,6.07,12.21
2026-05-11 00:30:00+00:00,2.46,7.98,-353.90017748911305,2.33,2.88,2.52,1.43,2.3000000000000003,258.0,8.76,6.140000000000001,13.31
2026-05-11 01:00:00+00:00,2.41,8.120000000000001,-334.61741026823387,2.26,2.82,1.42,1.4,2.24,259.0,7.55,6.12,12.67
2026-05-11 01:30:00+00:00,2.34,8.11,-448.2322475904352,2.21,2.65,1.99,1.4,2.21,254.0,8.48,6.24,12.59
2026-05-11 02:00:00+00:00,2.31,8.370000000000001,-398.60283804476074,2.23,2.73,1.38,1.37,2.21,251.0,7.9,6.32,13.14
2026-05-11 02:30:00+00:00,2.08,8.08,-467.5927691977344,1.92,2.44,1.45,1.19,1.91,271.0,8.17,5.82,15.02
2026-05-11 03:00:00+00:00,2.35,8.32,-487.62122144175544,2.22,2.73,1.82,1.39,2.21,249.0,9.24,6.3500000000000005,12.57
2026-05-11 03:30:00+00:00,2.27,8.34,-577.8743347497655,2.12,2.58,1.8,1.3,2.09,259.0,7.59,6.11,12.9
2026-05-11 04:00:00+00:00,2.4,8.43,-376.84165986408124,2.26,2.94,1.55,1.42,2.27,246.0,9.3,6.41,12.73
2026-05-11 04:30:00+00:00,2.42,8.370000000000001,-410.91209719867743,2.29,2.84,1.54,1.39,2.25,251.0,10.6,6.3,13.69
2026-05-11 05:00:00+00:00,2.48,8.3,-403.1149381955768,2.36,2.86,2.73,1.49,2.36,245.0,8.73,6.43,12.74
2026-05-11 05:30:00+00:00,2.53,8.32,-769.6227894249552,2.39,2.96,1.85,1.49,2.38,250.0,8.1,6.33,13.52
2026-05-11 06:00:00+00:00,2.47,8.49,-408.35836811191405,2.31,2.92,2.34,1.4,2.27,251.0,7.890000000000001,6.3,12.91
2026-05-11 06:30:00+00:00,2.57,8.73,-233.60654528845586,2.46,3.0700000000000003,2.02,1.51,2.44,234.0,10.22,6.75,13.26
2026-05-11 07:00:00+00:00,2.52,8.46,-226.10899603283542,2.3000000000000003,2.98,1.71,1.39,2.26,263.0,8.96,6.01,14.3
2026-05-11 07:30:00+00:00,2.48,8.36,-346.52226009124803,2.3000000000000003,2.9,1.9,1.38,2.25,266.0,7.21,5.97,13.4
2026-05-11 08:00:00+00:00,2.27,8.3,4236.071246349909,2.15,2.78,2.32,1.24,2.07,269.0,9.12,5.84,13.67
2026-05-11 08:30:00+00:00,2.33,7.82,5427.751055202141,2.2,2.67,1.38,1.41,2.22,271.0,7.65,5.83,12.89
2026-05-11 09:00:00+00:00,2.26,7.85,7106.737458753521,2.16,2.71,1.7,1.31,2.12,280.0,10.14,5.64,13.33
2026-05-11 09:30:00+00:00,2.19,7.55,5235.768082014737,2.01,2.56,1.65,1.25,2.0,293.0,6.49,5.41,11.59
2026-05-11 10:00:00+00:00,2.04,7.32,3443.7408987047424,1.91,2.37,1.68,1.15,1.87,306.0,7.03,5.19,11.23
2026-05-11 10:30:00+00:00,2.01,7.42,1672.014552840153,1.86,2.37,1.99,1.12,1.83,300.0,8.700000000000001,5.2700000000000005,11.69
2026-05-11 11:00:00+00:00,1.9,7.44,4086.0976825564817,1.78,2.16,1.25,1.14,1.79,271.0,7.18,5.8500000000000005,11.42
2026-05-11 11:30:00+00:00,1.94,7.37,6771.06936231911,1.8,2.26,1.27,1.13,1.8,293.0,7.52,5.41,13.37
2026-05-11 12:00:00+00:00,1.89,7.17,1601.834470831763,1.84,2.29,1.05,1.19,1.87,278.0,10.23,5.69,11.67
2026-05-11 12:30:00+00:00,1.88,7.34,5760.7898002962065,1.77,2.23,1.25,1.1,1.76,296.0,7.75,5.36,12.74
2026-05-11 13:00:00+00:00,1.86,7.34,1758.040462797868,1.73,2.04,1.71,1.11,1.74,286.0,7.390000000000001,5.55,11.7
2026-05-11 13:30:00+00:00,2.03,7.42,2008.1770934089532,1.94,2.39,1.8,1.24,1.96,268.0,8.19,5.91,11.5
2026-05-11 14:00:00+00:00,1.99,7.76,1834.8875231836025,1.9,2.42,1.29,1.2,1.91,266.0,8.34,5.95,12.36
2026-05-11 14:30:00+00:00,1.97,7.66,1871.2428380544773,1.81,2.25,1.27,1.08,1.77,290.0,7.66,5.47,12.07
2026-05-11 15:00:00+00:00,1.94,7.91,1859.6341896440595,1.88,2.29,1.86,1.18,1.87,258.0,8.17,6.12,12.36
2026-05-11 15:30:00+00:00,1.89,7.73,442.1669072482564,1.76,2.19,1.75,1.11,1.77,266.0,10.42,5.93,12.99
2026-05-11 16:00:00+00:00,1.95,8.06,-134.53141113345464,1.86,2.43,1.17,1.16,1.86,250.0,10.95,6.34,13.98
2026-05-11 16:30:00+00:00,2.1,8.27,-193.40009874895003,1.98,2.43,1.25,1.29,2.03,235.0,7.52,6.73,12.99
2026-05-11 17:00:00+00:00,1.98,8.24,-132.5061845075881,1.86,2.39,0.97,1.17,1.87,244.0,7.7,6.51,12.79
2026-05-11 17:30:00+00:00,1.88,7.94,-330.4969992163053,1.82,2.3000000000000003,0.93,1.1,1.78,253.0,7.76,6.26,13.71
2026-05-11 18:00:00+00:00,1.84,7.82,-198.14611275760956,1.73,2.12,1.24,1.11,1.75,255.0,8.03,6.22,12.18
2026-05-11 18:30:00+00:00,1.93,8.41,-199.9520180409814,1.8,2.27,1.37,1.12,1.8,242.0,6.95,6.55,13.16
2026-05-11 19:00:00+00:00,1.99,8.21,-243.34947283726518,1.9,2.36,1.6,1.17,1.88,246.0,6.890000000000001,6.46,12.64
2026-05-11 19:30:00+00:00,2.02,8.17,-284.6133634638935,1.92,2.39,1.35,1.19,1.91,240.0,6.63,6.6000000000000005,13.04
2026-05-11 20:00:00+00:00,1.92,8.03,-478.41897360592264,1.81,2.37,1.21,1.12,1.81,245.0,8.88,6.42,13.03
2026-05-11 20:30:00+00:00,1.93,8.03,-577.5008608183723,1.84,2.32,2.11,1.15,1.84,243.0,7.61,6.51,12.63
2026-05-11 21:00:00+00:00,1.88,7.87,-425.0762709653911,1.77,2.17,1.12,1.13,1.78,246.0,9.2,6.41,11.91
2026-05-11 21:30:00+00:00,1.65,7.44,-630.7620561694871,1.57,2.03,1.35,0.93,1.53,284.0,7.48,5.58,11.49
2026-05-11 22:00:00+00:00,1.75,7.640000000000001,-586.8073012120818,1.66,2.0,1.06,1.02,1.64,265.0,6.68,5.99,11.6
2026-05-11 22:30:00+00:00,1.61,7.28,-621.0221799985263,1.53,1.88,1.24,0.99,1.56,268.0,6.9,5.93,11.24
2026-05-11 23:00:00+00:00,1.52,7.18,-316.8969012825497,1.43,1.76,0.84,0.91,1.44,276.0,7.72,5.72,11.29
2026-05-11 23:30:00+00:00,1.57,7.27,-368.2641634566955,1.52,1.85,0.81,0.96,1.52,263.0,6.29,6.0200000000000005,11.89
2026-05-12 00:00:00+00:00,1.51,7.08,-523.6482950454733,1.47,1.85,1.18,0.89,1.44,284.0,6.0200000000000005,5.58,11.72
2026-05-12 00:30:00+00:00,1.35,7.49,-639.0559085609009,1.27,1.55,1.28,0.78,1.25,280.0,7.12,5.63,11.98
2026-05-12 01:00:00+00:00,1.21,7.07,-549.1401594137506,1.12,1.39,0.7000000000000001,0.7000000000000001,1.12,288.0,6.7700000000000005,5.5,11.12
2026-05-12 01:30:00+00:00,1.33,7.26,-558.9159838428886,1.25,1.55,0.66,0.81,1.28,264.0,5.93,5.98,11.14
2026-05-12 02:00:00+00:00,1.38,7.22,-545.2970637943334,1.34,1.61,0.95,0.85,1.35,261.0,7.65,6.07,11.34
2026-05-12 02:30:00+00:00,1.33,7.0,-574.5368352399971,1.25,1.58,0.92,0.77,1.25,286.0,6.91,5.54,11.42
2026-05-12 03:00:00+00:00,1.35,7.2,-536.7155848286817,1.26,1.62,0.8200000000000001,0.8,1.27,271.0,6.390000000000001,5.83,12.08
2026-05-12 03:30:00+00:00,1.39,7.07,-558.6893179211578,1.35,1.68,1.29,0.8300000000000001,1.33,282.0,6.84,5.62,11.51
2026-05-12 04:00:00+00:00,1.41,7.140000000000001,-507.1152291982738,1.36,1.65,0.87,0.9,1.4,263.0,7.66,6.03,12.58
2026-05-12 04:30:00+00:00,1.35,7.37,-403.22901042909257,1.29,1.67,1.1,0.8,1.29,274.0,8.61,5.7700000000000005,12.43
2026-05-12 05:00:00+00:00,1.42,6.98,120544.47005480807,1.36,1.69,1.26,0.87,1.38,277.0,6.63,5.72,10.99
2026-05-12 05:30:00+00:00,1.42,7.21,145500.7241114659,1.34,1.58,1.35,0.84,1.33,274.0,8.3,5.8,11.15
2026-05-12 06:00:00+00:00,1.5,7.15,150663.77907923367,1.43,1.74,0.77,0.93,1.46,261.0,6.59,6.07,11.48
2026-05-12 06:30:00+00:00,1.49,7.11,49695.57829076073,1.41,1.7,0.8,0.89,1.42,273.0,7.38,5.79,12.43
2026-05-12 07:00:00+00:00,1.4,7.11,1387.4259321896964,1.31,1.61,1.17,0.84,1.32,270.0,7.46,5.86,11.69
2026-05-12 07:30:00+00:00,1.28,7.07,8164.67928081284,1.22,1.56,1.14,0.76,1.22,280.0,7.77,5.63,10.84
2026-05-12 08:00:00+00:00,1.32,6.890000000000001,1127.054707737201,1.27,1.61,1.23,0.8,1.28,287.0,6.65,5.51,10.73
2026-05-12 08:30:00+00:00,1.29,7.0,2477.4476846821535,1.26,1.58,1.07,0.81,1.27,272.0,7.63,5.8100000000000005,11.38
2026-05-12 09:00:00+00:00,1.36,7.21,4408.995796681736,1.27,1.62,0.53,0.81,1.29,276.0,7.83,5.73,12.8
2026-05-12 09:30:00+00:00,1.42,7.18,6556.4335984197105,1.37,1.72,0.73,0.85,1.35,271.0,7.6,5.8500000000000005,11.42
2026-05-12 10:00:00+00:00,1.31,7.08,2507.142954323416,1.21,1.51,0.91,0.79,1.23,273.0,6.46,5.78,11.59
2026-05-12 10:30:00+00:00,1.35,7.37,946.3802282644037,1.3,1.65,0.85,0.8200000000000001,1.31,263.0,7.25,6.0200000000000005,11.23
2026-05-12 11:00:00+00:00,1.31,7.35,873.794521767698,1.27,1.63,0.68,0.79,1.27,272.0,7.05,5.8,11.54
2026-05-12 11:30:00+00:00,1.3,7.22,1082.9352580572368,1.22,1.54,0.58,0.78,1.24,264.0,7.61,6.01,12.16
2026-05-12 12:00:00+00:00,1.24,7.3,1217.1464820200804,1.19,1.47,0.99,0.74,1.18,272.0,6.63,5.8100000000000005,11.04
2026-05-12 12:30:00+00:00,1.17,7.03,2029.8626226315102,1.13,1.39,0.97,0.72,1.14,269.0,6.76,5.87,11.86
2026-05-12 13:00:00+00:00,1.11,7.03,747.8720806101015,1.09,1.33,0.63,0.7000000000000001,1.1,275.0,6.8,5.7700000000000005,12.73
2026-05-12 13:30:00+00:00,1.01,6.83,743.0933726316632,0.93,1.17,0.5700000000000001,0.6,0.94,302.0,6.2,5.25,9.94
2026-05-12 14:00:00+00:00,1.0,6.84,904.4816402122616,0.93,1.22,0.77,0.59,0.94,292.0,7.43,5.42,11.65
2026-05-12 14:30:00+00:00,0.94,6.82,1243.9151351479904,0.88,1.09,0.95,0.5700000000000001,0.9,288.0,7.27,5.51,10.36
2026-05-12 15:00:00+00:00,1.06,6.890000000000001,552.7422833506083,1.02,1.26,0.77,0.67,1.05,267.0,6.49,5.93,10.95
2026-05-12 15:30:00+00:00,1.02,6.97,-127.06356091677122,1.0,1.23,0.53,0.66,1.02,261.0,6.61,6.08,12.57
2026-05-12 16:00:00+00:00,1.08,7.0600000000000005,-163.69008474273411,1.02,1.29,0.64,0.66,1.04,263.0,7.25,6.01,11.3
2026-05-12 16:30:00+00:00,1.05,7.01,-33.815577386168286,1.01,1.28,0.72,0.63,1.02,276.0,8.120000000000001,5.72,10.66
2026-05-12 17:00:00+00:00,1.05,7.0200000000000005,-105.04301088775239,1.03,1.33,0.46,0.64,1.02,272.0,6.78,5.83,12.36
2026-05-12 17:30:00+00:00,0.98,7.16,98.42122451839992,,,0.7000000000000001,0.6,0.95,275.0,7.71,5.78,12.04
2026-05-12 18:00:00+00:00,,,-188.97223687324342,,,,,,,,,
2026-05-12 18:30:00+00:00,,,-146.9666150303164,,,,,,,,,
2026-05-12 19:00:00+00:00,,,-350.17093421461425,,,,,,,,,
2026-05-12 19:30:00+00:00,,,-286.4416934876773,,,,,,,,,
2026-05-12 20:00:00+00:00,,,-233.53753915173718,,,,,,,,,
2026-05-12 20:30:00+00:00,,,-415.71585240578025,,,,,,,,,
2026-05-12 21:00:00+00:00,,,-312.82561735113285,,,,,,,,,
2026-05-12 21:30:00+00:00,,,-314.4830676466552,,,,,,,,,
2026-05-12 22:00:00+00:00,,,-460.59972208885495,,,,,,,,,
2026-05-12 22:30:00+00:00,,,-398.91082092641267,,,,,,,,,
2026-05-12 23:00:00+00:00,,,-128.1855633467271,,,,,,,,,
2026-05-12 23:30:00+00:00,,,-298.6927738755419,,,,,,,,,
2026-05-13 00:00:00+00:00,,,-361.5831366486854,,,,,,,,,
2026-05-13 00:30:00+00:00,,,-441.8703144890769,,,,,,,,,
2026-05-13 01:00:00+00:00,,,-547.8312737592554,,,,,,,,,
2026-05-13 01:30:00+00:00,,,-409.30548559516546,,,,,,,,,
2026-05-13 02:00:00+00:00,,,-343.06319711643624,,,,,,,,,
2026-05-13 02:30:00+00:00,,,-444.1157528584188,,,,,,,,,
2026-05-13 03:00:00+00:00,,,-457.1298526112363,,,,,,,,,
2026-05-13 03:30:00+00:00,,,-414.04900921139364,,,,,,,,,
2026-05-13 04:00:00+00:00,,,-340.2261028582439,,,,,,,,,
2026-05-13 04:30:00+00:00,,,-496.1550538414119,,,,,,,,,
2026-05-13 05:00:00+00:00,,,-539.8494984110182,,,,,,,,,
2026-05-13 05:30:00+00:00,,,-696.0269358639811,,,,,,,,,
2026-05-13 06:00:00+00:00,0.81,6.890000000000001,-506.396000950646,0.76,0.96,0.78,0.47,0.75,318.0,6.37,4.97,10.21
2026-05-13 06:30:00+00:00,0.8,6.67,-383.4275500081963,0.77,0.98,1.16,0.49,0.77,300.0,4.78,5.26,10.59
2026-05-13 07:00:00+00:00,0.78,6.73,-258.0532488905375,0.76,0.93,0.53,0.5,0.78,287.0,5.55,5.5200000000000005,11.16
2026-05-13 07:30:00+00:00,0.8300000000000001,6.71,-30.931514153714424,0.79,1.0,0.55,0.5,0.79,292.0,6.76,5.43,11.15
2026-05-13 08:00:00+00:00,0.8200000000000001,6.8500000000000005,-239.97627101669752,0.76,0.93,0.5,0.52,0.8,269.0,5.47,5.89,10.83
2026-05-13 08:30:00+00:00,0.85,6.79,-147.2044518014645,0.79,1.02,0.33,0.52,0.8200000000000001,272.0,7.0600000000000005,5.8100000000000005,11.31
2026-05-13 09:00:00+00:00,0.9,6.71,-349.82326829070934,0.84,1.02,0.54,0.55,0.86,272.0,6.05,5.84,12.7
2026-05-13 09:30:00+00:00,0.91,6.78,7152.7437200965005,0.87,1.08,0.54,0.56,0.88,272.0,6.34,5.8,11.83
2026-05-13 10:00:00+00:00,0.95,6.86,5775.394912633694,0.9,1.11,0.59,0.5700000000000001,0.9,274.0,8.31,5.76,11.22
2026-05-13 10:30:00+00:00,0.96,6.71,6174.7866840955185,0.91,1.1,0.46,0.6,0.93,274.0,5.87,5.78,12.35
2026-05-13 11:00:00+00:00,0.96,6.76,2852.787376611723,0.89,1.06,0.49,0.61,0.93,271.0,6.04,5.87,13.05
2026-05-13 11:30:00+00:00,0.93,6.57,2766.9731131989124,0.87,1.1,0.75,0.56,0.88,302.0,8.2,5.24,11.28
2026-05-13 12:00:00+00:00,0.93,6.68,2897.5445634618486,0.89,1.11,0.56,0.5700000000000001,0.9,295.0,5.09,5.38,10.37
2026-05-13 12:30:00+00:00,0.94,6.48,2574.5663393712725,0.87,1.06,0.8300000000000001,0.56,0.88,307.0,4.8100000000000005,5.16,11.02
2026-05-13 13:00:00+00:00,0.9,6.53,2987.8511995338536,0.84,1.03,0.65,0.54,0.85,310.0,5.95,5.1000000000000005,12.19
2026-05-13 13:30:00+00:00,0.93,6.43,3182.9885234994554,0.88,1.12,0.58,0.5700000000000001,0.89,326.0,5.99,4.86,11.22
2026-05-13 14:00:00+00:00,0.92,6.2,2441.2857342078382,0.86,1.06,0.64,0.55,0.86,348.0,6.28,4.57,11.05
2026-05-13 14:30:00+00:00,0.94,5.92,972.8716942491744,0.87,1.06,0.53,0.58,0.9,351.0,5.64,4.51,10.39
2026-05-13 15:00:00+00:00,0.98,5.8500000000000005,-527.368417960649,0.89,1.08,0.58,0.58,0.91,362.0,6.05,4.39,9.71
2026-05-13 15:30:00+00:00,0.97,5.7700000000000005,200.89913485963194,0.88,1.08,0.74,0.58,0.9,378.0,9.29,4.2,10.13
2026-05-13 16:00:00+00:00,1.01,5.76,1099.4979112588308,0.9,1.09,1.02,0.61,0.93,383.0,5.82,4.14,10.11
2026-05-13 16:30:00+00:00,1.03,5.44,-36.55794063194317,0.92,1.13,0.63,0.61,0.94,400.0,7.78,3.97,10.05
2026-05-13 17:00:00+00:00,1.04,5.53,-290.11958712821655,0.95,1.18,0.77,0.63,0.98,380.0,8.09,4.18,10.42
2026-05-13 17:30:00+00:00,1.07,5.22,-18.222481375889004,0.98,1.23,1.33,0.63,0.99,406.0,4.94,3.91,10.55
2026-05-13 18:00:00+00:00,1.13,5.21,,1.05,1.3,0.56,0.68,1.07,395.0,6.86,4.0,9.66
2026-05-13 18:30:00+00:00,1.2,5.18,,1.12,1.4,0.9,0.73,1.14,388.0,4.57,4.09,9.54
2026-05-13 19:00:00+00:00,1.31,4.91,,1.24,1.52,0.81,0.8,1.25,396.0,4.5200000000000005,4.0,8.540000000000001
2026-05-13 19:30:00+00:00,1.37,5.2700000000000005,,1.25,1.59,0.84,0.81,1.27,374.0,5.25,4.23,9.06
2026-05-13 20:00:00+00:00,1.49,5.4,,1.39,1.66,1.03,0.88,1.4,363.0,5.13,4.37,9.62
2026-05-13 20:30:00+00:00,1.47,5.5200000000000005,,1.42,1.79,1.71,0.89,1.42,351.0,5.44,4.5200000000000005,9.55
2026-05-13 21:00:00+00:00,1.51,5.62,,1.43,1.77,0.99,0.93,1.46,342.0,5.41,4.64,9.6
2026-05-13 21:30:00+00:00,1.69,5.74,,1.62,2.05,0.78,1.02,1.63,325.0,6.4,4.86,9.77
2026-05-13 22:00:00+00:00,1.86,5.97,,1.73,2.15,1.14,1.12,1.75,314.0,6.0200000000000005,5.05,9.49
2026-05-13 22:30:00+00:00,1.81,6.17,,1.76,2.23,1.27,1.11,1.76,297.0,6.19,5.32,9.91
2026-05-13 23:00:00+00:00,1.88,6.140000000000001,,1.81,2.19,0.74,1.16,1.83,295.0,5.83,5.38,9.76
2026-05-13 23:30:00+00:00,1.75,5.8500000000000005,-287.26127546321214,1.68,2.05,1.08,1.08,1.7,319.0,6.17,4.98,10.95
2026-05-14 00:00:00+00:00,1.81,6.140000000000001,,1.73,2.14,1.12,1.12,1.76,303.0,5.49,5.22,9.71
2026-05-14 00:30:00+00:00,1.77,6.16,-199.14939180259975,1.68,2.12,1.42,1.04,1.67,313,7.0600000000000005,5.05,10.12
2026-05-14 01:00:00+00:00,1.69,6.12,-226.47171215455657,1.62,2.05,0.95,1.02,1.62,312,5.7,5.08,9.01
2026-05-14 01:30:00+00:00,1.64,6.12,-227.82455216066157,1.53,1.88,0.88,0.98,1.55,310,6.2,5.1000000000000005,9.65
2026-05-14 02:00:00+00:00,1.63,6.13,-318.8509512458358,1.58,2.01,1.04,0.98,1.58,306,6.3100000000000005,5.18,10.64
2026-05-14 02:30:00+00:00,1.53,5.94,-311.9791116703212,1.5,1.92,0.8300000000000001,0.92,1.49,325,5.92,4.88,10.09
2026-05-14 03:00:00+00:00,1.62,5.86,-332.6610575458775,1.53,1.91,1.35,0.97,1.55,328,6.04,4.84,8.9
2026-05-14 03:30:00+00:00,1.55,5.83,-352.9765941722406,1.49,1.85,0.8200000000000001,0.94,1.5,325,5.69,4.8500000000000005,9.37
2026-05-14 04:00:00+00:00,1.6,5.71,-226.29522121799886,1.52,1.94,1.12,0.99,1.56,319,6.11,4.97,9.14
2026-05-14 04:30:00+00:00,1.47,5.8,-344.7368293172477,1.36,1.71,0.8300000000000001,0.87,1.38,336,5.5600000000000005,4.71,9.19
2026-05-14 05:00:00+00:00,1.5,5.88,-255.27968786937976,1.44,1.83,0.76,0.9,1.43,325,6.5,4.87,8.96
2026-05-14 05:30:00+00:00,1.39,5.62,-304.540769741401,1.34,1.58,0.85,0.87,1.35,338,6.5,4.69,9.67
2026-05-14 06:00:00+00:00,1.39,5.76,-274.9004759845492,1.32,1.67,0.67,0.8300000000000001,1.32,348,5.76,4.5600000000000005,9.42
2026-05-14 06:30:00+00:00,1.41,5.74,-55.52921201771916,1.29,1.6,1.0,0.81,1.28,358,6.26,4.43,9.78
2026-05-14 07:00:00+00:00,1.39,5.75,5.262469402112692,1.31,1.57,0.75,0.86,1.34,329,6.26,4.83,11.23
2026-05-14 07:30:00+00:00,1.3,5.73,-92.34682822830646,1.23,1.47,0.71,0.81,1.26,339,4.84,4.68,9.18
2026-05-14 08:00:00+00:00,1.3,5.82,-181.65005579627405,1.21,1.49,0.71,0.77,1.22,344,6.53,4.6000000000000005,10.04
2026-05-14 08:30:00+00:00,1.29,5.89,-205.95471498630897,1.17,1.45,1.15,0.74,1.18,347,5.51,4.57,10.49
2026-05-14 09:00:00+00:00,1.24,5.68,-174.19435097003714,1.14,1.41,0.85,0.73,1.15,365,4.8100000000000005,4.34,9.21
2026-05-14 09:30:00+00:00,1.34,5.8,-168.15607729004188,1.25,1.56,1.14,0.81,1.27,352,6.68,4.51,9.18
2026-05-14 10:00:00+00:00,1.33,5.82,24.90803052859569,1.23,1.54,0.78,0.78,1.24,359,6.38,4.42,10.14
2026-05-14 10:30:00+00:00,1.35,5.64,26.82549077572238,1.27,1.64,1.67,0.79,1.27,365,6.0,4.33,11.34
2026-05-14 11:00:00+00:00,1.47,5.8,-100.42121567327051,1.34,1.65,0.8200000000000001,0.85,1.35,359,5.18,4.42,10.65
2026-05-14 11:30:00+00:00,1.67,5.67,-204.68968834944957,1.59,1.94,1.19,1.02,1.61,342,6.58,4.63,9.79
2026-05-14 12:00:00+00:00,1.69,5.54,-200.07142155855655,1.6,1.98,0.88,1.05,1.64,345,5.0200000000000005,4.59,8.59
2026-05-14 12:30:00+00:00,1.77,5.73,59.75795292195217,1.66,2.01,1.45,1.07,1.69,340,5.33,4.67,10.57
2026-05-14 13:00:00+00:00,1.83,5.64,10.53475224387031,1.74,2.1,1.21,1.11,1.76,341,4.41,4.65,9.73
2026-05-14 13:30:00+00:00,1.76,5.76,-110.72447925069,1.65,2.03,1.49,1.09,1.69,337,5.5,4.69,10.46
2026-05-14 14:00:00+00:00,1.88,5.86,-309.4231016901196,1.73,2.13,1.08,1.1,1.74,356,4.99,4.45,10.84
2026-05-14 14:30:00+00:00,1.83,6.140000000000001,-366.30547109903915,1.71,2.12,1.39,1.09,1.73,344,4.59,4.6000000000000005,10.31
2026-05-14 15:00:00+00:00,2.0,6.07,-224.64072425975283,1.85,2.31,2.05,1.19,1.88,331,5.42,4.78,11.1
2026-05-14 15:30:00+00:00,2.04,6.16,-256.3410094784821,1.87,2.37,2.23,1.22,1.92,320,5.65,4.95,11.71
2026-05-14 16:00:00+00:00,2.29,6.25,-194.87078145160302,2.19,2.65,1.92,1.41,2.21,309,4.8500000000000005,5.12,11.24
2026-05-14 16:30:00+00:00,2.25,6.43,-29.786857625145934,2.14,2.61,1.99,1.38,2.17,308,6.09,5.15,11.72
2026-05-14 17:00:00+00:00,2.24,6.58,-74.52561266247413,2.11,2.52,1.56,1.36,2.13,307,5.96,5.15,12.56
2026-05-14 17:30:00+00:00,2.39,6.54,-100.21766561922273,2.19,2.74,1.39,1.38,2.19,309,6.68,5.12,11.18
2026-05-14 18:00:00+00:00,2.3000000000000003,6.54,-57.86606009516894,2.19,2.68,1.98,1.42,2.22,300,9.32,5.28,11.55
2026-05-14 18:30:00+00:00,2.29,6.71,31.939481332900293,2.12,2.66,1.55,1.32,2.12,315,6.5600000000000005,5.04,10.98
2026-05-14 19:00:00+00:00,2.2,6.86,-310.4629691398868,2.08,2.59,1.75,1.33,2.11,305,6.66,5.2,11.63
2026-05-14 19:30:00+00:00,2.24,6.88,-412.0254894822245,2.13,2.57,1.91,1.33,2.11,306,10.71,5.19,12.55
2026-05-14 20:00:00+00:00,2.29,6.98,-321.4259370487148,2.14,2.76,1.2,1.33,2.13,306,7.65,5.19,11.25
2026-05-14 20:30:00+00:00,2.23,6.94,-363.27164491634863,2.05,2.54,1.39,1.32,2.08,303,8.85,5.23,11.14
2026-05-14 21:00:00+00:00,2.19,6.66,-296.48624839429175,1.98,2.49,1.77,1.28,2.01,322,5.98,4.92,10.41
2026-05-14 21:30:00+00:00,2.19,6.87,-388.38286856999383,2.1,2.56,1.95,1.37,2.14,292,8.56,5.42,12.59
2026-05-14 22:00:00+00:00,2.06,6.8,-486.43974289927667,1.91,2.42,1.27,1.23,1.94,313,6.41,5.08,10.84
2026-05-14 22:30:00+00:00,2.11,7.27,-245.8356249941766,1.98,2.54,1.88,1.27,2.01,292,7.36,5.42,12.09
2026-05-14 23:00:00+00:00,1.97,7.16,-188.06281762935004,1.79,2.19,2.56,1.16,1.82,302,6.33,5.22,12.18
2026-05-14 23:30:00+00:00,1.88,7.2,-297.0324703741542,1.73,2.15,1.19,1.08,1.73,316,7.94,5.03,12.53
2026-05-15 00:00:00+00:00,1.82,7.46,-442.55438631136417,1.7,2.08,1.36,1.07,1.71,292,7.04,5.42,12.65
2026-05-15 00:30:00+00:00,1.78,7.37,-267.48862520071293,1.59,2.06,1.81,1.0,1.6,304,8.13,5.21,11.7
2026-05-15 01:00:00+00:00,1.74,7.57,-197.8237662597578,1.61,1.96,1.22,1.01,1.6,299,11.33,5.29,13.93
2026-05-15 01:30:00+00:00,1.67,7.63,-215.69180224776431,1.58,2.01,1.66,0.98,1.57,303,5.6000000000000005,5.22,12.13
2026-05-15 02:00:00+00:00,1.73,7.61,-194.60819961479788,1.62,2.0,1.15,0.99,1.59,300,9.42,5.2700000000000005,13.98
2026-05-15 02:30:00+00:00,1.73,7.390000000000001,-210.31580218463057,1.64,2.05,1.16,1.0,1.61,299,7.9,5.29,12.48
2026-05-15 03:00:00+00:00,1.68,7.45,-199.49957825095115,1.52,1.88,1.01,0.98,1.54,300,9.05,5.28,11.42
2026-05-15 03:30:00+00:00,1.77,7.62,-197.35799857241335,1.61,2.04,1.64,1.01,1.61,289,10.09,5.46,13.7
2026-05-15 04:00:00+00:00,1.61,7.6,-83.94942169915431,1.47,1.83,1.25,0.9,1.45,296,7.07,5.37,14.7
2026-05-15 04:30:00+00:00,1.81,7.56,-32.01518975245203,1.69,2.1,1.68,1.03,1.67,292,6.7,5.42,12.67
2026-05-15 05:00:00+00:00,1.79,6.84,-320.82567662533665,1.64,1.95,1.74,1.04,1.64,313,7.930000000000001,5.0600000000000005,12.91
2026-05-15 05:30:00+00:00,1.79,6.99,-359.7036919915546,1.67,2.12,1.18,1.05,1.67,308,7.08,5.15,13.06
2026-05-15 06:00:00+00:00,1.73,7.11,-130.41551219223965,1.6,2.04,1.23,1.0,1.6,317,8.85,5.01,11.18
2026-05-15 06:30:00+00:00,1.78,7.19,-79.72540838154224,1.68,2.07,1.63,1.06,1.68,294,8.59,5.38,11.79
2026-05-15 07:00:00+00:00,1.66,7.0200000000000005,-43.24705375054887,1.52,1.85,0.95,0.99,1.54,310,8.5,5.11,13.94
2026-05-15 07:30:00+00:00,1.65,7.04,-74.69582761073723,1.5,1.88,1.11,0.97,1.53,312,6.8500000000000005,5.07,12.63
2026-05-15 08:00:00+00:00,1.68,7.16,-253.72834801840628,1.58,1.99,0.71,1.01,1.59,293,7.13,5.4,13.18
2026-05-15 08:30:00+00:00,1.78,7.27,699.8180149249979,1.67,2.02,1.26,1.04,1.66,295,6.53,5.37,12.98
2026-05-15 09:00:00+00:00,1.74,7.36,2100.0989280746753,1.59,1.93,1.24,1.01,1.6,287,8.85,5.5200000000000005,12.2
2026-05-15 09:30:00+00:00,1.74,7.05,2156.296249526472,1.65,2.01,1.89,1.0,1.62,312,6.76,5.09,11.81
2026-05-15 10:00:00+00:00,1.73,7.03,2285.0039017547774,1.6,2.06,1.28,1.0,1.6,308,6.95,5.15,12.47
2026-05-15 10:30:00+00:00,1.8,7.04,3787.3733124390283,1.63,2.04,1.66,1.08,1.68,300,6.98,5.2700000000000005,11.93
2026-05-15 11:00:00+00:00,1.7,6.86,1066.0008628132616,1.55,1.85,1.44,1.01,1.58,304,8.01,5.21,12.76
2026-05-15 11:30:00+00:00,1.66,7.32,1186.3040191955363,1.53,1.89,1.06,0.95,1.52,293,7.15,5.41,12.51
2026-05-15 12:00:00+00:00,1.63,7.71,-208.4489541670161,1.51,1.87,1.49,0.96,1.52,277,9.05,5.71,12.95
2026-05-15 12:30:00+00:00,1.57,7.45,7136.477227902615,1.45,1.83,1.44,0.89,1.43,301,9.24,5.2700000000000005,11.18
2026-05-15 13:00:00+00:00,1.59,7.390000000000001,1541.4168869992168,1.49,1.9,0.79,0.91,1.47,303,6.53,5.23,11.81
2026-05-15 13:30:00+00:00,1.62,7.12,1457.1544280498947,1.5,1.92,1.8,0.92,1.49,321,8.75,4.93,11.16
2026-05-15 14:00:00+00:00,1.61,6.95,3214.9728267217183,1.5,1.89,1.29,0.93,1.49,328,7.58,4.84,11.77
2026-05-15 14:30:00+00:00,1.63,6.7,2250.4422778244566,1.5,1.88,1.1,0.97,1.52,331,7.04,4.79,10.8
2026-05-15 15:00:00+00:00,1.72,7.0200000000000005,1378.5162019426682,1.58,1.99,1.82,0.99,1.57,328,6.36,4.82,11.08
2026-05-15 15:30:00+00:00,1.61,6.53,329.43974310713713,1.48,1.87,1.98,0.94,1.49,339,7.67,4.68,11.77
2026-05-15 16:00:00+00:00,1.63,6.57,-113.59399094333787,1.46,1.82,1.57,0.93,1.47,350,8.16,4.53,10.98
2026-05-15 16:30:00+00:00,1.69,6.34,-75.31939589089191,1.55,1.96,2.01,0.98,1.56,355,7.49,4.47,10.5
2026-05-15 17:00:00+00:00,1.85,6.55,-72.95409368349968,1.75,2.18,1.41,1.11,1.75,320,6.71,4.95,12.77
2026-05-15 17:30:00+00:00,1.83,6.17,-59.09512887332561,1.72,2.15,1.58,1.07,1.71,352,5.62,4.5,10.88
2026-05-15 18:00:00+00:00,1.97,6.03,-79.3308756550733,1.86,2.36,1.82,1.16,1.85,333,5.18,4.75,9.69
2026-05-15 18:30:00+00:00,2.13,6.23,-97.25619631461278,1.98,2.43,1.72,1.27,2.0,314,5.5600000000000005,5.0200000000000005,10.94
2026-05-15 19:00:00+00:00,2.24,6.4,-218.96372276520347,2.09,2.57,1.52,1.32,2.1,311,5.08,5.07,11.19
2026-05-15 19:30:00+00:00,2.01,6.19,-223.31649614322708,1.88,2.27,2.03,1.21,1.9,325,7.31,4.86,9.74
2026-05-15 20:00:00+00:00,1.97,6.2700000000000005,-25.170482915594825,1.85,2.25,1.72,1.2,1.88,317,5.64,4.99,9.92
2026-05-15 20:30:00+00:00,1.92,5.97,-93.62651634180247,1.8,2.28,1.56,1.17,1.84,326,4.98,4.87,9.69
2026-05-15 21:00:00+00:00,1.93,6.09,-339.9720244656751,1.79,2.21,1.26,1.14,1.8,334,6.98,4.74,10.6
2026-05-15 21:30:00+00:00,1.93,6.15,-399.3070709162971,1.81,2.2,0.88,1.16,1.82,331,7.23,4.78,10.36
2026-05-15 22:00:00+00:00,1.86,6.21,-284.6931586767548,1.73,2.13,1.0,1.12,1.75,317,6.33,5.0,10.32
2026-05-15 22:30:00+00:00,1.73,6.390000000000001,-350.4308681532815,1.62,2.03,0.72,1.01,1.61,324,7.48,4.9,10.68
2026-05-15 23:00:00+00:00,1.66,6.23,-166.09301465576078,1.56,1.9,1.06,1.01,1.58,320,8.03,4.95,11.77
2026-05-15 23:30:00+00:00,1.66,6.65,-234.436821771928,1.55,1.97,0.75,0.98,1.56,313,6.15,5.07,10.68
2026-05-16 00:00:00+00:00,1.71,6.75,-233.6087146641333,1.61,1.93,1.33,1.06,1.65,298,8.69,5.32,10.73
2026-05-16 00:30:00+00:00,1.6,6.57,-311.8775741876984,1.49,1.86,1.27,0.95,1.5,312,6.890000000000001,5.08,10.73
2026-05-16 01:00:00+00:00,1.53,6.94,-337.64830038325886,1.44,1.76,0.92,0.89,1.42,307,7.36,5.14,12.04
2026-05-16 01:30:00+00:00,1.49,6.86,-387.0933805808844,1.38,1.75,1.11,0.85,1.36,326,7.99,4.87,11.28
2026-05-16 02:00:00+00:00,1.41,6.78,-413.0328913653634,1.3,1.63,0.8,0.8200000000000001,1.3,321,7.49,4.93,10.39
2026-05-16 02:30:00+00:00,1.5,7.1000000000000005,-518.28347099912,1.41,1.89,1.29,0.86,1.4,306,6.58,5.18,11.23
2026-05-16 03:00:00+00:00,1.54,7.31,-460.44736575225875,1.44,1.79,1.23,0.9,1.43,284,9.23,5.58,11.77
2026-05-16 03:30:00+00:00,1.43,7.16,-357.8303817072417,1.35,1.62,1.23,0.85,1.35,285,9.16,5.57,11.01
2026-05-16 04:00:00+00:00,1.47,7.55,-352.9998581112468,1.42,1.73,0.97,0.92,1.44,259,7.62,6.13,12.07
2026-05-16 04:30:00+00:00,1.44,7.24,-344.6302060491616,1.34,1.73,0.8,0.8300000000000001,1.33,292,6.61,5.42,12.08
2026-05-16 05:00:00+00:00,1.36,7.28,-360.1302116251665,1.29,1.59,1.08,0.8,1.29,281,8.06,5.63,11.16
2026-05-16 05:30:00+00:00,1.39,7.43,-383.0877054046256,1.32,1.59,1.07,0.84,1.33,267,7.34,5.93,11.83
2026-05-16 06:00:00+00:00,1.53,7.52,-218.2016032731696,1.45,1.78,1.44,0.89,1.43,270,8.85,5.86,10.9
2026-05-16 06:30:00+00:00,1.35,7.44,14.607848182935324,1.29,1.6,0.93,0.81,1.28,267,8.72,5.89,11.19
2026-05-16 07:00:00+00:00,1.31,7.37,94.14695036161208,1.24,1.53,0.87,0.78,1.24,273,8.99,5.82,11.0
2026-05-16 07:30:00+00:00,1.38,7.57,164.47345931500018,1.28,1.69,0.94,0.81,1.3,265,7.71,5.96,10.54
2026-05-16 08:00:00+00:00,1.4,7.52,203.92571396289736,1.38,1.77,0.89,0.88,1.39,252,7.94,6.28,11.73
2026-05-16 08:30:00+00:00,1.4,7.46,169.4431387549136,1.32,1.69,0.84,0.8300000000000001,1.32,263,7.95,6.01,11.38
2026-05-16 09:00:00+00:00,1.43,7.29,38.953799189339904,1.37,1.71,0.71,0.85,1.36,277,7.61,5.71,11.18
2026-05-16 09:30:00+00:00,1.38,7.52,-53.49306477245358,1.32,1.63,0.93,0.79,1.29,278,9.18,5.7,11.03
2026-05-16 10:00:00+00:00,1.4,7.36,-25.145582429616336,1.33,1.65,0.6900000000000001,0.8200000000000001,1.32,276,7.16,5.75,11.4
2026-05-16 10:30:00+00:00,1.44,7.34,-30.4498105163617,1.36,1.69,1.19,0.86,1.36,278,7.87,5.69,10.82
2026-05-16 11:00:00+00:00,1.39,7.18,-8.711782728501447,1.31,1.67,0.85,0.8,1.29,300,7.13,5.28,10.7
2026-05-16 11:30:00+00:00,1.35,6.91,-87.51532107994885,1.29,1.55,0.99,0.78,1.26,315,8.040000000000001,5.0200000000000005,10.58
2026-05-16 12:00:00+00:00,1.27,6.66,-89.49013821147834,1.19,1.46,1.04,0.75,1.19,326,8.950000000000001,4.87,10.79
2026-05-16 12:30:00+00:00,1.32,6.48,-228.8332908682598,1.23,1.54,1.6,0.77,1.22,343,7.72,4.62,10.66
2026-05-16 13:00:00+00:00,1.28,6.61,-156.75935753444966,1.16,1.51,1.12,0.74,1.17,352,7.51,4.51,11.03
2026-05-16 13:30:00+00:00,1.26,6.21,-221.382945890824,1.15,1.44,1.45,0.74,1.17,364,8.75,4.3500000000000005,10.69
2026-05-16 14:00:00+00:00,1.27,6.12,-229.22938577875783,1.18,1.48,0.96,0.73,1.16,366,6.71,4.33,11.12
2026-05-16 14:30:00+00:00,1.3,6.38,-104.64090803004288,1.18,1.52,1.68,0.73,1.17,367,7.33,4.32,9.7
2026-05-16 15:00:00+00:00,1.24,6.3100000000000005,-62.967092848864795,1.12,1.42,1.14,0.71,1.13,369,7.76,4.29,9.88
2026-05-16 15:30:00+00:00,1.22,6.11,12.412789043127871,1.11,1.34,1.08,0.72,1.12,371,4.7700000000000005,4.2700000000000005,10.49
2026-05-16 16:00:00+00:00,1.29,6.34,-31.31724077045964,1.22,1.54,1.06,0.75,1.2,356,7.51,4.44,11.06
2026-05-16 16:30:00+00:00,1.19,6.29,-75.56215593975779,1.08,1.36,1.49,0.71,1.11,360,9.92,4.4,10.2
2026-05-16 17:00:00+00:00,1.22,5.95,0.22384333439626758,1.12,1.4,1.0,0.72,1.13,371,6.92,4.28,10.19
2026-05-16 17:30:00+00:00,1.23,6.0600000000000005,80.54810026828768,1.15,1.42,0.78,0.72,1.15,367,6.66,4.32,10.2
2026-05-16 18:00:00+00:00,1.28,6.3100000000000005,41.15182633344014,1.17,1.43,1.06,0.74,1.17,349,7.61,4.54,10.66
2026-05-16 18:30:00+00:00,1.25,6.0200000000000005,-121.10870593690079,1.14,1.43,1.04,0.73,1.15,375,4.5,4.23,9.74
2026-05-16 19:00:00+00:00,1.23,5.78,-288.06900289758033,1.14,1.45,0.78,0.74,1.15,374,7.24,4.24,9.32
2026-05-16 19:30:00+00:00,1.24,6.22,-276.5280877385308,1.14,1.41,1.24,0.72,1.14,353,7.390000000000001,4.48,10.5
2026-05-16 20:00:00+00:00,1.25,6.2,-423.22009977541404,1.16,1.5,1.24,0.73,1.16,356,5.94,4.46,10.05
2026-05-16 20:30:00+00:00,1.24,6.09,-356.4162127181506,1.11,1.42,0.95,0.73,1.14,347,6.74,4.5600000000000005,10.52
2026-05-16 21:00:00+00:00,1.28,6.03,-222.2515021235864,1.19,1.47,0.91,0.76,1.2,349,6.63,4.54,10.32
2026-05-16 21:30:00+00:00,1.26,5.97,-387.4636994934672,1.14,1.44,0.97,0.72,1.14,364,7.19,4.3500000000000005,10.12
2026-05-16 22:00:00+00:00,1.23,5.97,-489.7602951236425,1.12,1.42,1.46,0.71,1.12,368,7.67,4.32,9.55
2026-05-16 22:30:00+00:00,1.25,5.98,-394.4228167581274,1.17,1.42,0.66,0.75,1.19,345,5.2700000000000005,4.6000000000000005,10.97
2026-05-16 23:00:00+00:00,1.3,6.29,-342.24396131494865,1.22,1.49,1.07,0.79,1.24,324,5.14,4.9,10.41
2026-05-16 23:30:00+00:00,1.25,6.21,-405.73331230970484,1.17,1.44,0.72,0.74,1.17,336,6.83,4.7,10.42
2026-05-17 00:00:00+00:00,1.21,6.3100000000000005,-484.1321187578698,1.1,1.32,0.92,0.6900000000000001,1.1,334,8.38,4.73,11.15
2026-05-17 00:30:00+00:00,1.17,6.29,-378.7507400849486,1.11,1.38,0.62,0.7000000000000001,1.11,328,7.4,4.83,10.46
2026-05-17 01:00:00+00:00,1.18,6.55,-264.1829904238279,1.14,1.45,0.75,0.74,1.16,293,8.96,5.41,10.93
2026-05-17 01:30:00+00:00,1.22,6.66,-301.39109563035436,1.16,1.43,0.99,0.74,1.17,293,6.97,5.42,10.86
2026-05-17 02:00:00+00:00,1.16,6.62,-305.3411052050948,1.09,1.36,0.51,0.68,1.09,303,6.91,5.23,11.11
2026-05-17 02:30:00+00:00,1.15,6.65,-360.7043538071076,1.1,1.31,1.22,0.6900000000000001,1.1,297,8.040000000000001,5.33,10.43
2026-05-17 03:00:00+00:00,1.18,6.58,-307.9189563954191,1.11,1.37,0.37,0.6900000000000001,1.1,302,6.67,5.25,11.34
2026-05-17 03:30:00+00:00,1.11,6.57,-288.03915967588966,1.03,1.29,0.93,0.66,1.04,303,7.68,5.22,10.41
2026-05-17 04:00:00+00:00,1.06,6.75,-237.01803873933497,1.0,1.25,0.77,0.63,1.0,292,5.49,5.42,9.78
2026-05-17 04:30:00+00:00,1.06,6.6000000000000005,-221.86742004796514,1.02,1.3,0.99,0.65,1.03,294,6.95,5.38,10.16
2026-05-17 05:00:00+00:00,1.1,6.71,-212.823244404014,1.04,1.28,0.59,0.67,1.05,279,6.890000000000001,5.68,10.22
2026-05-17 05:30:00+00:00,1.09,6.83,-214.92070960164688,1.05,1.3,0.4,0.65,1.04,285,7.8,5.5600000000000005,10.56
2026-05-17 06:00:00+00:00,1.05,6.58,-175.44069299943428,1.0,1.27,0.72,0.63,1.0,289,6.1000000000000005,5.48,9.67
2026-05-17 06:30:00+00:00,0.99,6.5200000000000005,20.312278065085536,0.95,1.19,0.85,0.59,0.95,298,7.09,5.32,11.24
2026-05-17 07:00:00+00:00,0.91,6.5200000000000005,282.31942253523596,0.85,1.02,0.65,0.55,0.87,297,7.75,5.33,10.96
2026-05-17 07:30:00+00:00,0.93,6.51,213.35688079323486,0.87,1.06,0.79,0.56,0.88,305,6.55,5.19,10.92
2026-05-17 08:00:00+00:00,0.96,6.6000000000000005,294.29826355367334,0.89,1.1,0.48,0.5700000000000001,0.9,301,6.96,5.24,10.62
2026-05-17 08:30:00+00:00,0.92,6.45,425.39550599992714,0.89,1.13,0.46,0.55,0.89,305,7.53,5.18,10.55
2026-05-17 09:00:00+00:00,0.89,6.47,145.80513462940908,0.85,1.06,0.75,0.53,0.85,311,6.92,5.1000000000000005,10.25
2026-05-17 09:30:00+00:00,0.8300000000000001,6.5,7.5678632601389175,0.79,0.97,0.52,0.5,0.79,306,5.49,5.16,9.89
2026-05-17 10:00:00+00:00,0.81,6.5600000000000005,323.06836932683234,0.75,0.92,0.71,0.49,0.76,328,8.58,4.83,11.4
2026-05-17 10:30:00+00:00,0.86,6.34,66.36770422496062,0.81,1.03,0.53,0.51,0.81,344,7.32,4.61,11.49
2026-05-17 11:00:00+00:00,0.8200000000000001,6.19,-92.98822376117295,0.76,0.95,0.81,0.5,0.78,349,8.120000000000001,4.53,9.84
2026-05-17 11:30:00+00:00,0.85,6.22,-162.40994405165384,0.77,0.97,0.56,0.48,0.77,384,7.8,4.13,12.56
2026-05-17 12:00:00+00:00,0.9,6.41,-128.35343154379888,0.79,1.01,0.6900000000000001,0.5,0.79,396,8.290000000000001,4.01,9.64
2026-05-17 12:30:00+00:00,0.98,6.33,-195.26415136369891,0.89,1.15,0.8,0.58,0.9,377,7.82,4.21,11.05
2026-05-17 13:00:00+00:00,0.98,6.17,-158.6012132530238,0.89,1.09,0.46,0.58,0.91,394,7.08,4.01,10.21
2026-05-17 13:30:00+00:00,1.01,6.11,-191.3688432012859,0.91,1.14,0.84,0.59,0.92,395,8.05,4.0200000000000005,9.86
2026-05-17 14:00:00+00:00,1.05,6.0200000000000005,-161.8776809206002,0.93,1.18,0.81,0.6,0.95,414,6.74,3.83,11.08
2026-05-17 14:30:00+00:00,1.07,5.7700000000000005,-84.91657342049055,0.95,1.19,0.55,0.64,0.99,424,8.700000000000001,3.75,9.45
2026-05-17 15:00:00+00:00,1.18,6.2,-73.83636347535278,1.06,1.32,0.9,0.67,1.06,401,7.74,3.95,10.94
2026-05-17 15:30:00+00:00,1.15,6.140000000000001,-102.4156562758397,1.01,1.24,0.78,0.66,1.03,401,5.08,3.94,11.49
2026-05-17 16:00:00+00:00,1.23,6.3500000000000005,-116.48980147164335,1.11,1.38,1.08,0.7000000000000001,1.11,397,3.95,3.99,12.95
2026-05-17 16:30:00+00:00,1.2,6.71,-66.79332673052899,1.05,1.26,1.16,0.68,1.07,383,6.95,4.13,11.56
2026-05-17 17:00:00+00:00,1.29,6.55,197.11719590279588,1.15,1.42,1.11,0.74,1.15,386,5.94,4.11,12.08
2026-05-17 17:30:00+00:00,1.38,6.62,-12.92596648445157,1.23,1.5,1.11,0.8,1.25,364,5.5200000000000005,4.36,10.85
2026-05-17 18:00:00+00:00,1.47,6.86,-240.33507709797348,1.37,1.68,1.31,0.87,1.37,346,7.67,4.59,13.84
2026-05-17 18:30:00+00:00,1.48,6.67,-375.20280948273245,1.33,1.62,1.13,0.86,1.35,349,5.73,4.53,12.67
2026-05-17 19:00:00+00:00,1.53,6.5600000000000005,-401.43590988558077,1.42,1.72,1.25,0.91,1.43,347,5.43,4.57,12.53
2026-05-17 19:30:00+00:00,1.54,6.73,-274.5279258379528,1.4,1.75,1.58,0.9,1.42,340,5.15,4.66,12.75
2026-05-17 20:00:00+00:00,1.69,7.27,-189.8501505697216,1.54,1.81,1.8,1.02,1.58,315,7.5,5.01,13.38
2026-05-17 20:30:00+00:00,1.69,7.38,-204.55217606687884,1.57,1.87,0.94,1.02,1.59,306,4.73,5.17,14.16
2026-05-17 21:00:00+00:00,1.65,7.77,-311.6447740774339,1.47,1.83,1.2,0.95,1.49,314,8.44,5.05,14.41
2026-05-17 21:30:00+00:00,1.85,7.8,-438.31696990869796,1.67,2.07,1.65,1.09,1.7,297,8.08,5.34,14.69
2026-05-17 22:00:00+00:00,1.82,7.78,-479.77682047790535,1.65,2.06,2.35,1.09,1.69,294,6.03,5.38,13.08
2026-05-17 22:30:00+00:00,1.76,8.28,-406.4306688817132,1.6,1.98,1.52,1.03,1.62,288,11.35,5.48,14.71
2026-05-17 23:00:00+00:00,1.79,8.18,-235.37380556772192,1.65,2.03,1.88,1.08,1.68,286,12.43,5.54,15.03
2026-05-17 23:30:00+00:00,1.79,7.88,-246.03875127156678,1.69,2.05,1.71,1.09,1.71,287,5.5,5.5200000000000005,13.31
2026-05-18 00:00:00+00:00,1.84,8.26,-267.24414607336666,1.71,2.06,2.2,1.09,1.71,280,9.92,5.65,14.56
2026-05-18 00:30:00+00:00,1.78,8.19,-282.24605138603005,1.63,2.04,2.13,1.03,1.64,287,5.7,5.5200000000000005,13.42
2026-05-18 01:00:00+00:00,1.73,7.9,-287.79677012882235,1.55,1.9,1.53,0.99,1.56,302,7.91,5.26,12.97
2026-05-18 01:30:00+00:00,1.84,9.19,-228.41881319965188,1.66,2.05,1.59,1.03,1.65,263,12.61,6.0200000000000005,15.63
2026-05-18 02:00:00+00:00,1.74,8.66,-251.7607477954652,1.58,1.91,1.6,1.01,1.59,270,9.09,5.86,15.13
2026-05-18 02:30:00+00:00,1.75,8.89,-302.9569902533538,1.68,2.09,1.6,1.05,1.68,255,9.93,6.22,14.63
2026-05-18 03:00:00+00:00,1.75,9.44,-295.3590749589987,1.61,2.0,1.99,0.97,1.58,256,12.84,6.17,14.49
2026-05-18 03:30:00+00:00,1.77,9.06,-235.88434221886857,1.63,2.02,2.12,0.98,1.59,255,10.16,6.2,14.67
2026-05-18 04:00:00+00:00,1.7,9.57,-408.26361547606757,1.56,2.0,1.24,0.96,1.54,244,11.9,6.51,15.21
2026-05-18 04:30:00+00:00,1.6,9.28,-301.48442566604035,1.48,1.92,1.09,0.88,1.45,249,10.73,6.32,15.99
2026-05-18 05:00:00+00:00,1.6,9.66,-376.3017902110122,1.48,1.86,1.23,0.92,1.47,226,11.64,7.0,15.05
2026-05-18 05:30:00+00:00,1.92,10.28,-538.6438259592929,1.84,2.27,1.07,1.14,1.83,197,10.27,8.01,13.71
2026-05-18 06:00:00+00:00,1.65,9.95,-237.1687463485909,1.6,1.99,1.1,1.01,1.62,201,10.61,7.86,15.74
2026-05-18 06:30:00+00:00,1.79,10.1,-117.91260113170588,1.72,2.05,0.89,1.11,1.75,194,11.01,8.15,14.69
2026-05-18 07:00:00+00:00,1.67,10.08,-9.93983250322354,1.65,2.0,1.08,1.0,1.62,202,11.54,7.83,14.61
2026-05-18 07:30:00+00:00,1.74,9.99,-195.16054074108774,1.71,2.07,1.08,1.11,1.74,186,10.47,8.49,15.41
2026-05-18 08:00:00+00:00,1.78,10.2,4033.709026308373,1.68,2.13,1.41,1.03,1.67,197,9.92,8.03,16.48
2026-05-18 08:30:00+00:00,1.73,10.11,7523.918408608899,1.71,2.12,0.89,1.05,1.69,189,10.82,8.34,15.66
2026-05-18 09:00:00+00:00,1.74,9.99,2773.2627605707544,1.69,2.19,0.98,1.04,1.68,196,10.98,8.040000000000001,14.85
2026-05-18 09:30:00+00:00,1.86,10.27,2802.5678248048275,1.76,2.3000000000000003,1.0,1.11,1.78,184,11.04,8.57,15.02
2026-05-18 10:00:00+00:00,1.72,9.87,1841.7657088726555,1.7,2.16,1.76,1.06,1.71,191,9.73,8.31,15.45
2026-05-18 10:30:00+00:00,1.75,10.21,1537.5260520726908,1.75,2.2,0.59,1.07,1.72,181,10.45,8.67,15.47
2026-05-18 11:00:00+00:00,1.69,9.63,1391.6534750204391,1.62,2.07,1.04,1.01,1.63,196,9.32,8.03,15.73
2026-05-18 11:30:00+00:00,1.74,9.98,1491.218918902606,1.61,1.94,0.81,1.01,1.61,193,10.2,8.16,15.71
2026-05-18 12:00:00+00:00,1.6,9.44,1392.5749419981062,1.55,1.94,0.87,1.0,1.57,191,8.2,8.26,14.9
2026-05-18 12:30:00+00:00,1.69,9.45,2853.597096993888,1.55,1.98,0.81,0.99,1.57,198,11.38,8.01,13.62
2026-05-18 13:00:00+00:00,1.51,9.56,3212.2539425293785,1.5,1.87,0.94,0.93,1.49,199,10.92,7.96,14.95
2026-05-18 13:30:00+00:00,1.54,9.67,3289.1456692011725,1.49,1.94,1.42,0.94,1.5,195,11.39,8.120000000000001,14.96
2026-05-18 14:00:00+00:00,1.51,9.4,3175.3749071504235,1.43,1.85,1.29,0.91,1.45,204,9.88,7.75,14.35
2026-05-18 14:30:00+00:00,1.42,9.51,3165.5183313914904,1.35,1.72,0.8,0.8200000000000001,1.34,213,9.93,7.42,15.9
2026-05-18 15:00:00+00:00,1.6,9.65,3095.95773704088,1.52,1.92,1.39,0.95,1.52,201,10.82,7.85,13.42
2026-05-18 15:30:00+00:00,1.66,9.69,3134.8244527124107,1.61,1.99,1.27,0.98,1.59,199,9.29,7.95,13.95
2026-05-18 16:00:00+00:00,1.45,9.5,3350.5494037721487,1.4,1.75,0.6,0.92,1.43,198,10.13,8.0,14.17
2026-05-18 16:30:00+00:00,1.49,9.92,2548.0769731680534,1.45,1.86,0.96,0.89,1.43,207,9.2,7.63,14.07
2026-05-18 17:00:00+00:00,1.38,9.66,1491.7620769981338,1.34,1.65,0.92,0.8,1.31,217,11.55,7.3,13.48
2026-05-18 17:30:00+00:00,1.47,9.72,272.4916411595097,1.36,1.67,0.96,0.84,1.35,208,10.32,7.61,13.69
2026-05-18 18:00:00+00:00,1.29,9.44,-40.199729714011944,1.21,1.48,0.94,0.73,1.18,227,8.950000000000001,6.96,14.14
2026-05-18 18:30:00+00:00,1.24,9.07,-155.29118779000805,1.18,1.48,0.95,0.73,1.17,232,8.92,6.8,12.97
2026-05-18 19:00:00+00:00,1.12,8.620000000000001,-83.70769087336699,1.06,1.34,0.93,0.66,1.06,251,8.91,6.3,12.59
2026-05-18 19:30:00+00:00,1.3,8.89,46.77607042488441,1.19,1.52,0.94,0.73,1.17,250,8.76,6.34,13.26
2026-05-18 20:00:00+00:00,1.36,9.23,-228.27718287930517,1.28,1.61,1.06,0.76,1.25,242,8.67,6.55,12.88
2026-05-18 20:30:00+00:00,1.33,9.24,-316.0941034704115,1.23,1.53,0.98,0.76,1.22,235,10.26,6.73,14.56
2026-05-18 21:00:00+00:00,1.18,8.58,-470.0368871668401,1.12,1.43,0.93,0.6900000000000001,1.1,259,10.54,6.1000000000000005,13.49
2026-05-18 21:30:00+00:00,1.22,8.65,-317.5161503875023,1.12,1.49,1.17,0.68,1.11,272,8.870000000000001,5.8100000000000005,12.34
2026-05-18 22:00:00+00:00,1.25,8.38,-244.46299771896986,1.15,1.45,0.8,0.7000000000000001,1.13,269,9.88,5.9,13.87
2026-05-18 22:30:00+00:00,1.24,8.52,-511.05338826458274,1.15,1.42,1.15,0.7000000000000001,1.13,273,8.34,5.8,12.24
2026-05-18 23:00:00+00:00,1.23,8.03,-275.73138436660594,1.11,1.41,1.09,0.71,1.12,281,9.44,5.65,13.6
2026-05-18 23:30:00+00:00,1.19,7.69,-366.742991763142,1.11,1.4,1.34,0.6900000000000001,1.1,303,10.92,5.25,11.7
2026-05-19 00:00:00+00:00,1.28,7.8,-387.0039813681119,1.19,1.47,1.38,0.74,1.18,284,10.7,5.57,11.94
2026-05-19 00:30:00+00:00,1.3,7.640000000000001,-369.06823684846506,1.22,1.53,1.26,0.75,1.21,306,6.69,5.19,12.01
2026-05-19 01:00:00+00:00,1.41,7.45,-425.79247063715366,1.3,1.62,1.24,0.8300000000000001,1.32,288,8.56,5.51,12.97
2026-05-19 01:30:00+00:00,1.36,7.4,-185.7521296188196,1.33,1.64,1.23,0.81,1.31,289,7.68,5.45,12.38
2026-05-19 02:00:00+00:00,1.4,7.53,-69.130010285014,1.31,1.61,1.01,0.8,1.29,307,9.36,5.16,12.01
2026-05-19 02:30:00+00:00,1.45,7.34,-259.4994347382928,1.35,1.65,1.33,0.86,1.35,294,8.620000000000001,5.38,12.12
2026-05-19 03:00:00+00:00,1.46,7.24,-387.8511474213276,1.33,1.64,1.21,0.85,1.35,297,7.0200000000000005,5.33,11.4
2026-05-19 03:30:00+00:00,1.45,7.140000000000001,-356.59460453926,1.35,1.66,1.35,0.84,1.34,305,8.5,5.2,11.23
2026-05-19 04:00:00+00:00,1.54,7.0200000000000005,-382.9508922553105,1.4,1.71,1.84,0.88,1.4,314,9.36,5.03,10.77
2026-05-19 04:30:00+00:00,1.45,6.59,-421.5684181249457,1.34,1.62,1.38,0.89,1.38,314,7.88,5.03,11.58
2026-05-19 05:00:00+00:00,1.55,6.76,-433.3680681039289,1.43,1.78,1.78,0.9,1.43,334,7.35,4.75,11.79
2026-05-19 05:30:00+00:00,1.55,6.61,-425.6673317534324,1.43,1.73,1.52,0.91,1.44,320,4.95,4.94,11.72
2026-05-19 06:00:00+00:00,1.57,6.65,-356.5128266409855,1.43,1.82,1.56,0.91,1.44,328,7.23,4.84,11.08
2026-05-19 06:30:00+00:00,1.57,6.6000000000000005,-285.96116599761154,1.45,1.78,1.16,0.91,1.45,331,5.39,4.79,11.6
2026-05-19 07:00:00+00:00,1.53,6.46,-90.27351318607103,1.42,1.79,1.5,0.89,1.42,330,8.27,4.8100000000000005,12.68
2026-05-19 07:30:00+00:00,1.61,6.8100000000000005,4008.434053230211,1.47,1.81,1.53,0.97,1.5,318,6.63,4.99,11.61
2026-05-19 08:00:00+00:00,1.62,6.72,9281.66000527754,1.47,1.79,1.73,0.94,1.48,326,8.11,4.8500000000000005,12.16
2026-05-19 08:30:00+00:00,1.66,6.6000000000000005,3612.453485737507,1.56,1.87,1.05,1.03,1.6,306,6.01,5.18,12.15
2026-05-19 09:00:00+00:00,1.76,6.28,5044.074705359622,1.64,2.06,1.39,1.05,1.66,322,5.1000000000000005,4.91,10.34
2026-05-19 09:30:00+00:00,1.61,6.24,2270.0514157627954,1.49,1.84,1.26,0.97,1.52,332,8.74,4.7700000000000005,12.6
2026-05-19 10:00:00+00:00,1.61,6.4,1922.5546262318585,1.52,1.89,1.44,0.96,1.52,335,10.12,4.74,11.07
2026-05-19 10:30:00+00:00,1.59,6.45,2058.971791753871,1.45,1.81,1.34,0.92,1.46,333,9.13,4.75,13.18
2026-05-19 11:00:00+00:00,1.64,6.3100000000000005,5257.18847118424,1.52,1.9,1.01,0.95,1.52,341,5.94,4.65,10.55
2026-05-19 11:30:00+00:00,1.53,6.74,6208.246556832874,1.43,1.8,0.74,0.91,1.44,318,8.61,4.98,11.9
2026-05-19 12:00:00+00:00,1.51,6.8,1468.2786750134328,1.41,1.77,1.08,0.9,1.43,312,7.48,5.05,10.92
2026-05-19 12:30:00+00:00,1.51,6.68,-9348.867785909086,1.41,1.72,1.05,0.93,1.44,307,8.35,5.16,12.23
2026-05-19 13:00:00+00:00,1.57,7.08,-8814.352245865175,1.44,1.82,0.89,0.89,1.43,306,8.370000000000001,5.18,11.02
2026-05-19 13:30:00+00:00,1.48,6.92,5504.81650120316,1.38,1.7,1.11,0.88,1.39,299,6.5,5.29,12.04
2026-05-19 14:00:00+00:00,1.47,7.09,-17152.240531846706,1.39,1.75,1.24,0.86,1.38,297,5.87,5.34,10.94
2026-05-19 14:30:00+00:00,1.51,7.27,-32532.067337288685,1.45,1.76,1.18,0.91,1.44,271,7.76,5.86,12.47
2026-05-19 15:00:00+00:00,1.5,7.62,-31805.306391134836,1.41,1.72,0.8,0.89,1.4,266,7.96,5.96,15.65
2026-05-19 15:30:00+00:00,1.41,7.58,-3318.3189498854567,1.36,1.66,1.02,0.85,1.34,261,9.1,6.0600000000000005,13.92
2026-05-19 16:00:00+00:00,1.37,7.56,1502.093493962271,1.3,1.64,1.63,0.81,1.3,269,6.86,5.91,11.64
2026-05-19 16:30:00+00:00,1.45,7.78,204.9944079036,1.47,1.85,0.71,0.94,1.48,240,9.04,6.6000000000000005,13.15
2026-05-19 17:00:00+00:00,1.41,7.68,360.00707493301013,1.38,1.73,1.39,0.87,1.38,251,7.68,6.3,11.24
2026-05-19 17:30:00+00:00,1.38,7.71,299.6251580352798,1.31,1.63,0.8300000000000001,0.85,1.33,242,8.03,6.55,13.09
2026-05-19 18:00:00+00:00,1.51,8.1,289.61293901263485,1.43,1.79,0.88,0.9,1.43,236,7.95,6.71,13.05
2026-05-19 18:30:00+00:00,1.53,8.22,-55.737815224085296,1.49,1.85,1.62,0.93,1.48,236,9.25,6.71,12.23
2026-05-19 19:00:00+00:00,1.66,8.41,-157.11085945412503,1.54,1.91,1.46,0.99,1.57,224,7.99,7.05,12.62
2026-05-19 19:30:00+00:00,1.6,8.16,-136.4969140546479,1.56,1.98,1.44,0.99,1.57,226,7.28,7.0,12.09
2026-05-19 20:00:00+00:00,1.64,8.31,-138.3727645445185,1.6,1.88,1.21,1.04,1.62,221,8.84,7.140000000000001,15.03
2026-05-19 20:30:00+00:00,1.72,8.34,-118.73859853061927,1.65,2.03,0.8200000000000001,1.06,1.66,219,8.06,7.24,15.62
2026-05-19 21:00:00+00:00,1.77,8.58,86.7307344290846,1.71,2.16,0.72,1.09,1.72,212,8.67,7.47,12.69
2026-05-19 21:30:00+00:00,1.79,8.59,-121.07592845407163,1.68,2.05,0.97,1.07,1.69,214,8.6,7.41,13.5
2026-05-19 22:00:00+00:00,1.96,8.72,-10.246935620019112,1.88,2.34,1.32,1.23,1.94,210,8.5,7.53,14.05
2026-05-19 22:30:00+00:00,1.97,8.94,-151.4161745616313,1.92,2.37,1.04,1.23,1.95,211,8.24,7.5,13.22
2026-05-19 23:00:00+00:00,2.09,9.16,49.04675351069468,1.95,2.38,0.96,1.25,1.97,211,7.890000000000001,7.44,14.51
2026-05-19 23:30:00+00:00,2.24,9.07,-44.0131071973985,2.19,2.78,0.73,1.36,2.16,208,7.34,7.61,13.27
2026-05-20 00:00:00+00:00,2.17,9.69,-99.93847154130617,2.03,2.46,1.02,1.28,2.04,200,9.4,7.91,16.330000000000002
2026-05-20 00:30:00+00:00,2.52,9.75,148069.01867627745,2.39,2.95,2.81,1.5,2.4,201,9.38,7.87,15.73
2026-05-20 01:00:00+00:00,2.43,9.92,159398.30912709932,2.34,2.85,1.79,1.5,2.37,195,9.12,8.120000000000001,15.89
2026-05-20 01:30:00+00:00,2.5,10.38,147159.33539400963,2.36,2.92,2.07,1.51,2.39,193,11.21,8.21,18.51
2026-05-20 02:00:00+00:00,2.5500000000000003,10.77,143085.58759814256,2.52,3.15,1.39,1.62,2.56,182,12.79,8.700000000000001,18.14
2026-05-20 02:30:00+00:00,2.74,10.9,161325.22088462836,2.54,3.27,1.37,1.57,2.53,187,10.25,8.47,18.02
2026-05-20 03:00:00+00:00,2.89,11.56,156554.71083501735,2.78,3.52,2.61,1.76,2.79,168,10.94,9.39,16.15
2026-05-20 03:30:00+00:00,2.87,11.53,151456.59732965278,2.81,3.47,1.82,1.76,2.8000000000000003,167,10.17,9.39,19.44
2026-05-20 04:00:00+00:00,3.13,11.57,145094.45661872847,2.97,3.85,2.15,1.8,2.94,172,12.03,9.15,16.07
2026-05-20 04:30:00+00:00,3.15,11.93,165236.20798451873,3.12,3.93,2.44,1.98,3.16,155,12.63,10.25,17.63
2026-05-20 05:00:00+00:00,2.83,11.56,148319.41615799625,2.78,3.45,2.71,1.73,2.78,169,12.84,9.35,16.98
2026-05-20 05:30:00+00:00,3.2,12.1,156775.7388459477,3.09,3.79,2.07,1.95,3.11,157,12.3,10.06,17.73
2026-05-20 06:00:00+00:00,3.02,11.96,158134.038584192,2.87,3.66,2.22,1.8,2.87,164,13.2,9.64,16.03
2026-05-20 06:30:00+00:00,2.76,11.73,161787.52900823744,2.72,3.38,1.72,1.75,2.76,157,13.18,10.06,16.95
2026-05-20 07:00:00+00:00,2.94,11.89,156229.71938481115,2.8000000000000003,3.69,2.06,1.65,2.73,175,11.42,9.04,15.53
2026-05-20 07:30:00+00:00,2.81,11.86,149809.69631318064,2.77,3.45,1.63,1.73,2.77,158,11.66,10.02,17.53
2026-05-20 08:00:00+00:00,2.74,11.88,168173.95395081912,2.63,3.31,3.04,1.67,2.66,156,12.3,10.09,16.14
2026-05-20 08:30:00+00:00,2.66,11.5,152445.56867719066,2.5,3.0700000000000003,1.79,1.59,2.52,167,12.4,9.48,16.03
2026-05-20 09:00:00+00:00,2.86,11.77,152276.85246110216,2.75,3.34,1.77,1.71,2.75,162,12.78,9.76,18.07
2026-05-20 09:30:00+00:00,2.87,11.68,109121.43878461093,2.85,3.56,3.27,1.78,2.84,153,12.06,10.32,16.1
2026-05-20 10:00:00+00:00,3.02,12.07,134792.95581147695,2.95,3.54,1.48,1.95,3.01,145,11.32,10.96,17.18
2026-05-20 10:30:00+00:00,2.8000000000000003,11.74,142371.9849699063,2.75,3.47,1.46,1.72,2.75,154,12.65,10.23,17.27
2026-05-20 11:00:00+00:00,2.82,11.57,156538.82948244395,2.76,3.56,1.24,1.75,2.78,154,11.59,10.26,16.86
2026-05-20 11:30:00+00:00,2.71,11.36,158751.05700097067,2.57,3.23,2.23,1.61,2.56,158,11.93,9.97,17.81
2026-05-20 12:00:00+00:00,3.01,11.36,145.04738963980705,2.78,3.4,2.46,1.71,2.75,168,9.65,9.39,15.76
2026-05-20 12:30:00+00:00,2.85,11.53,312.01790306891104,2.75,3.33,1.38,1.7,2.73,164,11.42,9.65,15.71
2026-05-20 13:00:00+00:00,2.47,10.98,6309.105061340448,2.41,3.04,1.37,1.43,2.34,184,12.18,8.59,15.18
2026-05-20 13:30:00+00:00,2.66,11.04,5694.584785626316,2.51,3.2,2.22,1.51,2.47,181,10.01,8.72,16.02
2026-05-20 14:00:00+00:00,2.64,10.62,1954.5510555416467,2.5500000000000003,3.11,1.97,1.62,2.57,178,9.86,8.84,15.61
2026-05-20 14:30:00+00:00,2.54,10.56,2494.282978195923,2.35,2.92,2.22,1.43,2.32,194,12.19,8.15,16.59
2026-05-20 15:00:00+00:00,2.73,10.59,2024.3246619555011,2.64,3.42,1.68,1.62,2.64,183,10.81,8.620000000000001,16.28
2026-05-20 15:30:00+00:00,2.69,10.59,145.76126960339073,2.56,3.22,1.53,1.65,2.6,172,9.73,9.2,16.64
2026-05-20 16:00:00+00:00,2.41,10.49,50.68420492857849,2.41,2.98,1.23,1.51,2.42,180,9.96,8.74,16.23
2026-05-20 16:30:00+00:00,2.48,10.46,114.56187496980564,2.38,3.06,1.7,1.42,2.33,193,9.33,8.21,15.51
2026-05-20 17:00:00+00:00,2.53,10.61,223.10176355513016,2.4,2.88,1.04,1.51,2.41,184,11.34,8.61,14.52
2026-05-20 17:30:00+00:00,2.41,10.18,-16.76906102365964,2.26,2.72,1.71,1.35,2.2,208,9.42,7.61,14.79
2026-05-20 18:00:00+00:00,2.44,10.23,176.5377954012677,2.38,3.03,2.23,1.42,2.31,202,9.26,7.83,15.51
2026-05-20 18:30:00+00:00,2.32,9.99,62.971157189397815,2.25,2.8000000000000003,1.49,1.41,2.25,203,11.05,7.76,14.33
2026-05-20 19:00:00+00:00,2.34,10.33,81.76845326229943,2.22,2.79,1.51,1.34,2.18,205,10.86,7.67,15.71
2026-05-20 19:30:00+00:00,2.25,9.81,32.312950289417536,2.18,2.67,0.97,1.37,2.17,207,11.04,7.67,14.04
2026-05-20 20:00:00+00:00,2.45,10.29,87.41020276285565,2.26,2.83,1.73,1.39,2.24,213,10.69,7.43,14.14
2026-05-20 20:30:00+00:00,2.33,10.08,25.070780594649953,2.25,2.77,2.2,1.37,2.21,212,11.75,7.46,14.1
2026-05-20 21:00:00+00:00,2.33,10.05,-277.46248133590115,2.26,2.8000000000000003,1.49,1.42,2.26,200,11.89,7.87,13.93
2026-05-20 21:30:00+00:00,2.26,9.88,-153.81799749739494,2.06,2.5500000000000003,1.13,1.26,2.04,220,10.04,7.19,14.16
2026-05-20 22:00:00+00:00,2.15,10.14,-116.87554233738067,2.05,2.61,1.11,1.29,2.05,203,10.66,7.79,13.9
2026-05-20 22:30:00+00:00,1.87,9.78,-20.595238791751235,1.79,2.38,1.57,1.07,1.76,224,11.07,7.03,14.46
2026-05-20 23:00:00+00:00,2.16,10.38,-131.5438701076391,2.07,2.57,1.37,1.24,2.02,204,10.44,7.76,14.69
2026-05-20 23:30:00+00:00,2.01,10.26,-204.79660447497537,1.9,2.46,2.06,1.1,1.82,217,11.79,7.31,14.43
2026-05-21 00:00:00+00:00,2.01,10.39,,1.91,2.27,1.04,1.15,1.86,199,11.25,7.97,14.89
2026-05-21 00:30:00+00:00,1.94,10.22,-305.60500770807187,1.75,2.15,1.48,1.05,1.71,213,9.33,7.44,14.17
2026-05-21 01:00:00+00:00,1.88,10.33,-389.20822617482037,1.79,2.34,1.04,1.11,1.78,196,9.11,8.1,14.13
2026-05-21 01:30:00+00:00,1.84,10.19,-381.00518737496975,1.77,2.31,1.45,1.07,1.75,199,10.33,7.91,14.12
2026-05-21 02:00:00+00:00,1.75,10.12,-134.4200055356804,1.67,2.19,1.23,1.03,1.67,200,11.09,7.94,14.24
2026-05-21 02:30:00+00:00,1.91,10.17,-205.38792028621012,1.85,2.37,1.03,1.12,1.82,189,10.45,8.34,14.55
2026-05-21 03:00:00+00:00,1.76,10.35,-136.8700647290013,1.74,2.19,1.03,1.04,1.69,183,11.0,8.63,15.49
2026-05-21 03:30:00+00:00,1.79,10.14,-55.62608684605253,1.78,2.24,0.95,1.07,1.75,191,10.12,8.26,14.6
2026-05-21 04:00:00+00:00,1.76,10.26,-198.9481690115603,1.76,2.14,1.18,1.11,1.76,178,10.59,8.870000000000001,14.58
2026-05-21 04:30:00+00:00,1.6,9.81,-175.38619662297705,1.52,1.86,1.0,0.97,1.54,190,11.89,8.34,13.21
2026-05-21 05:00:00+00:00,1.77,9.86,-460.82069953698084,1.66,2.13,0.8,1.06,1.69,182,9.64,8.69,13.89
2026-05-21 05:30:00+00:00,1.68,9.95,78.2571968891207,1.61,1.97,0.88,1.02,1.63,188,10.2,8.42,15.36
2026-05-21 06:00:00+00:00,1.75,9.81,8411.70682942177,1.72,2.07,1.4,1.12,1.76,182,10.69,8.69,14.41
2026-05-21 06:30:00+00:00,1.55,9.5,6453.38182368649,1.54,1.92,0.88,0.95,1.52,195,9.91,8.13,14.97
2026-05-21 07:00:00+00:00,1.73,9.46,5991.625569740469,1.64,2.16,0.86,1.01,1.63,196,9.26,8.07,15.22
2026-05-21 07:30:00+00:00,1.81,9.94,-1582.6775322998901,1.73,2.09,1.16,1.07,1.71,191,9.82,8.290000000000001,14.07
2026-05-21 08:00:00+00:00,1.69,9.45,-4614.667686021266,1.71,2.08,0.53,1.07,1.7,191,9.69,8.3,14.29
2026-05-21 08:30:00+00:00,1.72,9.57,-9243.076688795496,1.72,2.22,1.03,1.06,1.71,190,9.89,8.3,14.9
2026-05-21 09:00:00+00:00,1.72,9.5,45.90134331847852,1.7,2.17,1.21,1.03,1.67,200,10.64,7.92,13.41
2026-05-21 09:30:00+00:00,1.61,9.12,-20377.341601031927,1.5,1.9,0.95,0.96,1.52,207,9.2,7.62,12.73
2026-05-21 10:00:00+00:00,1.66,9.11,4158.375997194531,1.61,2.03,0.8,1.02,1.62,200,9.99,7.92,13.41
2026-05-21 10:30:00+00:00,1.7,9.12,1100.2749856902549,1.6,1.88,0.64,1.06,1.65,195,10.48,8.120000000000001,12.86
2026-05-21 11:00:00+00:00,1.7,8.97,3587.5993649549314,1.6,1.93,0.81,1.06,1.65,197,8.93,8.02,14.9
2026-05-21 11:30:00+00:00,1.72,8.86,2955.271655529152,1.61,1.94,0.78,1.06,1.64,199,9.82,7.94,13.11
2026-05-21 12:00:00+00:00,1.64,8.98,3005.077548332319,1.54,1.96,0.92,0.98,1.55,204,9.2,7.75,13.35
2026-05-21 12:30:00+00:00,1.46,8.81,3180.2520383494934,1.43,1.79,0.84,0.9,1.43,210,10.38,7.53,13.68
2026-05-21 13:00:00+00:00,1.61,8.82,592.908426412263,1.52,1.86,0.52,1.0,1.55,202,7.55,7.82,13.03
2026-05-21 13:30:00+00:00,1.45,8.77,1754.7069110141424,1.44,1.79,0.58,0.91,1.44,204,7.85,7.77,13.41
2026-05-21 14:00:00+00:00,1.46,8.73,-35884.47492865131,1.4,1.76,0.79,0.89,1.41,207,8.73,7.63,13.77
2026-05-21 14:30:00+00:00,1.49,9.18,419.544404518321,1.4,1.66,1.16,0.94,1.45,196,7.930000000000001,8.07,12.97
2026-05-21 15:00:00+00:00,1.59,9.2,-3875.726581739914,1.53,1.82,0.96,1.02,1.57,185,10.0,8.56,13.41
2026-05-21 15:30:00+00:00,1.65,9.12,2942.615282552595,1.57,1.94,0.9,1.01,1.59,193,8.370000000000001,8.17,13.08
2026-05-21 16:00:00+00:00,1.48,8.65,3017.8106083371813,1.42,1.78,0.87,0.91,1.44,211,8.59,7.51,14.15
2026-05-21 16:30:00+00:00,1.36,8.82,2845.5373012814975,1.31,1.65,0.88,0.8200000000000001,1.31,210,8.88,7.55,13.89
2026-05-21 17:00:00+00:00,1.5,9.0,2634.046599862932,1.39,1.69,0.81,0.9,1.41,203,9.52,7.76,14.67
2026-05-21 17:30:00+00:00,1.36,8.96,2687.0707710557126,1.36,1.61,0.43,0.86,1.35,200,8.64,7.91,13.01
2026-05-21 18:00:00+00:00,1.48,9.13,2551.9450441569816,1.43,1.83,1.1,0.93,1.46,191,8.73,8.3,12.53
2026-05-21 18:30:00+00:00,1.42,9.24,2501.2970062177296,1.43,1.73,1.03,0.93,1.45,186,9.8,8.49,13.89
2026-05-21 19:00:00+00:00,1.3,9.03,2805.103302436086,1.25,1.5,0.8,0.8,1.27,200,8.66,7.91,12.88
2026-05-21 19:30:00+00:00,1.35,9.25,3058.0461628546573,1.32,1.69,0.71,0.81,1.31,197,8.99,8.040000000000001,14.53
2026-05-21 20:00:00+00:00,1.4,9.5,3345.304019433201,1.33,1.78,0.88,0.81,1.32,204,9.05,7.75,13.02
2026-05-21 20:30:00+00:00,1.33,9.25,3211.0738349617477,1.27,1.56,0.76,0.8200000000000001,1.29,193,9.09,8.23,13.45
2026-05-21 21:00:00+00:00,1.36,9.57,2932.689915740474,1.32,1.62,0.73,0.85,1.34,190,9.16,8.36,13.32
2026-05-21 21:30:00+00:00,1.33,9.3,3085.184288633252,1.28,1.52,0.51,0.84,1.31,188,10.98,8.41,12.35
2026-05-21 22:00:00+00:00,1.43,9.25,2944.9960506251546,1.42,1.73,0.8,0.9,1.43,186,9.17,8.48,13.37
2026-05-21 22:30:00+00:00,1.33,9.31,2857.697004800981,1.29,1.68,0.67,0.8,1.29,199,10.72,7.94,13.27
2026-05-21 23:00:00+00:00,1.52,9.51,2719.823186627537,1.5,1.87,0.6900000000000001,0.95,1.51,186,8.25,8.53,14.66
2026-05-21 23:30:00+00:00,1.39,9.14,2436.683409124874,1.38,1.73,0.91,0.86,1.38,199,9.54,7.94,12.56
2026-05-22 00:00:00+00:00,1.5,9.1,2232.831494016657,1.44,1.8,1.2,0.87,1.42,206,8.41,7.640000000000001,12.6
2026-05-22 00:30:00+00:00,1.5,9.19,2289.943669295481,1.4,1.75,0.8200000000000001,0.88,1.41,196,9.11,8.05,13.67
2026-05-22 01:00:00+00:00,1.63,9.45,2452.740992111629,1.59,2.01,0.71,1.03,1.62,185,9.85,8.56,13.65
2026-05-22 01:30:00+00:00,1.55,9.38,2509.4748528387872,1.51,1.85,0.7000000000000001,0.96,1.51,189,8.81,8.4,16.240000000000002
2026-05-22 02:00:00+00:00,1.5,9.15,2453.8185596405924,1.5,1.84,1.22,0.94,1.49,198,8.94,8.0,13.96
2026-05-22 02:30:00+00:00,1.6,9.38,2478.2219242526403,1.54,1.9,1.05,0.97,1.54,197,9.97,8.01,15.44
2026-05-22 03:00:00+00:00,1.73,9.38,2664.009774964541,1.68,2.14,0.78,1.06,1.7,192,9.13,8.25,13.55
2026-05-22 03:30:00+00:00,1.78,9.47,2618.5156262936794,1.74,2.23,0.81,1.04,1.69,197,9.58,8.03,12.84
2026-05-22 04:00:00+00:00,1.68,9.51,2397.5309718319268,1.66,2.12,1.3,1.04,1.66,194,10.39,8.17,12.86
2026-05-22 04:30:00+00:00,1.7,9.51,2345.6004725953767,1.64,2.03,1.02,1.07,1.67,191,9.66,8.27,13.43
2026-05-22 05:00:00+00:00,1.77,9.61,1959.3800409660764,1.72,2.08,0.98,1.13,1.76,180,11.37,8.82,15.02
2026-05-22 05:30:00+00:00,1.87,9.71,1994.7967456286844,1.8,2.22,1.1,1.13,1.79,188,10.42,8.41,14.51
2026-05-22 06:00:00+00:00,1.93,10.13,2819.568422098782,1.84,2.29,0.59,1.2,1.88,175,11.01,9.01,14.32
2026-05-22 06:30:00+00:00,1.8,9.66,3028.7270281463743,1.78,2.27,1.72,1.09,1.75,193,11.28,8.17,13.12
2026-05-22 07:00:00+00:00,2.0,9.8,2600.709713370766,2.0,2.53,0.86,1.25,2.0,181,10.46,8.72,15.5
2026-05-22 07:30:00+00:00,1.76,9.73,1917.3581506029784,1.7,2.12,0.8,1.06,1.69,190,9.81,8.32,13.84
2026-05-22 08:00:00+00:00,1.73,9.64,-192.9479764394131,1.63,2.02,0.91,1.06,1.67,187,9.75,8.41,14.76
2026-05-22 08:30:00+00:00,1.59,9.36,-216.3323747450239,1.54,1.84,1.0,0.96,1.53,200,9.13,7.9,13.38
2026-05-22 09:00:00+00:00,1.62,9.54,3815.8212764846135,1.59,1.93,1.42,1.04,1.62,189,9.89,8.4,13.75
2026-05-22 09:30:00+00:00,1.65,9.59,1938.4450262645848,1.56,2.01,1.21,0.95,1.54,205,10.42,7.72,13.16
2026-05-22 10:00:00+00:00,1.62,9.56,1644.1828913567122,1.47,1.85,0.96,0.89,1.45,221,10.29,7.15,14.82
2026-05-22 10:30:00+00:00,1.58,9.25,1741.3497218205418,1.52,1.95,1.01,0.94,1.52,224,10.04,7.0600000000000005,13.91
2026-05-22 11:00:00+00:00,1.54,9.33,1479.1753321312992,1.49,1.86,1.0,0.92,1.49,216,10.23,7.33,13.55
2026-05-22 11:30:00+00:00,1.54,9.43,1306.0178751547385,1.45,1.87,1.37,0.89,1.44,220,10.3,7.22,13.35
2026-05-22 12:00:00+00:00,1.45,9.38,1176.4485861812695,1.38,1.81,0.59,0.81,1.33,224,9.92,7.0,15.45
2026-05-22 12:30:00+00:00,1.58,9.46,7227.289772254096,1.48,1.81,1.06,0.92,1.47,212,9.92,7.45,12.4
2026-05-22 13:00:00+00:00,1.55,9.3,2422.2365605587934,1.49,1.87,0.76,0.91,1.47,213,9.23,7.43,14.44
2026-05-22 13:30:00+00:00,1.54,9.31,1621.4973828582656,1.51,1.95,0.98,0.9,1.47,220,9.41,7.22,13.34
2026-05-22 14:00:00+00:00,1.69,9.48,4867.014612433003,1.6,1.94,1.27,0.97,1.56,220,10.41,7.19,14.13
2026-05-22 14:30:00+00:00,1.73,9.53,9178.879725768407,1.7,2.18,1.53,1.02,1.67,218,9.29,7.27,13.85
2026-05-22 15:00:00+00:00,1.52,9.12,1498.6546765139685,1.52,1.86,1.11,0.93,1.5,220,10.38,7.21,12.98
2026-05-22 15:30:00+00:00,1.63,9.35,1530.3033918129547,1.57,1.99,0.87,0.97,1.56,219,9.82,7.26,13.14
2026-05-22 16:00:00+00:00,1.63,9.24,1172.2121434542883,1.58,1.98,0.92,0.93,1.53,229,10.48,6.93,12.89
2026-05-22 16:30:00+00:00,1.55,9.26,1130.628407610261,1.5,1.93,1.21,0.91,1.48,224,10.48,7.0600000000000005,13.8
2026-05-22 17:00:00+00:00,1.59,9.43,1203.2994508860675,1.49,1.92,0.91,0.91,1.48,219,9.26,7.23,14.17
2026-05-22 17:30:00+00:00,1.47,9.3,1163.9449572178944,1.42,1.79,1.13,0.88,1.41,213,10.08,7.43,13.66
2026-05-22 18:00:00+00:00,1.68,9.44,1210.490743326891,1.6,1.99,1.21,1.01,1.61,199,9.84,7.97,14.97
2026-05-22 18:30:00+00:00,1.55,9.19,984.1752078702998,1.5,1.88,0.8300000000000001,0.91,1.48,217,8.59,7.32,13.51
2026-05-22 19:00:00+00:00,1.73,9.59,936.2186535319361,1.66,2.09,0.92,1.04,1.66,198,9.46,7.98,14.07
2026-05-22 19:30:00+00:00,1.63,9.48,934.2032909128275,1.64,2.07,1.1,0.95,1.57,212,10.43,7.48,13.41
2026-05-22 20:00:00+00:00,1.67,9.44,964.8894252243982,1.56,1.91,0.99,1.0,1.59,206,10.67,7.68,15.6
2026-05-22 20:30:00+00:00,1.72,9.31,921.9078549319106,1.64,2.0,1.14,0.98,1.6,227,9.44,6.99,14.25
2026-05-22 21:00:00+00:00,1.59,9.01,742.9667884924171,1.57,2.02,1.61,0.92,1.51,238,8.27,6.65,13.47
2026-05-22 21:30:00+00:00,1.66,9.24,805.1043189918291,1.61,2.04,0.94,0.98,1.59,224,9.83,7.08,13.56
2026-05-22 22:00:00+00:00,1.7,9.32,595.9767580593167,1.68,2.17,1.65,1.0,1.64,221,10.38,7.140000000000001,12.65
2026-05-22 22:30:00+00:00,1.85,9.39,929.7256266328383,1.76,2.33,1.22,1.03,1.71,228,10.57,6.94,14.03
2026-05-22 23:00:00+00:00,1.76,9.05,1095.8877950431252,1.69,2.1,1.57,1.01,1.64,231,12.01,6.8500000000000005,13.34
2026-05-22 23:30:00+00:00,1.77,9.01,1064.3441648999715,1.67,2.13,1.42,1.04,1.66,221,9.17,7.15,13.18
2026-05-23 00:00:00+00:00,1.84,9.58,1041.3380118355958,1.73,2.31,1.17,1.03,1.68,217,8.370000000000001,7.28,13.24
2026-05-23 00:30:00+00:00,1.67,9.05,1092.1542352441072,1.62,2.06,1.41,0.96,1.57,235,9.23,6.71,13.76
2026-05-23 01:00:00+00:00,1.72,9.33,1032.0673155878535,1.6,1.97,1.63,0.95,1.55,234,9.8,6.75,13.21
2026-05-23 01:30:00+00:00,1.57,9.23,1016.0609108416905,1.53,1.87,1.04,0.91,1.48,236,10.44,6.71,13.29
2026-05-23 02:00:00+00:00,1.7,9.11,729.5476197856017,1.6,1.99,1.32,1.0,1.6,228,10.48,6.96,13.66
2026-05-23 02:30:00+00:00,1.66,9.32,770.9560522914796,1.57,1.89,1.19,1.03,1.62,212,9.01,7.47,13.67
2026-05-23 03:00:00+00:00,1.55,8.78,852.6708489888024,1.48,1.91,1.2,0.88,1.43,250,8.41,6.34,12.95
2026-05-23 03:30:00+00:00,1.73,9.4,851.7369035412487,1.61,1.95,0.9,1.01,1.6,223,11.08,7.0600000000000005,13.55
2026-05-23 04:00:00+00:00,1.64,9.28,855.3226871346833,1.6,2.03,1.22,0.94,1.55,234,10.82,6.73,13.1
2026-05-23 04:30:00+00:00,1.66,9.24,866.4041283848451,1.56,1.98,1.19,0.96,1.54,221,10.82,7.15,13.32
2026-05-23 05:00:00+00:00,1.55,8.94,818.2631339752411,1.42,1.72,0.68,0.9,1.43,236,9.7,6.71,13.2
2026-05-23 05:30:00+00:00,1.56,8.77,903.5026801549127,1.5,1.94,1.62,0.94,1.5,226,9.4,6.98,13.44
2026-05-23 06:00:00+00:00,1.56,8.81,1160.7412006642646,1.47,1.81,0.93,0.95,1.5,230,9.04,6.890000000000001,14.13
2026-05-23 06:30:00+00:00,1.58,9.21,1256.192275237423,1.49,1.89,1.09,0.94,1.5,219,11.41,7.22,14.86
2026-05-23 07:00:00+00:00,1.48,8.77,1376.5833597154538,1.44,1.83,1.17,0.88,1.42,239,9.62,6.62,13.86
2026-05-23 07:30:00+00:00,1.45,8.58,1103.268741311481,1.32,1.61,0.94,0.88,1.36,234,6.0600000000000005,6.75,12.87
2026-05-23 08:00:00+00:00,1.61,8.950000000000001,1232.012219316496,1.52,1.9,1.16,0.98,1.55,223,11.24,7.11,13.67
2026-05-23 08:30:00+00:00,1.47,8.47,1170.1658742746135,1.41,1.8,1.02,0.91,1.44,225,8.700000000000001,7.0200000000000005,12.88
2026-05-23 09:00:00+00:00,1.38,8.55,1054.1308694567572,1.29,1.61,1.05,0.8300000000000001,1.32,230,7.27,6.88,13.24
2026-05-23 09:30:00+00:00,1.53,8.89,1212.8519250966249,1.44,1.71,1.14,0.94,1.46,213,9.91,7.44,13.2
2026-05-23 10:00:00+00:00,1.44,8.35,1327.9338725527305,1.39,1.7,0.88,0.88,1.39,234,9.54,6.76,13.03
2026-05-23 10:30:00+00:00,1.38,8.36,1685.302809182083,1.31,1.6,0.79,0.8300000000000001,1.32,242,10.19,6.5600000000000005,12.52
2026-05-23 11:00:00+00:00,1.46,8.92,1535.1028384088581,1.4,1.7,0.75,0.92,1.44,211,9.2,7.49,14.91
2026-05-23 11:30:00+00:00,1.57,8.89,1567.5917193435087,1.48,1.81,0.97,0.93,1.48,225,10.44,7.04,13.09
2026-05-23 12:00:00+00:00,1.53,8.91,1638.1782389186203,1.46,1.82,0.94,0.92,1.46,222,9.82,7.11,12.85
2026-05-23 12:30:00+00:00,1.67,9.14,1417.807154144938,1.6,2.0,0.89,1.0,1.6,214,8.02,7.390000000000001,13.92
2026-05-23 13:00:00+00:00,1.65,8.9,1347.2698908555205,1.54,1.93,1.34,0.99,1.55,217,9.1,7.25,12.79
2026-05-23 13:30:00+00:00,1.59,8.8,1387.1538103815167,1.52,1.97,1.13,0.91,1.49,230,9.99,6.890000000000001,12.76
2026-05-23 14:00:00+00:00,1.5,8.950000000000001,1344.9380165329892,1.44,1.79,1.51,0.93,1.47,212,9.19,7.48,13.39
2026-05-23 14:30:00+00:00,1.71,9.32,1259.9648898841358,1.69,2.08,1.11,1.06,1.68,196,10.68,8.09,12.77
2026-05-23 15:00:00+00:00,1.49,8.9,1125.9236962906673,1.48,1.83,1.1,0.87,1.43,219,8.3,7.21,12.4
2026-05-23 15:30:00+00:00,1.45,8.73,1066.0451562500107,1.39,1.67,0.94,0.89,1.4,214,9.12,7.38,12.31
2026-05-23 16:00:00+00:00,1.51,9.14,1324.033305900279,1.48,1.83,0.73,0.91,1.46,207,9.89,7.61,12.49
2026-05-23 16:30:00+00:00,1.53,9.04,1267.0075122709266,1.44,1.72,0.66,0.9,1.44,208,8.47,7.63,13.86
2026-05-23 17:00:00+00:00,1.46,8.98,1259.330530918574,1.41,1.83,0.66,0.92,1.45,200,8.99,7.890000000000001,12.94
2026-05-23 17:30:00+00:00,1.4,8.790000000000001,1258.1001790375199,1.37,1.6,0.75,0.89,1.39,206,9.07,7.71,13.94
2026-05-23 18:00:00+00:00,1.52,8.76,1220.465707859117,1.41,1.75,0.94,0.87,1.39,235,9.22,6.73,12.15
2026-05-23 18:30:00+00:00,1.59,8.86,1033.4917355970683,1.46,1.83,0.93,0.92,1.46,235,10.54,6.75,12.03
2026-05-23 19:00:00+00:00,1.54,8.700000000000001,755.0475268838369,1.42,1.85,0.77,0.8200000000000001,1.37,271,9.56,5.84,12.41
2026-05-23 19:30:00+00:00,1.46,8.18,835.5161906815052,1.37,1.74,0.93,0.81,1.33,278,8.57,5.71,12.36
2026-05-23 20:00:00+00:00,1.45,8.25,1151.951186854988,1.36,1.73,0.98,0.8,1.31,277,7.930000000000001,5.71,12.32
2026-05-23 20:30:00+00:00,1.4,8.15,1060.7795637906345,1.36,1.67,0.99,0.85,1.35,256,9.06,6.19,12.27
2026-05-23 21:00:00+00:00,1.51,8.620000000000001,1136.196361527263,1.41,1.74,1.14,0.89,1.41,244,10.17,6.49,12.61
2026-05-23 21:30:00+00:00,1.44,8.76,1024.1368709414517,1.36,1.7,1.03,0.84,1.34,239,11.56,6.61,12.3
2026-05-23 22:00:00+00:00,1.37,8.370000000000001,861.0474495632723,1.32,1.68,0.96,0.8,1.3,256,9.24,6.19,12.56
2026-05-23 22:30:00+00:00,1.4,8.49,946.8387092762847,1.36,1.7,1.38,0.84,1.35,234,6.93,6.75,12.78
2026-05-23 23:00:00+00:00,1.26,8.32,991.2643623629957,1.21,1.54,1.18,0.72,1.18,260,8.34,6.09,12.73
2026-05-23 23:30:00+00:00,1.22,8.43,1309.7945925730023,1.16,1.45,1.17,0.74,1.17,252,9.52,6.28,13.24
2026-05-24 00:00:00+00:00,1.3,8.74,1283.9831261125955,1.22,1.56,0.55,0.73,1.19,252,11.13,6.3,13.17
2026-05-24 00:30:00+00:00,1.27,8.66,1211.3496543702495,1.17,1.52,1.01,0.73,1.17,249,8.52,6.36,11.48
2026-05-24 01:00:00+00:00,1.28,8.81,1461.052996617037,1.26,1.6,0.8300000000000001,0.78,1.25,221,8.2,7.15,13.37
2026-05-24 01:30:00+00:00,1.28,9.07,1332.6891790677353,1.2,1.55,0.96,0.72,1.18,226,9.28,6.98,12.63
2026-05-24 02:00:00+00:00,1.36,9.12,1170.8857577335352,1.32,1.66,0.77,0.8,1.3,216,9.18,7.34,12.43
2026-05-24 02:30:00+00:00,1.15,8.6,53341.661012829005,1.11,1.38,0.75,0.7000000000000001,1.11,229,9.65,6.9,13.24
2026-05-24 03:00:00+00:00,1.14,8.69,155967.11096501257,1.11,1.44,0.51,0.68,1.09,227,9.88,6.95,12.92
2026-05-24 03:30:00+00:00,1.25,8.81,164570.7459061654,1.19,1.52,0.64,0.73,1.18,225,9.92,7.04,13.13
2026-05-24 04:00:00+00:00,1.36,9.08,160788.52770412096,1.32,1.63,0.72,0.8200000000000001,1.31,209,9.06,7.58,12.42
2026-05-24 04:30:00+00:00,1.19,8.63,158716.26856636442,1.15,1.45,0.63,0.7000000000000001,1.13,239,8.870000000000001,6.63,13.2
2026-05-24 05:00:00+00:00,1.3,8.99,149619.82779776142,1.32,1.68,0.89,0.79,1.28,218,9.41,7.26,12.87
2026-05-24 05:30:00+00:00,1.14,8.47,146032.71055793163,1.08,1.37,0.7000000000000001,0.65,1.06,252,8.36,6.2700000000000005,12.16
2026-05-24 06:00:00+00:00,1.27,8.700000000000001,166564.75563807617,1.27,1.63,1.01,0.75,1.23,236,8.89,6.71,11.82
2026-05-24 06:30:00+00:00,1.13,8.1,53876.63270952542,1.05,1.33,0.99,0.64,1.03,280,10.55,5.66,11.93
2026-05-24 07:00:00+00:00,1.16,7.9,1450.3079168677048,1.13,1.42,0.87,0.67,1.1,283,7.87,5.58,11.89
2026-05-24 07:30:00+00:00,1.21,8.02,153534.74525289363,1.16,1.47,0.81,0.68,1.12,287,9.49,5.53,12.23
2026-05-24 08:00:00+00:00,1.21,7.88,161581.51336300376,1.16,1.42,0.68,0.72,1.15,274,8.38,5.79,11.16
2026-05-24 08:30:00+00:00,1.14,7.51,167799.94792707067,1.05,1.34,1.12,0.64,1.03,303,8.870000000000001,5.24,10.51
2026-05-24 09:00:00+00:00,1.15,7.59,181572.7045080328,1.1,1.39,0.9,0.68,1.09,281,7.51,5.64,11.36
2026-05-24 09:30:00+00:00,1.18,7.640000000000001,164138.6092972622,1.14,1.46,0.9,0.7000000000000001,1.13,279,8.23,5.67,13.36
2026-05-24 10:00:00+00:00,1.24,7.65,164758.0194207266,1.13,1.39,0.99,0.73,1.14,266,8.61,5.92,12.11
2026-05-24 10:30:00+00:00,1.18,7.63,168785.30957478212,1.1,1.37,0.92,0.68,1.09,279,8.21,5.69,11.98
2026-05-24 11:00:00+00:00,1.17,7.4,179250.10264122163,1.1,1.36,1.19,0.72,1.12,275,7.2,5.76,12.43
2026-05-24 11:30:00+00:00,1.21,7.69,153267.64525044756,1.18,1.4,1.14,0.73,1.16,271,9.11,5.8100000000000005,11.31
2026-05-24 12:00:00+00:00,1.16,7.56,147043.7539466648,1.11,1.36,0.95,0.6900000000000001,1.1,277,8.700000000000001,5.71,10.71
2026-05-24 12:30:00+00:00,1.14,7.5,146200.65599551427,1.09,1.35,0.6,0.67,1.08,276,8.16,5.73,12.43
2026-05-24 13:00:00+00:00,1.16,7.57,171389.74271592902,1.12,1.39,1.03,0.72,1.13,252,7.34,6.29,11.66
2026-05-24 13:30:00+00:00,1.09,7.52,,1.02,1.29,0.68,0.65,1.03,268,8.77,5.91,12.71
2026-05-24 14:00:00+00:00,1.23,7.99,,1.15,1.45,0.7000000000000001,0.73,1.16,246,8.97,6.43,11.35
2026-05-24 14:30:00+00:00,1.07,7.53,,1.01,1.28,0.74,0.65,1.03,258,8.17,6.13,11.49
2026-05-24 15:00:00+00:00,1.12,8.05,,1.08,1.33,0.87,0.68,1.08,242,8.58,6.5600000000000005,11.94
2026-05-24 15:30:00+00:00,1.03,7.78,,0.99,1.21,0.86,0.62,0.99,259,8.98,6.13,11.41
2026-05-24 16:00:00+00:00,1.03,7.9,,1.01,1.26,0.78,0.65,1.02,237,9.18,6.67,12.63
2026-05-24 16:30:00+00:00,0.96,7.82,,0.95,1.21,0.49,0.5700000000000001,0.93,261,7.890000000000001,6.04,12.48
2026-05-24 17:00:00+00:00,1.01,7.890000000000001,,0.97,1.25,0.5,0.61,0.97,239,9.75,6.61,11.86
2026-05-24 17:30:00+00:00,0.97,8.01,,0.92,1.18,0.52,0.58,0.93,248,9.34,6.37,11.79
2026-05-24 18:00:00+00:00,0.95,8.0,,0.96,1.17,0.73,0.6,0.96,235,8.44,6.74,11.65
2026-05-24 18:30:00+00:00,1.0,8.16,,0.95,1.18,0.6,0.61,0.96,237,9.35,6.69,12.25
2026-05-24 19:00:00+00:00,0.88,7.8,,0.84,1.03,0.29,0.54,0.84,246,9.23,6.44,12.31
2026-05-24 19:30:00+00:00,0.91,7.85,,0.88,1.11,0.42,0.55,0.88,239,9.04,6.6000000000000005,13.37
2026-05-24 20:00:00+00:00,0.88,7.91,,0.86,1.06,0.44,0.55,0.87,240,8.06,6.58,12.3
2026-05-24 20:30:00+00:00,0.91,8.07,,0.89,1.09,0.67,0.54,0.87,245,9.38,6.46,11.54
2026-05-24 21:00:00+00:00,0.91,8.040000000000001,1243.0268816399814,0.89,1.13,0.78,0.54,0.87,245,9.51,6.46,11.98
2026-05-24 21:30:00+00:00,0.87,7.95,967.9554287112604,0.8300000000000001,1.06,0.8,0.53,0.8300000000000001,247,8.84,6.390000000000001,11.36
2026-05-24 22:00:00+00:00,0.87,8.24,926.5705367049142,0.84,1.05,0.45,0.54,0.86,227,7.42,7.0,12.37
2026-05-24 22:30:00+00:00,0.91,8.31,1060.587410456178,0.88,1.12,0.5700000000000001,0.55,0.87,233,10.52,6.8100000000000005,12.65
2026-05-24 23:00:00+00:00,0.91,8.19,983.2435083252872,0.86,1.1,0.72,0.53,0.85,244,8.98,6.48,13.75
2026-05-24 23:30:00+00:00,0.9,8.32,953.6817323453834,0.87,1.06,0.44,0.58,0.89,224,9.02,7.09,13.61
2026-05-25 00:00:00+00:00,0.9,8.35,988.6989313484705,0.88,1.08,0.65,0.56,0.89,231,9.76,6.82,12.56
2026-05-25 00:30:00+00:00,0.8300000000000001,8.55,1162.9719700309267,0.79,0.97,0.72,0.51,0.8,228,8.67,6.96,13.63
2026-05-25 01:00:00+00:00,0.89,8.72,1194.9354938481238,0.84,1.07,0.39,0.54,0.86,221,8.76,7.140000000000001,15.02
2026-05-25 01:30:00+00:00,0.9,8.74,1224.920113335858,0.86,1.04,0.73,0.54,0.85,226,9.68,6.98,14.08
2026-05-25 02:00:00+00:00,0.98,8.65,1164.1471853131266,0.91,1.15,0.6900000000000001,0.58,0.92,226,9.54,7.0,12.93
2026-05-25 02:30:00+00:00,1.01,8.96,1097.4872638757313,0.97,1.23,0.55,0.6,0.97,222,10.58,7.140000000000001,15.16
2026-05-25 03:00:00+00:00,0.93,8.74,1030.0134757485525,0.93,1.21,0.8200000000000001,0.6,0.96,217,9.24,7.3,15.47
2026-05-25 03:30:00+00:00,0.99,9.3,1056.9455243236407,0.94,1.18,0.62,0.5700000000000001,0.92,232,8.27,6.82,15.64
2026-05-25 04:00:00+00:00,1.02,10.0,1167.3744265881571,0.95,1.19,0.53,0.59,0.94,214,10.66,7.38,15.22
2026-05-25 04:30:00+00:00,1.02,9.54,1193.9609756538077,0.92,1.18,0.6900000000000001,0.6,0.94,228,9.6,6.890000000000001,16.41
2026-05-25 05:00:00+00:00,0.97,9.3,973.3428967833304,0.92,1.15,0.52,0.55,0.9,244,10.58,6.49,19.87
2026-05-25 05:30:00+00:00,1.12,9.93,1010.4303537855775,1.05,1.3,0.75,0.65,1.04,222,10.02,7.13,17.07
2026-05-25 06:00:00+00:00,1.1,9.16,1186.3211115681138,1.04,1.29,0.92,0.66,1.04,224,8.61,7.0600000000000005,15.16
2026-05-25 06:30:00+00:00,1.07,9.44,1390.472418647224,1.02,1.32,0.78,0.63,1.01,225,9.93,7.0600000000000005,15.75
2026-05-25 07:00:00+00:00,1.11,9.98,1397.3885353313087,1.05,1.34,0.58,0.65,1.04,220,10.66,7.18,16.41
2026-05-25 07:30:00+00:00,1.15,10.47,1248.6312882104858,1.1,1.32,1.07,0.7000000000000001,1.1,200,12.35,7.890000000000001,16.990000000000002
2026-05-25 08:00:00+00:00,1.16,10.72,236.82535657635654,1.1,1.34,0.88,0.68,1.08,202,10.21,7.81,16.86
2026-05-25 08:30:00+00:00,1.16,11.03,190.3730504669554,1.09,1.44,0.97,0.65,1.07,210,10.73,7.52,17.46
2026-05-25 09:00:00+00:00,1.31,11.65,333.4353259124783,1.25,1.58,0.99,0.74,1.22,193,12.48,8.22,18.89
2026-05-25 09:30:00+00:00,1.43,12.25,410.49723522349024,1.38,1.73,1.01,0.8200000000000001,1.34,177,13.08,8.93,17.23
2026-05-25 10:00:00+00:00,1.52,12.5,384.9864554443078,1.44,1.78,1.24,0.9,1.44,161,12.77,9.79,17.240000000000002
2026-05-25 10:30:00+00:00,1.46,12.47,1033.3950188122267,1.48,1.9,1.23,0.87,1.43,163,11.4,9.69,17.3
2026-05-25 11:00:00+00:00,1.57,12.41,1176.0401257076746,1.55,1.95,1.04,0.97,1.56,153,12.14,10.31,17.89
2026-05-25 11:30:00+00:00,1.49,11.79,7212.689342465326,1.43,1.82,1.31,0.87,1.42,171,13.05,9.28,15.92
2026-05-25 12:00:00+00:00,1.49,12.0,5134.348107582144,1.48,1.84,0.64,0.89,1.45,167,12.04,9.46,17.64
2026-05-25 12:30:00+00:00,1.56,12.25,579.25084475424,1.47,1.81,1.18,0.88,1.44,166,11.35,9.56,17.900000000000002
2026-05-25 13:00:00+00:00,1.54,12.12,4342.8652574406515,1.54,1.98,0.87,0.95,1.53,155,12.54,10.19,17.36
2026-05-25 13:30:00+00:00,1.7,12.24,-509.43039296419215,1.64,2.15,0.86,0.97,1.62,159,13.1,9.92,17.46
2026-05-25 14:00:00+00:00,1.7,12.3,649.8371027191504,1.65,1.98,0.97,1.07,1.68,147,11.91,10.7,16.6
2026-05-25 14:30:00+00:00,1.59,11.98,-4263.601618133066,1.53,1.92,1.11,0.95,1.53,158,12.44,10.0,17.66
2026-05-25 15:00:00+00:00,1.73,12.11,3165.258050136211,1.71,2.14,0.77,1.04,1.69,150,11.15,10.5,18.3
2026-05-25 15:30:00+00:00,1.86,11.97,4531.552182867295,1.81,2.19,1.0,1.19,1.85,146,12.15,10.82,16.36
2026-05-25 16:00:00+00:00,1.8,11.66,-6059.205712415384,1.8,2.22,1.66,1.12,1.79,153,11.96,10.31,16.68
2026-05-25 16:30:00+00:00,1.55,11.63,-18550.841042327003,1.48,1.86,1.35,0.92,1.48,164,11.75,9.63,15.51
2026-05-25 17:00:00+00:00,1.67,11.65,-16326.818209398696,1.65,2.09,0.76,1.04,1.65,153,11.4,10.3,17.0
2026-05-25 17:30:00+00:00,1.73,11.66,-170.23204968363348,1.67,2.1,1.1,1.06,1.68,153,12.34,10.32,16.37
2026-05-25 18:00:00+00:00,1.71,11.73,-10156.639147103728,1.69,2.1,0.72,1.02,1.66,159,12.36,9.93,17.0
2026-05-25 18:30:00+00:00,1.67,11.62,-4753.278223203264,1.6,2.01,0.84,0.98,1.59,163,11.15,9.66,15.94
2026-05-25 19:00:00+00:00,1.56,11.29,-18295.01264631573,1.53,1.89,0.61,0.98,1.54,157,11.56,10.08,16.05
2026-05-25 19:30:00+00:00,1.74,11.46,-2467.3125725660957,1.62,2.05,0.44,1.03,1.63,156,12.0,10.09,16.1
2026-05-25 20:00:00+00:00,1.68,11.28,1409.4410210373608,1.64,2.0,0.88,1.1,1.7,153,10.87,10.26,16.75
2026-05-25 20:30:00+00:00,1.77,11.47,1177.7874809817415,1.75,2.13,0.94,1.12,1.76,158,12.07,9.95,16.96
2026-05-25 21:00:00+00:00,1.77,11.23,1162.0291602006625,1.73,2.23,1.07,1.07,1.73,162,12.26,9.76,16.81
2026-05-25 21:30:00+00:00,1.68,11.22,1070.9323062008914,1.63,2.02,0.85,1.03,1.65,158,10.83,9.98,16.15
2026-05-25 22:00:00+00:00,1.87,11.69,1041.7309873932145,1.83,2.31,1.12,1.17,1.86,153,12.2,10.34,18.25
2026-05-25 22:30:00+00:00,1.77,11.64,1129.4378554876016,1.72,2.14,0.74,1.02,1.68,164,11.96,9.63,18.01
2026-05-25 23:00:00+00:00,1.79,11.62,1378.9341489249969,1.77,2.24,1.6,1.09,1.76,159,13.9,9.97,16.71
2026-05-25 23:30:00+00:00,1.74,11.6,1216.9746235724215,1.65,2.09,1.05,1.02,1.64,167,12.53,9.42,17.650000000000002
2026-05-26 00:00:00+00:00,1.82,11.66,1231.7503113712012,1.79,2.21,1.07,1.13,1.8,158,11.5,10.0,15.88
2026-05-26 00:30:00+00:00,1.75,11.43,1178.5608996662365,1.72,2.07,0.97,1.08,1.73,163,11.39,9.73,16.4
2026-05-26 01:00:00+00:00,1.67,11.09,1118.892127716857,1.61,1.95,0.92,1.06,1.66,163,11.7,9.65,15.25
2026-05-26 01:30:00+00:00,1.93,11.83,1098.5796506779936,1.86,2.43,1.13,1.11,1.83,163,11.91,9.63,16.73
2026-05-26 02:00:00+00:00,1.72,11.61,1352.3548630931266,1.62,2.2,1.16,0.96,1.59,170,11.84,9.31,16.37
2026-05-26 02:30:00+00:00,1.76,11.76,1287.0138654331643,1.73,2.17,0.88,1.05,1.7,163,12.02,9.73,16.56
2026-05-26 03:00:00+00:00,1.48,11.24,1255.4363752316758,1.43,1.86,1.22,0.89,1.43,167,12.09,9.44,15.4
2026-05-26 03:30:00+00:00,1.64,11.62,1154.7445455991601,1.58,1.95,0.73,1.01,1.61,155,9.82,10.18,16.16
2026-05-26 04:00:00+00:00,1.75,11.44,1194.169308256974,1.71,2.18,0.63,1.07,1.71,152,11.63,10.37,16.81
2026-05-26 04:30:00+00:00,1.55,11.42,1262.5058887237196,1.45,1.74,0.9,0.92,1.46,168,10.47,9.33,15.66
2026-05-26 05:00:00+00:00,1.6,11.14,856.7132076171018,1.55,1.96,1.34,0.96,1.55,169,11.27,9.36,16.56
2026-05-26 05:30:00+00:00,1.6,11.26,928.7963205224578,1.55,1.98,1.39,0.95,1.54,164,10.66,9.62,14.71
2026-05-26 06:00:00+00:00,1.41,10.95,1181.9807428296099,1.42,1.74,0.53,0.91,1.44,162,11.12,9.71,15.99
2026-05-26 06:30:00+00:00,1.45,11.09,1300.87167670408,1.41,1.76,1.02,0.89,1.42,162,11.14,9.69,15.17
2026-05-26 07:00:00+00:00,1.5,11.0,1199.35501016847,1.46,1.87,0.75,0.9,1.45,166,11.79,9.49,16.22
2026-05-26 07:30:00+00:00,1.4,10.8,3664.3112038383824,1.35,1.72,1.03,0.87,1.38,166,11.67,9.53,16.47
2026-05-26 08:00:00+00:00,1.28,10.48,5587.990665236076,1.24,1.54,0.42,0.81,1.27,171,10.35,9.24,17.05
2026-05-26 08:30:00+00:00,1.38,10.64,3239.6323476319512,1.37,1.77,0.43,0.88,1.39,163,11.32,9.72,16.240000000000002
2026-05-26 09:00:00+00:00,1.48,10.71,2366.5011104861583,1.37,1.76,0.58,0.85,1.37,171,11.52,9.22,16.15
2026-05-26 09:30:00+00:00,1.55,10.79,2466.030398243655,1.44,1.74,0.64,0.89,1.43,171,12.07,9.23,16.72
2026-05-26 10:00:00+00:00,1.6,10.83,2587.1060452151255,1.51,1.89,1.2,0.96,1.53,168,10.64,9.45,15.97
2026-05-26 10:30:00+00:00,1.53,10.99,2497.1878339158648,1.48,1.88,1.22,0.91,1.47,172,10.78,9.15,14.83
2026-05-26 11:00:00+00:00,1.65,10.73,2393.2898391204344,1.58,2.03,0.72,0.99,1.58,171,10.12,9.28,15.23
2026-05-26 11:30:00+00:00,1.47,10.4,2569.9821742765284,1.37,1.76,0.74,0.81,1.34,201,10.53,7.9,14.47
2026-05-26 12:00:00+00:00,1.61,10.75,2638.5868901483695,1.56,2.18,1.85,0.93,1.55,182,11.1,8.64,14.91
2026-05-26 12:30:00+00:00,1.63,10.96,3435.7143155399963,1.58,1.88,0.87,1.03,1.61,161,9.89,9.83,17.080000000000002
2026-05-26 13:00:00+00:00,1.57,10.79,3531.2326843804567,1.52,1.97,0.71,0.95,1.52,176,11.48,9.02,15.11
2026-05-26 13:30:00+00:00,1.54,10.7,4508.141931963954,1.51,1.91,0.8,0.97,1.53,166,10.64,9.47,15.6
2026-05-26 14:00:00+00:00,1.64,10.87,4643.346015143023,1.64,2.12,0.97,1.02,1.64,164,11.44,9.58,14.73
2026-05-26 14:30:00+00:00,1.67,10.76,4737.739169936582,1.67,2.05,0.36,1.05,1.68,170,10.08,9.27,16.89
2026-05-26 15:00:00+00:00,1.51,10.69,1669.4776873166622,1.41,1.7,0.88,0.88,1.41,183,10.46,8.58,14.61
2026-05-26 15:30:00+00:00,1.69,10.7,1381.5666793298599,1.62,2.15,0.68,0.95,1.58,183,10.59,8.64,17.240000000000002
2026-05-26 16:00:00+00:00,1.58,10.91,1213.6368221217397,1.59,1.99,0.67,0.96,1.57,166,11.43,9.51,15.91
2026-05-26 16:30:00+00:00,1.62,10.65,1138.8526838451103,1.54,1.96,1.27,0.94,1.53,181,11.14,8.71,15.11
2026-05-26 17:00:00+00:00,1.47,10.55,1330.1108515532362,1.44,1.86,0.65,0.92,1.46,171,9.9,9.28,18.69
2026-05-26 17:30:00+00:00,1.46,10.79,1013.0730705893877,1.45,1.86,1.11,0.92,1.47,167,12.25,9.46,15.04
2026-05-26 18:00:00+00:00,1.39,10.53,1068.2294741495189,1.36,1.68,0.98,0.86,1.37,177,10.62,8.94,16.14
2026-05-26 18:30:00+00:00,1.53,10.86,1229.7092727857184,1.53,1.87,0.67,0.98,1.55,161,9.72,9.86,16.47
2026-05-26 19:00:00+00:00,1.55,10.81,1280.1352938093496,1.5,1.92,0.72,0.95,1.51,164,10.36,9.6,15.66
2026-05-26 19:30:00+00:00,1.44,10.59,854.1700842162057,1.39,1.69,0.81,0.9,1.41,169,11.27,9.34,15.87
2026-05-26 20:00:00+00:00,1.56,10.35,968.7029660299938,1.56,1.91,0.85,0.95,1.53,173,10.78,9.13,15.3
2026-05-26 20:30:00+00:00,1.56,10.59,794.139941631188,1.46,1.76,1.1,0.94,1.48,171,10.72,9.26,14.34
2026-05-26 21:00:00+00:00,1.49,10.52,821.9050491673408,1.45,1.9,0.64,0.93,1.48,169,11.05,9.32,14.85
2026-05-26 21:30:00+00:00,1.6,10.84,950.7048698166959,1.49,1.92,0.95,0.9,1.47,178,10.68,8.89,15.33
2026-05-26 22:00:00+00:00,1.35,10.58,889.1107840877901,1.32,1.66,0.9,0.88,1.37,167,12.92,9.44,14.53
2026-05-26 22:30:00+00:00,1.52,10.77,945.0034388599178,1.46,1.8,0.87,0.91,1.46,172,10.91,9.21,14.78
2026-05-26 23:00:00+00:00,1.61,10.73,1130.9971263702912,1.58,1.97,1.2,0.98,1.58,167,11.23,9.5,14.67
2026-05-26 23:30:00+00:00,1.28,10.57,1165.3461161350158,1.26,1.6,0.53,0.78,1.26,173,10.94,9.09,14.71
2026-05-27 00:00:00+00:00,1.4,10.48,992.5965653519055,1.4,1.83,0.8200000000000001,0.86,1.38,173,10.54,9.13,16.03
2026-05-27 00:30:00+00:00,1.32,10.54,1163.2074622241748,1.3,1.64,0.78,0.8,1.3,181,11.31,8.75,14.69
2026-05-27 01:00:00+00:00,1.39,10.51,1078.1053032962077,1.35,1.71,0.43,0.85,1.36,174,10.87,9.11,15.04
2026-05-27 01:30:00+00:00,1.21,10.29,1072.5363530006891,1.21,1.63,0.99,0.72,1.19,185,10.28,8.56,14.54
2026-05-27 02:00:00+00:00,1.21,10.04,1020.5381440376128,1.19,1.5,0.86,0.76,1.2,176,10.59,8.97,13.97
2026-05-27 02:30:00+00:00,1.37,10.46,979.1842557376442,1.36,1.66,0.98,0.89,1.39,163,10.23,9.71,14.09
2026-05-27 03:00:00+00:00,1.32,10.4,1398.8586635807321,1.25,1.54,0.72,0.84,1.3,166,9.32,9.52,14.17
2026-05-27 03:30:00+00:00,1.3,10.21,1403.0236992402267,1.28,1.58,0.81,0.8200000000000001,1.3,170,10.49,9.34,14.59
2026-05-27 04:00:00+00:00,1.18,10.08,1301.9431179379883,1.17,1.38,0.5,0.75,1.18,173,10.81,9.11,14.14
2026-05-27 04:30:00+00:00,1.21,9.78,1363.7888691395328,1.2,1.5,0.78,0.77,1.21,179,10.72,8.81,16.52
2026-05-27 05:00:00+00:00,1.39,10.13,1117.1944976266668,1.38,1.71,0.66,0.9,1.4,168,10.3,9.38,14.59
2026-05-27 05:30:00+00:00,1.31,10.2,842.8220890203074,1.28,1.68,0.68,0.81,1.29,174,9.77,9.1,13.65
2026-05-27 06:00:00+00:00,1.32,9.85,906.5449059213097,1.23,1.63,0.72,0.76,1.24,188,10.12,8.4,13.7
2026-05-27 06:30:00+00:00,1.23,9.76,1155.3321996057145,1.25,1.61,0.74,0.78,1.26,183,10.13,8.63,14.47
2026-05-27 07:00:00+00:00,1.22,9.78,1374.1737628585386,1.19,1.52,0.44,0.75,1.2,181,9.59,8.72,13.73
2026-05-27 07:30:00+00:00,1.25,9.74,42.90006542586463,1.22,1.49,0.65,0.77,1.22,180,9.78,8.78,13.65
2026-05-27 08:00:00+00:00,1.19,9.71,-547.7639372287078,1.19,1.57,0.62,0.76,1.21,180,9.64,8.790000000000001,13.22
2026-05-27 08:30:00+00:00,1.22,9.54,-27.319901561367757,1.18,1.54,0.54,0.73,1.17,183,9.08,8.61,14.5
2026-05-27 09:00:00+00:00,1.26,9.77,7469.535455377086,1.24,1.56,0.35,0.77,1.23,178,10.39,8.83,14.35
2026-05-27 09:30:00+00:00,1.23,9.66,-7537.3593595271395,1.17,1.46,0.62,0.79,1.23,178,9.88,8.89,14.05
2026-05-27 10:00:00+00:00,1.33,9.97,-15409.497598705477,1.32,1.66,0.63,0.8300000000000001,1.32,176,10.18,8.96,16.96
2026-05-27 10:30:00+00:00,1.27,9.91,2137.315701791137,1.23,1.55,0.7000000000000001,0.79,1.25,176,10.33,8.96,14.61
2026-05-27 11:00:00+00:00,1.21,9.63,1449.949706734551,1.19,1.47,0.27,0.75,1.2,182,9.74,8.71,13.85
2026-05-27 11:30:00+00:00,1.23,9.72,131119.5818518701,1.25,1.51,0.47,0.75,1.22,183,9.79,8.61,16.59
2026-05-27 12:00:00+00:00,1.24,9.71,130105.40842482759,1.22,1.48,0.48,0.79,1.24,180,8.950000000000001,8.75,13.72
2026-05-27 12:30:00+00:00,1.03,9.56,124533.63005145962,1.01,1.34,0.45,0.62,1.01,189,9.75,8.36,16.93
2026-05-27 13:00:00+00:00,1.1,9.82,116069.73771259791,1.1,1.36,0.6900000000000001,0.66,1.08,187,9.98,8.47,15.39
2026-05-27 13:30:00+00:00,1.06,9.91,123644.45741825146,0.98,1.22,0.45,0.64,1.0,181,9.99,8.76,14.14
2026-05-27 14:00:00+00:00,1.01,9.93,135836.0679175234,0.97,1.23,0.47,0.6,0.96,184,10.23,8.56,15.34
2026-05-27 14:30:00+00:00,1.06,9.88,144085.9121311198,1.03,1.28,0.6900000000000001,0.6900000000000001,1.07,173,9.76,9.16,15.05
2026-05-27 15:00:00+00:00,1.07,9.95,137478.24530221015,1.03,1.27,0.5700000000000001,0.66,1.04,180,9.31,8.77,13.45
2026-05-27 15:30:00+00:00,0.97,9.73,119838.59137095761,0.97,1.25,0.58,0.59,0.95,189,9.69,8.35,15.15
2026-05-27 16:00:00+00:00,1.07,9.96,130021.74910414053,1.05,1.31,0.31,0.6900000000000001,1.08,171,9.74,9.24,14.65
2026-05-27 16:30:00+00:00,1.01,9.89,138366.88879194815,0.97,1.21,0.54,0.62,0.98,178,9.69,8.91,13.72
2026-05-27 17:00:00+00:00,1.04,9.62,152135.10912117912,1.07,1.32,0.51,0.64,1.04,185,10.49,8.48,13.39
2026-05-27 17:30:00+00:00,1.03,9.61,150767.78868492428,1.02,1.27,0.64,0.64,1.02,187,9.71,8.47,13.69
2026-05-27 18:00:00+00:00,1.05,9.48,132069.19954377404,1.05,1.31,0.65,0.61,1.01,212,9.33,7.46,14.91
2026-05-27 18:30:00+00:00,0.95,9.16,142698.9450975442,0.9,1.14,0.84,0.54,0.88,234,10.57,6.7700000000000005,12.87
2026-05-27 19:00:00+00:00,1.1,9.64,155160.06286306414,1.07,1.33,0.52,0.66,1.07,206,9.91,7.69,14.15
2026-05-27 19:30:00+00:00,1.03,9.31,144769.22725620153,1.0,1.33,0.38,0.59,0.97,220,9.52,7.17,15.37
2026-05-27 20:00:00+00:00,1.02,9.39,143502.7572840087,1.01,1.23,0.9,0.59,0.98,223,10.57,7.09,12.93
2026-05-27 20:30:00+00:00,1.01,9.35,142570.05930533976,0.99,1.25,0.51,0.63,1.0,201,10.4,7.9,13.99
2026-05-27 21:00:00+00:00,0.96,9.45,138401.9586379528,0.92,1.15,0.74,0.6,0.94,196,8.71,8.07,13.5
2026-05-27 21:30:00+00:00,1.05,9.4,126272.55306704578,1.06,1.33,0.7000000000000001,0.66,1.05,195,9.81,8.06,14.49
2026-05-27 22:00:00+00:00,1.02,9.41,131891.9726633268,0.99,1.23,0.67,0.62,0.99,202,9.67,7.84,13.87
2026-05-27 22:30:00+00:00,1.15,9.42,133690.6293836467,1.06,1.37,0.59,0.66,1.07,201,9.63,7.86,13.81
2026-05-27 23:00:00+00:00,1.0,9.39,129494.23219902485,0.95,1.14,0.43,0.61,0.97,196,8.69,8.06,13.51
2026-05-27 23:30:00+00:00,0.97,9.32,128839.91436729071,0.95,1.19,0.4,0.62,0.98,191,9.58,8.28,14.46
2026-05-28 00:00:00+00:00,1.03,9.32,,1.03,1.34,0.67,0.62,1.01,207,8.89,7.62,14.07
2026-05-28 00:30:00+00:00,1.05,9.51,149932.39641854892,1.03,1.22,0.59,0.66,1.05,191,11.37,8.290000000000001,13.87
2026-05-28 01:00:00+00:00,0.94,9.25,152141.7673948708,0.9,1.09,0.91,0.56,0.89,214,8.22,7.38,13.72
2026-05-28 01:30:00+00:00,1.08,9.3,139851.55228482708,1.06,1.26,0.41,0.67,1.06,204,9.55,7.77,12.75
2026-05-28 02:00:00+00:00,1.02,9.36,152926.43795330904,0.97,1.22,0.58,0.61,0.97,206,9.39,7.68,13.69
2026-05-28 02:30:00+00:00,1.03,9.25,159761.11191798898,1.01,1.27,0.56,0.63,1.01,208,9.01,7.62,15.42
2026-05-28 03:00:00+00:00,0.96,9.05,143020.84023005248,0.92,1.14,0.73,0.58,0.93,223,8.91,7.08,13.24
2026-05-28 03:30:00+00:00,0.97,9.05,157172.72606988164,0.9,1.17,0.71,0.52,0.87,262,9.71,6.04,13.86
2026-05-28 04:00:00+00:00,0.96,8.97,173277.73949301732,0.87,1.09,0.71,0.5,0.8300000000000001,282,8.120000000000001,5.61,13.34
2026-05-28 04:30:00+00:00,0.97,8.620000000000001,181910.16952699656,0.96,1.22,0.59,0.56,0.92,280,10.01,5.67,13.95
2026-05-28 05:00:00+00:00,0.96,8.13,162463.5163205406,0.84,1.09,0.51,0.51,0.8200000000000001,336,10.13,4.72,13.17
2026-05-28 05:30:00+00:00,0.96,7.97,159457.72916818733,0.86,1.17,0.86,0.51,0.84,340,9.83,4.66,12.23
2026-05-28 06:00:00+00:00,1.1,8.31,154941.62832685767,1.02,1.31,1.2,0.6,0.98,314,9.92,5.05,12.24
2026-05-28 06:30:00+00:00,1.03,8.13,,0.92,1.19,0.77,0.56,0.91,315,9.43,5.01,12.77
2026-05-28 07:00:00+00:00,1.04,8.23,,0.95,1.24,0.6900000000000001,0.5700000000000001,0.93,299,9.24,5.28,12.5
2026-05-28 07:30:00+00:00,0.99,8.0,,0.85,1.1,1.16,0.53,0.85,340,7.48,4.67,12.97
2026-05-28 08:00:00+00:00,1.03,8.09,,0.93,1.21,0.92,0.58,0.92,314,9.71,5.0600000000000005,11.81
2026-05-28 08:30:00+00:00,0.94,7.75,,0.84,1.07,0.89,0.53,0.84,330,7.2,4.8,12.52
2026-05-28 09:00:00+00:00,1.03,7.97,,0.91,1.21,0.77,0.5700000000000001,0.91,327,8.82,4.84,12.28
2026-05-28 09:30:00+00:00,1.01,7.56,,0.9,1.15,1.04,0.56,0.89,347,10.05,4.57,11.64
2026-05-28 10:00:00+00:00,1.12,7.43,,0.96,1.23,1.48,0.61,0.97,357,9.16,4.44,11.31
2026-05-28 10:30:00+00:00,1.05,7.19,,0.95,1.18,0.78,0.61,0.96,348,9.51,4.55,11.33
2026-05-28 11:00:00+00:00,1.07,7.19,,0.95,1.2,0.75,0.6,0.95,353,9.15,4.48,12.03
2026-05-28 11:30:00+00:00,1.08,6.8100000000000005,,0.98,1.24,1.15,0.63,0.99,356,8.45,4.46,11.48
2026-05-28 12:00:00+00:00,1.08,6.49,80688.11653390306,0.96,1.16,0.68,0.64,0.98,378,3.9,4.2,12.21
2026-05-28 12:30:00+00:00,1.13,6.83,137168.12630393959,1.03,1.25,1.38,0.68,1.06,340,9.71,4.66,12.08
2026-05-28 13:00:00+00:00,1.09,6.12,140849.42959865672,0.98,1.22,1.16,0.63,0.99,395,4.09,4.0200000000000005,11.57
2026-05-28 13:30:00+00:00,1.19,6.16,132810.44782167734,1.06,1.29,1.19,0.71,1.09,376,3.95,4.21,11.81
2026-05-28 14:00:00+00:00,1.16,6.12,134297.72704166904,1.03,1.28,0.81,0.6900000000000001,1.07,379,4.24,4.17,11.9
2026-05-28 14:30:00+00:00,1.17,6.25,140807.83885581806,1.05,1.28,1.4,0.7000000000000001,1.08,380,8.71,4.18,11.71
2026-05-28 15:00:00+00:00,1.25,6.2,120811.95951434922,1.12,1.39,1.0,0.72,1.13,372,4.46,4.26,13.16
2026-05-28 15:30:00+00:00,1.18,6.04,131146.99522734733,1.03,1.24,1.12,0.7000000000000001,1.08,378,10.54,4.19,10.56
2026-05-28 16:00:00+00:00,1.15,5.96,137852.81744456745,1.05,1.3,0.9,0.67,1.06,383,4.49,4.15,10.54
2026-05-28 16:30:00+00:00,1.12,6.41,149425.3828077284,1.02,1.25,1.14,0.68,1.05,356,8.63,4.46,11.54
2026-05-28 17:00:00+00:00,1.17,6.55,131645.04019261652,1.07,1.29,0.91,0.7000000000000001,1.09,349,8.700000000000001,4.55,11.68
2026-05-28 17:30:00+00:00,1.05,5.83,126695.55915925273,0.93,1.17,1.46,0.62,0.96,394,6.42,4.03,11.09
2026-05-28 18:00:00+00:00,1.1,6.23,119618.19893087214,1.0,1.25,1.03,0.66,1.02,364,8.98,4.36,11.07
2026-05-28 18:30:00+00:00,1.09,5.78,123793.80114568507,0.98,1.2,0.95,0.66,1.01,377,4.96,4.21,10.26
2026-05-28 19:00:00+00:00,1.16,5.89,127116.96530082516,1.04,1.29,1.27,0.68,1.06,380,5.75,4.17,9.67
2026-05-28 19:30:00+00:00,1.22,6.0,120347.88514164071,1.11,1.36,0.91,0.72,1.12,364,5.12,4.3500000000000005,11.02
2026-05-28 20:00:00+00:00,1.19,5.93,125826.4866333897,1.12,1.35,1.17,0.72,1.13,362,5.78,4.38,11.61
2026-05-28 20:30:00+00:00,1.21,6.23,136855.09491954002,1.12,1.39,1.1,0.73,1.14,341,4.91,4.64,11.92
2026-05-28 21:00:00+00:00,1.25,6.15,135831.42147801205,1.14,1.42,0.68,0.73,1.15,355,5.98,4.47,11.02
2026-05-28 21:30:00+00:00,1.23,6.11,140929.53583487007,1.14,1.36,0.78,0.76,1.17,331,6.1000000000000005,4.79,11.98
2026-05-28 22:00:00+00:00,1.25,5.99,130839.62394567864,1.16,1.45,0.77,0.73,1.16,361,5.2,4.4,10.11
2026-05-28 22:30:00+00:00,1.29,6.01,130183.83049198921,1.22,1.54,1.01,0.8,1.25,324,5.99,4.9,12.15
2026-05-28 23:00:00+00:00,1.32,6.09,125030.77175205754,1.27,1.55,0.93,0.81,1.28,320,4.68,4.94,11.51
2026-05-28 23:30:00+00:00,1.3,6.1000000000000005,129219.19358671294,1.21,1.48,0.71,0.79,1.23,323,5.58,4.91,11.88
2026-05-29 00:00:00+00:00,1.3,6.08,134411.25646452024,1.24,1.51,0.54,0.8,1.25,316,5.47,5.0200000000000005,12.29
2026-05-29 00:30:00+00:00,1.34,6.04,139737.1465051211,1.22,1.5,0.9,0.8,1.25,319,5.09,4.98,10.86
2026-05-29 01:00:00+00:00,1.36,6.01,138697.7300943831,1.31,1.63,1.12,0.8200000000000001,1.31,319,5.8,4.97,9.92
2026-05-29 01:30:00+00:00,1.33,6.12,152733.52473686144,1.25,1.61,1.19,0.77,1.24,323,6.21,4.91,10.44
2026-05-29 02:00:00+00:00,1.36,6.36,152433.79014984428,1.3,1.62,0.79,0.8300000000000001,1.31,306,5.68,5.17,11.67
2026-05-29 02:30:00+00:00,1.43,6.25,150466.71943852663,1.38,1.68,1.28,0.88,1.38,305,5.23,5.2,9.6
2026-05-29 03:00:00+00:00,1.37,6.45,140492.05528256492,1.32,1.7,0.74,0.85,1.34,292,5.64,5.42,11.58
2026-05-29 03:30:00+00:00,1.17,6.54,148145.30072970397,1.09,1.33,1.07,0.73,1.13,289,5.6000000000000005,5.48,11.79
2026-05-29 04:00:00+00:00,1.2,6.42,144721.96204337955,1.15,1.41,0.8,0.74,1.17,296,6.25,5.36,12.23
2026-05-29 04:30:00+00:00,1.19,6.82,135606.22803906322,1.13,1.37,0.84,0.73,1.14,294,6.8,5.37,12.42
2026-05-29 05:00:00+00:00,1.05,6.68,133113.9363368784,0.97,1.18,0.49,0.64,1.0,293,5.93,5.4,13.21
2026-05-29 05:30:00+00:00,1.02,6.99,138960.37603644445,0.94,1.11,0.9,0.64,0.98,290,6.12,5.47,13.34
2026-05-29 06:00:00+00:00,0.97,7.31,130998.17066896618,0.86,1.06,0.66,0.58,0.9,292,5.72,5.4,12.58
2026-05-29 06:30:00+00:00,0.92,7.45,132117.61122289512,0.86,1.05,0.49,0.56,0.87,283,8.45,5.61,13.09
2026-05-29 07:00:00+00:00,0.89,8.16,128922.80823447174,0.85,1.07,1.02,0.53,0.85,264,7.86,6.0,14.22
2026-05-29 07:30:00+00:00,0.97,8.55,126172.68244407867,0.93,1.14,0.58,0.59,0.93,246,9.99,6.45,13.99
2026-05-29 08:00:00+00:00,0.91,8.18,121724.90161966352,0.84,1.05,0.49,0.54,0.85,264,8.69,5.99,14.04
2026-05-29 08:30:00+00:00,0.95,8.3,127057.42386660121,0.9,1.09,1.08,0.5700000000000001,0.9,255,8.85,6.2,13.51
2026-05-29 09:00:00+00:00,0.99,8.67,121976.99868203916,0.95,1.15,0.74,0.6,0.95,239,7.58,6.58,12.53
2026-05-29 09:30:00+00:00,0.99,8.35,133982.2518018688,0.91,1.19,1.07,0.58,0.92,263,11.41,6.03,12.92
2026-05-29 10:00:00+00:00,0.98,8.57,139959.60134942792,0.91,1.12,0.92,0.59,0.93,246,10.29,6.41,13.55
2026-05-29 10:30:00+00:00,1.07,8.75,141066.98270949567,0.99,1.2,0.63,0.63,0.99,237,10.72,6.68,14.39
2026-05-29 11:00:00+00:00,1.06,8.63,132511.51343836618,0.99,1.26,0.97,0.62,0.99,253,6.79,6.23,12.81
2026-05-29 11:30:00+00:00,1.13,8.700000000000001,105254.45815588231,1.04,1.29,0.76,0.66,1.05,241,8.06,6.55,13.93
2026-05-29 12:00:00+00:00,1.1,8.39,113162.97504488804,1.05,1.38,0.74,0.66,1.05,252,11.03,6.29,12.74
2026-05-29 12:30:00+00:00,1.01,7.62,107198.74402447359,0.95,1.19,0.74,0.61,0.96,278,6.5600000000000005,5.7,14.12
2026-05-29 13:00:00+00:00,1.0,7.59,114425.133869217,0.91,1.15,1.6,0.6,0.94,280,9.22,5.65,12.95
2026-05-29 13:30:00+00:00,1.07,7.98,42572.276061096134,0.96,1.2,0.7000000000000001,0.62,0.97,279,9.48,5.68,12.64
2026-05-29 14:00:00+00:00,1.08,8.14,2362.8108910208516,1.02,1.26,1.45,0.65,1.02,261,10.12,6.07,13.12
2026-05-29 14:30:00+00:00,1.19,8.41,1206.039592688274,1.13,1.43,1.15,0.6900000000000001,1.11,253,10.46,6.2700000000000005,13.38
2026-05-29 15:00:00+00:00,1.14,8.05,1474.8613379735857,1.06,1.33,1.08,0.66,1.06,281,11.38,5.64,12.85
2026-05-29 15:30:00+00:00,1.07,7.82,1609.2850477769111,0.98,1.23,1.19,0.61,0.97,298,9.4,5.32,12.12
2026-05-29 16:00:00+00:00,1.1,8.23,1683.898652133531,1.0,1.22,1.09,0.63,1.0,285,8.27,5.5600000000000005,12.6
2026-05-29 16:30:00+00:00,1.13,8.290000000000001,1583.7722434998482,1.01,1.27,0.95,0.63,1.0,280,10.38,5.65,12.71
2026-05-29 17:00:00+00:00,1.09,7.96,1864.4089466564324,1.02,1.26,0.99,0.64,1.01,292,9.21,5.42,12.64
2026-05-29 17:30:00+00:00,1.15,7.77,1824.797694081442,1.03,1.27,0.96,0.65,1.03,306,10.42,5.17,11.89
2026-05-29 18:00:00+00:00,1.13,7.36,1766.9898847187796,1.08,1.3,1.05,0.68,1.07,304,8.51,5.21,12.67
2026-05-29 18:30:00+00:00,1.24,7.640000000000001,1644.9616957745989,1.07,1.34,0.8200000000000001,0.67,1.07,323,10.93,4.89,12.18
2026-05-29 19:00:00+00:00,1.19,7.19,1441.4190797771123,1.11,1.39,1.05,0.6900000000000001,1.1,321,9.19,4.94,11.38
2026-05-29 19:30:00+00:00,1.2,7.7,1365.8641304864113,1.11,1.38,0.89,0.7000000000000001,1.11,290,9.03,5.46,12.91
2026-05-29 20:00:00+00:00,1.26,7.83,1474.6917155680444,1.15,1.49,1.05,0.71,1.14,290,6.76,5.41,11.92
2026-05-29 20:30:00+00:00,1.31,7.88,1271.0245387127916,1.22,1.52,0.99,0.75,1.21,283,6.98,5.6000000000000005,12.76
2026-05-29 21:00:00+00:00,1.2,7.74,1029.2186997270057,1.1,1.34,0.6900000000000001,0.7000000000000001,1.11,287,7.96,5.51,12.1
2026-05-29 21:30:00+00:00,1.25,7.76,1248.1215941993871,1.15,1.46,0.95,0.71,1.14,294,5.58,5.4,12.43
2026-05-29 22:00:00+00:00,1.38,7.9,1316.670261208931,1.27,1.6,0.96,0.8200000000000001,1.29,264,7.57,5.98,12.02
2026-05-29 22:30:00+00:00,1.34,7.61,1217.7225601710525,1.27,1.6,0.96,0.78,1.26,281,8.69,5.61,12.4
2026-05-29 23:00:00+00:00,1.3,7.6,1086.791462604192,1.23,1.56,1.17,0.78,1.24,279,11.18,5.69,11.6
2026-05-29 23:30:00+00:00,1.33,7.51,1003.3185511750295,1.28,1.54,1.3,0.79,1.27,278,6.91,5.7,11.92
2026-05-30 00:00:00+00:00,1.42,7.85,978.3038602818687,1.38,1.7,0.9,0.85,1.36,264,9.12,5.98,12.63
2026-05-30 00:30:00+00:00,1.26,7.47,1018.2663577363169,1.19,1.53,1.02,0.72,1.17,286,9.39,5.5200000000000005,11.94
2026-05-30 01:00:00+00:00,1.34,7.72,905.2842381742305,1.25,1.56,0.88,0.8,1.26,263,6.72,6.04,12.24
2026-05-30 01:30:00+00:00,1.33,7.42,876.1386074269903,1.25,1.52,1.05,0.8200000000000001,1.28,262,7.21,6.05,13.09
2026-05-30 02:00:00+00:00,1.45,7.52,822.674678314961,1.37,1.68,1.14,0.91,1.41,256,7.18,6.18,12.52
2026-05-30 02:30:00+00:00,1.23,7.07,820.1493167485855,1.17,1.45,0.59,0.75,1.18,278,6.9,5.7,11.43
2026-05-30 03:00:00+00:00,1.41,7.73,943.7470107066963,1.33,1.66,1.57,0.8300000000000001,1.33,264,8.05,5.99,11.65
2026-05-30 03:30:00+00:00,1.42,7.38,1026.9718539546768,1.32,1.66,0.81,0.85,1.34,268,9.87,5.89,12.43
2026-05-30 04:00:00+00:00,1.38,7.23,988.4806667434005,1.28,1.62,0.88,0.8300000000000001,1.31,273,6.37,5.8,11.29
2026-05-30 04:30:00+00:00,1.39,7.21,990.9541415274592,1.29,1.66,0.75,0.8200000000000001,1.3,280,10.19,5.65,12.85
2026-05-30 05:00:00+00:00,1.26,7.09,1223.6458852737364,1.18,1.48,0.75,0.78,1.22,278,8.35,5.71,12.23
2026-05-30 05:30:00+00:00,1.38,7.5,1125.328826972004,1.28,1.57,1.08,0.84,1.31,270,5.79,5.87,12.29
2026-05-30 06:00:00+00:00,1.35,7.24,1353.183077969961,1.28,1.61,0.8200000000000001,0.84,1.31,270,5.33,5.86,12.89
2026-05-30 06:30:00+00:00,1.33,7.34,1647.2666874104013,1.23,1.5,1.21,0.79,1.25,285,7.66,5.55,11.54
2026-05-30 07:00:00+00:00,1.38,7.45,1455.939627526112,1.31,1.61,0.8,0.8300000000000001,1.31,273,7.37,5.8,11.02
2026-05-30 07:30:00+00:00,1.36,7.6,1404.3343431538015,1.3,1.62,0.77,0.8,1.28,276,8.5,5.73,11.56
2026-05-30 08:00:00+00:00,1.29,7.28,1711.4916128668376,1.17,1.45,0.64,0.74,1.18,307,8.58,5.16,12.83
2026-05-30 08:30:00+00:00,1.34,7.390000000000001,1518.5385743315371,1.24,1.55,1.08,0.78,1.24,302,7.23,5.25,13.19
2026-05-30 09:00:00+00:00,1.38,7.63,1408.4438776534641,1.28,1.57,0.95,0.8200000000000001,1.3,278,8.78,5.7,12.31
2026-05-30 09:30:00+00:00,1.38,7.83,1704.3778239520113,1.29,1.58,1.29,0.81,1.28,280,7.44,5.66,13.71
2026-05-30 10:00:00+00:00,1.29,8.21,1573.2201257273314,1.17,1.42,0.94,0.75,1.19,282,8.96,5.62,12.66
2026-05-30 10:30:00+00:00,1.26,7.96,1404.0676087852562,1.15,1.44,1.05,0.73,1.15,291,9.68,5.42,12.58
2026-05-30 11:00:00+00:00,1.52,8.15,1479.12656302534,1.44,1.77,0.76,0.9,1.43,265,9.73,5.99,14.33
2026-05-30 11:30:00+00:00,1.55,8.47,1448.540216243084,1.38,1.75,1.67,0.88,1.39,277,9.14,5.73,14.13
2026-05-30 12:00:00+00:00,1.48,7.95,1428.579739211564,1.35,1.64,1.23,0.85,1.35,296,9.6,5.33,16.31
2026-05-30 12:30:00+00:00,1.7,8.98,1653.2157658188587,1.57,2.01,0.97,0.94,1.54,268,11.05,5.9,14.41
2026-05-30 13:00:00+00:00,1.59,8.88,1516.4393530304524,1.48,1.89,1.45,0.92,1.47,271,11.07,5.8500000000000005,15.43
2026-05-30 13:30:00+00:00,1.81,8.96,1458.0497839665045,1.69,2.06,1.59,1.02,1.65,263,10.65,6.03,13.93
2026-05-30 14:00:00+00:00,1.84,9.55,1323.5722735920579,1.64,2.21,1.42,1.01,1.64,262,12.26,6.01,14.78
2026-05-30 14:30:00+00:00,1.94,9.58,1383.5605581736183,1.79,2.32,1.89,1.1,1.77,245,10.18,6.46,15.18
2026-05-30 15:00:00+00:00,1.92,9.21,1530.393359597723,1.8,2.25,1.69,1.11,1.78,255,10.14,6.18,15.36
2026-05-30 15:30:00+00:00,2.3000000000000003,10.21,1406.3722506277616,2.18,2.72,2.43,1.34,2.15,218,12.94,7.22,15.01
2026-05-30 16:00:00+00:00,2.07,9.38,1291.4354009052502,1.94,2.41,1.43,1.19,1.91,251,13.6,6.33,14.69
2026-05-30 16:30:00+00:00,2.2,9.29,1167.1249287783676,2.07,2.6,1.45,1.28,2.05,243,11.48,6.49,14.04
2026-05-30 17:00:00+00:00,2.45,9.94,1452.1474842976893,2.3000000000000003,2.81,3.1,1.44,2.29,223,12.25,7.11,14.33
2026-05-30 17:30:00+00:00,2.24,9.46,1620.5335996419894,2.03,2.67,1.98,1.24,2.01,254,11.35,6.21,13.98
2026-05-30 18:00:00+00:00,2.43,9.96,1654.5659195460632,2.25,2.79,1.65,1.45,2.28,211,11.2,7.46,14.72
2026-05-30 18:30:00+00:00,2.36,9.65,1684.7288275511924,2.28,2.85,1.97,1.38,2.23,234,10.7,6.75,15.45
2026-05-30 19:00:00+00:00,2.24,9.25,1412.22448596849,2.08,2.7,3.13,1.28,2.06,245,11.6,6.47,13.83
2026-05-30 19:30:00+00:00,2.41,9.16,1166.8774039075902,2.3000000000000003,2.85,1.78,1.37,2.23,247,11.19,6.41,15.65
2026-05-30 20:00:00+00:00,2.26,8.98,1356.4148417261172,2.13,2.72,2.01,1.32,2.11,253,11.79,6.2700000000000005,13.81
2026-05-30 20:30:00+00:00,2.39,9.31,1138.8054707502138,2.21,2.81,2.48,1.4,2.22,238,11.59,6.63,13.87
2026-05-30 21:00:00+00:00,2.49,9.24,1171.4745903812056,2.41,3.01,2.68,1.47,2.37,241,7.32,6.57,13.59
2026-05-30 21:30:00+00:00,2.36,8.68,1107.730934994248,2.18,2.72,2.06,1.38,2.2,254,8.66,6.22,13.31
2026-05-30 22:00:00+00:00,2.61,8.85,984.4644113451432,2.5,2.97,1.79,1.63,2.5500000000000003,230,7.04,6.87,13.94
2026-05-30 22:30:00+00:00,2.61,9.27,1016.5097570057499,2.41,3.0500000000000003,2.41,1.43,2.34,253,11.04,6.28,13.23
2026-05-30 23:00:00+00:00,2.32,8.53,1057.8852823800023,2.16,2.76,1.98,1.32,2.13,263,8.26,6.01,14.94
2026-05-30 23:30:00+00:00,2.42,8.84,1169.8685675290321,2.29,2.74,1.29,1.45,2.3000000000000003,235,10.85,6.74,13.19
2026-05-31 00:00:00+00:00,2.38,8.86,1176.6812748839404,2.22,2.73,1.49,1.4,2.23,236,10.02,6.72,15.0
2026-05-31 00:30:00+00:00,2.4,9.0,1084.914374124857,2.29,2.71,1.99,1.46,2.3000000000000003,233,9.9,6.79,13.47
2026-05-31 01:00:00+00:00,2.18,8.55,1001.8582712610594,2.04,2.6,1.42,1.24,2.01,254,7.3,6.18,13.43
2026-05-31 01:30:00+00:00,2.29,8.8,938.5911147619731,2.15,2.69,1.94,1.36,2.16,241,9.54,6.58,14.77
2026-05-31 02:00:00+00:00,2.31,8.790000000000001,895.9675556829443,2.21,2.79,2.73,1.38,2.2,226,10.15,6.98,12.98
2026-05-31 02:30:00+00:00,2.17,8.74,1020.9089554945208,1.95,2.48,1.62,1.25,1.98,248,10.03,6.37,13.11
2026-05-31 03:00:00+00:00,2.18,9.02,1221.1920866894209,2.1,2.63,1.46,1.31,2.09,223,8.68,7.1000000000000005,15.15
2026-05-31 03:30:00+00:00,1.93,8.540000000000001,1207.0245323963966,1.87,2.27,1.88,1.18,1.86,237,11.93,6.67,13.32
2026-05-31 04:00:00+00:00,2.07,9.29,1268.2859920555923,1.96,2.43,1.85,1.2,1.93,223,9.52,7.11,14.71
2026-05-31 04:30:00+00:00,2.02,9.22,1288.755379832892,1.92,2.39,1.22,1.2,1.91,228,9.63,6.95,14.11
2026-05-31 05:00:00+00:00,2.12,9.35,1354.6159289216926,2.05,2.48,1.07,1.33,2.08,207,11.05,7.640000000000001,13.98
2026-05-31 05:30:00+00:00,2.01,9.39,1736.7144611816982,1.96,2.47,0.84,1.24,1.97,215,9.23,7.36,17.1
2026-05-31 06:00:00+00:00,2.09,9.34,1685.0938694460383,1.97,2.37,1.75,1.21,1.94,230,8.98,6.88,15.33
2026-05-31 06:30:00+00:00,2.0,9.04,1512.452159800957,1.9,2.31,1.46,1.16,1.86,240,10.62,6.6000000000000005,14.31
2026-05-31 07:00:00+00:00,1.94,8.45,1482.7546263564786,1.82,2.22,1.15,1.13,1.8,256,9.06,6.2,13.11
2026-05-31 07:30:00+00:00,2.22,9.19,1432.4567462554285,2.08,2.65,1.48,1.29,2.07,225,11.06,7.03,14.32
2026-05-31 08:00:00+00:00,2.05,8.76,1262.0952030225706,1.88,2.28,1.34,1.21,1.9,241,8.52,6.55,14.42
2026-05-31 08:30:00+00:00,1.93,8.83,1111.7743459291862,1.75,2.18,1.06,1.1,1.75,258,7.79,6.12,13.96
2026-05-31 09:00:00+00:00,2.06,9.14,1171.1733964138443,1.89,2.38,2.06,1.2,1.9,240,10.75,6.6000000000000005,13.4
2026-05-31 09:30:00+00:00,2.08,8.950000000000001,1167.5774162134858,1.92,2.39,1.71,1.2,1.91,242,9.8,6.53,14.23
2026-05-31 10:00:00+00:00,2.08,8.63,1174.5699298198144,1.87,2.37,1.86,1.16,1.87,267,12.04,5.93,12.52
2026-05-31 10:30:00+00:00,2.02,8.32,1251.128465269236,1.82,2.25,1.92,1.14,1.82,280,9.82,5.64,12.31
2026-05-31 11:00:00+00:00,1.95,8.23,1374.611558292478,1.82,2.24,1.7,1.14,1.81,277,6.05,5.72,12.12
2026-05-31 11:30:00+00:00,2.0,8.35,1247.475028930826,1.81,2.23,2.53,1.11,1.79,286,8.68,5.54,12.93
2026-05-31 12:00:00+00:00,1.99,8.09,1150.4234486055345,1.92,2.39,1.29,1.23,1.93,270,10.92,5.86,13.58
2026-05-31 12:30:00+00:00,2.12,8.1,1090.942076037325,1.99,2.53,1.13,1.26,1.99,277,10.65,5.73,13.69
2026-05-31 13:00:00+00:00,2.08,8.17,1180.809337571838,1.95,2.43,1.75,1.22,1.94,279,9.91,5.64,13.1
2026-05-31 13:30:00+00:00,2.13,8.24,1164.6791162936663,1.95,2.44,1.39,1.2,1.92,289,8.01,5.48,12.83
2026-05-31 14:00:00+00:00,2.11,8.41,1133.7481111994853,2.0,2.5,1.62,1.23,1.98,273,10.97,5.8,14.48
2026-05-31 14:30:00+00:00,2.07,8.15,1173.9355974549871,1.87,2.33,2.12,1.18,1.87,288,10.77,5.49,12.7
2026-05-31 15:00:00+00:00,2.06,7.96,1169.5166782197982,1.86,2.4,1.56,1.18,1.88,294,6.38,5.38,12.95
2026-05-31 15:30:00+00:00,2.09,8.1,1195.5480688919013,1.94,2.41,1.9,1.21,1.92,283,9.58,5.59,14.27
2026-05-31 16:00:00+00:00,2.11,7.59,1164.3957644558407,1.95,2.43,1.27,1.23,1.95,297,10.24,5.33,13.5
2026-05-31 16:30:00+00:00,2.24,8.32,1310.7491315483096,2.07,2.71,1.7,1.28,2.06,282,10.07,5.61,13.84
2026-05-31 17:00:00+00:00,2.14,8.040000000000001,1387.7061933648274,1.9,2.35,1.91,1.22,1.92,291,7.66,5.45,12.51
2026-05-31 17:30:00+00:00,2.01,7.83,1441.2707554532667,1.86,2.29,2.01,1.15,1.83,294,9.5,5.37,12.44
2026-05-31 18:00:00+00:00,2.1,7.67,1826.601220811442,1.92,2.38,1.53,1.22,1.93,293,9.71,5.39,12.21
2026-05-31 18:30:00+00:00,2.07,7.82,1564.2312439032526,1.92,2.38,2.2,1.22,1.92,285,8.91,5.57,12.34
2026-05-31 19:00:00+00:00,2.19,7.85,1478.18655566847,2.04,2.48,1.67,1.29,2.04,278,6.5,5.7,13.18
2026-05-31 19:30:00+00:00,2.2,7.9,1364.3412358451087,1.97,2.52,1.59,1.24,1.98,288,6.8100000000000005,5.49,13.72
2026-05-31 20:00:00+00:00,2.16,7.9,1182.0952192000589,1.98,2.6,1.78,1.24,1.98,283,7.140000000000001,5.57,13.43
2026-05-31 20:30:00+00:00,2.16,8.05,982.6945640605201,2.04,2.51,1.68,1.3,2.05,266,9.54,5.93,12.51
2026-05-31 21:00:00+00:00,2.17,8.18,853.8658269127448,2.07,2.56,2.03,1.31,2.07,263,9.6,6.03,13.33
2026-05-31 21:30:00+00:00,2.45,8.3,999.0770743982001,2.26,2.82,1.4,1.41,2.25,263,7.8,6.04,13.12
2026-05-31 22:00:00+00:00,2.14,7.42,822.7256497772859,2.03,2.49,1.15,1.29,2.04,289,7.82,5.48,12.72
2026-05-31 22:30:00+00:00,2.13,7.38,810.595224012188,1.99,2.47,1.71,1.25,1.98,287,7.23,5.53,12.01
2026-05-31 23:00:00+00:00,2.24,7.92,917.7442270815111,2.14,2.6,1.53,1.37,2.16,260,6.11,6.07,12.64
2026-05-31 23:30:00+00:00,2.21,7.930000000000001,1160.9651625497618,2.05,2.51,2.31,1.29,2.05,268,7.04,5.93,12.83
2026-06-01 00:00:00+00:00,2.21,7.12,1053.5881282306586,2.1,2.49,1.32,1.34,2.12,279,5.0200000000000005,5.65,12.54
2026-06-01 00:30:00+00:00,2.13,7.36,963.9398533565172,2.03,2.5,2.49,1.3,2.05,274,7.55,5.7700000000000005,11.99
2026-06-01 01:00:00+00:00,2.14,7.46,960.5420817560528,1.95,2.44,1.5,1.25,1.97,286,7.07,5.55,12.6
2026-06-01 01:30:00+00:00,2.17,7.97,885.8933570723152,2.0,2.48,1.56,1.29,2.03,271,6.29,5.86,12.76
2026-06-01 02:00:00+00:00,2.01,7.67,897.9656667730839,1.88,2.33,1.95,1.18,1.88,280,8.09,5.66,13.13
2026-06-01 02:30:00+00:00,1.88,7.22,862.1976717227435,1.73,2.16,1.72,1.06,1.71,308,6.25,5.15,12.29
2026-06-01 03:00:00+00:00,1.93,7.97,826.351120853681,1.85,2.32,1.14,1.15,1.83,274,9.39,5.79,13.11
2026-06-01 03:30:00+00:00,1.78,7.36,809.1436272941572,1.71,2.1,1.41,1.08,1.71,284,5.68,5.59,12.48
2026-06-01 04:00:00+00:00,1.94,8.13,816.3387003915358,1.8,2.2,1.34,1.14,1.81,274,9.83,5.8,13.49
2026-06-01 04:30:00+00:00,1.88,8.32,893.597498644645,1.77,2.2,1.31,1.08,1.75,266,10.79,5.94,12.41
2026-06-01 05:00:00+00:00,1.83,7.94,891.7419787260283,1.7,2.21,1.49,1.05,1.69,273,10.01,5.8,13.0
2026-06-01 05:30:00+00:00,1.85,8.23,1071.2078152260772,1.7,2.16,2.1,1.06,1.69,275,10.06,5.76,12.65
2026-06-01 06:00:00+00:00,1.67,8.06,1353.4143388650316,1.57,2.03,1.49,0.98,1.57,274,9.31,5.79,12.5
2026-06-01 06:30:00+00:00,1.76,8.51,1373.9706748419826,1.66,2.06,1.06,1.06,1.67,245,7.91,6.44,14.52
2026-06-01 07:00:00+00:00,1.63,8.31,1486.2650311773875,1.49,1.9,0.96,0.94,1.5,261,7.45,6.05,13.87
2026-06-01 07:30:00+00:00,1.69,8.45,2909.5623590939663,1.57,1.93,1.5,1.01,1.59,243,11.09,6.51,12.3
2026-06-01 08:00:00+00:00,1.78,8.69,3031.2370277624855,1.65,2.03,1.3,1.05,1.65,238,10.58,6.67,13.82
2026-06-01 08:30:00+00:00,1.76,8.83,2815.39416227197,1.66,2.13,1.03,0.99,1.63,244,9.37,6.5,13.31
2026-06-01 09:00:00+00:00,1.72,8.55,3632.882715459059,1.58,1.96,1.28,1.0,1.59,249,9.35,6.36,13.7
2026-06-01 09:30:00+00:00,1.79,8.6,6043.605969866394,1.63,2.12,1.4,0.99,1.61,268,10.44,5.91,12.19
2026-06-01 10:00:00+00:00,1.75,8.21,2704.630647152163,1.55,1.99,1.54,0.96,1.54,286,9.96,5.53,12.7
2026-06-01 10:30:00+00:00,1.89,8.61,2296.7997577870865,1.74,2.25,2.33,1.06,1.71,265,11.03,5.95,12.43
2026-06-01 11:00:00+00:00,1.88,8.370000000000001,3607.3160497244894,1.79,2.27,1.9,1.06,1.74,267,9.64,5.93,13.2
2026-06-01 11:30:00+00:00,2.02,8.53,-34704.836839499796,1.89,2.41,1.76,1.13,1.84,264,9.63,5.99,12.62
2026-06-01 12:00:00+00:00,1.72,7.74,-54084.0496268778,1.57,1.91,1.47,0.99,1.57,293,9.44,5.4,12.12
2026-06-01 12:30:00+00:00,1.87,8.34,-30430.935145947886,1.71,2.2,1.3,1.01,1.66,283,9.55,5.57,12.42
2026-06-01 13:00:00+00:00,1.88,8.24,5661.03947478335,1.75,2.26,1.38,1.07,1.73,270,9.39,5.8500000000000005,12.65
2026-06-01 13:30:00+00:00,1.73,8.01,4912.9524668217755,1.58,1.98,1.68,1.01,1.6,269,8.75,5.88,11.83
2026-06-01 14:00:00+00:00,1.66,8.0,4179.183937668141,1.56,2.0,1.34,0.95,1.54,284,9.74,5.59,11.76
2026-06-01 14:30:00+00:00,1.58,7.99,1669.0690379895927,1.49,1.86,1.41,0.92,1.47,273,8.78,5.8100000000000005,11.86
2026-06-01 15:00:00+00:00,1.67,8.540000000000001,1074.3442116252572,1.58,1.99,1.16,0.96,1.55,255,9.77,6.22,13.14
2026-06-01 15:30:00+00:00,1.38,7.62,-68.81728006009712,1.25,1.57,1.61,0.78,1.25,300,8.85,5.25,11.9
2026-06-01 16:00:00+00:00,1.43,7.81,153.67011890495743,1.33,1.69,0.96,0.84,1.33,284,10.32,5.57,13.45
2026-06-01 16:30:00+00:00,1.45,7.81,66.72036834250315,1.37,1.71,0.97,0.86,1.37,278,9.68,5.69,11.82
2026-06-01 17:00:00+00:00,1.33,7.52,7.698946403984934,1.23,1.65,0.62,0.77,1.23,300,9.1,5.28,11.67
2026-06-01 17:30:00+00:00,1.53,8.33,209.37733827253535,1.45,1.79,1.51,0.88,1.42,260,8.620000000000001,6.07,12.19
2026-06-01 18:00:00+00:00,1.24,7.71,289.9849779830484,1.15,1.48,0.96,0.7000000000000001,1.13,297,7.42,5.33,12.94
2026-06-01 18:30:00+00:00,1.37,8.21,255.56664838029775,1.27,1.6,1.03,0.79,1.26,272,9.82,5.8,12.21
2026-06-01 19:00:00+00:00,1.3,8.13,248.83147461585065,1.23,1.56,0.98,0.73,1.2,276,8.93,5.72,12.39
2026-06-01 19:30:00+00:00,1.27,7.99,243.22614120349232,1.2,1.52,0.92,0.72,1.17,275,9.17,5.7700000000000005,12.41
2026-06-01 20:00:00+00:00,1.34,8.36,219.9019806157722,1.29,1.65,0.96,0.77,1.26,253,8.98,6.23,12.23
2026-06-01 20:30:00+00:00,1.33,8.49,183.30958218038703,1.28,1.63,1.49,0.77,1.25,246,9.41,6.44,12.05
2026-06-01 21:00:00+00:00,1.27,8.42,202.25150622877163,1.21,1.54,0.9,0.75,1.21,245,9.33,6.47,12.45
2026-06-01 21:30:00+00:00,1.29,8.5,206.52379439610118,1.25,1.6,0.7000000000000001,0.76,1.23,246,9.29,6.43,12.64
2026-06-01 22:00:00+00:00,1.17,8.01,181.62256214504075,1.14,1.38,1.0,0.7000000000000001,1.12,256,8.17,6.2,12.25
2026-06-01 22:30:00+00:00,1.2,8.14,186.95404241750234,1.14,1.46,0.61,0.73,1.15,247,8.0,6.42,12.57
2026-06-01 23:00:00+00:00,1.16,7.99,239.8933878195612,1.07,1.36,1.1,0.67,1.07,254,8.46,6.22,12.74
2026-06-01 23:30:00+00:00,1.17,8.2,262.8747848672211,1.09,1.38,0.93,0.68,1.09,255,10.16,6.23,12.52
2026-06-02 00:00:00+00:00,1.2,8.18,262.23897698585176,1.16,1.42,0.74,0.73,1.16,243,8.67,6.49,11.96
2026-06-02 00:30:00+00:00,1.16,8.2,262.6818379969183,1.08,1.38,0.62,0.71,1.11,237,9.72,6.68,11.08
2026-06-02 01:00:00+00:00,1.13,8.22,260.47763989881634,1.11,1.38,0.86,0.6900000000000001,1.1,239,8.67,6.6000000000000005,12.34
2026-06-02 01:30:00+00:00,1.08,8.09,248.28320906065034,1.05,1.23,0.65,0.67,1.05,240,7.99,6.6000000000000005,12.73
2026-06-02 02:00:00+00:00,1.2,8.370000000000001,264.6792533350479,1.15,1.43,0.9,0.74,1.16,227,8.72,6.97,12.13
2026-06-02 02:30:00+00:00,1.1,8.24,261.74132685842613,1.03,1.27,0.91,0.66,1.04,237,8.82,6.68,11.59
2026-06-02 03:00:00+00:00,0.98,7.8,268.0677857601009,0.95,1.16,0.65,0.6,0.95,255,10.11,6.2,12.17
2026-06-02 03:30:00+00:00,1.19,8.3,258.4382265030831,1.16,1.42,0.77,0.74,1.17,233,8.31,6.78,12.17
2026-06-02 04:00:00+00:00,1.06,7.79,243.4404192829197,1.03,1.31,0.6,0.63,1.02,277,8.53,5.74,12.04
2026-06-02 04:30:00+00:00,1.22,8.17,233.11985780481288,1.16,1.51,0.8200000000000001,0.7000000000000001,1.14,261,9.09,6.08,13.86
2026-06-02 05:00:00+00:00,1.11,7.54,235.8900615695557,1.05,1.34,0.62,0.65,1.04,283,7.24,5.61,12.16
2026-06-02 05:30:00+00:00,1.17,7.48,83795.5610033206,1.08,1.4,1.07,0.67,1.08,290,8.370000000000001,5.45,12.79
2026-06-02 06:00:00+00:00,1.14,7.48,145874.00703154365,1.08,1.36,1.08,0.66,1.06,297,7.82,5.33,11.12
2026-06-02 06:30:00+00:00,1.24,7.53,171698.69040006693,1.17,1.46,1.02,0.74,1.17,276,10.93,5.73,13.49
2026-06-02 07:00:00+00:00,1.14,7.46,145894.36304049444,1.03,1.33,0.8200000000000001,0.66,1.04,296,8.8,5.33,11.5
2026-06-02 07:30:00+00:00,1.25,7.44,145449.4687389565,1.16,1.43,0.74,0.73,1.16,279,9.1,5.69,12.62
2026-06-02 08:00:00+00:00,1.23,7.46,154285.1328954571,1.17,1.49,0.71,0.73,1.17,266,8.73,5.95,12.21
2026-06-02 08:30:00+00:00,1.19,7.32,136773.82786810477,1.11,1.37,1.03,0.73,1.14,268,8.78,5.91,11.35
2026-06-02 09:00:00+00:00,1.28,7.42,124045.94455212269,1.22,1.51,0.72,0.78,1.23,267,8.05,5.95,10.94
2026-06-02 09:30:00+00:00,1.26,7.42,121385.57031540855,1.21,1.5,0.65,0.77,1.22,263,7.36,6.03,11.37
2026-06-02 10:00:00+00:00,1.27,7.28,127439.33976968021,1.19,1.47,0.53,0.76,1.2,279,6.86,5.66,11.19
2026-06-02 10:30:00+00:00,1.33,6.97,127828.04623468447,1.27,1.58,0.84,0.8,1.27,293,7.35,5.42,11.04
2026-06-02 11:00:00+00:00,1.32,6.76,126556.25617229332,1.22,1.47,1.0,0.77,1.22,317,6.5,5.0,11.55
2026-06-02 11:30:00+00:00,1.38,7.0600000000000005,65861.93352233696,1.29,1.57,1.15,0.84,1.31,290,9.04,5.46,10.87
2026-06-02 12:00:00+00:00,1.34,6.63,1303.793009813037,1.26,1.6,0.92,0.79,1.25,329,7.22,4.82,12.41
2026-06-02 12:30:00+00:00,1.38,6.8500000000000005,1882.3549723075298,1.26,1.53,1.08,0.8200000000000001,1.29,300,8.22,5.26,11.83
2026-06-02 13:00:00+00:00,1.39,6.44,2094.243176529467,1.3,1.62,0.77,0.84,1.31,318,5.8100000000000005,4.99,13.06
2026-06-02 13:30:00+00:00,1.45,6.8500000000000005,918.2643997317446,1.34,1.68,1.13,0.84,1.34,303,7.07,5.23,11.35
2026-06-02 14:00:00+00:00,1.5,6.71,846.4128212255719,1.41,1.78,1.14,0.89,1.41,298,6.2,5.3100000000000005,10.67
2026-06-02 14:30:00+00:00,1.51,6.65,1437.4104293424002,1.42,1.76,0.81,0.9,1.42,305,7.72,5.21,11.19
2026-06-02 15:00:00+00:00,1.4,6.66,490.2560614085483,1.31,1.66,1.59,0.81,1.3,317,5.16,5.01,10.95
2026-06-02 15:30:00+00:00,1.48,6.890000000000001,333.90557159168105,1.38,1.69,0.7000000000000001,0.89,1.39,284,6.62,5.55,11.19
2026-06-02 16:00:00+00:00,1.45,6.84,67.16304447824672,1.36,1.74,0.93,0.86,1.37,291,8.19,5.44,11.5
2026-06-02 16:30:00+00:00,1.5,6.86,480.77045705308876,1.48,1.84,0.74,0.94,1.49,275,6.3,5.75,11.84
2026-06-02 17:00:00+00:00,1.51,6.82,547.3873511846208,1.42,1.81,1.01,0.87,1.4,299,6.87,5.29,10.67
2026-06-02 17:30:00+00:00,1.53,6.63,589.1600595628396,1.43,1.77,0.84,0.87,1.41,315,6.49,5.0200000000000005,11.0
2026-06-02 18:00:00+00:00,1.53,6.67,682.035987768353,1.45,1.78,1.1,0.9,1.44,306,6.22,5.16,11.01
2026-06-02 18:30:00+00:00,1.55,6.76,488.01608035563646,1.41,1.75,1.17,0.91,1.43,307,6.7,5.16,9.62
2026-06-02 19:00:00+00:00,1.5,6.59,481.5701080633612,1.42,1.79,0.78,0.87,1.4,308,8.96,5.14,11.79
2026-06-02 19:30:00+00:00,1.67,6.91,119.24518003925009,1.57,2.01,1.61,0.99,1.57,296,7.47,5.32,10.76
2026-06-02 20:00:00+00:00,1.58,6.93,224.27066011223337,1.53,1.93,1.33,0.93,1.5,302,7.3,5.25,10.55
2026-06-02 20:30:00+00:00,1.59,6.71,169.1990135354792,1.52,1.88,1.47,0.97,1.53,297,6.73,5.3500000000000005,12.13
2026-06-02 21:00:00+00:00,1.71,7.0200000000000005,-64.41419422851736,1.61,2.04,0.84,1.02,1.62,290,6.98,5.45,10.9
2026-06-02 21:30:00+00:00,1.7,7.13,24.634323728052582,1.59,2.05,0.75,0.98,1.58,289,6.98,5.48,12.13
2026-06-02 22:00:00+00:00,1.74,7.390000000000001,241.01846546253222,1.66,2.1,1.68,1.04,1.66,275,8.09,5.75,12.54
2026-06-02 22:30:00+00:00,1.7,7.25,305.57606897145587,1.64,2.06,1.37,1.05,1.65,272,8.290000000000001,5.82,12.56
2026-06-02 23:00:00+00:00,1.81,7.25,274.5152187744628,1.73,2.09,1.12,1.07,1.72,281,6.99,5.63,11.5
2026-06-02 23:30:00+00:00,1.77,7.42,51.512802197705135,1.66,2.1,0.78,1.02,1.64,275,8.39,5.78,12.14
2026-06-03 00:00:00+00:00,1.65,7.43,-33.25804644825084,1.59,2.01,1.64,0.99,1.58,270,7.54,5.86,11.38
2026-06-03 00:30:00+00:00,1.65,7.73,-95.17470648149224,1.54,1.95,0.98,0.99,1.56,260,8.8,6.09,13.58
2026-06-03 01:00:00+00:00,1.73,7.84,-100.00632014231712,1.64,2.0,1.57,1.01,1.62,267,8.57,5.95,12.26
2026-06-03 01:30:00+00:00,1.73,8.040000000000001,-67.03160445937918,1.66,2.06,0.9,1.07,1.69,240,8.98,6.61,13.97
2026-06-03 02:00:00+00:00,1.72,8.07,16.65545917970161,1.67,2.1,0.95,1.02,1.65,245,6.6000000000000005,6.46,12.98
2026-06-03 02:30:00+00:00,1.79,8.41,-56.59723181785481,1.71,2.09,1.16,1.1,1.73,231,8.63,6.88,12.13
2026-06-03 03:00:00+00:00,1.81,8.31,-114.61673999777841,1.68,2.17,1.54,1.03,1.66,242,8.11,6.54,13.46
2026-06-03 03:30:00+00:00,1.98,8.89,-100.44244777487008,1.88,2.24,1.2,1.21,1.9,214,10.22,7.42,14.83
2026-06-03 04:00:00+00:00,1.75,8.73,-67.55463632774416,1.69,2.16,1.62,1.05,1.68,224,8.71,7.0600000000000005,14.13
2026-06-03 04:30:00+00:00,1.74,9.08,4.638701206429281,1.62,2.04,1.21,1.02,1.63,227,9.0,6.97,15.2
2026-06-03 05:00:00+00:00,1.87,9.24,-1.725062737193209,1.77,2.1,1.11,1.12,1.78,214,7.18,7.35,14.89
2026-06-03 05:30:00+00:00,2.14,9.44,108.0449120550363,1.99,2.39,1.39,1.3,2.04,205,11.1,7.73,17.05
2026-06-03 06:00:00+00:00,2.01,9.47,168.320292017938,1.93,2.41,1.48,1.18,1.91,210,10.12,7.51,18.45
2026-06-03 06:30:00+00:00,1.97,9.12,946.3232999431845,1.88,2.38,0.94,1.19,1.89,209,7.34,7.57,14.87
2026-06-03 07:00:00+00:00,1.91,9.1,1075.1922760099187,1.85,2.18,1.42,1.21,1.88,206,11.27,7.7,14.29
2026-06-03 07:30:00+00:00,1.97,9.57,842.6800373376528,1.87,2.27,2.16,1.18,1.87,201,8.88,7.890000000000001,15.4
2026-06-03 08:00:00+00:00,1.86,9.41,1318.0383944437228,1.74,2.17,1.73,1.07,1.72,220,10.05,7.19,14.9
2026-06-03 08:30:00+00:00,2.05,9.71,853.3967171207987,1.96,2.39,0.76,1.25,1.97,201,10.62,7.86,14.92
2026-06-03 09:00:00+00:00,2.05,9.46,963.7552355330882,1.9,2.44,1.68,1.17,1.89,217,9.33,7.26,15.64
2026-06-03 09:30:00+00:00,2.18,9.5,992.0761745833408,2.09,2.6,1.57,1.35,2.13,201,9.78,7.890000000000001,15.62
2026-06-03 10:00:00+00:00,2.28,10.13,1830.5022503899884,2.2,2.7,1.84,1.36,2.18,192,10.09,8.24,15.97
2026-06-03 10:30:00+00:00,2.26,10.15,1883.550452917849,2.15,2.66,2.18,1.32,2.13,195,9.86,8.14,15.37
2026-06-03 11:00:00+00:00,2.22,9.92,2027.3738883747421,2.15,2.62,1.35,1.39,2.18,188,11.08,8.38,15.45
2026-06-03 11:30:00+00:00,2.27,10.36,-27.828138172828165,2.16,2.61,0.85,1.33,2.14,187,11.17,8.44,14.67
2026-06-03 12:00:00+00:00,2.05,9.85,-210.71491650707816,1.96,2.37,1.42,1.26,1.98,200,11.33,7.930000000000001,14.89
2026-06-03 12:30:00+00:00,2.08,9.71,-191.4956984256092,1.93,2.46,1.08,1.21,1.94,197,9.96,8.040000000000001,15.1
2026-06-03 13:00:00+00:00,2.16,10.14,-228.8442611958136,2.1,2.63,1.16,1.32,2.11,190,11.59,8.32,14.84
2026-06-03 13:30:00+00:00,2.21,10.21,27.229935693928645,2.04,2.66,1.51,1.29,2.08,188,11.29,8.42,14.77
2026-06-03 14:00:00+00:00,2.02,9.71,65.31922195060139,1.92,2.32,1.47,1.24,1.95,193,10.46,8.17,14.42
2026-06-03 14:30:00+00:00,1.94,9.66,1421.412056423758,1.81,2.28,2.31,1.11,1.81,208,10.19,7.61,14.12
2026-06-03 15:00:00+00:00,1.93,9.67,845.8681000769245,1.8,2.22,1.28,1.11,1.79,206,9.97,7.66,13.86
2026-06-03 15:30:00+00:00,1.87,9.53,452.95172217898244,1.78,2.13,1.5,1.17,1.83,195,8.96,8.14,14.91
2026-06-03 16:00:00+00:00,2.02,9.55,322.20674493381415,1.88,2.31,0.59,1.19,1.89,198,9.38,7.99,14.33
2026-06-03 16:30:00+00:00,2.09,9.91,834.0404334351791,2.02,2.47,2.03,1.31,2.05,185,11.27,8.52,13.91
2026-06-03 17:00:00+00:00,2.04,9.29,413.0921324814059,1.94,2.35,1.52,1.28,1.99,198,10.53,8.0,14.51
2026-06-03 17:30:00+00:00,1.84,9.41,211.622527333121,1.78,2.13,1.64,1.16,1.81,193,8.31,8.19,13.8
2026-06-03 18:00:00+00:00,1.96,9.49,381.9264681271802,1.92,2.3000000000000003,1.62,1.2,1.91,197,11.18,8.0,13.8
2026-06-03 18:30:00+00:00,2.09,9.22,47.20314057676546,2.04,2.52,1.54,1.29,2.05,196,8.71,8.08,14.15
2026-06-03 19:00:00+00:00,1.84,9.09,-107.08358827720818,1.85,2.26,1.35,1.17,1.85,202,9.44,7.85,14.14
2026-06-03 19:30:00+00:00,1.89,8.93,-108.6296848834924,1.81,2.29,1.34,1.14,1.82,211,9.56,7.48,12.42
2026-06-03 20:00:00+00:00,1.93,9.07,-87.14700574096804,1.86,2.34,0.55,1.12,1.82,218,7.55,7.25,15.37
2026-06-03 20:30:00+00:00,1.92,9.23,-255.34791782106555,1.89,2.32,1.57,1.19,1.89,209,9.71,7.57,13.36
2026-06-03 21:00:00+00:00,1.86,8.55,-87.65581134037643,1.74,2.19,1.1,1.09,1.74,234,8.9,6.7700000000000005,12.68
2026-06-03 21:30:00+00:00,1.88,8.51,-173.39082420353617,1.82,2.26,1.39,1.15,1.83,225,8.11,7.05,13.93
2026-06-03 22:00:00+00:00,1.93,8.73,-243.30033705679128,1.84,2.22,1.53,1.19,1.87,225,8.24,7.03,14.8
2026-06-03 22:30:00+00:00,1.96,8.66,-318.7845722149266,1.84,2.26,1.31,1.11,1.81,239,9.93,6.6000000000000005,13.3
2026-06-03 23:00:00+00:00,2.03,8.68,-20.830755364154506,1.95,2.36,1.11,1.21,1.94,226,9.04,7.01,13.01
2026-06-03 23:30:00+00:00,1.87,8.68,-66.25947181965881,1.76,2.21,1.52,1.11,1.76,228,9.64,6.96,13.28
2026-06-04 00:00:00+00:00,1.94,8.76,,1.85,2.3000000000000003,1.09,1.15,1.84,224,10.31,7.07,13.64
2026-06-04 00:30:00+00:00,1.92,8.870000000000001,-147.60921339414207,1.82,2.27,1.27,1.15,1.83,225,8.19,7.05,14.79
2026-06-04 01:00:00+00:00,2.03,8.73,-96.39996801754492,1.96,2.4,0.92,1.25,1.98,219,8.43,7.24,14.24
2026-06-04 01:30:00+00:00,1.92,8.78,-114.97131018213994,1.86,2.35,2.26,1.21,1.9,213,8.55,7.41,13.14
2026-06-04 02:00:00+00:00,1.99,8.71,-163.66567897750014,1.9,2.32,1.52,1.23,1.92,214,9.88,7.38,13.61
2026-06-04 02:30:00+00:00,1.94,8.43,-196.72002132310558,1.84,2.33,0.99,1.15,1.85,236,8.03,6.74,14.62
2026-06-04 03:00:00+00:00,1.99,8.45,-185.16340113544157,1.89,2.38,1.52,1.2,1.9,223,9.32,7.12,13.82
2026-06-04 03:30:00+00:00,1.95,8.58,-217.25441991328242,1.82,2.24,0.79,1.17,1.85,221,8.69,7.16,13.12
2026-06-04 04:00:00+00:00,1.95,8.81,-234.17343495471312,1.87,2.31,1.28,1.19,1.87,218,9.38,7.23,14.47
2026-06-04 04:30:00+00:00,1.99,8.65,-219.93515733771576,1.92,2.5,1.45,1.21,1.93,222,9.62,7.140000000000001,14.15
2026-06-04 05:00:00+00:00,2.01,8.69,-272.8387606670914,1.91,2.39,1.33,1.22,1.93,217,8.99,7.3,13.62
2026-06-04 05:30:00+00:00,2.02,8.44,662.9894950706813,1.9,2.38,1.69,1.22,1.92,226,8.39,7.0,12.63
2026-06-04 06:00:00+00:00,2.02,8.56,793.9549079341489,1.93,2.48,1.54,1.21,1.93,220,8.86,7.16,14.08
2026-06-04 06:30:00+00:00,2.16,8.620000000000001,1217.6812360732556,2.08,2.63,1.57,1.34,2.12,214,8.22,7.390000000000001,13.99
2026-06-04 07:00:00+00:00,2.17,8.58,37.127003400558735,2.09,2.6,1.36,1.33,2.1,217,8.55,7.27,13.16
2026-06-04 07:30:00+00:00,1.99,8.46,1645.8293827086368,1.94,2.47,0.91,1.23,1.95,221,10.11,7.18,14.22
2026-06-04 08:00:00+00:00,2.15,8.53,1850.80223097501,2.06,2.58,1.17,1.31,2.08,220,8.74,7.2,12.33
2026-06-04 08:30:00+00:00,2.15,8.540000000000001,1706.745086903659,2.1,2.64,1.56,1.31,2.09,227,10.4,6.97,13.95
2026-06-04 09:00:00+00:00,2.18,8.67,543.790790696526,2.08,2.62,1.02,1.28,2.07,232,9.59,6.83,12.55
2026-06-04 09:30:00+00:00,2.39,8.65,1430.0036364226098,2.33,2.84,1.24,1.45,2.33,225,8.25,7.0200000000000005,13.51
2026-06-04 10:00:00+00:00,2.35,8.31,1476.6853523945504,2.22,2.91,1.71,1.32,2.17,253,8.31,6.26,13.16
2026-06-04 10:30:00+00:00,2.29,8.38,1162.769256943219,2.21,2.73,1.76,1.37,2.2,241,8.53,6.57,13.39
2026-06-04 11:00:00+00:00,2.46,8.78,1382.8941376292732,2.32,3.09,1.33,1.44,2.31,230,10.22,6.890000000000001,12.39
2026-06-04 11:30:00+00:00,2.26,8.39,1239.2173875058188,2.11,2.64,1.63,1.35,2.13,226,7.98,7.01,14.19
2026-06-04 12:00:00+00:00,2.26,8.700000000000001,1146.411384680233,2.16,2.66,1.27,1.4,2.19,212,8.82,7.45,12.89
2026-06-04 12:30:00+00:00,2.35,8.75,1155.9207933983737,2.28,2.8000000000000003,2.21,1.44,2.29,218,9.54,7.25,14.34
2026-06-04 13:00:00+00:00,2.38,8.97,1919.5469611590538,2.3000000000000003,2.73,0.93,1.47,2.32,214,9.08,7.41,14.39
2026-06-04 13:30:00+00:00,2.43,8.94,1617.7384775724936,2.33,2.92,2.02,1.45,2.32,218,9.73,7.27,13.17
2026-06-04 14:00:00+00:00,2.73,9.11,1675.682662225515,2.61,3.29,2.26,1.67,2.64,204,8.77,7.78,13.17
2026-06-04 14:30:00+00:00,2.61,9.17,1754.781996116399,2.62,3.17,1.94,1.59,2.57,214,9.1,7.37,13.21
2026-06-04 15:00:00+00:00,2.66,9.15,1558.984421621071,2.63,3.29,2.21,1.62,2.61,213,10.15,7.44,14.84
2026-06-04 15:30:00+00:00,2.5500000000000003,8.92,1588.7051243595831,2.41,3.12,1.92,1.47,2.39,237,8.76,6.69,13.63
2026-06-04 16:00:00+00:00,2.79,9.31,1739.678713215594,2.74,3.37,2.44,1.67,2.7,216,10.01,7.33,13.91
2026-06-04 16:30:00+00:00,2.8000000000000003,9.19,1782.8465974354626,2.68,3.46,1.75,1.67,2.69,218,8.97,7.27,13.91
2026-06-04 17:00:00+00:00,2.65,8.97,1603.887533719614,2.57,3.22,1.78,1.59,2.5500000000000003,226,11.84,6.99,14.04
2026-06-04 17:30:00+00:00,2.78,9.31,1511.2139291433732,2.67,3.35,1.85,1.67,2.66,218,9.49,7.24,13.94
2026-06-04 18:00:00+00:00,2.83,9.74,1677.3580024147525,2.72,3.34,2.15,1.73,2.73,206,10.29,7.67,15.89
2026-06-04 18:30:00+00:00,2.75,9.52,1656.8105106354026,2.7,3.24,1.39,1.72,2.71,205,10.44,7.7,14.48
2026-06-04 19:00:00+00:00,2.98,9.43,1320.8176172680242,2.81,3.45,2.02,1.8,2.84,209,10.92,7.54,13.72
2026-06-04 19:30:00+00:00,3.0,9.93,1268.3239938850384,2.82,3.69,1.68,1.7,2.78,214,10.55,7.37,14.77
2026-06-04 20:00:00+00:00,2.91,9.92,1351.4378590012745,2.7,3.3200000000000003,2.06,1.67,2.68,216,9.73,7.33,15.6
2026-06-04 20:30:00+00:00,2.94,10.06,1565.191450066322,2.79,3.51,1.01,1.7,2.75,207,9.91,7.640000000000001,14.44
2026-06-04 21:00:00+00:00,3.11,10.23,1470.9979941795204,2.99,3.72,1.98,1.88,3.0,196,9.98,8.08,14.93
2026-06-04 21:30:00+00:00,3.0500000000000003,10.15,1413.1793685007601,2.93,3.61,1.94,1.79,2.88,201,11.1,7.87,14.43
2026-06-04 22:00:00+00:00,3.14,10.44,1605.160092001376,2.99,3.91,2.61,1.79,2.92,202,10.62,7.8,14.01
2026-06-04 22:30:00+00:00,3.36,10.53,1376.1574332346397,3.25,3.94,2.5,2.05,3.27,185,8.84,8.540000000000001,15.26
2026-06-04 23:00:00+00:00,3.3000000000000003,10.81,1183.7443273144968,3.13,3.84,2.01,1.93,3.11,185,11.57,8.540000000000001,16.38
2026-06-04 23:30:00+00:00,3.34,10.79,1102.4016961693665,3.25,4.0200000000000005,2.59,1.89,3.13,192,12.05,8.2,15.87
2026-06-05 00:00:00+00:00,3.3200000000000003,10.74,1067.1814336528578,3.15,3.94,3.49,1.87,3.09,205,11.93,7.75,14.89
2026-06-05 00:30:00+00:00,3.23,10.66,1030.5627653639249,3.16,3.95,3.08,1.93,3.12,191,9.83,8.290000000000001,14.78
2026-06-05 01:00:00+00:00,3.26,10.41,967.7489550005578,3.0700000000000003,3.74,2.09,1.91,3.06,192,11.14,8.23,14.44
2026-06-05 01:30:00+00:00,3.11,10.2,940.5588612300553,2.93,3.77,2.37,1.79,2.91,199,9.59,7.930000000000001,14.72
2026-06-05 02:00:00+00:00,3.17,10.5,992.4954250450248,3.02,3.75,2.37,1.85,2.96,194,13.62,8.120000000000001,14.22
2026-06-05 02:30:00+00:00,3.47,10.75,1241.9659056115074,3.17,4.07,1.64,1.87,3.09,196,10.55,8.040000000000001,16.35
2026-06-05 03:00:00+00:00,3.29,10.89,1255.0839881871123,3.1,3.87,2.13,2.0,3.15,175,11.01,8.97,16.81
2026-06-05 03:30:00+00:00,3.27,10.65,1161.5106561921352,3.13,3.99,2.13,1.98,3.17,184,12.94,8.6,16.5
2026-06-05 04:00:00+00:00,3.21,10.75,1253.39664756648,3.0700000000000003,3.76,1.31,1.88,3.03,191,11.35,8.31,15.42
2026-06-05 04:30:00+00:00,3.24,10.65,1297.3158044213037,3.09,4.04,2.12,1.91,3.0700000000000003,182,11.32,8.68,16.06
2026-06-05 05:00:00+00:00,3.27,10.81,988.425951557891,3.01,3.85,2.52,1.85,2.98,186,11.98,8.53,15.57
2026-06-05 05:30:00+00:00,3.0,10.38,1069.4062088781798,2.85,3.61,1.22,1.87,2.92,179,9.22,8.88,14.66
2026-06-05 06:00:00+00:00,3.09,10.55,105097.81883835065,2.98,3.67,2.73,1.89,3.0,180,11.73,8.81,14.9
2026-06-05 06:30:00+00:00,2.92,10.56,146253.3936323656,2.71,3.31,1.74,1.69,2.69,191,10.66,8.3,15.83
2026-06-05 07:00:00+00:00,3.04,10.12,138940.11519568585,2.89,3.51,1.74,1.85,2.93,187,11.71,8.48,16.09
2026-06-05 07:30:00+00:00,2.92,10.71,136744.7730007298,2.89,3.6,1.87,1.83,2.9,176,11.53,8.98,16.03
2026-06-05 08:00:00+00:00,2.99,10.42,134288.24365849118,2.92,3.74,1.99,1.75,2.87,185,10.64,8.55,14.99
2026-06-05 08:30:00+00:00,2.8000000000000003,10.71,127356.82628729685,2.73,3.45,1.8,1.63,2.67,182,11.87,8.72,16.1
2026-06-05 09:00:00+00:00,2.81,10.13,129647.1102611443,2.67,3.28,1.86,1.66,2.64,191,11.96,8.26,15.79
2026-06-05 09:30:00+00:00,2.86,10.38,36989.29650401918,2.75,3.5500000000000003,1.25,1.65,2.69,188,11.2,8.44,16.87
2026-06-05 10:00:00+00:00,2.64,10.04,360.23359846438007,2.47,3.08,1.9,1.61,2.52,189,9.14,8.370000000000001,14.61
2026-06-05 10:30:00+00:00,2.69,10.31,442.41160585855323,2.59,3.16,1.74,1.65,2.61,183,12.83,8.65,15.92
2026-06-05 11:00:00+00:00,2.59,10.18,479.65710186597687,2.51,2.97,0.92,1.66,2.59,179,10.75,8.83,15.63
2026-06-05 11:30:00+00:00,2.43,9.78,994.63257555249,2.29,2.8000000000000003,1.6,1.45,2.3000000000000003,195,10.96,8.1,14.5
2026-06-05 12:00:00+00:00,2.5500000000000003,10.44,1497.0147331938645,2.41,2.97,1.22,1.52,2.41,184,11.53,8.57,15.36
2026-06-05 12:30:00+00:00,2.77,10.21,1475.622446437383,2.66,3.4,1.88,1.56,2.58,194,10.37,8.14,16.54
2026-06-05 13:00:00+00:00,2.54,10.05,1061.4437506376935,2.47,3.03,1.55,1.57,2.48,187,10.93,8.44,15.42
2026-06-05 13:30:00+00:00,2.66,10.02,635.6365642134895,2.53,3.17,1.8,1.64,2.57,187,9.56,8.45,14.64
2026-06-05 14:00:00+00:00,2.6,10.07,686.5204698102391,2.51,3.11,1.59,1.53,2.48,191,10.94,8.28,16.12
2026-06-05 14:30:00+00:00,2.53,10.16,739.4358903522719,2.42,3.06,1.61,1.51,2.42,188,9.0,8.370000000000001,14.39
2026-06-05 15:00:00+00:00,2.44,10.01,698.6777233374614,2.29,2.91,1.36,1.42,2.28,195,9.42,8.14,16.46
2026-06-05 15:30:00+00:00,2.34,10.01,582.3227967531569,2.23,2.83,0.92,1.36,2.2,197,10.46,8.03,14.59
2026-06-05 16:00:00+00:00,2.24,10.2,1188.7297032043575,2.19,2.67,1.54,1.41,2.23,179,11.3,8.83,16.34
2026-06-05 16:30:00+00:00,2.23,10.14,1663.8981456847837,2.17,2.58,1.51,1.43,2.23,180,9.21,8.82,14.92
2026-06-05 17:00:00+00:00,2.26,9.92,1620.5237534656374,2.19,2.67,1.31,1.37,2.18,191,10.86,8.27,15.85
2026-06-05 17:30:00+00:00,2.18,9.84,1722.6150925004017,2.13,2.6,1.5,1.33,2.12,189,10.63,8.34,15.27
2026-06-05 18:00:00+00:00,2.21,9.83,1751.2842028803166,2.12,2.71,1.25,1.31,2.11,192,9.33,8.25,14.82
2026-06-05 18:30:00+00:00,2.23,10.16,1265.2791912363334,2.09,2.65,1.74,1.32,2.1,184,11.91,8.57,14.52
2026-06-05 19:00:00+00:00,1.97,9.73,867.9414181256915,1.88,2.39,1.28,1.11,1.83,208,9.01,7.59,13.65
2026-06-05 19:30:00+00:00,1.96,9.57,831.0294776184465,1.9,2.3000000000000003,1.18,1.23,1.94,191,10.0,8.27,13.48
2026-06-05 20:00:00+00:00,1.96,9.66,950.7256735658883,1.87,2.38,0.64,1.15,1.86,200,9.95,7.92,13.58
2026-06-05 20:30:00+00:00,1.97,9.73,791.3106267210882,1.95,2.4,1.2,1.24,1.97,188,8.55,8.4,14.82
2026-06-05 21:00:00+00:00,1.96,9.42,937.7914428529749,1.9,2.4,1.75,1.23,1.94,195,8.78,8.11,13.16
2026-06-05 21:30:00+00:00,2.06,9.54,916.7227932314554,1.9,2.47,1.0,1.19,1.9,205,10.48,7.72,14.8
2026-06-05 22:00:00+00:00,1.95,9.39,922.113459227789,1.89,2.29,1.2,1.18,1.88,207,9.51,7.6,13.28
2026-06-05 22:30:00+00:00,1.98,9.15,826.1224197701844,1.86,2.35,1.69,1.15,1.85,219,8.98,7.23,14.23
2026-06-05 23:00:00+00:00,2.01,9.3,1032.073585087099,1.94,2.47,1.6,1.21,1.93,214,9.19,7.37,13.34
2026-06-05 23:30:00+00:00,1.92,8.74,923.9120776289257,1.84,2.27,1.21,1.13,1.82,236,11.79,6.72,13.53
2026-06-06 00:00:00+00:00,2.03,8.68,779.3107607166316,1.86,2.29,1.27,1.15,1.85,243,9.18,6.49,14.24
2026-06-06 00:30:00+00:00,2.01,8.33,809.3129351879771,1.94,2.43,1.09,1.21,1.94,245,10.95,6.45,12.36
2026-06-06 01:00:00+00:00,2.14,8.66,866.9963171880659,2.06,2.5500000000000003,1.91,1.25,2.02,238,10.42,6.65,13.86
2026-06-06 01:30:00+00:00,2.05,8.36,747.9086485757442,1.94,2.47,2.12,1.19,1.92,253,9.2,6.26,12.4
2026-06-06 02:00:00+00:00,2.28,8.71,673.9645828918275,2.21,2.67,1.02,1.37,2.19,225,9.19,7.0200000000000005,13.3
2026-06-06 02:30:00+00:00,2.31,8.38,591.5614749417659,2.2,2.7,1.57,1.4,2.21,233,6.74,6.8100000000000005,12.5
2026-06-06 03:00:00+00:00,2.26,8.2,616.2341580526078,2.19,2.77,1.76,1.42,2.23,231,8.41,6.8500000000000005,12.89
2026-06-06 03:30:00+00:00,2.44,8.55,537.4312063815922,2.27,2.73,1.59,1.46,2.3000000000000003,226,10.08,6.98,13.27
2026-06-06 04:00:00+00:00,2.36,8.53,549.4403085808972,2.18,2.69,1.45,1.4,2.22,223,8.83,7.07,13.51
2026-06-06 04:30:00+00:00,2.37,8.94,535.3933526158066,2.28,2.9,1.4,1.41,2.27,219,9.4,7.24,13.84
2026-06-06 05:00:00+00:00,2.26,8.88,471.59835899539866,2.15,2.7,1.52,1.36,2.15,214,10.67,7.42,13.17
2026-06-06 05:30:00+00:00,2.25,8.8,530.471757275753,2.17,2.79,1.3,1.33,2.15,218,10.25,7.27,14.42
2026-06-06 06:00:00+00:00,2.47,9.02,881.9814456773216,2.32,3.02,1.78,1.43,2.31,209,9.85,7.56,13.17
2026-06-06 06:30:00+00:00,2.29,9.1,1038.3831006443777,2.23,2.67,1.42,1.43,2.25,203,8.97,7.78,13.92
2026-06-06 07:00:00+00:00,2.25,9.27,1152.150002162845,2.16,2.67,1.59,1.38,2.18,204,9.31,7.77,12.94
2026-06-06 07:30:00+00:00,2.11,9.25,958.9526923907172,2.04,2.61,1.63,1.24,2.02,213,9.04,7.37,13.44
2026-06-06 08:00:00+00:00,2.43,9.46,1279.8011580458146,2.37,2.95,2.26,1.49,2.36,198,9.69,8.01,13.49
2026-06-06 08:30:00+00:00,2.2,9.45,1239.162331615889,2.16,2.72,1.17,1.38,2.18,195,9.65,8.09,14.43
2026-06-06 09:00:00+00:00,2.31,9.53,1393.2746132860898,2.12,2.67,1.53,1.33,2.13,205,10.34,7.73,15.53
2026-06-06 09:30:00+00:00,2.36,9.6,1666.8282889998243,2.28,2.82,1.83,1.46,2.31,190,9.09,8.32,14.32
2026-06-06 10:00:00+00:00,2.27,9.68,1594.9884217980814,2.18,2.61,1.31,1.42,2.23,189,9.87,8.36,14.53
2026-06-06 10:30:00+00:00,2.19,9.67,1518.9773578588665,2.12,2.6,1.65,1.28,2.07,204,10.14,7.71,15.42
2026-06-06 11:00:00+00:00,2.25,9.49,1264.1938817583255,2.15,2.69,1.79,1.37,2.17,203,9.39,7.78,13.33
2026-06-06 11:30:00+00:00,2.31,9.56,1096.7559434417924,2.21,2.82,2.88,1.31,2.16,222,9.94,7.15,12.9
2026-06-06 12:00:00+00:00,2.49,9.59,1067.0171436618575,2.39,3.14,1.77,1.45,2.36,218,10.13,7.24,13.51
2026-06-06 12:30:00+00:00,2.6,9.62,1172.616953833654,2.56,3.22,2.25,1.59,2.5500000000000003,206,12.06,7.71,13.84
2026-06-06 13:00:00+00:00,2.86,9.8,1136.5387868168777,2.87,3.63,1.99,1.76,2.85,196,10.83,8.01,14.28
2026-06-06 13:30:00+00:00,2.81,9.69,1159.8949872373144,2.69,3.26,1.74,1.66,2.66,208,9.53,7.63,15.22
2026-06-06 14:00:00+00:00,2.68,9.56,1146.8545092296952,2.57,3.25,2.29,1.57,2.53,217,10.74,7.32,14.82
2026-06-06 14:30:00+00:00,2.93,9.6,1149.706199757936,2.88,3.5500000000000003,1.41,1.72,2.81,214,11.41,7.41,13.48
2026-06-06 15:00:00+00:00,2.95,9.75,1189.2894001693046,2.78,3.58,1.67,1.68,2.76,216,10.57,7.3,13.4
2026-06-06 15:30:00+00:00,3.18,9.66,1388.0233192499416,3.12,3.85,1.7,1.9,3.0700000000000003,209,9.68,7.56,13.7
2026-06-06 16:00:00+00:00,3.15,9.66,1416.4730241165344,3.04,3.9,1.75,1.88,3.03,207,10.22,7.640000000000001,13.29
2026-06-06 16:30:00+00:00,3.15,9.4,1356.7115422741686,3.08,3.75,2.06,1.97,3.11,206,9.8,7.71,13.15
2026-06-06 17:00:00+00:00,3.44,9.64,1309.3327743785183,3.35,4.3,3.28,2.07,3.3200000000000003,209,10.05,7.57,13.77
2026-06-06 17:30:00+00:00,3.45,9.34,1069.485103158846,3.27,4.09,1.88,2.03,3.25,218,9.72,7.21,15.48
2026-06-06 18:00:00+00:00,3.35,9.38,1072.763855100216,3.19,3.92,2.12,2.01,3.19,214,10.56,7.4,14.44
2026-06-06 18:30:00+00:00,3.63,9.71,1025.9455154493796,3.44,4.4,2.0,2.07,3.39,215,9.72,7.36,14.06
2026-06-06 19:00:00+00:00,3.4,9.26,720.1719318841948,3.25,4.3,2.87,1.93,3.18,230,10.39,6.88,13.28
2026-06-06 19:30:00+00:00,3.53,9.58,700.8666783280154,3.38,4.17,2.84,2.11,3.37,210,10.65,7.53,14.08
2026-06-06 20:00:00+00:00,3.44,9.32,868.0138388736524,3.26,4.11,2.03,2.0,3.22,218,9.31,7.25,14.32
2026-06-06 20:30:00+00:00,3.26,9.46,775.0420682975886,3.15,4.0200000000000005,2.64,1.96,3.15,209,10.84,7.58,14.04
2026-06-06 21:00:00+00:00,3.45,9.73,823.1965127937881,3.37,4.2700000000000005,2.49,2.04,3.3200000000000003,206,10.5,7.71,13.38
2026-06-06 21:30:00+00:00,3.4,9.63,854.5250930675619,3.27,4.0200000000000005,3.1,2.09,3.3000000000000003,198,9.38,7.99,13.52
2026-06-06 22:00:00+00:00,3.19,9.27,963.2432454637143,3.01,3.6,1.35,1.95,3.0500000000000003,207,9.86,7.68,14.49
2026-06-06 22:30:00+00:00,3.17,9.75,1040.5154996125138,3.09,3.88,2.18,1.9,3.06,204,10.47,7.74,14.53
2026-06-06 23:00:00+00:00,3.33,9.78,1129.3609945823832,3.16,3.91,3.93,2.01,3.2,199,10.31,7.95,13.65
2026-06-06 23:30:00+00:00,3.3000000000000003,9.83,1290.7993371810737,3.03,3.68,3.12,1.95,3.08,203,11.66,7.79,14.49
2026-06-07 00:00:00+00:00,2.97,9.57,1415.9069512311937,2.83,3.44,1.88,1.76,2.82,211,8.74,7.51,14.51
2026-06-07 00:30:00+00:00,3.01,9.6,1021.9704329588238,2.86,3.5700000000000003,2.48,1.82,2.89,208,11.3,7.59,15.65
2026-06-07 01:00:00+00:00,3.12,9.73,1005.8112905527267,2.87,3.67,2.68,1.81,2.88,212,10.84,7.49,12.88
2026-06-07 01:30:00+00:00,2.91,9.51,1058.3043302254296,2.76,3.39,2.16,1.7,2.73,219,9.62,7.24,13.81
2026-06-07 02:00:00+00:00,2.87,9.51,976.0510297370545,2.74,3.5,1.85,1.69,2.72,220,11.62,7.2,14.09
2026-06-07 02:30:00+00:00,2.88,9.36,939.5446655266165,2.74,3.39,2.49,1.76,2.77,212,10.09,7.46,13.16
2026-06-07 03:00:00+00:00,2.87,9.67,940.3120541283608,2.66,3.48,2.83,1.57,2.6,224,9.07,7.03,13.46
2026-06-07 03:30:00+00:00,2.87,10.05,878.5228791465671,2.8000000000000003,3.24,2.07,1.76,2.8000000000000003,197,11.13,8.01,14.54
2026-06-07 04:00:00+00:00,2.57,9.4,936.6810323893573,2.38,3.02,1.2,1.48,2.36,225,10.63,7.03,13.36
2026-06-07 04:30:00+00:00,2.92,10.04,880.2407182582899,2.87,3.49,1.59,1.82,2.89,190,10.3,8.32,14.73
2026-06-07 05:00:00+00:00,2.57,9.56,810.703051217406,2.43,3.01,1.84,1.53,2.44,214,9.42,7.4,14.77
2026-06-07 05:30:00+00:00,2.76,9.91,783.3049993277785,2.57,3.2,1.54,1.69,2.66,191,9.49,8.3,13.91
2026-06-07 06:00:00+00:00,2.78,10.1,1143.2426836777308,2.79,3.43,1.47,1.69,2.73,194,11.82,8.16,14.71
2026-06-07 06:30:00+00:00,2.69,9.98,952.9165651166787,2.64,3.26,1.56,1.63,2.62,196,10.59,8.06,14.86
2026-06-07 07:00:00+00:00,2.8000000000000003,9.97,1024.8688007054852,2.75,3.43,2.14,1.62,2.67,204,10.91,7.71,14.1
2026-06-07 07:30:00+00:00,2.62,9.82,1245.4807566145057,2.53,3.15,2.8000000000000003,1.51,2.47,211,10.9,7.49,13.45
2026-06-07 08:00:00+00:00,2.59,9.62,1207.186997213034,2.47,3.15,1.79,1.49,2.42,213,8.540000000000001,7.46,13.74
2026-06-07 08:30:00+00:00,2.67,9.69,984.6208549359739,2.61,3.25,1.3,1.58,2.57,204,10.15,7.71,15.44
2026-06-07 09:00:00+00:00,2.47,9.55,1213.871622601188,2.36,2.99,1.27,1.43,2.33,213,10.22,7.45,13.18
2026-06-07 09:30:00+00:00,2.6,9.66,1246.3496321727616,2.46,3.04,1.24,1.52,2.44,205,10.08,7.71,15.06
2026-06-07 10:00:00+00:00,2.5,9.63,1357.3380001662845,2.46,3.17,1.84,1.53,2.45,207,11.09,7.67,13.24
2026-06-07 10:30:00+00:00,2.47,9.38,1496.093798340118,2.36,3.0500000000000003,1.63,1.4,2.3000000000000003,226,11.34,7.01,13.01
2026-06-07 11:00:00+00:00,2.48,9.28,1626.6298942539927,2.37,3.08,2.04,1.42,2.33,227,9.26,6.96,12.84
2026-06-07 11:30:00+00:00,2.45,9.04,1523.2914306874281,2.3000000000000003,2.82,1.4,1.44,2.3000000000000003,227,8.58,6.98,12.42
2026-06-07 12:00:00+00:00,2.56,9.24,1275.1975663049645,2.45,2.97,1.32,1.48,2.39,226,9.75,6.99,13.18
2026-06-07 12:30:00+00:00,2.5,9.0,1160.2643157465277,2.37,3.18,1.16,1.42,2.34,235,9.72,6.73,14.47
2026-06-07 13:00:00+00:00,2.58,8.94,1077.36688338012,2.4,2.9,1.83,1.51,2.39,228,8.85,6.91,12.84
2026-06-07 13:30:00+00:00,2.75,9.0,1086.006258600142,2.58,3.21,1.8,1.64,2.61,223,9.36,7.09,14.78
2026-06-07 14:00:00+00:00,2.62,8.82,1131.9503085156787,2.43,3.04,1.9,1.51,2.43,238,7.42,6.66,12.43
2026-06-07 14:30:00+00:00,2.7,9.14,1100.0249923334225,2.57,3.0700000000000003,1.61,1.63,2.58,215,9.84,7.38,12.76
2026-06-07 15:00:00+00:00,2.79,9.18,1181.7142695193472,2.64,3.44,1.12,1.61,2.62,229,10.79,6.91,12.96
2026-06-07 15:30:00+00:00,2.68,9.28,1328.4727496873188,2.59,3.3000000000000003,1.41,1.57,2.54,227,10.32,6.99,13.06
2026-06-07 16:00:00+00:00,2.48,8.82,1209.4811555513443,2.3000000000000003,3.0500000000000003,1.8,1.36,2.24,256,9.58,6.17,12.45
2026-06-07 16:30:00+00:00,2.42,8.68,1324.7237332905058,2.25,2.76,2.17,1.4,2.24,247,10.28,6.38,12.95
2026-06-07 17:00:00+00:00,2.4,8.99,1397.6848985812862,2.17,2.66,1.74,1.32,2.13,244,10.86,6.5,13.91
2026-06-07 17:30:00+00:00,2.4,9.06,1159.4024979341573,2.24,2.86,1.52,1.37,2.21,246,10.11,6.45,13.37
2026-06-07 18:00:00+00:00,2.41,9.08,1061.4524208958555,2.29,2.96,2.5,1.39,2.26,239,10.14,6.59,13.43
2026-06-07 18:30:00+00:00,2.29,8.9,930.1275821781602,2.2,2.76,1.57,1.31,2.14,244,9.91,6.44,14.64
2026-06-07 19:00:00+00:00,2.13,8.66,1006.6347928550576,1.99,2.48,1.81,1.24,1.98,263,11.38,6.0,13.71
2026-06-07 19:30:00+00:00,1.99,8.49,1026.1295236037643,1.83,2.29,1.08,1.14,1.82,279,6.32,5.69,14.44
2026-06-07 20:00:00+00:00,2.17,8.8,876.3105679618441,2.05,2.61,1.2,1.24,2.01,252,10.12,6.25,13.79
2026-06-07 20:30:00+00:00,2.12,9.04,655.7146189982409,2.03,2.49,1.88,1.26,2.02,239,11.04,6.61,14.09
2026-06-07 21:00:00+00:00,1.98,8.8,669.3567862426759,1.84,2.23,1.55,1.13,1.82,252,9.77,6.2700000000000005,13.86
2026-06-07 21:30:00+00:00,1.81,8.67,564.7155804134946,1.63,2.05,1.11,0.99,1.6,269,9.68,5.89,14.66
2026-06-07 22:00:00+00:00,1.91,9.32,709.2231943275411,1.78,2.24,2.42,1.1,1.76,240,10.47,6.6000000000000005,13.27
2026-06-07 22:30:00+00:00,1.79,9.06,909.0051386583068,1.6,2.05,1.51,0.98,1.58,257,9.73,6.17,14.35
2026-06-07 23:00:00+00:00,1.74,9.05,995.8668726073118,1.68,2.16,1.86,0.99,1.63,246,8.790000000000001,6.42,13.55
2026-06-07 23:30:00+00:00,1.75,9.05,902.5165246379247,1.66,2.08,1.5,1.02,1.64,239,10.45,6.62,12.19
2026-06-08 00:00:00+00:00,1.84,9.25,1196.4759162916614,1.71,2.11,0.94,1.06,1.7,226,9.97,7.0200000000000005,13.36
2026-06-08 00:30:00+00:00,1.79,9.37,1117.8204625367102,1.75,2.19,1.38,1.06,1.72,221,10.58,7.16,13.55
2026-06-08 01:00:00+00:00,1.93,9.43,957.5298521246261,1.89,2.28,1.81,1.17,1.87,208,10.22,7.62,14.05
2026-06-08 01:30:00+00:00,1.76,9.13,910.918823217062,1.65,2.08,1.19,1.0,1.62,233,10.1,6.82,12.43
2026-06-08 02:00:00+00:00,1.87,9.29,870.1981895218552,1.79,2.29,1.6,1.09,1.77,221,9.92,7.17,13.37
2026-06-08 02:30:00+00:00,1.94,9.13,848.6830848764625,1.79,2.25,2.57,1.16,1.82,208,9.14,7.6,12.77
2026-06-08 03:00:00+00:00,1.76,8.81,881.7209045283817,1.64,2.09,0.78,1.01,1.63,226,9.65,7.0,12.69
2026-06-08 03:30:00+00:00,1.84,9.12,920.7691471159403,1.79,2.29,1.38,1.1,1.77,219,10.49,7.25,13.41
2026-06-08 04:00:00+00:00,1.84,8.94,765.2045407399335,1.78,2.13,1.08,1.12,1.78,221,9.95,7.17,12.67
2026-06-08 04:30:00+00:00,1.81,8.950000000000001,803.1031772053764,1.71,2.11,1.36,1.08,1.72,222,8.58,7.140000000000001,13.3
2026-06-08 05:00:00+00:00,1.87,8.94,942.3403752273518,1.77,2.29,1.15,1.06,1.74,225,9.7,7.04,13.03
2026-06-08 05:30:00+00:00,1.86,8.77,741.0795157898606,1.81,2.39,1.56,1.12,1.81,219,8.63,7.21,13.56
2026-06-08 06:00:00+00:00,1.86,8.790000000000001,1030.0723647191658,1.82,2.26,1.43,1.16,1.83,211,9.79,7.49,12.67
2026-06-08 06:30:00+00:00,1.78,8.69,1023.5479340385988,1.76,2.18,1.02,1.11,1.77,215,9.81,7.36,12.6
2026-06-08 07:00:00+00:00,1.87,8.790000000000001,1118.7253378054309,1.8,2.24,1.51,1.14,1.81,212,8.55,7.48,13.37
2026-06-08 07:30:00+00:00,1.83,8.540000000000001,1229.1298907094017,1.78,2.25,1.29,1.1,1.77,222,9.3,7.11,12.5
2026-06-08 08:00:00+00:00,1.74,8.55,7094.34683847319,1.66,2.05,0.78,1.05,1.66,217,8.5,7.31,13.35
2026-06-08 08:30:00+00:00,1.64,8.38,4885.130380203525,1.53,1.93,1.02,0.97,1.54,231,9.41,6.84,12.71
2026-06-08 09:00:00+00:00,1.68,8.69,6322.835990721644,1.68,2.14,1.02,1.04,1.67,213,9.6,7.43,13.88
2026-06-08 09:30:00+00:00,1.64,8.8,-4685.023301371129,1.59,1.89,0.95,1.07,1.65,201,8.71,7.890000000000001,12.89
2026-06-08 10:00:00+00:00,1.58,8.69,-42872.86576083392,1.45,1.8,1.08,0.92,1.46,223,8.65,7.1000000000000005,12.71
2026-06-08 10:30:00+00:00,1.68,8.89,-31711.591030248273,1.6,2.05,0.99,1.01,1.61,210,8.85,7.53,13.07
2026-06-08 11:00:00+00:00,1.44,8.78,-36529.15870700266,1.46,1.84,0.86,0.93,1.47,205,8.93,7.72,13.32
2026-06-08 11:30:00+00:00,1.41,8.56,-6344.934751884262,1.34,1.66,0.8200000000000001,0.86,1.35,219,8.36,7.21,12.41
2026-06-08 12:00:00+00:00,1.39,8.84,6604.632741186627,1.37,1.75,1.12,0.86,1.37,214,8.69,7.35,12.77
2026-06-08 12:30:00+00:00,1.4,8.81,6625.12186433772,1.34,1.7,1.07,0.8300000000000001,1.34,219,8.9,7.23,13.6
2026-06-08 13:00:00+00:00,1.4,9.13,6548.1409670052235,1.32,1.72,0.71,0.79,1.3,222,7.8,7.140000000000001,13.93
2026-06-08 13:30:00+00:00,1.44,9.22,6590.253386512645,1.38,1.73,1.04,0.9,1.41,197,10.16,8.01,13.89
2026-06-08 14:00:00+00:00,1.41,9.11,6552.80768675433,1.37,1.71,0.65,0.86,1.37,206,10.28,7.69,13.27
2026-06-08 14:30:00+00:00,1.42,9.04,6505.668426539041,1.39,1.72,0.75,0.87,1.38,208,9.56,7.55,12.99
2026-06-08 15:00:00+00:00,1.49,9.19,5424.322797189676,1.46,1.87,1.12,0.93,1.47,200,9.49,7.930000000000001,13.54
2026-06-08 15:30:00+00:00,1.44,8.99,1579.6075650902908,1.38,1.69,0.74,0.88,1.39,207,8.57,7.63,13.0
2026-06-08 16:00:00+00:00,1.52,9.17,1414.3845823233169,1.51,1.91,1.17,0.94,1.5,199,10.17,7.92,13.57
2026-06-08 16:30:00+00:00,1.36,9.05,1317.580747533921,1.31,1.65,1.08,0.8200000000000001,1.32,209,9.83,7.57,13.12
2026-06-08 17:00:00+00:00,1.42,9.16,1298.2606988504526,1.34,1.73,1.3,0.8200000000000001,1.32,210,8.74,7.5,14.62
2026-06-08 17:30:00+00:00,1.48,9.33,1330.5603917692408,1.47,1.82,1.04,0.92,1.46,197,9.38,8.01,13.45
2026-06-08 18:00:00+00:00,1.4,9.04,1438.0643509924948,1.39,1.69,0.81,0.87,1.38,206,9.11,7.69,13.96
2026-06-08 18:30:00+00:00,1.45,9.05,1223.3454982496723,1.4,1.74,0.81,0.86,1.39,224,7.97,7.07,15.86
2026-06-08 19:00:00+00:00,1.49,8.66,1266.183347997257,1.44,1.79,1.13,0.91,1.45,238,9.6,6.68,12.95
2026-06-08 19:30:00+00:00,1.44,8.03,1187.2222139319604,1.36,1.67,1.02,0.84,1.34,277,8.02,5.7,12.27
2026-06-08 20:00:00+00:00,1.54,7.83,1187.4166680356511,1.44,1.88,1.21,0.88,1.42,300,11.78,5.28,12.91
2026-06-08 20:30:00+00:00,1.56,7.38,1188.5758877317799,1.45,1.75,1.56,0.92,1.45,307,8.370000000000001,5.15,11.9
2026-06-08 21:00:00+00:00,1.77,7.0,1084.887123821526,1.61,2.05,1.51,1.02,1.61,323,6.28,4.91,10.78
2026-06-08 21:30:00+00:00,1.82,7.08,1162.7342343159003,1.67,2.08,1.34,1.07,1.69,308,6.140000000000001,5.14,11.76
2026-06-08 22:00:00+00:00,1.9,7.18,1251.1839940341113,1.79,2.2,2.03,1.09,1.76,308,7.44,5.12,12.44
2026-06-08 22:30:00+00:00,1.87,6.66,1119.5782367813129,1.73,2.2,1.23,1.1,1.74,314,9.69,5.05,10.57
2026-06-08 23:00:00+00:00,1.99,6.92,1074.8524531184507,1.85,2.26,1.34,1.16,1.84,302,8.33,5.25,11.09
2026-06-08 23:30:00+00:00,2.04,6.58,967.0538163145574,1.92,2.4,2.25,1.23,1.94,302,6.08,5.23,11.45
2026-06-09 00:00:00+00:00,2.15,6.82,1034.0963483442233,2.0,2.53,1.42,1.26,2.01,293,7.13,5.41,11.42
2026-06-09 00:30:00+00:00,2.12,6.69,1091.6145564090336,1.99,2.54,1.92,1.2,1.95,313,6.86,5.05,10.72
2026-06-09 01:00:00+00:00,2.06,6.47,1104.959370228171,1.95,2.41,1.39,1.22,1.94,312,7.49,5.08,11.07
2026-06-09 01:30:00+00:00,2.17,6.88,1138.3473186068393,2.0,2.39,0.73,1.29,2.03,294,6.65,5.4,11.12
2026-06-09 02:00:00+00:00,2.14,6.78,1029.7591007318024,1.97,2.47,1.48,1.23,1.95,312,7.54,5.09,11.85
2026-06-09 02:30:00+00:00,2.17,6.88,1002.7285697077242,2.02,2.49,1.51,1.31,2.06,289,6.2,5.5,11.53
2026-06-09 03:00:00+00:00,2.27,7.08,1077.648572407528,2.17,2.78,2.11,1.34,2.15,287,6.72,5.53,10.99
2026-06-09 03:30:00+00:00,2.19,7.01,1132.2043138159638,2.05,2.51,2.04,1.29,2.06,290,8.0,5.47,12.28
2026-06-09 04:00:00+00:00,2.26,7.0200000000000005,1162.655239100187,2.13,2.78,1.48,1.26,2.08,298,7.84,5.32,12.5
2026-06-09 04:30:00+00:00,2.23,7.16,1096.3537924324683,2.16,2.63,1.91,1.34,2.13,277,7.86,5.73,11.56
2026-06-09 05:00:00+00:00,2.12,6.8500000000000005,842.5946518484477,1.95,2.48,1.51,1.23,1.95,293,5.8100000000000005,5.41,11.22
2026-06-09 05:30:00+00:00,2.11,7.03,1002.8269207276315,2.01,2.48,1.39,1.28,2.03,279,7.640000000000001,5.64,11.76
2026-06-09 06:00:00+00:00,2.14,6.98,1283.7131707950202,2.04,2.59,1.72,1.25,2.01,283,6.95,5.5600000000000005,11.2
2026-06-09 06:30:00+00:00,2.05,6.74,1410.94894442291,1.94,2.33,1.79,1.26,1.97,285,6.23,5.57,10.8
2026-06-09 07:00:00+00:00,2.08,6.7700000000000005,1252.169282547667,1.93,2.35,1.61,1.25,1.96,291,8.48,5.44,11.71
2026-06-09 07:30:00+00:00,1.98,6.58,1242.4804792761197,1.85,2.32,1.19,1.16,1.85,310,6.9,5.12,12.15
2026-06-09 08:00:00+00:00,2.04,6.83,1311.96780152741,1.93,2.4,2.02,1.23,1.95,290,5.75,5.45,10.89
2026-06-09 08:30:00+00:00,2.18,7.22,1338.8608729068205,2.09,2.52,1.6,1.34,2.11,272,8.01,5.84,12.18
2026-06-09 09:00:00+00:00,2.14,7.0,1234.8830464157852,2.0,2.52,1.32,1.27,2.01,293,6.62,5.41,12.4
2026-06-09 09:30:00+00:00,2.12,7.04,1266.205620441056,1.98,2.45,1.91,1.23,1.96,296,5.66,5.34,11.69
2026-06-09 10:00:00+00:00,2.15,6.84,1256.8373557161492,2.0,2.5500000000000003,1.2,1.28,2.02,296,6.82,5.3500000000000005,12.23
2026-06-09 10:30:00+00:00,2.16,6.91,1263.3772820588308,1.99,2.52,1.5,1.23,1.98,303,6.66,5.24,10.82
2026-06-09 11:00:00+00:00,2.1,6.8500000000000005,1232.4916383638752,1.89,2.3000000000000003,1.19,1.22,1.92,312,7.22,5.09,11.6
2026-06-09 11:30:00+00:00,2.21,7.09,1101.0505358928121,2.09,2.56,1.28,1.3,2.06,299,5.97,5.3,11.12
2026-06-09 12:00:00+00:00,2.11,6.8100000000000005,1075.2867934885232,1.93,2.31,1.88,1.24,1.95,308,5.36,5.14,12.45
2026-06-09 12:30:00+00:00,2.11,6.9,1202.9419857865819,1.98,2.52,1.42,1.23,1.98,310,8.24,5.11,10.43
2026-06-09 13:00:00+00:00,2.14,6.92,1161.9999066667726,2.02,2.53,1.82,1.24,1.99,307,9.84,5.14,12.34
2026-06-09 13:30:00+00:00,2.26,7.03,1147.3576599010794,2.09,2.65,1.88,1.33,2.12,294,6.68,5.39,12.31
2026-06-09 14:00:00+00:00,2.11,6.69,1237.2970381423727,1.93,2.35,1.73,1.25,1.96,311,5.63,5.09,11.31
2026-06-09 14:30:00+00:00,2.24,6.87,1227.6625354942912,2.07,2.56,1.47,1.33,2.1,301,5.76,5.25,11.44
2026-06-09 15:00:00+00:00,2.32,6.68,1112.0535276010041,2.2,2.7,1.4,1.44,2.26,287,7.29,5.53,11.17
2026-06-09 15:30:00+00:00,2.34,6.74,3408.148467044726,2.18,2.82,1.73,1.35,2.17,304,8.1,5.21,11.62
2026-06-09 16:00:00+00:00,2.2,6.88,8260.099663244608,2.05,2.53,1.67,1.3,2.06,305,6.98,5.21,11.5
2026-06-09 16:30:00+00:00,2.18,6.61,1279.4328157408427,2.03,2.43,1.52,1.31,2.06,307,6.72,5.16,10.76
2026-06-09 17:00:00+00:00,2.23,6.69,1387.1327384602548,2.03,2.49,1.96,1.28,2.03,312,8.02,5.08,10.85
2026-06-09 17:30:00+00:00,2.31,7.0,6247.661356614018,2.24,2.79,1.52,1.42,2.26,283,8.02,5.59,12.51
2026-06-09 18:00:00+00:00,2.46,7.29,2171.0454479451514,2.31,2.76,1.67,1.49,2.35,270,8.33,5.8500000000000005,10.94
2026-06-09 18:30:00+00:00,2.36,7.0,1065.8787350384482,2.31,2.9,1.43,1.42,2.28,294,6.87,5.4,11.62
2026-06-09 19:00:00+00:00,2.51,6.94,1097.8242209868474,2.35,3.02,2.1,1.49,2.37,288,6.72,5.5,12.42
2026-06-09 19:30:00+00:00,2.58,6.99,1019.9925870047855,2.49,3.1,1.17,1.6,2.52,272,7.99,5.83,11.8
2026-06-09 20:00:00+00:00,2.41,6.7700000000000005,1142.5783073346404,2.32,2.89,2.22,1.44,2.31,298,7.72,5.3100000000000005,11.43
2026-06-09 20:30:00+00:00,2.47,7.33,1005.7147622275616,2.32,2.78,1.44,1.51,2.37,269,7.11,5.88,11.62
2026-06-09 21:00:00+00:00,2.28,7.09,870.8587647486572,2.08,2.58,0.84,1.32,2.09,297,8.39,5.34,13.25
2026-06-09 21:30:00+00:00,2.3000000000000003,7.03,948.0599527872473,2.17,2.72,1.28,1.36,2.17,291,7.63,5.44,11.62
2026-06-09 22:00:00+00:00,2.2,7.0200000000000005,1109.2431202168254,2.05,2.52,1.71,1.33,2.08,290,4.98,5.48,11.23
2026-06-09 22:30:00+00:00,2.14,7.13,1130.0915606941664,1.97,2.42,1.64,1.27,2.0,283,7.33,5.6000000000000005,11.54
2026-06-09 23:00:00+00:00,2.13,7.53,998.2104278523223,2.01,2.54,1.71,1.27,2.01,272,6.8,5.83,12.44
2026-06-09 23:30:00+00:00,2.06,7.71,917.5181316033364,1.83,2.29,1.59,1.16,1.84,290,9.98,5.47,11.8
2026-06-10 00:00:00+00:00,1.99,7.56,910.0324819594499,1.9,2.36,1.49,1.17,1.87,283,10.16,5.58,11.74
2026-06-10 00:30:00+00:00,2.04,7.97,1310.6060357550334,1.93,2.41,1.59,1.19,1.91,271,11.57,5.84,12.53
2026-06-10 01:00:00+00:00,1.95,8.01,1358.903168098841,1.9,2.4,1.74,1.17,1.88,263,10.54,6.03,13.07
2026-06-10 01:30:00+00:00,1.99,8.09,1287.4152036030314,1.86,2.29,1.42,1.18,1.87,265,8.69,5.98,12.8
2026-06-10 02:00:00+00:00,2.08,8.36,1142.511187237201,1.94,2.42,1.34,1.19,1.92,265,10.02,5.97,12.34
2026-06-10 02:30:00+00:00,1.94,8.36,1145.8923572161734,1.83,2.25,1.56,1.14,1.81,260,9.75,6.09,13.03
2026-06-10 03:00:00+00:00,1.86,8.4,1376.5749724786406,1.76,2.17,1.75,1.11,1.76,258,10.78,6.13,13.18
2026-06-10 03:30:00+00:00,1.89,8.53,1174.6130627422335,1.75,2.18,1.43,1.05,1.7,263,8.21,6.0200000000000005,12.92
2026-06-10 04:00:00+00:00,1.81,8.56,1145.717822454509,1.71,2.13,1.74,1.04,1.68,263,9.18,6.0200000000000005,13.66
2026-06-10 04:30:00+00:00,1.8,8.620000000000001,1205.1705623094101,1.72,2.17,0.8300000000000001,1.07,1.72,241,9.52,6.58,12.78
2026-06-10 05:00:00+00:00,1.74,8.32,1131.184511409269,1.64,2.2,1.17,0.98,1.6,280,9.66,5.64,13.03
2026-06-10 05:30:00+00:00,1.78,8.24,1083.080721470246,1.74,2.2,1.03,1.05,1.69,268,9.1,5.92,12.56
2026-06-10 06:00:00+00:00,1.81,8.16,1218.9367112602492,1.74,2.17,1.24,1.1,1.74,258,9.18,6.12,13.92
2026-06-10 06:30:00+00:00,1.79,8.040000000000001,1470.5607523350127,1.64,2.08,1.87,0.99,1.61,288,9.74,5.5,11.76
2026-06-10 07:00:00+00:00,1.91,8.46,1332.745315810604,1.79,2.26,1.52,1.07,1.75,268,9.69,5.93,14.14
2026-06-10 07:30:00+00:00,1.94,8.58,144.24914088841143,1.79,2.35,2.23,1.08,1.76,264,8.48,5.98,12.11
2026-06-10 08:00:00+00:00,1.84,8.69,-236.7666413813583,1.75,2.22,1.12,1.06,1.71,254,10.16,6.22,12.77
2026-06-10 08:30:00+00:00,1.78,8.120000000000001,5889.095251422595,1.63,2.06,1.57,1.02,1.63,272,8.4,5.8100000000000005,12.18
2026-06-10 09:00:00+00:00,1.88,8.25,5893.300000068054,1.71,2.25,1.52,1.05,1.7,274,9.11,5.7700000000000005,11.85
2026-06-10 09:30:00+00:00,1.95,8.370000000000001,409.35762351037357,1.9,2.4,1.6,1.19,1.89,245,9.94,6.47,12.05
2026-06-10 10:00:00+00:00,1.88,8.1,2166.728752764338,1.75,2.18,1.14,1.06,1.71,280,9.69,5.65,13.22
2026-06-10 10:30:00+00:00,1.97,8.03,-15380.103767704031,1.88,2.38,1.33,1.13,1.84,269,9.48,5.89,12.45
2026-06-10 11:00:00+00:00,1.93,7.68,-30247.118631533012,1.8,2.15,1.68,1.11,1.78,287,8.32,5.5,12.55
2026-06-10 11:30:00+00:00,1.86,7.51,3906.4024747582466,1.73,2.15,0.97,1.08,1.72,294,8.68,5.39,12.61
2026-06-10 12:00:00+00:00,2.17,8.14,3758.4785972109594,1.93,2.43,1.4,1.17,1.89,288,8.69,5.47,12.43
2026-06-10 12:30:00+00:00,1.94,7.53,2731.539017288422,1.84,2.35,1.8,1.11,1.8,300,8.43,5.29,12.11
2026-06-10 13:00:00+00:00,2.07,7.84,1817.7918687885026,1.89,2.39,1.5,1.15,1.86,293,9.89,5.38,11.94
2026-06-10 13:30:00+00:00,1.92,7.13,1811.64320660647,1.81,2.18,2.4,1.16,1.83,297,9.5,5.33,12.3
2026-06-10 14:00:00+00:00,2.01,7.42,1464.2476506147245,1.88,2.32,1.42,1.17,1.87,304,10.56,5.23,12.53
2026-06-10 14:30:00+00:00,2.08,7.24,1104.1859589824403,1.88,2.33,1.27,1.21,1.9,302,10.61,5.22,12.43
2026-06-10 15:00:00+00:00,2.02,7.2,1109.0606665206208,1.89,2.34,1.84,1.19,1.89,305,6.59,5.21,11.29
2026-06-10 15:30:00+00:00,1.91,6.84,1122.5744614158702,1.78,2.16,1.4,1.16,1.82,303,5.65,5.21,12.09
2026-06-10 16:00:00+00:00,1.91,7.25,1195.5552536788764,1.79,2.27,1.41,1.12,1.79,306,8.72,5.18,10.54
2026-06-10 16:30:00+00:00,1.88,7.09,1156.7269032048553,1.71,2.08,1.81,1.08,1.72,308,7.23,5.15,12.37
2026-06-10 17:00:00+00:00,1.86,7.0,1093.4274310650887,1.7,2.15,1.24,1.08,1.71,316,6.67,5.0,13.19
2026-06-10 17:30:00+00:00,1.95,6.92,1055.2184336296405,1.75,2.16,1.63,1.12,1.77,321,4.83,4.94,10.93
2026-06-10 18:00:00+00:00,1.98,7.0200000000000005,968.6384456525606,1.83,2.26,1.4,1.19,1.86,299,8.540000000000001,5.3100000000000005,11.69
2026-06-10 18:30:00+00:00,1.85,6.57,1017.6015382279244,1.72,2.03,1.58,1.1,1.72,325,10.46,4.86,11.19
2026-06-10 19:00:00+00:00,1.91,6.78,1120.805994202597,1.75,2.14,1.93,1.11,1.75,318,10.59,4.99,11.08
2026-06-10 19:30:00+00:00,1.85,6.87,926.5198757194872,1.7,2.11,1.2,1.1,1.72,315,7.24,5.04,11.67
2026-06-10 20:00:00+00:00,1.84,6.68,1030.5350136078596,1.68,2.12,1.8,1.06,1.68,333,9.85,4.76,11.62
2026-06-10 20:30:00+00:00,1.91,6.8100000000000005,1056.6306692337666,1.77,2.28,1.68,1.1,1.77,321,8.28,4.94,12.11
2026-06-10 21:00:00+00:00,1.78,6.73,1068.9024748608974,1.73,2.08,1.78,1.11,1.74,302,6.58,5.25,12.32
2026-06-10 21:30:00+00:00,1.9,7.2,1107.7936024561802,1.81,2.25,1.34,1.13,1.8,293,7.4,5.4,11.82
2026-06-10 22:00:00+00:00,1.72,7.13,1079.9750037374515,1.64,2.01,1.27,1.05,1.65,291,7.01,5.45,12.33
2026-06-10 22:30:00+00:00,1.74,6.94,1024.9317487972958,1.64,2.06,1.69,1.05,1.66,294,7.01,5.38,13.04
2026-06-10 23:00:00+00:00,1.73,7.38,965.8045523149638,1.61,2.07,0.99,1.01,1.62,284,8.1,5.57,11.46
2026-06-10 23:30:00+00:00,1.77,7.54,902.3147427644312,1.66,2.06,0.9,1.04,1.65,276,7.24,5.71,14.55
2026-06-11 00:00:00+00:00,1.63,7.3,,1.54,1.93,1.89,0.96,1.53,286,8.1,5.5200000000000005,10.82
2026-06-11 00:30:00+00:00,1.6,7.4,1260.4144839232083,1.51,1.86,1.23,0.94,1.5,286.0,9.37,5.55,11.61
2026-06-11 01:00:00+00:00,1.51,7.2,1095.9565634053502,1.45,1.74,1.18,0.93,1.45,284.0,6.41,5.58,11.3
2026-06-11 01:30:00+00:00,1.59,7.19,1104.918910600532,1.49,1.87,1.43,0.93,1.48,300.0,7.22,5.28,12.43
2026-06-11 02:00:00+00:00,1.62,7.19,977.6607618117903,1.48,1.92,1.16,0.9,1.46,304.0,8.08,5.2,11.98
2026-06-11 02:30:00+00:00,1.54,6.93,882.7025371810172,1.45,1.8,0.87,0.93,1.47,296.0,7.95,5.3500000000000005,12.61
2026-06-11 03:00:00+00:00,1.58,7.46,845.4761477555516,1.51,1.85,1.75,0.93,1.5,281.0,10.21,5.65,11.28
2026-06-11 03:30:00+00:00,1.4,6.98,889.4641156992983,1.3,1.58,1.09,0.8300000000000001,1.31,311.0,8.56,5.09,10.67
2026-06-11 04:00:00+00:00,1.45,6.88,1006.9665932954238,1.35,1.67,1.44,0.87,1.37,302.0,6.4,5.24,10.95
2026-06-11 04:30:00+00:00,1.4,6.96,1067.7727529867839,1.3,1.65,1.26,0.8,1.28,319.0,7.47,4.98,11.47
2026-06-11 05:00:00+00:00,1.38,6.74,942.0534305376244,1.28,1.56,0.75,0.8300000000000001,1.3,303.0,6.3100000000000005,5.23,11.26
2026-06-11 05:30:00+00:00,1.5,7.2,887.8343953634469,1.4,1.68,0.79,0.87,1.39,294.0,8.66,5.38,12.31
2026-06-11 06:00:00+00:00,1.38,7.2,1260.3614868672878,1.34,1.7,1.07,0.8200000000000001,1.32,286.0,9.5,5.55,12.04
2026-06-11 06:30:00+00:00,1.34,7.04,1195.8186511961924,1.3,1.6,0.97,0.8200000000000001,1.3,281.0,8.03,5.64,10.66
2026-06-11 07:00:00+00:00,1.23,6.5,1273.5379625765686,1.17,1.44,0.9,0.73,1.17,312.0,7.27,5.0600000000000005,11.29
2026-06-11 07:30:00+00:00,1.25,6.82,93088.15848261758,1.17,1.47,1.15,0.74,1.17,298.0,6.34,5.3100000000000005,10.58
2026-06-11 08:00:00+00:00,1.33,7.1000000000000005,152009.08227972733,1.28,1.63,0.93,0.8,1.28,282.0,6.43,5.61,11.21
2026-06-11 08:30:00+00:00,1.41,7.19,150958.76005109504,1.33,1.6,0.8300000000000001,0.84,1.33,278.0,8.72,5.7,12.44
2026-06-11 09:00:00+00:00,1.33,7.17,147793.5220865674,1.27,1.6,0.78,0.81,1.28,277.0,7.85,5.72,10.68
2026-06-11 09:30:00+00:00,1.29,7.0600000000000005,138947.49721750733,1.17,1.48,0.86,0.75,1.18,289.0,8.26,5.48,10.44
2026-06-11 10:00:00+00:00,1.34,6.96,133578.14290574112,1.28,1.61,1.25,0.79,1.27,295.0,8.120000000000001,5.36,10.58
2026-06-11 10:30:00+00:00,1.32,6.92,126971.91630299378,1.25,1.52,0.75,0.81,1.27,282.0,7.59,5.59,11.92
2026-06-11 11:00:00+00:00,1.3,6.92,127776.15018832094,1.23,1.57,0.8300000000000001,0.78,1.24,297.0,7.140000000000001,5.34,10.98
2026-06-11 11:30:00+00:00,1.22,6.6000000000000005,128006.15072635605,1.16,1.4,0.7000000000000001,0.74,1.17,308.0,7.98,5.15,10.61
2026-06-11 12:00:00+00:00,1.36,7.38,145092.68015950476,1.29,1.59,1.22,0.8,1.28,292.0,9.11,5.41,10.76
2026-06-11 12:30:00+00:00,1.23,6.59,147669.73652694625,1.15,1.46,1.24,0.73,1.16,328.0,6.09,4.84,10.63
2026-06-11 13:00:00+00:00,1.29,7.2,90569.84743554635,1.25,1.53,1.12,0.76,1.23,302.0,8.83,5.26,11.01
2026-06-11 13:30:00+00:00,1.17,6.74,-607.8635946798238,1.09,1.35,0.74,0.7000000000000001,1.1,315.0,8.41,5.01,10.82
2026-06-11 14:00:00+00:00,1.17,6.7700000000000005,-701.5319751942617,1.06,1.37,0.87,0.66,1.06,341.0,7.25,4.65,10.11
2026-06-11 14:30:00+00:00,1.19,6.67,-657.2113794345954,1.08,1.36,0.87,0.6900000000000001,1.09,342.0,7.09,4.63,11.45
2026-06-11 15:00:00+00:00,1.18,6.72,-445.41246905950436,1.11,1.4,0.6900000000000001,0.68,1.1,344.0,7.88,4.59,11.32
2026-06-11 15:30:00+00:00,1.04,6.23,-0.07927130275932015,0.94,1.2,1.0,0.6,0.95,371.0,9.2,4.2700000000000005,11.16
2026-06-11 16:00:00+00:00,1.08,6.51,-82.4941374033674,1.0,1.28,0.7000000000000001,0.63,1.0,350.0,8.38,4.51,10.72
2026-06-11 16:30:00+00:00,1.05,6.63,74.25515401279915,0.95,1.21,0.88,0.61,0.96,348.0,8.55,4.5600000000000005,11.71
2026-06-11 17:00:00+00:00,1.06,6.5200000000000005,176.48189378888864,0.99,1.24,0.68,0.63,0.99,334.0,6.95,4.74,10.45
2026-06-11 17:30:00+00:00,1.13,6.66,173.70099395775088,1.0,1.25,1.23,0.64,1.01,342.0,8.78,4.63,11.02
2026-06-11 18:00:00+00:00,1.17,6.8,277.9961734529318,1.08,1.34,1.09,0.67,1.07,331.0,7.58,4.78,11.02
2026-06-11 18:30:00+00:00,1.1,6.36,-106.62249361236812,1.0,1.24,0.92,0.64,1.01,347.0,9.02,4.5600000000000005,10.5
2026-06-11 19:00:00+00:00,1.09,6.53,-270.1380233170736,1.04,1.3,1.08,0.64,1.03,335.0,7.140000000000001,4.73,10.04
2026-06-11 19:30:00+00:00,1.09,6.36,-456.71115319892886,1.01,1.25,1.28,0.63,1.0,345.0,6.890000000000001,4.6000000000000005,10.14
2026-06-11 20:00:00+00:00,1.13,6.66,-122.71977679228979,1.06,1.32,0.72,0.67,1.06,313.0,6.11,5.04,10.7
2026-06-11 20:30:00+00:00,1.17,6.74,-339.03043910657317,1.12,1.39,1.06,0.6900000000000001,1.11,311.0,9.28,5.1000000000000005,10.86
2026-06-11 21:00:00+00:00,1.13,6.5200000000000005,-434.0398834498711,1.07,1.3,0.91,0.6900000000000001,1.08,305.0,6.6000000000000005,5.19,11.23
2026-06-11 21:30:00+00:00,1.07,6.67,-172.0128714353985,1.02,1.31,0.88,0.64,1.03,301.0,6.2700000000000005,5.2700000000000005,10.11
2026-06-11 22:00:00+00:00,1.16,6.88,-148.94017014213873,1.09,1.38,0.48,0.68,1.09,291.0,6.7700000000000005,5.46,11.5
2026-06-11 22:30:00+00:00,1.17,6.98,-311.647778034046,1.08,1.37,0.7000000000000001,0.6900000000000001,1.1,282.0,6.08,5.61,12.39
2026-06-11 23:00:00+00:00,1.11,6.7,-97.62597897523767,1.03,1.3,0.72,0.65,1.04,297.0,6.59,5.32,11.25
2026-06-11 23:30:00+00:00,1.13,6.97,-214.61424363284198,1.06,1.34,0.7000000000000001,0.68,1.08,270.0,8.76,5.86,10.23
2026-06-12 00:00:00+00:00,1.14,6.890000000000001,27.45450260830311,1.06,1.32,0.59,0.68,1.07,279.0,8.89,5.69,10.32
2026-06-12 00:30:00+00:00,1.21,7.23,1.1523250501860467,1.17,1.47,0.58,0.74,1.17,263.0,8.88,6.04,10.51
2026-06-12 01:00:00+00:00,1.08,6.65,-93.36198042461193,1.02,1.26,0.68,0.65,1.03,289.0,7.82,5.48,11.35
2026-06-12 01:30:00+00:00,0.99,6.5600000000000005,-219.117181573731,0.94,1.19,0.46,0.61,0.96,291.0,7.58,5.43,10.85
2026-06-12 02:00:00+00:00,1.05,6.78,-157.43476613040048,1.01,1.25,0.53,0.64,1.01,287.0,7.9,5.53,10.4
2026-06-12 02:30:00+00:00,1.05,6.5200000000000005,-321.24201705629775,1.01,1.3,0.65,0.63,1.01,314.0,7.49,5.05,9.84
2026-06-12 03:00:00+00:00,1.05,6.63,-454.10586812682976,0.99,1.24,1.22,0.61,0.98,312.0,7.22,5.08,10.28
2026-06-12 03:30:00+00:00,1.1,6.57,-486.53853760491603,1.04,1.32,0.72,0.64,1.03,316.0,7.19,5.03,10.35
2026-06-12 04:00:00+00:00,1.12,6.8,-357.5221329277312,1.06,1.33,0.72,0.65,1.05,310.0,7.75,5.12,10.03
2026-06-12 04:30:00+00:00,1.02,6.45,-220.1090601080076,0.96,1.25,0.93,0.6,0.96,329.0,6.22,4.82,10.18
2026-06-12 05:00:00+00:00,0.96,6.36,-163.60630633156887,0.91,1.13,0.5700000000000001,0.5700000000000001,0.91,329.0,7.48,4.83,9.95
2026-06-12 05:30:00+00:00,0.98,6.43,7377.53732192829,0.9,1.13,0.67,0.5700000000000001,0.9,337.0,7.62,4.71,10.85
2026-06-12 06:00:00+00:00,0.99,6.58,8980.675981102557,0.93,1.17,0.8,0.59,0.94,316.0,6.96,5.01,10.66
2026-06-12 06:30:00+00:00,0.98,6.51,10458.72797619058,0.92,1.17,0.77,0.5700000000000001,0.91,329.0,5.37,4.82,10.58
2026-06-12 07:00:00+00:00,0.88,6.58,5977.535092760575,0.8300000000000001,1.05,0.78,0.51,0.81,335.0,7.96,4.74,10.54
2026-06-12 07:30:00+00:00,0.85,6.58,-4507.280404204287,0.81,1.02,0.66,0.5,0.8,333.0,7.27,4.76,10.69
2026-06-12 08:00:00+00:00,0.8,6.3500000000000005,-8361.457097011475,0.73,0.92,0.65,0.45,0.72,376.0,7.24,4.22,9.94
2026-06-12 08:30:00+00:00,0.85,6.3,-5235.2653152991525,0.76,1.0,0.72,0.48,0.77,375.0,7.85,4.22,10.12
2026-06-12 09:00:00+00:00,0.8200000000000001,6.2,-9037.435779691617,0.76,0.95,0.55,0.47,0.75,384.0,7.3,4.14,9.72
2026-06-12 09:30:00+00:00,0.79,6.29,-4825.473916164822,0.73,0.94,0.65,0.45,0.72,373.0,6.34,4.25,10.5
2026-06-12 10:00:00+00:00,0.8,6.45,-4844.665049931281,0.73,0.91,0.85,0.47,0.74,351.0,7.7,4.51,9.73
2026-06-12 10:30:00+00:00,0.8200000000000001,6.75,41677.21350596412,0.78,0.97,1.03,0.49,0.77,326.0,7.26,4.8500000000000005,10.17
2026-06-12 11:00:00+00:00,0.8200000000000001,6.890000000000001,70437.97349137175,0.76,0.95,0.63,0.48,0.76,312.0,7.03,5.08,12.22
2026-06-12 11:30:00+00:00,0.81,6.73,315.4474825965321,0.78,0.94,0.74,0.48,0.76,312.0,7.07,5.05,12.03
2026-06-12 12:00:00+00:00,0.76,6.94,679.3767204932168,0.72,0.93,0.42,0.44,0.71,309.0,9.03,5.14,12.37
2026-06-12 12:30:00+00:00,0.79,7.31,2066.0926723383313,0.78,0.94,0.52,0.48,0.77,267.0,6.84,5.94,10.64
2026-06-12 13:00:00+00:00,0.7000000000000001,6.84,1175.0819155565673,0.67,0.8300000000000001,0.39,0.42,0.67,291.0,8.11,5.44,11.86
2026-06-12 13:30:00+00:00,0.68,7.07,1306.37250144516,0.63,0.8,0.56,0.41,0.64,299.0,7.67,5.29,10.5
2026-06-12 14:00:00+00:00,0.73,7.4,1420.3330653541277,0.6900000000000001,0.85,0.49,0.44,0.7000000000000001,282.0,7.76,5.62,11.52
2026-06-12 14:30:00+00:00,0.7000000000000001,7.54,1411.150201749693,0.67,0.86,0.47,0.41,0.66,294.0,7.76,5.39,11.59
2026-06-12 15:00:00+00:00,0.66,7.4,1351.341190769348,0.6,0.78,0.42,0.36,0.59,323.0,7.81,4.9,11.03
2026-06-12 15:30:00+00:00,0.67,7.47,1539.1857474161454,0.64,0.78,0.56,0.39,0.63,294.0,10.05,5.4,12.05
2026-06-12 16:00:00+00:00,0.7000000000000001,7.47,1727.995832250338,0.67,0.8200000000000001,0.38,0.43,0.68,276.0,8.28,5.75,12.52
2026-06-12 16:30:00+00:00,0.67,7.53,1590.0399928199265,0.65,0.8300000000000001,0.73,0.4,0.64,295.0,8.19,5.38,13.02
2026-06-12 17:00:00+00:00,0.67,7.57,1433.6904791585516,0.66,0.8,0.67,0.41,0.66,275.0,7.640000000000001,5.76,13.05
2026-06-12 17:30:00+00:00,0.7000000000000001,7.96,1521.4633650648789,0.67,0.8300000000000001,0.41,0.43,0.67,260.0,9.82,6.07,13.95
2026-06-12 18:00:00+00:00,0.73,8.53,1452.226521924575,0.7000000000000001,0.89,0.55,0.42,0.68,263.0,8.790000000000001,6.04,13.2
2026-06-12 18:30:00+00:00,0.6900000000000001,8.11,1084.076812227933,0.66,0.81,0.63,0.42,0.67,246.0,8.27,6.45,12.75
2026-06-12 19:00:00+00:00,,,1059.7172174470281,,,,,,,,,
2026-06-12 19:30:00+00:00,,,1003.5051949998694,,,,,,,,,
2026-06-12 20:00:00+00:00,,,1124.3107613901354,,,,,,,,,
2026-06-12 20:30:00+00:00,,,1072.0142826908354,,,,,,,,,
2026-06-12 21:00:00+00:00,,,924.5237159415603,,,,,,,,,
2026-06-12 21:30:00+00:00,,,990.2906201242683,,,,,,,,,
2026-06-12 22:00:00+00:00,,,993.3325240711262,,,,,,,,,
2026-06-12 22:30:00+00:00,,,923.0613231445114,,,,,,,,,
2026-06-12 23:00:00+00:00,,,925.756426158657,,,,,,,,,
2026-06-12 23:30:00+00:00,,,725.9231087500153,,,,,,,,,
2026-06-13 00:00:00+00:00,,,678.073946509991,,,,,,,,,
2026-06-13 00:30:00+00:00,,,715.7405303959149,,,,,,,,,
2026-06-13 01:00:00+00:00,,,1017.6269353531287,,,,,,,,,
2026-06-13 01:30:00+00:00,,,1068.2834952252456,,,,,,,,,
2026-06-13 02:00:00+00:00,,,1056.0589414308542,,,,,,,,,
2026-06-13 02:30:00+00:00,,,1014.7053172380579,,,,,,,,,
2026-06-13 03:00:00+00:00,,,1026.3248927542652,,,,,,,,,
2026-06-13 03:30:00+00:00,,,1140.4331235110858,,,,,,,,,
2026-06-13 04:00:00+00:00,,,1285.8994621872866,,,,,,,,,
2026-06-13 04:30:00+00:00,,,1287.7958216464383,,,,,,,,,
2026-06-13 05:00:00+00:00,,,1273.1781198830383,,,,,,,,,
2026-06-13 05:30:00+00:00,,,1161.835432353639,,,,,,,,,
2026-06-13 06:00:00+00:00,,,1418.5019372834322,,,,,,,,,
2026-06-13 06:30:00+00:00,,,1300.0561764677523,,,,,,,,,
2026-06-13 07:00:00+00:00,,,1329.720824161585,,,,,,,,,
2026-06-13 07:30:00+00:00,,,1264.570905160063,,,,,,,,,
2026-06-13 08:00:00+00:00,,,1413.786140976982,,,,,,,,,
2026-06-13 08:30:00+00:00,,,1442.0082975794583,,,,,,,,,
2026-06-13 09:00:00+00:00,,,1259.6959375997967,,,,,,,,,
2026-06-13 09:30:00+00:00,,,1297.638901825187,,,,,,,,,
2026-06-13 10:00:00+00:00,,,1213.0077296050936,,,,,,,,,
2026-06-13 10:30:00+00:00,,,1172.5615575850868,,,,,,,,,
2026-06-13 11:00:00+00:00,,,1000.9287011816011,,,,,,,,,
2026-06-13 11:30:00+00:00,,,1048.511909793725,,,,,,,,,
2026-06-13 12:00:00+00:00,,,1410.0618766342059,,,,,,,,,
2026-06-13 12:30:00+00:00,,,1306.4047963633002,,,,,,,,,
2026-06-13 13:00:00+00:00,,,1197.3517379315952,,,,,,,,,
2026-06-13 13:30:00+00:00,,,1156.0526455563179,,,,,,,,,
2026-06-13 14:00:00+00:00,,,1135.339164906721,,,,,,,,,
2026-06-13 14:30:00+00:00,,,1025.9123729406429,,,,,,,,,
2026-06-13 15:00:00+00:00,,,1001.746434315421,,,,,,,,,
2026-06-13 15:30:00+00:00,,,1114.0326690300462,,,,,,,,,
2026-06-13 16:00:00+00:00,,,1267.6806069006986,,,,,,,,,
2026-06-13 16:30:00+00:00,,,1513.0331109289305,,,,,,,,,
2026-06-13 17:00:00+00:00,,,1437.3200543593657,,,,,,,,,
2026-06-13 17:30:00+00:00,,,1554.2815347460592,,,,,,,,,
2026-06-13 18:00:00+00:00,,,1405.8589056556568,,,,,,,,,
2026-06-13 18:30:00+00:00,,,1296.4654214315374,,,,,,,,,
2026-06-13 19:00:00+00:00,,,1227.3575292271773,,,,,,,,,
2026-06-13 19:30:00+00:00,,,1133.786009127595,,,,,,,,,
2026-06-13 20:00:00+00:00,,,885.7842068922107,,,,,,,,,
2026-06-13 20:30:00+00:00,,,659.2141802006572,,,,,,,,,
2026-06-13 21:00:00+00:00,,,684.9230534833754,,,,,,,,,
2026-06-13 21:30:00+00:00,,,634.5507312534833,,,,,,,,,
2026-06-13 22:00:00+00:00,,,709.5390940550689,,,,,,,,,
2026-06-13 22:30:00+00:00,,,697.4558751969079,,,,,,,,,
2026-06-13 23:00:00+00:00,,,706.9938275547696,,,,,,,,,
2026-06-13 23:30:00+00:00,,,845.8198461147562,,,,,,,,,
2026-06-14 00:00:00+00:00,,,909.8705946149712,,,,,,,,,
2026-06-14 00:30:00+00:00,,,869.666761384715,,,,,,,,,
2026-06-14 01:00:00+00:00,,,816.6671847913801,,,,,,,,,
2026-06-14 01:30:00+00:00,,,752.675697337017,,,,,,,,,
2026-06-14 02:00:00+00:00,,,732.2411820961078,,,,,,,,,
2026-06-14 02:30:00+00:00,,,677.8011837913544,,,,,,,,,
2026-06-14 03:00:00+00:00,,,656.1536930561585,,,,,,,,,
2026-06-14 03:30:00+00:00,,,650.6286335607834,,,,,,,,,
2026-06-14 04:00:00+00:00,,,638.2706669521436,,,,,,,,,
2026-06-14 04:30:00+00:00,,,861.2677641833254,,,,,,,,,
2026-06-14 05:00:00+00:00,,,1097.4980340136374,,,,,,,,,
2026-06-14 05:30:00+00:00,,,1178.946560784153,,,,,,,,,
2026-06-14 06:00:00+00:00,,,1367.257350987308,,,,,,,,,
2026-06-14 06:30:00+00:00,,,1357.1847967959238,,,,,,,,,
2026-06-14 07:00:00+00:00,,,1160.618462965354,,,,,,,,,
2026-06-14 07:30:00+00:00,,,1122.0065285645485,,,,,,,,,
2026-06-14 08:00:00+00:00,,,1419.3349279470244,,,,,,,,,
2026-06-14 08:30:00+00:00,,,1357.3752850448236,,,,,,,,,
2026-06-14 09:00:00+00:00,,,1324.5120479778734,,,,,,,,,
2026-06-14 09:30:00+00:00,,,1575.2127441895784,,,,,,,,,
2026-06-14 10:00:00+00:00,,,1220.0875729694744,,,,,,,,,
2026-06-14 10:30:00+00:00,,,1216.1497821362525,,,,,,,,,
2026-06-14 11:00:00+00:00,,,1220.0999280723797,,,,,,,,,
2026-06-14 11:30:00+00:00,,,1232.072493417748,,,,,,,,,
2026-06-14 12:00:00+00:00,,,1222.1927620800736,,,,,,,,,
2026-06-14 12:30:00+00:00,,,1247.590160513383,,,,,,,,,
2026-06-14 13:00:00+00:00,,,1255.289827068058,,,,,,,,,
2026-06-14 13:30:00+00:00,,,1267.0673146985637,,,,,,,,,
2026-06-14 14:00:00+00:00,,,1167.2636443934007,,,,,,,,,
2026-06-14 14:30:00+00:00,,,1285.5884636036863,,,,,,,,,
2026-06-14 15:00:00+00:00,,,1322.6621756681538,,,,,,,,,
2026-06-14 15:30:00+00:00,,,1321.512252090072,,,,,,,,,
2026-06-14 16:00:00+00:00,,,1316.2234167818335,,,,,,,,,
2026-06-14 16:30:00+00:00,,,1428.1399801828727,,,,,,,,,
2026-06-14 17:00:00+00:00,,,1473.9785715285389,,,,,,,,,
2026-06-14 17:30:00+00:00,,,1450.6021334522525,,,,,,,,,
2026-06-14 18:00:00+00:00,,,1487.4721409308083,,,,,,,,,
2026-06-14 18:30:00+00:00,,,1353.3092846774011,,,,,,,,,
2026-06-14 19:00:00+00:00,,,1246.622030218918,,,,,,,,,
2026-06-14 19:30:00+00:00,,,1212.4070936223582,,,,,,,,,
2026-06-14 20:00:00+00:00,,,991.8732604250199,,,,,,,,,
2026-06-14 20:30:00+00:00,,,767.8419518161309,,,,,,,,,
2026-06-14 21:00:00+00:00,,,700.9372587831834,,,,,,,,,
2026-06-14 21:30:00+00:00,,,718.5649631451377,,,,,,,,,
2026-06-14 22:00:00+00:00,,,706.1751445720923,,,,,,,,,
2026-06-14 22:30:00+00:00,,,653.4469345190827,,,,,,,,,
2026-06-14 23:00:00+00:00,,,844.9488315085672,,,,,,,,,
2026-06-14 23:30:00+00:00,,,912.4693108438403,,,,,,,,,
2026-06-15 00:00:00+00:00,,,842.4586842820245,,,,,,,,,
2026-06-15 00:30:00+00:00,,,734.0869833280817,,,,,,,,,
2026-06-15 01:00:00+00:00,,,616.7607165438095,,,,,,,,,
2026-06-15 01:30:00+00:00,,,566.2848099342124,,,,,,,,,
2026-06-15 02:00:00+00:00,,,611.9797152817715,,,,,,,,,
2026-06-15 02:30:00+00:00,,,588.4313978546196,,,,,,,,,
2026-06-15 03:00:00+00:00,,,607.9212471834401,,,,,,,,,
2026-06-15 03:30:00+00:00,,,571.990015292684,,,,,,,,,
2026-06-15 04:00:00+00:00,,,725.23461441915,,,,,,,,,
2026-06-15 04:30:00+00:00,,,1085.2407105634634,,,,,,,,,
2026-06-15 05:00:00+00:00,,,8788.72209586769,,,,,,,,,
2026-06-15 05:30:00+00:00,,,5182.722428862408,,,,,,,,,
2026-06-15 06:00:00+00:00,,,-13564.238836740245,,,,,,,,,
2026-06-15 06:30:00+00:00,,,-11455.766843419135,,,,,,,,,
2026-06-15 07:00:00+00:00,,,4717.29395356641,,,,,,,,,
2026-06-15 07:30:00+00:00,,,5109.109541025239,,,,,,,,,
2026-06-15 08:00:00+00:00,,,1604.38495319892,,,,,,,,,
2026-06-15 08:30:00+00:00,,,4766.322527145505,,,,,,,,,
2026-06-15 09:00:00+00:00,,,4596.222140522481,,,,,,,,,
2026-06-15 09:30:00+00:00,,,2966.5491572524297,,,,,,,,,
2026-06-15 10:00:00+00:00,,,-11086.213663858916,,,,,,,,,
2026-06-15 10:30:00+00:00,,,-9384.407216249618,,,,,,,,,
2026-06-15 11:00:00+00:00,,,-9031.930267899847,,,,,,,,,
2026-06-15 11:30:00+00:00,,,-11593.47397938855,,,,,,,,,
2026-06-15 12:00:00+00:00,,,-9781.780008580676,,,,,,,,,
2026-06-15 12:30:00+00:00,,,-8964.319462069949,,,,,,,,,
2026-06-15 13:00:00+00:00,0.84,6.65,-4873.7299117815055,,,,,,,,,
2026-06-15 13:30:00+00:00,0.94,7.42,1560.3748831911594,0.89,1.11,0.66,0.56,0.89,287.0,9.09,5.51,11.66
2026-06-15 14:00:00+00:00,0.91,7.05,1367.4504795719342,0.85,1.03,0.91,0.55,0.86,298.0,6.12,5.32,10.98
2026-06-15 14:30:00+00:00,0.97,7.07,1315.3856347620658,0.9,1.12,0.6,0.58,0.91,297.0,8.56,5.32,10.59
2026-06-15 15:00:00+00:00,1.04,7.12,1247.6139126132687,0.98,1.22,0.8,0.61,0.98,302.0,9.17,5.24,11.88
2026-06-15 15:30:00+00:00,1.0,6.99,1363.7738003577215,0.93,1.18,1.08,0.5700000000000001,0.91,326.0,10.33,4.86,11.83
2026-06-15 16:00:00+00:00,1.0,6.8100000000000005,1217.412161882349,0.91,1.14,0.79,0.58,0.92,326.0,8.66,4.87,11.23
2026-06-15 16:30:00+00:00,1.0,6.91,878.5925620244205,0.93,1.14,0.58,0.6,0.94,314.0,7.81,5.05,10.96
2026-06-15 17:00:00+00:00,0.96,6.51,1101.3351844890208,0.86,1.06,0.67,0.55,0.87,350.0,7.86,4.54,10.39
2026-06-15 17:30:00+00:00,1.01,6.5,1125.4886091855715,0.93,1.15,0.6,0.59,0.93,346.0,7.79,4.59,11.52
2026-06-15 18:00:00+00:00,1.0,6.23,1701.1816608424774,0.89,1.11,1.3,0.58,0.9,380.0,8.99,4.18,10.44
2026-06-15 18:30:00+00:00,1.04,6.19,1737.8137044404905,0.97,1.2,0.9,0.6,0.95,370.0,4.36,4.29,11.87
2026-06-15 19:00:00+00:00,1.07,6.09,1576.1897625195077,1.0,1.23,0.92,0.63,1.0,358.0,6.2700000000000005,4.41,10.33
2026-06-15 19:30:00+00:00,1.05,5.9,1062.8052681240397,0.96,1.18,0.96,0.63,0.98,379.0,5.67,4.19,10.23
2026-06-15 20:00:00+00:00,1.11,6.24,1064.6548009793871,1.0,1.28,0.53,0.65,1.02,365.0,5.34,4.33,11.44
2026-06-15 20:30:00+00:00,1.06,5.68,966.0875320876573,0.97,1.15,0.5700000000000001,0.63,0.98,395.0,4.28,4.01,10.45
2026-06-15 21:00:00+00:00,1.08,5.57,937.2012052792269,0.98,1.21,0.85,0.63,0.99,394.0,5.3100000000000005,4.01,10.19
2026-06-15 21:30:00+00:00,1.08,5.6000000000000005,1079.8640960083478,1.0,1.22,0.91,0.65,1.02,380.0,8.59,4.18,10.97
2026-06-15 22:00:00+00:00,1.09,6.01,1020.5128473739853,1.01,1.24,0.91,0.65,1.02,365.0,8.71,4.3500000000000005,10.43
2026-06-15 22:30:00+00:00,1.03,5.8100000000000005,980.5972244296496,0.92,1.15,0.85,0.6,0.94,381.0,4.89,4.15,9.65
2026-06-15 23:00:00+00:00,1.01,5.89,1247.394571638034,0.94,1.14,0.88,0.61,0.95,360.0,4.97,4.4,10.7
2026-06-15 23:30:00+00:00,1.0,6.22,1095.116150006606,0.9,1.12,0.59,0.5700000000000001,0.91,358.0,8.120000000000001,4.43,10.97
2026-06-16 00:00:00+00:00,1.0,5.96,1055.219180602782,0.91,1.1,0.92,0.59,0.92,365.0,8.8,4.3500000000000005,10.12
2026-06-16 00:30:00+00:00,1.03,6.07,1004.0612709699072,0.95,1.17,1.08,0.63,0.97,330.0,6.1000000000000005,4.82,10.18
2026-06-16 01:00:00+00:00,1.02,6.21,1086.3025502506139,0.96,1.19,0.65,0.63,0.98,317.0,8.72,4.99,11.02
2026-06-16 01:30:00+00:00,0.98,6.25,1027.9835807448742,0.93,1.15,1.03,0.6,0.94,324.0,6.13,4.88,10.4
2026-06-16 02:00:00+00:00,1.01,5.98,974.2151625133085,0.95,1.17,0.99,0.6,0.95,329.0,5.0200000000000005,4.83,9.69
2026-06-16 02:30:00+00:00,1.04,5.9,922.0293418324512,0.97,1.18,0.75,0.64,1.0,320.0,4.64,4.96,11.1
2026-06-16 03:00:00+00:00,1.03,6.07,875.9237155106402,0.97,1.21,0.9,0.63,0.98,322.0,5.04,4.93,11.23
2026-06-16 03:30:00+00:00,1.05,6.16,884.9691762757375,0.95,1.15,0.4,0.64,0.99,315.0,4.98,5.03,11.83
2026-06-16 04:00:00+00:00,1.12,6.28,925.1573553293466,1.03,1.37,0.61,0.64,1.03,321.0,6.62,4.94,11.16
2026-06-16 04:30:00+00:00,1.15,6.140000000000001,1065.135112458072,1.08,1.35,0.93,0.71,1.11,300.0,4.91,5.2700000000000005,10.38
2026-06-16 05:00:00+00:00,1.07,6.0,-531.6217361680517,1.01,1.26,1.02,0.66,1.03,318.0,6.0600000000000005,4.98,11.05
2026-06-16 05:30:00+00:00,1.1,6.2700000000000005,7223.193188034987,1.03,1.32,0.66,0.67,1.05,300.0,6.79,5.2700000000000005,10.36
2026-06-16 06:00:00+00:00,1.03,6.1000000000000005,661.2880658119715,0.94,1.18,0.8300000000000001,0.62,0.96,316.0,5.93,5.03,10.37
2026-06-16 06:30:00+00:00,1.04,6.48,-12027.559250130109,1.0,1.21,0.88,0.64,1.01,301.0,7.53,5.26,10.58
2026-06-16 07:00:00+00:00,1.01,6.3500000000000005,-9570.136869370768,0.94,1.17,0.38,0.61,0.96,306.0,7.930000000000001,5.17,13.26
2026-06-16 07:30:00+00:00,0.92,6.22,891.5692601828683,0.88,1.11,0.48,0.56,0.89,312.0,8.24,5.05,9.84
2026-06-16 08:00:00+00:00,1.02,6.3100000000000005,1307.6932628673073,0.94,1.16,0.76,0.62,0.96,306.0,6.87,5.19,10.1
2026-06-16 08:30:00+00:00,1.01,6.390000000000001,1028.046315827438,0.93,1.17,0.74,0.6,0.95,316.0,5.23,5.01,10.39
2026-06-16 09:00:00+00:00,0.93,6.36,1036.3644024027074,0.88,1.11,0.68,0.58,0.9,311.0,7.0,5.09,11.16
2026-06-16 09:30:00+00:00,0.89,6.22,1086.8994858462192,0.8300000000000001,1.07,0.5,0.53,0.84,325.0,8.92,4.87,10.76
2026-06-16 10:00:00+00:00,0.94,6.32,1098.3510900364654,0.86,1.08,0.59,0.56,0.87,325.0,6.04,4.87,10.69
2026-06-16 10:30:00+00:00,0.92,6.41,1032.4814213544125,0.86,1.06,0.56,0.56,0.88,317.0,6.66,5.0,10.9
2026-06-16 11:00:00+00:00,0.9,6.5,4416.904534431383,0.85,1.03,0.62,0.55,0.86,318.0,6.17,4.98,10.67
2026-06-16 11:30:00+00:00,0.97,6.67,6991.467405344995,0.91,1.15,1.03,0.56,0.9,329.0,8.45,4.82,11.3
2026-06-16 12:00:00+00:00,0.92,6.63,1114.580468301425,0.84,1.02,0.67,0.53,0.84,340.0,7.6,4.65,10.72
2026-06-16 12:30:00+00:00,0.93,6.51,921.7225571718163,0.86,1.09,0.73,0.54,0.86,355.0,7.82,4.47,12.2
2026-06-16 13:00:00+00:00,0.98,6.49,826.9974127582041,0.89,1.13,0.6,0.56,0.89,367.0,7.65,4.3100000000000005,11.01
2026-06-16 13:30:00+00:00,0.99,6.76,804.1832145801449,0.86,1.09,0.68,0.55,0.86,374.0,9.04,4.22,11.17
2026-06-16 14:00:00+00:00,1.03,7.05,1128.0568814776198,0.93,1.19,0.97,0.59,0.93,348.0,8.86,4.55,11.74
2026-06-16 14:30:00+00:00,1.08,7.17,885.2784828912436,0.99,1.25,1.32,0.62,0.98,355.0,7.930000000000001,4.44,12.48
2026-06-16 15:00:00+00:00,1.12,7.58,863.8095008489267,1.0,1.23,1.09,0.62,0.99,346.0,10.89,4.59,12.84
2026-06-16 15:30:00+00:00,1.17,7.12,984.9057927402157,1.05,1.39,1.43,0.66,1.05,362.0,10.59,4.39,12.02
2026-06-16 16:00:00+00:00,1.24,6.98,974.3906195754768,1.09,1.41,1.32,0.7000000000000001,1.1,361.0,6.72,4.38,12.56
2026-06-16 16:30:00+00:00,1.25,7.0200000000000005,894.2165090157748,1.1,1.38,1.32,0.72,1.12,366.0,10.51,4.32,12.7
2026-06-16 17:00:00+00:00,1.27,6.91,983.3546176348173,1.12,1.43,0.99,0.73,1.14,361.0,9.43,4.39,11.91
2026-06-16 17:30:00+00:00,1.29,6.88,952.0768871915674,1.16,1.5,1.11,0.72,1.15,368.0,9.7,4.3100000000000005,12.53
2026-06-16 18:00:00+00:00,1.32,6.58,1088.3387862473517,1.19,1.51,0.98,0.75,1.19,369.0,5.93,4.3,12.72
2026-06-16 18:30:00+00:00,1.34,7.19,1020.8760630271642,1.21,1.53,0.92,0.78,1.23,344.0,11.45,4.61,13.6
2026-06-16 19:00:00+00:00,1.21,6.63,1019.497645799037,1.11,1.35,1.07,0.72,1.12,352.0,7.09,4.51,11.82
2026-06-16 19:30:00+00:00,1.28,7.140000000000001,1264.7274977715354,1.15,1.43,1.34,0.74,1.17,342.0,9.85,4.63,11.93
2026-06-16 20:00:00+00:00,1.37,7.390000000000001,1365.4782249872726,1.25,1.55,1.18,0.78,1.24,332.0,10.99,4.75,12.83
2026-06-16 20:30:00+00:00,1.28,7.46,1230.7007323254525,1.18,1.53,1.13,0.74,1.18,327.0,10.29,4.86,12.34
2026-06-16 21:00:00+00:00,1.31,7.640000000000001,1095.8006692145298,1.16,1.51,1.05,0.73,1.17,326.0,8.14,4.86,12.0
2026-06-16 21:30:00+00:00,1.34,7.92,947.3303341244003,1.21,1.56,1.13,0.75,1.2,305.0,9.95,5.18,11.67
2026-06-16 22:00:00+00:00,1.33,7.91,1071.4957053760954,1.22,1.52,1.12,0.76,1.21,301.0,9.95,5.26,13.14
2026-06-16 22:30:00+00:00,1.39,8.35,989.3884893323888,1.26,1.63,1.4,0.78,1.25,284.0,9.94,5.58,12.87
2026-06-16 23:00:00+00:00,1.37,8.55,732.7853635032354,1.27,1.63,1.08,0.78,1.25,273.0,9.46,5.82,13.92
2026-06-16 23:30:00+00:00,1.45,8.620000000000001,685.8970685349409,1.39,1.73,0.85,0.84,1.37,250.0,9.58,6.34,14.16
2026-06-17 00:00:00+00:00,1.46,8.870000000000001,722.6987280959429,1.41,1.81,1.27,0.86,1.39,238.0,9.55,6.66,12.96
2026-06-17 00:30:00+00:00,1.38,8.47,735.2780579846021,1.32,1.61,0.85,0.8200000000000001,1.3,248.0,8.78,6.37,12.27
2026-06-17 01:00:00+00:00,1.46,8.8,928.5304613960021,1.4,1.66,1.1,0.87,1.38,233.0,9.68,6.8,12.43
2026-06-17 01:30:00+00:00,1.32,8.26,880.4617780411979,1.24,1.61,0.89,0.76,1.23,268.0,9.84,5.93,12.71
2026-06-17 02:00:00+00:00,1.38,8.33,813.665015597751,1.33,1.67,1.06,0.8300000000000001,1.33,247.0,8.120000000000001,6.4,12.67
2026-06-17 02:30:00+00:00,1.43,8.56,833.3891685499425,1.34,1.66,1.15,0.84,1.34,241.0,9.51,6.5600000000000005,13.14
2026-06-17 03:00:00+00:00,1.37,8.22,821.148904768309,1.26,1.56,0.51,0.77,1.24,257.0,9.49,6.16,12.79
2026-06-17 03:30:00+00:00,1.37,8.03,763.5833088026477,1.29,1.63,0.6900000000000001,0.8,1.28,259.0,8.98,6.1000000000000005,12.48
2026-06-17 04:00:00+00:00,1.4,8.4,791.6278514909422,1.35,1.7,0.94,0.8200000000000001,1.33,245.0,7.63,6.44,12.66
2026-06-17 04:30:00+00:00,1.5,8.39,848.4838583082111,1.43,1.81,0.93,0.91,1.45,243.0,10.06,6.5200000000000005,13.23
2026-06-17 05:00:00+00:00,1.46,8.22,-468.82449588718015,1.36,1.68,1.13,0.88,1.38,244.0,9.64,6.47,13.32
2026-06-17 05:30:00+00:00,1.46,8.46,7263.045015186584,1.4,1.79,1.02,0.86,1.38,244.0,10.07,6.48,13.04
2026-06-17 06:00:00+00:00,1.55,8.91,-22991.85197923157,1.47,1.95,0.72,0.88,1.44,238.0,9.55,6.66,13.1
2026-06-17 06:30:00+00:00,1.56,9.26,7094.665509303967,1.48,1.83,1.31,0.95,1.5,210.0,10.33,7.56,12.99
2026-06-17 07:00:00+00:00,1.55,9.11,6852.580291254574,1.48,1.87,1.28,0.92,1.47,230.0,9.28,6.890000000000001,12.75
2026-06-17 07:30:00+00:00,1.51,9.0,-5368.769129706836,1.44,1.81,0.99,0.93,1.46,215.0,9.17,7.35,12.68
2026-06-17 08:00:00+00:00,1.46,8.73,-16315.678561933162,1.4,1.81,1.3,0.86,1.39,237.0,10.17,6.68,12.74
2026-06-17 08:30:00+00:00,1.55,9.03,884.1207264678291,1.48,1.9,0.73,0.9,1.46,226.0,9.25,6.95,15.1
2026-06-17 09:00:00+00:00,1.51,9.06,6159.021177046989,1.45,1.81,1.08,0.88,1.43,231.0,9.62,6.87,13.66
2026-06-17 09:30:00+00:00,1.53,8.97,6072.849083936409,1.43,1.81,1.25,0.88,1.42,232.0,9.71,6.78,14.68
2026-06-17 10:00:00+00:00,1.6,9.02,6077.056615404587,1.58,1.93,1.84,0.95,1.54,222.0,9.46,7.11,13.18
2026-06-17 10:30:00+00:00,1.66,9.01,6024.142051051494,1.56,1.94,0.73,0.99,1.57,224.0,10.88,7.03,13.07
2026-06-17 11:00:00+00:00,1.62,8.91,6043.69804439961,1.53,1.94,1.46,0.94,1.52,236.0,8.66,6.73,12.82
2026-06-17 11:30:00+00:00,1.62,8.85,5474.962760934024,1.53,1.96,1.31,0.95,1.52,234.0,9.71,6.7700000000000005,13.01
2026-06-17 12:00:00+00:00,1.61,8.84,3581.3461593883185,1.56,1.92,1.12,0.99,1.57,227.0,8.8,6.95,13.06
2026-06-17 12:30:00+00:00,1.65,9.03,2399.154352720435,1.6,1.91,1.12,0.99,1.58,227.0,9.42,6.95,13.12
2026-06-17 13:00:00+00:00,1.67,8.74,-29530.91804906355,1.6,1.99,0.92,0.96,1.57,247.0,9.53,6.42,13.41
2026-06-17 13:30:00+00:00,1.56,8.57,-17067.788365240893,1.45,1.78,0.94,0.93,1.46,241.0,10.17,6.5600000000000005,12.87
2026-06-17 14:00:00+00:00,1.52,8.44,1124.1778449987198,1.42,1.72,1.18,0.9,1.43,254.0,8.370000000000001,6.25,14.51
2026-06-17 14:30:00+00:00,1.45,7.95,1054.0968224747014,1.39,1.73,1.09,0.85,1.37,277.0,9.26,5.71,12.73
2026-06-17 15:00:00+00:00,1.62,8.28,-98.13398297635041,1.5,1.95,1.18,0.9,1.47,286.0,9.04,5.55,12.72
2026-06-17 15:30:00+00:00,1.62,8.14,-9.476858211490102,1.56,1.92,1.43,0.97,1.55,266.0,8.96,5.95,12.21
2026-06-17 16:00:00+00:00,1.64,8.07,-199.7990270516526,1.5,1.87,1.37,0.94,1.49,285.0,9.68,5.5600000000000005,12.97
2026-06-17 16:30:00+00:00,1.6,7.71,-188.8821843817539,1.49,1.87,1.74,0.93,1.49,288.0,9.35,5.5,11.81
2026-06-17 17:00:00+00:00,1.55,7.55,-73.97171784800686,1.43,1.8,1.58,0.89,1.42,311.0,8.21,5.1000000000000005,11.65
2026-06-17 17:30:00+00:00,1.49,6.96,-166.9615017256682,1.35,1.69,0.84,0.88,1.38,319.0,9.77,4.97,10.94
2026-06-17 18:00:00+00:00,1.59,7.45,-109.63290971384968,1.49,1.8,1.33,0.92,1.47,303.0,9.45,5.21,11.61
2026-06-17 18:30:00+00:00,1.68,7.75,-115.6409121721849,1.54,1.92,1.39,0.98,1.55,286.0,7.53,5.54,11.97
2026-06-17 19:00:00+00:00,1.54,7.35,-19.9444414363425,1.38,1.7,1.08,0.89,1.4,304.0,10.05,5.22,12.86
2026-06-17 19:30:00+00:00,1.67,7.75,-16.00510984640186,1.56,1.96,2.0,0.98,1.56,285.0,10.12,5.54,11.88
2026-06-17 20:00:00+00:00,1.65,7.62,-100.03642701205139,1.56,1.96,0.99,0.99,1.56,274.0,9.15,5.78,12.37
2026-06-17 20:30:00+00:00,1.55,7.33,-339.00287543668856,1.49,1.83,1.11,0.94,1.49,278.0,7.37,5.69,11.59
2026-06-17 21:00:00+00:00,1.55,7.81,-359.95412966434577,1.49,1.86,0.8300000000000001,0.93,1.48,262.0,10.01,6.05,12.45
2026-06-17 21:30:00+00:00,1.49,7.58,-283.9548571212321,1.4,1.76,0.75,0.89,1.41,269.0,7.91,5.91,12.5
2026-06-17 22:00:00+00:00,1.68,8.24,-356.3144539140491,1.62,2.02,1.87,1.01,1.62,244.0,8.14,6.49,12.59
2026-06-17 22:30:00+00:00,1.66,8.0,-324.02587434456234,1.57,1.96,1.29,1.0,1.59,246.0,9.2,6.42,11.9
2026-06-17 23:00:00+00:00,1.69,8.08,-172.61287017339004,1.62,2.08,1.2,1.03,1.64,235.0,9.52,6.73,12.5
2026-06-17 23:30:00+00:00,1.65,7.88,-289.18836928457443,1.59,1.93,1.53,1.0,1.59,247.0,9.14,6.42,12.94
2026-06-18 00:00:00+00:00,1.63,7.87,,1.56,1.88,1.13,0.98,1.56,248.0,8.15,6.38,13.01
2026-06-18 00:30:00+00:00,1.61,8.0,-454.3759932626046,1.61,2.04,1.06,0.99,1.59,241,9.26,6.55,12.16
2026-06-18 01:00:00+00:00,1.55,7.79,-455.0184577792275,1.49,1.8,1.43,0.93,1.48,252,9.16,6.24,11.52
2026-06-18 01:30:00+00:00,1.67,7.7,-558.2071254219554,1.6,2.07,1.11,1.0,1.6,253,8.19,6.26,12.31
2026-06-18 02:00:00+00:00,1.64,7.72,-470.682938926642,1.57,1.89,0.77,0.98,1.56,253,7.29,6.22,12.07
2026-06-18 02:30:00+00:00,1.58,7.9,-385.5600420728515,1.54,1.93,1.15,0.96,1.54,240,8.89,6.57,12.65
2026-06-18 03:00:00+00:00,1.49,7.11,-382.4957260614193,1.4,1.74,1.75,0.89,1.41,278,6.25,5.71,11.08
2026-06-18 03:30:00+00:00,1.51,7.35,-356.3055468220679,1.42,1.75,1.08,0.93,1.45,263,8.8,6.01,11.56
2026-06-18 04:00:00+00:00,1.51,7.5,-295.7871988561295,1.46,1.77,1.17,0.9,1.44,257,7.31,6.15,12.12
2026-06-18 04:30:00+00:00,1.52,7.54,-220.8331908609638,1.44,1.82,0.84,0.92,1.46,262,7.88,6.05,11.81
2026-06-18 05:00:00+00:00,1.41,7.16,-229.25904198642314,1.32,1.66,0.71,0.85,1.34,277,9.81,5.72,12.27
2026-06-18 05:30:00+00:00,1.39,7.44,-152.76498892061701,1.28,1.52,0.66,0.8300000000000001,1.3,270,9.11,5.86,11.5
2026-06-18 06:00:00+00:00,1.37,7.61,-197.6792444493049,1.33,1.69,0.84,0.8300000000000001,1.33,265,7.82,5.98,12.49
2026-06-18 06:30:00+00:00,1.32,7.73,-82.82680523310154,1.2,1.5,0.77,0.76,1.2,267,9.28,5.93,11.92
2026-06-18 07:00:00+00:00,1.39,7.85,-131.68514080896733,1.31,1.65,0.96,0.81,1.3,256,6.98,6.19,12.26
2026-06-18 07:30:00+00:00,1.27,7.77,13965.046011323695,1.19,1.49,0.54,0.74,1.18,259,7.25,6.11,12.9
2026-06-18 08:00:00+00:00,1.18,7.86,169179.1615648804,1.12,1.45,0.91,0.7000000000000001,1.12,253,8.11,6.24,12.4
2026-06-18 08:30:00+00:00,1.12,7.7,167222.1554909607,1.07,1.36,1.0,0.66,1.06,258,7.98,6.140000000000001,11.29
2026-06-18 09:00:00+00:00,1.18,8.09,165415.9787356118,1.13,1.38,0.6900000000000001,0.73,1.14,233,7.55,6.78,12.7
2026-06-18 09:30:00+00:00,1.15,8.02,170568.74450348038,1.14,1.44,0.92,0.72,1.14,239,8.94,6.62,12.3
2026-06-18 10:00:00+00:00,1.23,8.13,163450.58217348886,1.17,1.39,0.88,0.74,1.18,238,8.97,6.63,11.43
2026-06-18 10:30:00+00:00,1.18,8.11,158359.28317798683,1.14,1.44,0.64,0.7000000000000001,1.13,238,8.76,6.66,11.33
2026-06-18 11:00:00+00:00,1.28,8.3,184565.5833268974,1.27,1.57,0.92,0.8,1.27,222,8.73,7.13,11.78
2026-06-18 11:30:00+00:00,1.26,7.99,177071.58420607247,1.24,1.52,0.49,0.78,1.24,231,9.04,6.86,11.7
2026-06-18 12:00:00+00:00,1.29,8.1,174431.67345296286,1.23,1.5,0.72,0.77,1.22,237,9.23,6.68,13.92
2026-06-18 12:30:00+00:00,1.2,8.11,176900.66801535003,1.21,1.47,0.56,0.76,1.2,224,8.73,7.08,13.17
2026-06-18 13:00:00+00:00,1.31,8.05,177439.05293097688,1.27,1.58,1.19,0.8,1.27,235,8.51,6.73,12.03
2026-06-18 13:30:00+00:00,1.24,7.88,160844.65871828614,1.17,1.47,0.68,0.75,1.19,236,7.98,6.72,13.28
2026-06-18 14:00:00+00:00,1.15,7.66,37842.5170899458,1.13,1.43,0.73,0.6900000000000001,1.11,255,8.69,6.2,11.49
2026-06-18 14:30:00+00:00,1.16,7.61,151620.00208155104,1.14,1.41,0.68,0.72,1.14,246,7.640000000000001,6.44,12.36
2026-06-18 15:00:00+00:00,1.14,7.54,13838.156731084415,1.12,1.38,0.53,0.7000000000000001,1.12,255,7.62,6.21,11.64
2026-06-18 15:30:00+00:00,1.15,7.52,1316.684261368475,1.1,1.33,0.64,0.7000000000000001,1.1,257,9.01,6.17,11.86
2026-06-18 16:00:00+00:00,1.23,7.59,1587.8284014213673,1.18,1.47,0.64,0.73,1.17,261,8.13,6.08,13.21
2026-06-18 16:30:00+00:00,1.19,7.55,1605.4971280812092,1.14,1.41,0.77,0.71,1.14,264,8.69,6.0,11.27
2026-06-18 17:00:00+00:00,1.1,7.17,1668.2001165324307,1.04,1.3,0.9,0.64,1.03,294,8.24,5.39,11.41
2026-06-18 17:30:00+00:00,1.23,7.54,1474.3120619839906,1.17,1.45,1.31,0.73,1.16,281,9.04,5.65,11.3
2026-06-18 18:00:00+00:00,1.27,7.62,1692.2497447363464,1.23,1.5,0.67,0.77,1.22,271,8.52,5.86,11.76
2026-06-18 18:30:00+00:00,1.22,7.49,1355.1016712175144,1.18,1.48,0.87,0.72,1.16,287,9.17,5.54,11.24
2026-06-18 19:00:00+00:00,1.19,7.31,1220.8977561843815,1.13,1.4,0.88,0.7000000000000001,1.11,298,8.77,5.32,12.0
2026-06-18 19:30:00+00:00,1.13,6.98,1133.8836129222377,1.04,1.33,1.16,0.64,1.02,325,6.98,4.87,11.37
2026-06-18 20:00:00+00:00,1.23,7.38,1261.6390665481717,1.13,1.44,0.99,0.7000000000000001,1.13,304,7.88,5.22,10.99
2026-06-18 20:30:00+00:00,1.13,7.03,1119.6990796575096,1.05,1.39,0.77,0.64,1.04,337,7.8,4.71,11.13
2026-06-18 21:00:00+00:00,1.24,7.32,1147.4027311572331,1.16,1.43,1.25,0.72,1.14,306,6.8100000000000005,5.18,10.69
2026-06-18 21:30:00+00:00,1.11,7.15,1072.9158523297892,1.05,1.32,0.99,0.65,1.04,315,8.35,5.03,11.15
2026-06-18 22:00:00+00:00,1.1,7.42,1506.0295655906232,1.06,1.36,0.67,0.65,1.04,296,10.06,5.34,11.97
2026-06-18 22:30:00+00:00,1.13,7.61,1168.4473369152652,1.05,1.3,0.9,0.65,1.04,289,8.59,5.49,11.34
2026-06-18 23:00:00+00:00,1.15,7.83,1376.954462804624,1.08,1.43,0.79,0.64,1.06,281,8.89,5.64,11.37
2026-06-18 23:30:00+00:00,1.05,7.44,1318.310434593356,0.97,1.25,0.85,0.59,0.96,293,8.06,5.41,11.39
2026-06-19 00:00:00+00:00,1.04,7.71,1230.472132563168,0.99,1.25,0.84,0.61,0.98,271,9.29,5.8500000000000005,11.65
2026-06-19 00:30:00+00:00,1.04,7.74,1098.6367135087137,1.03,1.27,0.86,0.62,1.01,266,7.54,5.94,11.08
2026-06-19 01:00:00+00:00,0.98,7.640000000000001,1037.856434495399,0.93,1.16,0.72,0.5700000000000001,0.92,280,8.0,5.67,11.62
2026-06-19 01:30:00+00:00,1.16,8.1,1006.6943720674765,1.13,1.5,1.16,0.68,1.12,240,8.26,6.6000000000000005,11.77
2026-06-19 02:00:00+00:00,0.99,8.07,941.0438422244315,0.95,1.22,0.86,0.58,0.94,250,8.25,6.34,11.93
2026-06-19 02:30:00+00:00,0.95,8.06,1030.9964297813003,0.92,1.13,0.53,0.5700000000000001,0.91,246,9.02,6.43,11.51
2026-06-19 03:00:00+00:00,1.05,8.05,1221.032380651462,1.05,1.31,0.65,0.65,1.05,228,7.86,6.92,12.34
2026-06-19 03:30:00+00:00,0.97,8.08,1227.587488666583,0.95,1.16,0.74,0.61,0.96,224,8.73,7.09,10.95
2026-06-19 04:00:00+00:00,0.89,8.06,1250.1470083456618,0.85,1.11,0.51,0.54,0.86,229,7.74,6.91,13.05
2026-06-19 04:30:00+00:00,0.92,7.92,1378.9775262099927,0.93,1.15,0.64,0.5700000000000001,0.92,230,7.62,6.86,12.96
2026-06-19 05:00:00+00:00,0.88,7.95,1009.0338681592913,0.85,1.06,0.56,0.53,0.85,236,7.53,6.69,11.02
2026-06-19 05:30:00+00:00,0.89,8.01,1135.1671172882614,0.88,1.06,0.5700000000000001,0.5700000000000001,0.9,221,8.42,7.17,11.59
2026-06-19 06:00:00+00:00,0.95,8.27,1174.4565670276947,0.92,1.15,0.38,0.58,0.92,225,9.15,7.01,13.21
2026-06-19 06:30:00+00:00,0.9,7.75,1375.377724052254,0.9,1.13,0.38,0.5700000000000001,0.9,233,7.97,6.8,11.95
2026-06-19 07:00:00+00:00,0.92,7.85,1129.4034762670517,0.9,1.18,0.62,0.5700000000000001,0.92,234,9.37,6.76,12.31
2026-06-19 07:30:00+00:00,0.94,8.01,1276.5319584576723,0.91,1.17,0.39,0.58,0.92,229,8.15,6.9,11.82
2026-06-19 08:00:00+00:00,0.9,7.63,1152.7723716341761,0.87,1.09,0.43,0.54,0.87,242,8.18,6.5600000000000005,11.82
2026-06-19 08:30:00+00:00,0.86,7.640000000000001,1235.7303340608541,0.86,1.06,0.39,0.55,0.87,238,7.0,6.65,12.08
2026-06-19 09:00:00+00:00,0.89,7.71,1098.9977086977278,0.87,1.06,0.59,0.55,0.87,235,8.290000000000001,6.73,11.82
2026-06-19 09:30:00+00:00,0.88,7.69,1243.3929479977935,0.8300000000000001,1.04,0.32,0.56,0.86,230,8.43,6.87,13.9
2026-06-19 10:00:00+00:00,0.87,7.82,1280.6096494820933,0.86,1.05,0.6,0.55,0.86,229,8.38,6.92,11.16
2026-06-19 10:30:00+00:00,0.88,7.84,1066.7153976459665,0.87,1.08,0.41,0.58,0.9,219,8.18,7.24,11.22
2026-06-19 11:00:00+00:00,0.87,7.78,1002.6122565452945,0.84,1.04,0.46,0.56,0.87,226,8.19,7.01,11.58
2026-06-19 11:30:00+00:00,0.84,7.61,1131.3355488554214,0.81,1.02,0.37,0.51,0.81,244,7.13,6.5,12.57
2026-06-19 12:00:00+00:00,0.93,7.88,1061.1846587889863,0.89,1.11,0.35,0.56,0.9,232,8.18,6.83,12.31
2026-06-19 12:30:00+00:00,0.91,7.97,1219.1527941716793,0.91,1.1,0.46,0.58,0.91,222,8.05,7.11,12.37
2026-06-19 13:00:00+00:00,0.91,7.55,1232.145710732133,0.88,1.13,0.66,0.53,0.87,257,7.5,6.16,12.47
2026-06-19 13:30:00+00:00,0.87,7.390000000000001,1280.866949852958,0.8300000000000001,1.03,0.63,0.52,0.8300000000000001,263,7.16,6.0200000000000005,10.71
2026-06-19 14:00:00+00:00,0.91,7.56,1206.9043243962797,0.88,1.09,0.52,0.56,0.89,246,8.290000000000001,6.43,12.68
2026-06-19 14:30:00+00:00,0.92,7.75,1139.3440531041406,0.87,1.1,0.66,0.55,0.88,250,8.22,6.34,11.17
2026-06-19 15:00:00+00:00,0.95,7.49,982.2724816179124,0.92,1.15,0.76,0.5700000000000001,0.91,259,6.84,6.12,11.46
2026-06-19 15:30:00+00:00,0.96,7.32,1068.4041504697018,0.93,1.13,0.8300000000000001,0.59,0.93,253,7.79,6.26,10.9
2026-06-19 16:00:00+00:00,0.87,7.32,1237.2448356549446,0.85,1.05,0.63,0.53,0.85,259,6.49,6.12,10.18
2026-06-19 16:30:00+00:00,0.87,7.390000000000001,1151.1252460244807,0.8300000000000001,1.05,0.68,0.53,0.84,249,6.97,6.3500000000000005,11.14
2026-06-19 17:00:00+00:00,0.91,7.53,914.3606453045785,0.86,1.06,0.64,0.56,0.88,241,7.23,6.59,11.38
2026-06-19 17:30:00+00:00,0.9,7.49,821.6621124315218,0.89,1.11,0.52,0.55,0.89,251,8.28,6.3100000000000005,11.98
2026-06-19 18:00:00+00:00,0.94,7.4,944.6805952693405,0.9,1.11,0.44,0.5700000000000001,0.9,253,7.83,6.26,12.18
2026-06-19 18:30:00+00:00,0.89,7.35,1188.4278839487692,0.84,1.04,0.59,0.52,0.84,268,8.0,5.93,11.56
2026-06-19 19:00:00+00:00,0.94,7.52,1350.0489340563088,0.89,1.04,0.37,0.58,0.91,249,6.63,6.36,10.73
2026-06-19 19:30:00+00:00,0.94,7.390000000000001,1260.6849498145289,0.93,1.13,0.46,0.59,0.93,253,8.16,6.2700000000000005,11.85
2026-06-19 20:00:00+00:00,0.8300000000000001,7.26,1138.244724859681,0.79,0.97,0.61,0.52,0.81,267,8.33,5.92,11.28
2026-06-19 20:30:00+00:00,0.93,7.35,1013.5995347043608,0.91,1.16,0.92,0.56,0.9,270,7.140000000000001,5.88,10.78
2026-06-19 21:00:00+00:00,0.84,7.21,1055.8909932923702,0.8200000000000001,1.01,0.46,0.5,0.8,284,8.700000000000001,5.55,11.3
2026-06-19 21:30:00+00:00,0.89,7.1000000000000005,1033.5518719178967,0.85,1.1,0.87,0.51,0.8300000000000001,299,8.02,5.3,10.22
2026-06-19 22:00:00+00:00,0.87,7.09,1155.1195312216082,0.84,1.05,0.71,0.53,0.84,276,7.47,5.73,10.9
2026-06-19 22:30:00+00:00,0.92,7.16,1115.6775507308084,0.89,1.11,0.43,0.54,0.88,285,7.65,5.54,10.93
2026-06-19 23:00:00+00:00,0.89,7.05,1398.7657417860169,0.88,1.11,0.88,0.53,0.86,289,8.08,5.48,11.21
2026-06-19 23:30:00+00:00,0.89,6.95,1245.973040183382,0.86,1.05,0.61,0.52,0.84,306,7.53,5.19,10.56
2026-06-20 00:00:00+00:00,0.92,6.95,1309.6394817471992,0.89,1.15,0.52,0.54,0.87,310,7.69,5.11,10.15
2026-06-20 00:30:00+00:00,0.97,7.03,1179.5657717131146,0.96,1.23,0.61,0.59,0.95,281,7.4,5.64,10.57
2026-06-20 01:00:00+00:00,0.94,6.96,1151.9818549659228,0.91,1.17,0.53,0.5700000000000001,0.92,279,7.83,5.67,10.16
2026-06-20 01:30:00+00:00,0.96,7.04,1165.8815026459288,0.9,1.13,0.79,0.55,0.88,281,6.890000000000001,5.62,10.88
2026-06-20 02:00:00+00:00,0.88,6.75,1183.9940413469021,0.8300000000000001,1.02,0.6,0.53,0.84,291,6.05,5.42,9.58
2026-06-20 02:30:00+00:00,0.93,7.11,1146.8505609940942,0.88,1.09,0.48,0.56,0.89,267,7.75,5.92,10.26
2026-06-20 03:00:00+00:00,0.95,7.05,1156.7479480804705,0.9,1.17,0.92,0.55,0.89,279,6.8500000000000005,5.69,10.42
2026-06-20 03:30:00+00:00,0.99,6.98,1152.8743101038933,0.96,1.16,0.66,0.59,0.94,282,7.98,5.62,11.03
2026-06-20 04:00:00+00:00,0.93,6.75,1192.0801491984225,0.9,1.12,0.68,0.5700000000000001,0.9,290,6.51,5.45,12.55
2026-06-20 04:30:00+00:00,0.93,6.68,1141.9701572932215,0.92,1.16,0.44,0.56,0.9,304,6.9,5.22,10.86
2026-06-20 05:00:00+00:00,0.96,6.94,939.5314015583003,0.92,1.17,0.92,0.56,0.91,289,7.390000000000001,5.46,10.84
2026-06-20 05:30:00+00:00,0.95,6.88,999.2809274475176,0.91,1.14,0.51,0.59,0.93,279,6.98,5.66,10.6
2026-06-20 06:00:00+00:00,0.98,6.84,1210.1298768785657,0.95,1.17,0.73,0.6,0.95,283,6.91,5.61,9.88
2026-06-20 06:30:00+00:00,0.91,6.83,1298.4645786934682,0.85,1.04,0.54,0.55,0.86,284,6.2700000000000005,5.57,10.87
2026-06-20 07:00:00+00:00,1.0,6.96,1211.4506186872281,0.97,1.21,0.99,0.62,0.98,265,7.38,5.98,10.55
2026-06-20 07:30:00+00:00,0.91,6.86,1270.3337779570643,0.9,1.09,0.5,0.58,0.91,275,7.67,5.7700000000000005,9.81
2026-06-20 08:00:00+00:00,0.86,6.78,1164.733075905517,0.8300000000000001,1.08,0.72,0.52,0.8300000000000001,284,7.47,5.57,10.11
2026-06-20 08:30:00+00:00,0.85,6.79,1276.0746317183555,0.8300000000000001,1.05,0.47,0.53,0.84,275,8.120000000000001,5.76,11.48
2026-06-20 09:00:00+00:00,0.94,7.17,1466.3784798088905,0.91,1.12,0.54,0.5700000000000001,0.9,263,7.18,6.01,12.6
2026-06-20 09:30:00+00:00,0.86,7.08,1305.5046139598485,0.8200000000000001,0.99,0.28,0.52,0.8200000000000001,265,7.43,5.96,10.99
2026-06-20 10:00:00+00:00,0.8,7.03,1254.8905733826437,0.79,0.98,0.28,0.5,0.8,268,7.68,5.9,11.45
2026-06-20 10:30:00+00:00,0.95,7.18,1336.278295006233,0.89,1.17,0.66,0.55,0.89,279,6.76,5.68,10.15
2026-06-20 11:00:00+00:00,0.89,6.890000000000001,1480.1929771923724,0.87,1.08,0.49,0.52,0.85,278,8.41,5.67,11.1
2026-06-20 11:30:00+00:00,0.8300000000000001,6.95,1464.1725260485894,0.81,0.98,0.66,0.51,0.81,276,6.72,5.75,11.11
2026-06-20 12:00:00+00:00,0.87,7.0600000000000005,1343.6780216977215,0.81,1.02,0.46,0.49,0.79,293,7.54,5.38,10.34
2026-06-20 12:30:00+00:00,0.93,6.72,1382.6545675831692,0.89,1.14,0.55,0.54,0.87,321,6.5200000000000005,4.93,10.05
2026-06-20 13:00:00+00:00,0.94,6.08,1417.250387849517,0.89,1.13,1.02,0.55,0.88,372,7.68,4.2700000000000005,10.14
2026-06-20 13:30:00+00:00,0.98,5.94,1435.5071779388422,0.92,1.15,0.81,0.58,0.92,374,6.94,4.24,9.36
2026-06-20 14:00:00+00:00,0.99,5.66,1405.091759590257,0.87,1.11,0.8200000000000001,0.5700000000000001,0.89,401,7.55,3.95,8.620000000000001
2026-06-20 14:30:00+00:00,0.99,5.58,1406.5009655130968,0.88,1.05,0.66,0.58,0.9,414,6.43,3.83,9.49
2026-06-20 15:00:00+00:00,1.0,5.76,1369.9941174219446,0.92,1.16,0.65,0.59,0.93,384,6.640000000000001,4.14,10.02
2026-06-20 15:30:00+00:00,1.03,5.68,1183.260576046393,0.95,1.17,0.9,0.6,0.95,390,7.11,4.07,10.26
2026-06-20 16:00:00+00:00,1.03,5.69,1140.6000511722764,0.94,1.24,0.78,0.6,0.96,397,6.07,4.0,8.94
2026-06-20 16:30:00+00:00,1.03,5.32,1140.4470289717372,0.95,1.18,0.71,0.61,0.96,417,6.17,3.79,9.76
2026-06-20 17:00:00+00:00,0.94,5.41,1261.219879572994,0.87,1.09,0.79,0.55,0.87,416,6.87,3.8,9.68
2026-06-20 17:30:00+00:00,0.95,5.54,1095.5366016425464,0.85,1.07,0.77,0.54,0.85,403,6.75,3.92,9.39
2026-06-20 18:00:00+00:00,0.91,5.5600000000000005,1145.757514280389,0.8300000000000001,1.03,0.86,0.54,0.85,392,6.640000000000001,4.03,9.27
2026-06-20 18:30:00+00:00,0.96,5.5200000000000005,1263.4993933322532,0.88,1.09,0.8200000000000001,0.5700000000000001,0.89,397,3.74,3.99,9.31
2026-06-20 19:00:00+00:00,0.97,5.38,1337.0909414447817,0.89,1.07,0.72,0.5700000000000001,0.89,412,6.72,3.85,9.08
2026-06-20 19:30:00+00:00,1.03,5.66,1134.6407067045557,0.94,1.15,0.71,0.6,0.95,391,7.54,4.0600000000000005,9.55
2026-06-20 20:00:00+00:00,0.98,5.36,1078.777503521333,0.91,1.12,0.71,0.59,0.92,391,6.91,4.0600000000000005,9.45
2026-06-20 20:30:00+00:00,0.95,5.42,872.6226983802891,0.89,1.11,0.79,0.58,0.91,381,4.09,4.16,9.46
2026-06-20 21:00:00+00:00,0.96,5.44,905.0130971985027,0.87,1.07,0.79,0.56,0.89,382,6.8,4.14,9.48
2026-06-20 21:30:00+00:00,0.89,5.58,821.5224854738232,0.8300000000000001,1.04,0.51,0.53,0.84,379,5.78,4.18,9.7
2026-06-20 22:00:00+00:00,0.89,5.67,963.4958395523698,0.84,1.03,0.8300000000000001,0.54,0.85,363,5.48,4.36,9.36
2026-06-20 22:30:00+00:00,0.85,5.79,940.1205688508046,0.81,0.97,0.65,0.52,0.8200000000000001,339,5.58,4.68,10.36
2026-06-20 23:00:00+00:00,0.85,5.9,878.0316105600301,0.81,1.0,0.47,0.52,0.8200000000000001,326,6.71,4.84,9.6
2026-06-20 23:30:00+00:00,0.86,6.03,842.548030433388,0.8200000000000001,1.07,0.79,0.51,0.8200000000000001,326,5.12,4.86,11.39
2026-06-21 00:00:00+00:00,0.84,5.9,1006.3069041877104,0.81,0.98,0.5,0.52,0.81,331,5.74,4.79,9.57
2026-06-21 00:30:00+00:00,0.8300000000000001,6.05,899.7063655633855,0.78,0.95,0.56,0.51,0.79,314,6.42,5.04,10.29
2026-06-21 01:00:00+00:00,0.8200000000000001,5.8500000000000005,803.2308898630255,0.77,0.95,0.67,0.51,0.79,322,5.29,4.94,9.86
2026-06-21 01:30:00+00:00,0.81,6.0,787.0217249995103,0.77,0.98,0.32,0.49,0.77,332,8.370000000000001,4.7700000000000005,10.95
2026-06-21 02:00:00+00:00,0.8200000000000001,5.98,798.2998720543311,0.77,0.96,0.46,0.5,0.78,327,4.44,4.84,10.09
2026-06-21 02:30:00+00:00,0.89,6.13,786.9718516095766,0.87,1.05,0.65,0.56,0.88,299,7.34,5.3,10.7
2026-06-21 03:00:00+00:00,0.81,6.2,750.4969694937145,0.74,0.92,0.78,0.49,0.76,325,8.73,4.88,10.21
2026-06-21 03:30:00+00:00,0.81,6.24,806.6411151098787,0.74,0.88,0.41,0.48,0.75,314,5.13,5.04,9.65
2026-06-21 04:00:00+00:00,0.78,6.09,879.2838396623804,0.73,0.91,0.34,0.47,0.74,321,7.4,4.95,9.45
2026-06-21 04:30:00+00:00,0.76,5.86,874.1809732087215,0.6900000000000001,0.88,0.62,0.46,0.72,331,5.18,4.78,9.48
2026-06-21 05:00:00+00:00,0.81,6.21,865.8881227781944,0.77,0.97,0.47,0.5,0.78,304,6.84,5.21,11.87
2026-06-21 05:30:00+00:00,0.75,6.3,926.9876872265057,0.7000000000000001,0.86,0.59,0.45,0.71,312,5.84,5.07,11.01
2026-06-21 06:00:00+00:00,0.73,6.3,1167.9653312171874,0.7000000000000001,0.85,0.46,0.45,0.7000000000000001,308,8.27,5.14,12.01
2026-06-21 06:30:00+00:00,0.72,6.3100000000000005,969.0382329001254,0.68,0.85,0.6,0.44,0.6900000000000001,307,6.75,5.15,10.18
2026-06-21 07:00:00+00:00,0.68,6.3,1041.1042715460646,0.63,0.8,0.53,0.4,0.64,317,7.21,4.99,10.54
2026-06-21 07:30:00+00:00,0.73,6.2,959.1829569292993,0.6900000000000001,0.85,0.28,0.45,0.7000000000000001,300,7.25,5.2700000000000005,11.83
2026-06-21 08:00:00+00:00,0.7000000000000001,6.3500000000000005,1098.7468242376492,0.67,0.86,0.56,0.43,0.68,306,6.37,5.19,10.85
2026-06-21 08:30:00+00:00,0.72,6.36,1185.3536710988992,0.68,0.84,0.59,0.44,0.6900000000000001,309,7.9,5.12,9.68
2026-06-21 09:00:00+00:00,0.68,6.19,1294.657183256669,0.64,0.78,0.74,0.42,0.65,307,6.83,5.14,10.12
2026-06-21 09:30:00+00:00,0.73,6.3500000000000005,1155.083416945631,0.68,0.86,0.35,0.44,0.6900000000000001,309,4.88,5.13,10.84
2026-06-21 10:00:00+00:00,0.71,6.4,1223.195886442085,0.68,0.84,0.56,0.44,0.6900000000000001,304,6.45,5.21,11.44
2026-06-21 10:30:00+00:00,0.67,6.01,1138.077251601301,0.64,0.79,0.84,0.41,0.64,325,6.22,4.86,11.76
2026-06-21 11:00:00+00:00,0.7000000000000001,6.15,1173.1299459236752,0.66,0.85,0.52,0.42,0.67,324,7.47,4.89,9.71
2026-06-21 11:30:00+00:00,0.7000000000000001,6.07,1178.8629300195182,0.67,0.81,0.46,0.42,0.67,326,6.84,4.87,9.61
2026-06-21 12:00:00+00:00,0.65,6.0200000000000005,1164.1729028640525,0.63,0.78,0.42,0.4,0.63,329,7.34,4.8100000000000005,12.55
2026-06-21 12:30:00+00:00,0.63,6.05,1158.8650646537512,0.61,0.75,0.51,0.4,0.62,314,6.86,5.05,10.4
2026-06-21 13:00:00+00:00,0.64,6.25,1072.1437374504987,0.6,0.74,0.28,0.4,0.61,309,8.19,5.14,10.88
2026-06-21 13:30:00+00:00,0.62,6.09,1041.8338686336408,0.58,0.73,0.35,0.36,0.58,348,6.34,4.55,10.21
2026-06-21 14:00:00+00:00,0.61,5.87,1152.9840295895688,0.58,0.71,0.4,0.37,0.59,352,7.2,4.49,10.51
2026-06-21 14:30:00+00:00,0.61,6.17,1121.6253524732579,0.5700000000000001,0.7000000000000001,0.44,0.36,0.5700000000000001,366,7.09,4.34,10.39
2026-06-21 15:00:00+00:00,0.64,6.140000000000001,1094.0686173985073,0.6,0.75,0.42,0.37,0.6,361,6.24,4.39,10.85
2026-06-21 15:30:00+00:00,0.68,6.0200000000000005,1118.0227469802321,0.62,0.77,0.4,0.39,0.62,354,6.12,4.49,10.19
2026-06-21 16:00:00+00:00,0.67,6.07,1151.5971727539356,0.61,0.77,0.54,0.38,0.61,378,6.36,4.19,10.19
2026-06-21 16:30:00+00:00,0.6900000000000001,5.7,1118.3582044911159,0.64,0.79,0.51,0.41,0.64,407,6.95,3.9,9.79
2026-06-21 17:00:00+00:00,0.74,5.29,1164.244880909292,0.6900000000000001,0.9,0.72,0.44,0.7000000000000001,427,6.11,3.72,10.79
2026-06-21 17:30:00+00:00,0.77,5.22,1012.5726074880404,0.68,0.84,0.89,0.45,0.6900000000000001,448,3.35,3.54,9.19
2026-06-21 18:00:00+00:00,0.79,5.04,1072.0312184279987,0.72,0.89,0.85,0.46,0.72,454,3.74,3.49,8.52
2026-06-21 18:30:00+00:00,0.78,5.17,1156.551424866587,0.7000000000000001,0.88,0.73,0.46,0.72,430,3.37,3.69,10.28
2026-06-21 19:00:00+00:00,0.78,5.17,1086.5481556906673,0.7000000000000001,0.87,0.62,0.46,0.72,445,4.14,3.56,9.99
2026-06-21 19:30:00+00:00,0.86,5.0200000000000005,1088.1525780648913,0.78,0.98,0.72,0.5,0.79,439,7.390000000000001,3.61,9.56
2026-06-21 20:00:00+00:00,0.81,4.79,1222.0577481599262,0.74,0.9,0.8,0.49,0.76,441,6.33,3.6,8.86
2026-06-21 20:30:00+00:00,0.84,4.61,962.1926955050235,0.75,0.93,0.6,0.51,0.78,447,7.2,3.56,8.81
2026-06-21 21:00:00+00:00,0.85,4.4,802.2617609474686,0.78,0.98,0.75,0.5,0.79,485,4.73,3.27,7.68
2026-06-21 21:30:00+00:00,0.84,4.63,790.7120620021648,0.75,0.94,0.8,0.49,0.77,457,4.26,3.47,8.75
2026-06-21 22:00:00+00:00,0.84,4.83,886.5027933958578,0.77,0.95,0.6900000000000001,0.51,0.79,423,5.2,3.76,8.64
2026-06-21 22:30:00+00:00,0.79,4.73,869.8840732434317,0.72,0.88,0.93,0.48,0.75,423,3.68,3.76,8.58
2026-06-21 23:00:00+00:00,0.77,5.21,767.3075846888727,0.71,0.86,0.44,0.46,0.72,409,3.91,3.87,10.31
2026-06-21 23:30:00+00:00,0.72,5.13,686.4627113810868,0.66,0.8,0.66,0.43,0.67,404,3.89,3.93,8.93
2026-06-22 00:00:00+00:00,0.76,5.38,796.0692021605801,0.6900000000000001,0.86,0.55,0.45,0.7000000000000001,410,6.17,3.87,11.76
2026-06-22 00:30:00+00:00,0.74,5.3,785.1183901132187,0.68,0.8300000000000001,0.64,0.45,0.6900000000000001,388,7.85,4.08,11.05
2026-06-22 01:00:00+00:00,0.71,5.1000000000000005,809.6691829167983,0.66,0.8,0.56,0.44,0.68,383,7.19,4.14,8.78
2026-06-22 01:30:00+00:00,0.7000000000000001,5.13,796.9002896774921,0.65,0.78,0.51,0.42,0.66,405,4.73,3.92,10.04
2026-06-22 02:00:00+00:00,0.74,4.95,1111.2207706070114,0.68,0.85,0.53,0.45,0.7000000000000001,417,4.3100000000000005,3.8,9.15
2026-06-22 02:30:00+00:00,0.74,5.01,992.9488543190312,0.6900000000000001,0.86,0.72,0.45,0.7000000000000001,413,7.36,3.84,9.71
2026-06-22 03:00:00+00:00,0.75,4.99,1004.6373879751419,0.6900000000000001,0.87,0.4,0.45,0.7000000000000001,404,4.36,3.93,11.17
2026-06-22 03:30:00+00:00,0.73,5.12,1046.6242194442348,0.67,0.8300000000000001,0.37,0.44,0.6900000000000001,392,4.24,4.04,9.43
2026-06-22 04:00:00+00:00,0.68,5.22,849.9695517190569,0.62,0.74,0.47,0.41,0.64,384,4.64,4.12,9.23
2026-06-22 04:30:00+00:00,0.74,5.28,837.8139900950077,0.7000000000000001,0.87,0.6900000000000001,0.45,0.7000000000000001,379,4.83,4.19,9.81
2026-06-22 05:00:00+00:00,0.73,5.51,945.1424362976976,0.6900000000000001,0.85,0.91,0.46,0.71,352,4.63,4.5,9.15
2026-06-22 05:30:00+00:00,0.73,5.4,894.8393226926988,0.67,0.81,0.39,0.44,0.6900000000000001,359,4.7,4.42,9.68
2026-06-22 06:00:00+00:00,0.79,5.42,827.9981638790567,0.74,0.92,0.45,0.49,0.76,341,4.88,4.65,11.35
2026-06-22 06:30:00+00:00,0.8200000000000001,5.44,944.2983800115297,0.76,0.94,0.66,0.5,0.77,340,5.5600000000000005,4.66,10.26
2026-06-22 07:00:00+00:00,0.77,5.48,8629.23862033862,0.74,0.91,0.75,0.48,0.75,342,5.96,4.63,8.98
2026-06-22 07:30:00+00:00,0.72,5.71,7530.66562911848,0.6900000000000001,0.84,0.51,0.44,0.6900000000000001,332,5.73,4.78,10.78
2026-06-22 08:00:00+00:00,0.75,5.69,3691.1292987395213,0.71,0.9,0.73,0.46,0.72,334,5.1000000000000005,4.74,9.43
2026-06-22 08:30:00+00:00,0.74,5.64,-925.5490703690353,0.71,0.85,0.88,0.46,0.71,331,5.6000000000000005,4.78,10.29
2026-06-22 09:00:00+00:00,0.73,5.5,203.70965821882734,0.67,0.84,0.65,0.44,0.6900000000000001,350,5.58,4.54,9.14
2026-06-22 09:30:00+00:00,0.6900000000000001,5.57,1778.1623446509593,0.64,0.78,0.49,0.42,0.65,356,6.26,4.45,10.03
2026-06-22 10:00:00+00:00,0.73,5.46,1992.0669504956427,0.6900000000000001,0.84,0.39,0.45,0.7000000000000001,371,5.55,4.28,10.17
2026-06-22 10:30:00+00:00,0.71,5.48,-228.82353596782406,0.67,0.81,0.54,0.43,0.67,375,5.45,4.23,9.71
2026-06-22 11:00:00+00:00,0.6900000000000001,5.54,-157.95674462255596,0.63,0.79,0.89,0.41,0.64,374,5.23,4.24,8.57
2026-06-22 11:30:00+00:00,0.71,5.57,199405.77174483333,0.66,0.8300000000000001,0.44,0.42,0.67,365,5.61,4.3500000000000005,9.3
2026-06-22 12:00:00+00:00,0.68,5.6000000000000005,188843.35044622736,0.66,0.8200000000000001,0.43,0.42,0.66,345,5.58,4.6000000000000005,8.98
2026-06-22 12:30:00+00:00,0.64,5.68,212645.58493032624,0.61,0.78,0.4,0.4,0.62,344,6.36,4.6000000000000005,9.91
2026-06-22 13:00:00+00:00,0.66,5.92,215926.15653274866,0.62,0.76,0.36,0.4,0.63,335,6.18,4.73,10.63
2026-06-22 13:30:00+00:00,0.65,6.03,198338.80696022877,0.61,0.75,0.42,0.4,0.62,321,6.4,4.93,10.65
2026-06-22 14:00:00+00:00,0.6900000000000001,6.13,200522.7161183883,0.65,0.79,0.31,0.43,0.67,312,5.07,5.08,10.15
2026-06-22 14:30:00+00:00,0.66,6.0600000000000005,204080.65043403988,0.62,0.78,0.52,0.4,0.63,316,6.01,5.01,9.73
2026-06-22 15:00:00+00:00,0.64,6.07,186747.49577992794,0.62,0.79,0.41,0.4,0.63,311,6.32,5.08,10.83
2026-06-22 15:30:00+00:00,0.66,6.12,170969.18334212285,0.64,0.78,0.25,0.41,0.64,307,5.7,5.15,10.23
2026-06-22 16:00:00+00:00,0.68,6.01,143106.37710145523,0.63,0.78,0.35,0.41,0.65,318,5.38,4.99,11.45
2026-06-22 16:30:00+00:00,0.66,6.28,12042.406804393508,0.63,0.77,0.71,0.4,0.63,309,6.38,5.14,10.33
2026-06-22 17:00:00+00:00,0.64,6.63,322.9380161440483,0.61,0.73,0.5,0.4,0.62,297,9.34,5.34,12.4
2026-06-22 17:30:00+00:00,0.68,6.46,276.66437237159016,0.63,0.77,0.42,0.42,0.66,291,6.11,5.46,11.69
2026-06-22 18:00:00+00:00,0.6900000000000001,6.63,367.32305470754466,0.65,0.79,0.66,0.42,0.66,287,5.09,5.5,10.71
2026-06-22 18:30:00+00:00,0.72,6.65,410.04072183758717,0.68,0.85,0.48,0.44,0.6900000000000001,292,7.69,5.43,12.41
2026-06-22 19:00:00+00:00,0.77,6.47,517.0137072745872,0.72,0.88,0.59,0.48,0.74,288,6.38,5.51,11.08
2026-06-22 19:30:00+00:00,0.79,6.58,350.64488259588967,0.73,0.92,0.45,0.47,0.74,293,6.53,5.42,12.61
2026-06-22 20:00:00+00:00,0.79,6.45,223.4602750502357,0.76,0.97,0.42,0.48,0.77,295,6.37,5.37,12.13
2026-06-22 20:30:00+00:00,0.78,6.65,-55.051105498758446,0.74,0.91,0.47,0.48,0.75,279,5.83,5.66,11.25
2026-06-22 21:00:00+00:00,0.8,6.640000000000001,19.434698765275947,0.78,0.96,0.29,0.51,0.79,283,9.38,5.61,11.14
2026-06-22 21:30:00+00:00,0.8,6.83,-44.63831822269053,0.77,0.94,0.37,0.49,0.77,280,7.12,5.66,12.08
2026-06-22 22:00:00+00:00,0.75,6.73,233.69616010674594,0.7000000000000001,0.87,0.62,0.47,0.73,280,8.71,5.66,11.53
2026-06-22 22:30:00+00:00,0.76,7.26,193.17767060483197,0.74,0.91,0.44,0.46,0.73,269,8.42,5.88,13.83
2026-06-22 23:00:00+00:00,0.87,7.52,411.5455121408598,0.8300000000000001,1.01,0.53,0.53,0.8300000000000001,270,9.95,5.87,12.92
2026-06-22 23:30:00+00:00,0.81,7.4,356.3058368056856,0.76,0.91,0.35,0.5,0.78,265,8.790000000000001,5.94,13.58
2026-06-23 00:00:00+00:00,0.81,7.24,248.0486829230872,0.78,0.96,0.62,0.49,0.78,270,6.38,5.86,11.58
2026-06-23 00:30:00+00:00,0.72,6.93,33.48163429617502,0.68,0.85,0.46,0.44,0.6900000000000001,275,8.19,5.7700000000000005,12.34
2026-06-23 01:00:00+00:00,0.77,7.32,-54.7463725898435,0.74,0.91,0.36,0.48,0.75,266,7.45,5.96,11.26
2026-06-23 01:30:00+00:00,0.9,7.8,134.14713649766423,0.86,1.1,0.7000000000000001,0.54,0.86,252,8.790000000000001,6.29,11.67
2026-06-23 02:00:00+00:00,0.81,7.28,109.02690009139921,0.76,0.97,0.58,0.48,0.77,267,8.63,5.94,10.98
2026-06-23 02:30:00+00:00,0.81,7.48,36.00015804705688,0.76,0.98,0.47,0.48,0.76,261,6.79,6.08,11.12
2026-06-23 03:00:00+00:00,0.77,7.13,0.5792420342709867,0.73,0.94,0.54,0.47,0.74,269,7.66,5.89,11.37
2026-06-23 03:30:00+00:00,0.86,7.63,-11.61879166819681,0.85,1.08,0.73,0.52,0.84,252,8.14,6.3,12.51
2026-06-23 04:00:00+00:00,0.77,7.12,130.7197142837692,0.74,0.9,0.66,0.48,0.75,267,6.890000000000001,5.91,11.46
2026-06-23 04:30:00+00:00,0.8,7.24,-54.838962315943476,0.75,0.95,0.58,0.49,0.77,267,6.640000000000001,5.95,10.71
2026-06-23 05:00:00+00:00,0.79,7.49,-66.3886967421519,0.75,0.91,0.41,0.48,0.76,254,7.81,6.21,11.57
2026-06-23 05:30:00+00:00,0.77,7.52,-16.515625862011007,0.75,0.97,0.3,0.47,0.75,258,7.890000000000001,6.13,12.77
2026-06-23 06:00:00+00:00,0.74,7.2,174.1483209000088,0.71,0.91,0.55,0.46,0.72,265,7.2,5.96,13.06
2026-06-23 06:30:00+00:00,0.75,7.5,115.76669199861986,0.72,0.89,0.45,0.46,0.73,248,6.47,6.37,11.29
2026-06-23 07:00:00+00:00,0.6900000000000001,7.27,32.52372504248881,0.68,0.86,0.3,0.43,0.6900000000000001,249,7.58,6.36,11.68
2026-06-23 07:30:00+00:00,0.75,7.42,204.0049014864726,0.71,0.86,0.42,0.47,0.73,244,8.07,6.5,12.2
2026-06-23 08:00:00+00:00,0.8200000000000001,7.33,-95.92497119545747,0.81,0.99,0.21,0.53,0.8200000000000001,241,8.02,6.54,13.24
2026-06-23 08:30:00+00:00,0.73,7.0600000000000005,23.57485727091185,0.6900000000000001,0.85,0.47,0.48,0.73,244,7.21,6.47,11.76
2026-06-23 09:00:00+00:00,0.8200000000000001,7.29,132.89232174156362,0.79,1.01,0.53,0.5,0.8,252,9.42,6.2700000000000005,11.07
2026-06-23 09:30:00+00:00,0.8300000000000001,7.27,1767.325763556956,0.8,0.99,0.42,0.52,0.81,244,7.75,6.5,12.55
2026-06-23 10:00:00+00:00,0.78,6.95,5775.4673613226005,0.76,0.92,0.52,0.5,0.77,265,6.07,5.96,11.01
2026-06-23 10:30:00+00:00,0.74,6.91,9269.768415152235,0.71,0.85,0.46,0.46,0.72,267,6.18,5.93,11.94
2026-06-23 11:00:00+00:00,0.74,7.09,6181.612291752506,0.71,0.89,0.7000000000000001,0.46,0.72,258,7.25,6.12,11.37
2026-06-23 11:30:00+00:00,0.8,7.23,5842.945530665721,0.76,0.92,0.46,0.49,0.77,257,6.65,6.140000000000001,11.73
2026-06-23 12:00:00+00:00,0.77,7.15,5733.75355905034,0.74,0.93,0.8200000000000001,0.47,0.75,269,7.17,5.91,11.29
2026-06-23 12:30:00+00:00,0.77,7.22,5704.866292751267,0.72,0.9,0.51,0.47,0.74,256,6.5200000000000005,6.18,11.38
2026-06-23 13:00:00+00:00,0.77,7.09,2683.5646368427947,0.74,0.88,0.51,0.47,0.75,256,7.57,6.19,10.88
2026-06-23 13:30:00+00:00,0.76,7.41,1504.246775929408,0.75,0.95,0.78,0.48,0.76,242,7.55,6.54,11.37
2026-06-23 14:00:00+00:00,0.76,7.11,1436.9888083856938,0.74,0.93,0.21,0.47,0.74,252,6.28,6.2700000000000005,11.3
2026-06-23 14:30:00+00:00,0.76,7.3,1392.9493897653676,0.74,0.94,0.35,0.48,0.75,241,7.42,6.5600000000000005,11.61
2026-06-23 15:00:00+00:00,0.78,7.34,1221.850894919923,0.75,0.94,0.38,0.49,0.77,242,7.390000000000001,6.53,11.9
2026-06-23 15:30:00+00:00,0.77,7.21,1168.8020572778132,0.74,0.94,0.39,0.47,0.75,247,7.34,6.390000000000001,10.93
2026-06-23 16:00:00+00:00,0.78,7.46,1136.43322268265,0.77,0.95,0.48,0.49,0.77,241,8.26,6.55,11.48
2026-06-23 16:30:00+00:00,0.72,7.03,932.515149061973,0.67,0.84,0.4,0.44,0.6900000000000001,255,7.03,6.21,11.27
2026-06-23 17:00:00+00:00,0.78,7.31,961.560386597588,0.77,0.96,0.34,0.49,0.77,249,7.08,6.36,10.9
2026-06-23 17:30:00+00:00,0.74,7.08,922.8084109208104,0.74,0.94,0.51,0.46,0.74,257,7.84,6.13,10.95
2026-06-23 18:00:00+00:00,0.73,7.11,916.1978254226902,0.68,0.87,0.39,0.44,0.6900000000000001,253,8.03,6.24,11.66
2026-06-23 18:30:00+00:00,0.71,7.08,824.2468691381821,0.68,0.85,0.26,0.45,0.7000000000000001,249,6.69,6.36,11.08
2026-06-23 19:00:00+00:00,0.74,7.31,1005.369114659436,0.73,0.91,0.47,0.47,0.74,238,7.91,6.65,10.8
2026-06-23 19:30:00+00:00,0.79,7.31,983.5018387376024,0.73,0.96,0.35,0.46,0.73,249,7.390000000000001,6.36,11.04
2026-06-23 20:00:00+00:00,0.8,7.35,874.4438190027333,0.77,0.95,0.44,0.49,0.78,241,7.47,6.5600000000000005,11.73
2026-06-23 20:30:00+00:00,0.73,7.07,683.209764713561,0.6900000000000001,0.89,0.37,0.44,0.7000000000000001,255,6.92,6.2,10.91
2026-06-23 21:00:00+00:00,0.79,7.07,1129.6193139684442,0.76,0.98,0.44,0.49,0.77,253,7.69,6.26,11.95
2026-06-23 21:30:00+00:00,0.76,6.82,1070.2315786684915,0.72,0.89,0.43,0.47,0.74,251,6.22,6.28,11.09
2026-06-23 22:00:00+00:00,0.76,6.99,1016.4072833868145,0.71,0.9,0.43,0.45,0.72,257,6.5,6.16,12.27
2026-06-23 22:30:00+00:00,0.78,7.09,889.3213890204372,0.74,0.9,0.44,0.48,0.75,243,7.17,6.49,11.38
2026-06-23 23:00:00+00:00,0.74,6.82,1163.80969117255,0.71,0.88,0.42,0.46,0.72,263,7.84,6.01,10.54
2026-06-23 23:30:00+00:00,0.75,6.7700000000000005,1212.2942843058959,0.72,0.92,0.49,0.48,0.74,259,6.69,6.13,11.42
2026-06-24 00:00:00+00:00,0.75,6.91,1170.5167744891337,0.74,0.93,0.5,0.48,0.75,249,6.8500000000000005,6.36,11.59
2026-06-24 00:30:00+00:00,0.6900000000000001,6.74,1081.1470326585047,0.67,0.81,0.34,0.43,0.68,262,6.72,6.03,11.74
2026-06-24 01:00:00+00:00,0.6900000000000001,6.8100000000000005,1448.0744591774962,0.65,0.8,0.22,0.43,0.67,258,6.79,6.12,11.1
2026-06-24 01:30:00+00:00,0.68,6.73,1285.4703698890464,0.65,0.8300000000000001,0.32,0.43,0.67,270,6.62,5.88,11.07
2026-06-24 02:00:00+00:00,0.68,7.03,1282.7743095079252,0.66,0.8,0.26,0.42,0.66,261,7.67,6.0600000000000005,10.54
2026-06-24 02:30:00+00:00,0.61,6.78,1149.8537440215935,0.59,0.75,0.52,0.37,0.59,276,6.1000000000000005,5.74,11.13
2026-06-24 03:00:00+00:00,0.61,6.66,1261.3657472800635,0.59,0.73,0.5,0.37,0.58,297,7.3,5.34,10.46
2026-06-24 03:30:00+00:00,0.64,6.8,1119.710180560319,0.63,0.79,0.34,0.42,0.65,260,6.76,6.08,11.36
2026-06-24 04:00:00+00:00,0.64,6.83,1036.8182140441577,0.62,0.78,0.47,0.4,0.63,268,6.8,5.89,10.14
2026-06-24 04:30:00+00:00,0.6,6.87,1049.5463023290615,0.5700000000000001,0.71,0.27,0.37,0.58,267,6.92,5.92,10.4
2026-06-24 05:00:00+00:00,0.55,6.72,1023.964923353552,0.52,0.65,0.37,0.33,0.52,268,6.58,5.93,10.4
2026-06-24 05:30:00+00:00,0.55,6.83,1027.4034826253346,0.54,0.68,0.29,0.34,0.54,281,7.0,5.63,9.89
2026-06-24 06:00:00+00:00,0.52,6.63,1114.280813307906,0.51,0.64,0.28,0.32,0.51,289,7.31,5.5,11.58
2026-06-24 06:30:00+00:00,0.54,6.640000000000001,1181.641115312266,0.51,0.63,0.26,0.32,0.51,304,6.87,5.21,10.48
2026-06-24 07:00:00+00:00,0.5700000000000001,6.4,7640.527719209988,0.56,0.72,0.22,0.34,0.55,330,7.53,4.79,9.95
2026-06-24 07:30:00+00:00,0.5700000000000001,6.15,5278.3625944832565,0.55,0.6900000000000001,0.49,0.34,0.54,355,5.9,4.47,10.16
2026-06-24 08:00:00+00:00,0.59,6.12,1940.9721567738195,0.55,0.7000000000000001,0.53,0.33,0.54,368,6.46,4.3,10.76
2026-06-24 08:30:00+00:00,0.63,6.3500000000000005,44.188337537210884,0.6,0.77,0.4,0.38,0.6,334,7.43,4.75,10.93
2026-06-24 09:00:00+00:00,0.5700000000000001,6.28,367.759785180691,0.55,0.68,0.5,0.34,0.54,338,7.65,4.68,10.08
2026-06-24 09:30:00+00:00,0.62,6.26,3261.7679426320346,0.5700000000000001,0.71,0.44,0.36,0.5700000000000001,348,5.92,4.54,9.76
2026-06-24 10:00:00+00:00,0.67,6.41,-266.01380363677424,0.64,0.78,0.37,0.4,0.63,308,6.66,5.14,10.01
2026-06-24 10:30:00+00:00,0.63,6.43,-1014.2577138063627,0.6,0.73,0.29,0.39,0.61,295,7.390000000000001,5.38,10.15
2026-06-24 11:00:00+00:00,0.66,6.5600000000000005,-485.93326506786224,0.64,0.79,0.55,0.41,0.64,282,6.45,5.6000000000000005,9.52
2026-06-24 11:30:00+00:00,0.6,6.5,-732.8017946037678,0.5700000000000001,0.72,0.32,0.37,0.58,290,6.16,5.47,10.13
2026-06-24 12:00:00+00:00,0.61,6.5200000000000005,-1225.6979413188274,0.59,0.72,0.34,0.36,0.58,307,6.12,5.17,10.53
2026-06-24 12:30:00+00:00,0.5700000000000001,6.46,-365.5707927665017,0.55,0.66,0.27,0.36,0.56,291,7.77,5.44,9.88
2026-06-24 13:00:00+00:00,0.6,6.390000000000001,1172.9537469226063,0.58,0.75,0.34,0.37,0.58,294,7.04,5.38,10.56
2026-06-24 13:30:00+00:00,0.5700000000000001,6.43,1678.661136272426,0.5700000000000001,0.7000000000000001,0.43,0.36,0.5700000000000001,290,5.84,5.46,10.23
2026-06-24 14:00:00+00:00,0.61,6.6000000000000005,1484.1920484382176,0.6,0.74,0.41,0.38,0.59,274,7.29,5.78,10.06
2026-06-24 14:30:00+00:00,0.56,6.51,896.7000883467787,0.56,0.71,0.39,0.36,0.5700000000000001,281,6.93,5.63,9.96
2026-06-24 15:00:00+00:00,0.51,6.44,382.3954593389881,0.5,0.61,0.29,0.33,0.51,279,6.5200000000000005,5.69,11.25
2026-06-24 15:30:00+00:00,0.52,6.7,2018.4873354353479,0.52,0.65,0.36,0.33,0.52,265,7.56,5.99,10.76
2026-06-24 16:00:00+00:00,0.51,6.54,1539.2303963900342,0.49,0.6,0.38,0.32,0.5,275,6.25,5.75,10.56
2026-06-24 16:30:00+00:00,0.5,6.46,1228.8821528889307,0.49,0.6,0.29,0.31,0.49,276,7.15,5.74,9.52
2026-06-24 17:00:00+00:00,0.48,6.55,1072.1691337593381,0.48,0.6,0.28,0.3,0.47,283,6.92,5.6000000000000005,10.55
2026-06-24 17:30:00+00:00,0.53,6.57,829.5371753455496,0.52,0.64,0.24,0.33,0.52,276,5.97,5.72,10.36
2026-06-24 18:00:00+00:00,0.5,6.58,814.6885024463987,0.49,0.59,0.35,0.31,0.49,277,7.67,5.72,10.48
2026-06-24 18:30:00+00:00,0.49,6.45,1019.1753076685698,0.48,0.58,0.24,0.32,0.49,277,6.8500000000000005,5.72,12.48
2026-06-24 19:00:00+00:00,0.52,6.3100000000000005,1225.5955116354476,0.5,0.62,0.24,0.33,0.51,290,6.21,5.48,11.34
2026-06-24 19:30:00+00:00,0.52,6.390000000000001,1066.686641314985,0.49,0.62,0.2,0.32,0.5,291,6.38,5.44,9.77
2026-06-24 20:00:00+00:00,0.54,6.45,1217.1828516300095,0.51,0.63,0.16,0.33,0.52,281,7.390000000000001,5.63,11.62
2026-06-24 20:30:00+00:00,0.52,6.28,1325.2739178715476,0.5,0.62,0.28,0.31,0.5,294,6.01,5.38,10.7
2026-06-24 21:00:00+00:00,0.53,6.43,1252.6202806224146,0.5,0.65,0.35,0.33,0.51,289,6.26,5.47,10.54
2026-06-24 21:30:00+00:00,0.49,6.47,1117.4700402833175,0.49,0.59,0.37,0.31,0.49,280,6.57,5.66,10.24
2026-06-24 22:00:00+00:00,0.49,6.48,1135.8312262417471,0.48,0.61,0.35,0.3,0.48,286,6.7700000000000005,5.5200000000000005,10.36
2026-06-24 22:30:00+00:00,0.49,6.45,1061.2228700942214,0.47,0.58,0.37,0.3,0.47,291,6.36,5.44,12.48
2026-06-24 23:00:00+00:00,0.52,6.46,1025.317734421885,0.51,0.63,0.37,0.34,0.53,280,6.37,5.67,10.75
2026-06-24 23:30:00+00:00,0.55,6.1000000000000005,882.8182552505488,0.53,0.66,0.52,0.35,0.54,309,6.28,5.14,10.26
2026-06-25 00:00:00+00:00,0.51,6.29,,0.48,0.6,0.22,0.31,0.48,302,6.33,5.25,9.63
2026-06-25 00:30:00+00:00,0.49,6.15,948.4350168455848,0.47,0.59,0.36,0.3,0.48,301.0,6.7700000000000005,5.2700000000000005,10.66
2026-06-25 01:00:00+00:00,0.48,6.36,1173.8597955618586,0.47,0.59,0.21,0.3,0.48,286.0,7.76,5.54,9.33
2026-06-25 01:30:00+00:00,0.48,6.3,1151.7748927919436,0.45,0.5700000000000001,0.21,0.29,0.46,301.0,7.07,5.2700000000000005,10.65
2026-06-25 02:00:00+00:00,0.47,6.38,1117.8814907922842,0.45,0.58,0.28,0.29,0.46,295.0,6.26,5.38,10.66
2026-06-25 02:30:00+00:00,0.47,6.17,1083.3836444358217,0.44,0.54,0.31,0.28,0.44,315.0,7.23,5.04,10.85
2026-06-25 03:00:00+00:00,0.45,6.22,1089.055668473356,0.44,0.54,0.39,0.28,0.44,304.0,5.82,5.22,10.6
2026-06-25 03:30:00+00:00,0.44,6.46,1034.5455238761956,0.41,0.52,0.27,0.27,0.42,293.0,7.81,5.41,10.45
2026-06-25 04:00:00+00:00,0.42,6.140000000000001,1115.2193741817985,0.39,0.47,0.33,0.26,0.4,305.0,5.95,5.2,10.01
2026-06-25 04:30:00+00:00,0.42,6.38,1201.0708171985987,0.41,0.5,0.3,0.26,0.41,295.0,6.08,5.36,11.47
2026-06-25 05:00:00+00:00,0.43,6.2700000000000005,1311.0599221448958,0.41,0.5,0.34,0.26,0.41,310.0,9.93,5.11,10.35
2026-06-25 05:30:00+00:00,0.43,6.22,5842.744728321036,0.42,0.53,0.31,0.26,0.42,317.0,6.76,5.0,10.25
2026-06-25 06:00:00+00:00,0.45,6.11,4931.938870797193,0.43,0.54,0.44,0.27,0.43,340.0,6.72,4.64,10.0
2026-06-25 06:30:00+00:00,0.45,5.93,3308.875728121279,0.43,0.54,0.25,0.28,0.44,342.0,7.12,4.62,10.52
2026-06-25 07:00:00+00:00,0.48,5.83,3741.5401139133473,0.45,0.59,0.29,0.27,0.44,390.0,6.09,4.05,9.83
2026-06-25 07:30:00+00:00,0.47,5.62,3458.388874116046,0.42,0.54,0.39,0.27,0.42,429.0,6.48,3.7,9.05
2026-06-25 08:00:00+00:00,0.5,5.23,4056.337132273052,0.46,0.5700000000000001,0.49,0.3,0.46,433.0,6.5600000000000005,3.66,9.07
2026-06-25 08:30:00+00:00,0.55,4.72,3634.3405501031857,0.49,0.62,0.5700000000000001,0.32,0.49,490.0,5.53,3.24,10.05
2026-06-25 09:00:00+00:00,0.55,5.0,3055.442563875247,0.49,0.6,0.5700000000000001,0.33,0.51,446.0,7.48,3.56,9.31
2026-06-25 09:30:00+00:00,0.54,5.09,3632.622196797348,0.49,0.58,0.44,0.33,0.51,420.0,6.9,3.76,9.17
2026-06-25 10:00:00+00:00,0.52,4.87,4114.816812678054,0.47,0.59,0.47,0.32,0.49,445.0,5.59,3.5700000000000003,8.96
2026-06-25 10:30:00+00:00,0.53,5.21,2844.6315985377173,0.49,0.61,0.54,0.32,0.5,405.0,8.01,3.91,9.46
2026-06-25 11:00:00+00:00,0.5,5.05,2513.7847552010753,0.45,0.56,0.37,0.3,0.47,438.0,6.43,3.62,9.12
2026-06-25 11:30:00+00:00,0.51,5.0600000000000005,2651.673745583889,0.46,0.58,0.47,0.3,0.47,458.0,6.79,3.46,9.81
2026-06-25 12:00:00+00:00,0.55,4.86,3227.8597523419635,0.5,0.62,0.45,0.33,0.52,462.0,5.8,3.43,9.02
2026-06-25 12:30:00+00:00,0.58,4.5,3921.1005797490448,0.52,0.65,0.44,0.34,0.54,482.0,3.0500000000000003,3.29,9.85
2026-06-25 13:00:00+00:00,0.58,4.75,2819.9236863287924,0.52,0.65,0.53,0.34,0.54,464.0,4.24,3.42,8.290000000000001
2026-06-25 13:30:00+00:00,0.5700000000000001,4.82,4240.860063381502,0.51,0.62,0.46,0.34,0.53,435.0,6.29,3.65,11.23
2026-06-25 14:00:00+00:00,0.64,4.78,3683.2437296248268,0.58,0.7000000000000001,0.31,0.39,0.6,425.0,3.87,3.73,8.89
2026-06-25 14:30:00+00:00,0.71,4.8500000000000005,1946.815370548449,0.66,0.8,0.63,0.44,0.68,394.0,5.49,4.0200000000000005,9.14
2026-06-25 15:00:00+00:00,0.76,4.79,2643.8682685537933,0.71,0.9,0.63,0.46,0.73,403.0,5.3100000000000005,3.94,10.38
2026-06-25 15:30:00+00:00,0.7000000000000001,4.7700000000000005,1328.4431767447104,0.65,0.8,0.5,0.43,0.67,398.0,7.71,3.98,8.31
2026-06-25 16:00:00+00:00,0.67,5.03,1316.981791403025,0.61,0.76,0.33,0.4,0.63,396.0,4.63,4.0,9.58
2026-06-25 16:30:00+00:00,0.68,5.07,1116.1148981785152,0.63,0.78,0.37,0.42,0.65,394.0,5.19,4.03,9.46
2026-06-25 17:00:00+00:00,0.72,5.08,1260.2073580666677,0.66,0.81,0.8,0.44,0.68,397.0,4.47,3.99,9.89
2026-06-25 17:30:00+00:00,0.7000000000000001,5.23,1168.7106990476336,0.64,0.8,0.71,0.43,0.66,401.0,4.76,3.96,8.75
2026-06-25 18:00:00+00:00,0.76,5.0200000000000005,1175.185515777205,0.7000000000000001,0.88,0.42,0.47,0.73,390.0,4.7,4.07,9.14
2026-06-25 18:30:00+00:00,0.72,5.16,1388.8984592283057,0.67,0.8200000000000001,0.46,0.43,0.67,412.0,4.57,3.86,10.44
2026-06-25 19:00:00+00:00,0.76,4.87,1248.1307014863805,0.6900000000000001,0.85,0.55,0.45,0.71,424.0,5.79,3.74,8.36
2026-06-25 19:30:00+00:00,0.79,5.0200000000000005,1030.1820106294408,0.73,0.9,0.67,0.47,0.74,418.0,4.72,3.8,10.39
2026-06-25 20:00:00+00:00,0.86,4.95,1251.8949315846467,0.81,1.02,0.81,0.52,0.8200000000000001,412.0,4.16,3.84,8.16
2026-06-25 20:30:00+00:00,0.85,5.05,1124.188880418715,0.79,0.98,0.52,0.52,0.81,414.0,4.21,3.82,9.07
2026-06-25 21:00:00+00:00,0.9,5.07,984.6324139375098,0.84,1.04,0.63,0.54,0.85,414.0,5.07,3.83,9.92
2026-06-25 21:30:00+00:00,0.9,4.97,1319.2963717128748,0.84,1.01,0.63,0.56,0.86,391.0,4.25,4.0600000000000005,9.97
2026-06-25 22:00:00+00:00,0.91,4.92,1213.2435675004665,0.84,1.04,0.47,0.54,0.85,420.0,5.4,3.77,8.17
2026-06-25 22:30:00+00:00,0.95,5.16,996.5036029078907,0.88,1.1,0.64,0.5700000000000001,0.89,411.0,4.6000000000000005,3.85,9.15
2026-06-25 23:00:00+00:00,0.96,5.45,1085.8945335251888,0.89,1.09,1.6,0.5700000000000001,0.89,398.0,10.3,3.99,10.3
2026-06-25 23:30:00+00:00,0.94,5.33,1008.1037345975619,0.85,1.07,0.86,0.55,0.87,420.0,3.74,3.77,9.7
2026-06-26 00:00:00+00:00,0.89,4.98,1129.0747008336848,0.8200000000000001,1.05,0.86,0.54,0.85,426.0,3.4,3.73,9.0
2026-06-26 00:30:00+00:00,0.91,5.7700000000000005,969.5079021401544,0.8200000000000001,1.04,0.62,0.52,0.8300000000000001,421.0,5.84,3.77,10.57
2026-06-26 01:00:00+00:00,0.88,5.38,1082.0833723741096,0.8,1.02,0.93,0.53,0.8200000000000001,410.0,5.12,3.84,10.44
2026-06-26 01:30:00+00:00,0.96,5.54,960.1874310132259,0.86,1.07,0.64,0.56,0.88,403.0,5.09,3.94,10.33
2026-06-26 02:00:00+00:00,0.97,5.33,885.44253003383,0.88,1.06,0.78,0.58,0.9,422.0,4.84,3.76,11.64
2026-06-26 02:30:00+00:00,1.05,5.79,817.6762227714371,0.96,1.16,0.99,0.64,0.99,384.0,4.58,4.13,11.29
2026-06-26 03:00:00+00:00,1.07,5.8500000000000005,852.6769810162994,0.99,1.24,1.36,0.64,1.01,384.0,8.08,4.13,10.52
2026-06-26 03:30:00+00:00,1.12,5.87,908.8414715975422,1.01,1.26,1.19,0.67,1.04,376.0,5.08,4.21,12.57
2026-06-26 04:00:00+00:00,1.17,6.1000000000000005,941.3459767706662,1.04,1.29,0.79,0.67,1.06,370.0,4.97,4.29,11.6
2026-06-26 04:30:00+00:00,1.15,5.84,997.0535060336116,1.06,1.29,0.87,0.6900000000000001,1.08,366.0,6.8100000000000005,4.33,10.96
2026-06-26 05:00:00+00:00,1.13,5.63,1071.1625531992959,1.05,1.26,0.89,0.7000000000000001,1.08,360.0,5.0200000000000005,4.4,10.52
2026-06-26 05:30:00+00:00,1.13,6.03,1083.3701434145887,1.05,1.32,0.66,0.67,1.05,361.0,6.45,4.39,13.19
2026-06-26 06:00:00+00:00,1.09,5.53,1258.2172801533068,1.0,1.22,1.12,0.65,1.02,376.0,4.49,4.2,9.54
2026-06-26 06:30:00+00:00,1.11,6.08,4220.240825059622,1.03,1.3,0.6900000000000001,0.66,1.04,361.0,5.26,4.39,11.37
2026-06-26 07:00:00+00:00,1.1,5.69,7250.922407879065,1.01,1.26,1.08,0.67,1.04,367.0,4.5,4.32,10.82
2026-06-26 07:30:00+00:00,1.15,5.97,-3428.333473994847,1.06,1.29,1.28,0.6900000000000001,1.08,358.0,4.8500000000000005,4.42,10.62
2026-06-26 08:00:00+00:00,1.16,5.79,-16170.969913116054,1.07,1.31,1.18,0.6900000000000001,1.08,368.0,3.99,4.3100000000000005,10.09
2026-06-26 08:30:00+00:00,1.16,5.76,-14477.5861820632,1.08,1.33,0.92,0.68,1.07,376.0,5.53,4.21,11.33
2026-06-26 09:00:00+00:00,1.19,5.91,-9800.829278773834,1.09,1.37,0.84,0.7000000000000001,1.1,366.0,5.57,4.34,11.75
2026-06-26 09:30:00+00:00,1.15,5.88,3448.5274013709736,1.05,1.3,0.6,0.68,1.07,355.0,5.14,4.47,10.7
2026-06-26 10:00:00+00:00,1.17,6.15,6794.120036734834,1.07,1.34,0.74,0.68,1.08,357.0,5.91,4.43,10.27
2026-06-26 10:30:00+00:00,1.08,6.0,-41.11243560739147,1.0,1.22,0.6900000000000001,0.64,1.01,356.0,5.5,4.45,11.09
2026-06-26 11:00:00+00:00,1.02,5.7700000000000005,-11025.08865809702,0.94,1.15,0.56,0.62,0.97,361.0,5.13,4.37,11.16
2026-06-26 11:30:00+00:00,1.03,6.13,-12453.126297682875,0.93,1.15,0.68,0.6,0.94,365.0,8.25,4.34,12.24
2026-06-26 12:00:00+00:00,1.03,6.22,-3963.0008609247807,0.96,1.17,0.73,0.6,0.95,354.0,4.97,4.46,11.44
2026-06-26 12:30:00+00:00,1.03,6.0,1438.3041787685715,0.97,1.23,0.88,0.61,0.97,357.0,4.55,4.43,10.96
2026-06-26 13:00:00+00:00,1.01,6.32,1260.6286840112916,0.94,1.16,0.8,0.61,0.96,336.0,5.58,4.72,11.82
2026-06-26 13:30:00+00:00,1.04,6.62,1134.6968068960525,0.97,1.22,1.2,0.64,1.0,297.0,7.48,5.34,11.92
2026-06-26 14:00:00+00:00,1.03,6.8,1177.5551725499731,0.98,1.22,0.61,0.64,1.0,289.0,9.48,5.49,10.84
2026-06-26 14:30:00+00:00,1.07,6.8,1118.7594667638332,1.03,1.28,0.8,0.64,1.02,291.0,5.44,5.44,11.64
2026-06-26 15:00:00+00:00,1.06,6.84,1367.4224065699996,0.98,1.24,1.02,0.63,0.99,294.0,5.8,5.38,11.33
2026-06-26 15:30:00+00:00,1.01,6.91,6650.246601142116,0.96,1.18,0.81,0.63,0.99,280.0,8.66,5.67,11.71
2026-06-26 16:00:00+00:00,1.03,7.07,6359.166422837536,0.98,1.17,0.54,0.62,0.98,280.0,5.96,5.66,12.2
2026-06-26 16:30:00+00:00,1.06,6.91,1188.0800952525765,0.97,1.18,0.7000000000000001,0.64,0.99,282.0,6.68,5.6000000000000005,10.99
2026-06-26 17:00:00+00:00,1.09,6.95,1094.4528246385769,1.02,1.23,0.94,0.66,1.04,282.0,8.06,5.61,11.59
2026-06-26 17:30:00+00:00,1.08,7.0,1413.6644395744559,1.02,1.26,0.92,0.66,1.03,274.0,7.34,5.7700000000000005,12.71
2026-06-26 18:00:00+00:00,1.1,7.08,1412.788331547112,1.02,1.29,0.92,0.66,1.04,268.0,7.88,5.92,12.16
2026-06-26 18:30:00+00:00,1.11,7.01,1097.9777086908787,1.03,1.33,0.5700000000000001,0.66,1.04,282.0,7.78,5.61,10.98
2026-06-26 19:00:00+00:00,1.17,6.9,1133.7960613107155,1.12,1.37,0.58,0.71,1.12,269.0,6.87,5.88,11.61
2026-06-26 19:30:00+00:00,1.27,7.08,1074.7055809073215,1.21,1.56,0.34,0.78,1.23,258.0,7.71,6.16,12.62
2026-06-26 20:00:00+00:00,1.29,7.12,1112.64039772542,1.25,1.57,1.0,0.76,1.23,268.0,7.77,5.91,12.94
2026-06-26 20:30:00+00:00,1.38,6.93,1089.8609309509034,1.34,1.72,0.61,0.8300000000000001,1.33,266.0,6.65,5.95,12.93
2026-06-26 21:00:00+00:00,1.31,6.94,980.3845905841454,1.22,1.49,0.68,0.78,1.23,262.0,7.78,6.04,10.92
2026-06-26 21:30:00+00:00,1.33,7.04,963.9659319957434,1.29,1.61,0.78,0.8,1.28,262.0,6.62,6.04,11.67
2026-06-26 22:00:00+00:00,1.39,6.91,908.6990117189528,1.35,1.66,1.1,0.84,1.34,267.0,7.76,5.94,10.11
2026-06-26 22:30:00+00:00,1.31,6.79,821.3537559026761,1.25,1.54,0.96,0.78,1.25,278.0,7.36,5.69,10.58
2026-06-26 23:00:00+00:00,1.39,6.92,1139.0328657564153,1.32,1.67,0.51,0.8300000000000001,1.33,268.0,6.74,5.92,11.85
2026-06-26 23:30:00+00:00,1.25,7.0,1032.3916308695948,1.2,1.47,0.52,0.8,1.24,257.0,6.8500000000000005,6.17,13.06
2026-06-27 00:00:00+00:00,1.34,7.0200000000000005,1046.5198177606562,1.25,1.51,0.71,0.81,1.27,265.0,8.19,5.96,10.8
2026-06-27 00:30:00+00:00,1.27,7.07,933.1478390051424,1.23,1.5,1.02,0.8200000000000001,1.27,251.0,6.38,6.32,12.09
2026-06-27 01:00:00+00:00,1.28,6.98,849.0334656451222,1.25,1.56,0.65,0.79,1.25,262.0,7.96,6.05,11.48
2026-06-27 01:30:00+00:00,1.26,6.91,834.3931174296275,1.19,1.49,0.49,0.76,1.2,271.0,6.69,5.8500000000000005,11.11
2026-06-27 02:00:00+00:00,1.27,7.01,830.2474543948526,1.21,1.46,0.9,0.76,1.21,268.0,7.18,5.9,10.91
2026-06-27 02:30:00+00:00,1.38,7.17,1029.2822689537932,1.31,1.62,0.55,0.85,1.33,253.0,6.95,6.24,10.91
2026-06-27 03:00:00+00:00,1.32,7.09,977.6434431151357,1.27,1.55,0.38,0.8200000000000001,1.29,252.0,7.99,6.29,11.09
2026-06-27 03:30:00+00:00,1.29,7.0200000000000005,975.3820181919872,1.26,1.56,0.84,0.79,1.25,257.0,6.42,6.15,11.29
2026-06-27 04:00:00+00:00,1.29,7.13,1001.9494796252798,1.26,1.54,0.87,0.84,1.3,251.0,7.75,6.32,10.8
2026-06-27 04:30:00+00:00,1.24,7.13,961.7188905009426,1.2,1.47,1.09,0.77,1.21,255.0,7.46,6.21,11.37
2026-06-27 05:00:00+00:00,1.32,7.18,874.228904933399,1.25,1.55,1.17,0.78,1.25,259.0,7.08,6.13,10.71
2026-06-27 05:30:00+00:00,1.14,6.890000000000001,960.6605436962514,1.08,1.37,0.78,0.72,1.12,261.0,7.63,6.0600000000000005,10.73
2026-06-27 06:00:00+00:00,1.28,7.23,1213.7610002951812,1.18,1.48,0.5700000000000001,0.76,1.2,263.0,6.7700000000000005,6.0200000000000005,10.31
2026-06-27 06:30:00+00:00,1.21,7.23,1298.8741966080904,1.14,1.38,0.6900000000000001,0.72,1.14,262.0,8.36,6.04,12.63
2026-06-27 07:00:00+00:00,1.26,7.25,1155.948275791919,1.2,1.54,1.02,0.77,1.21,253.0,7.04,6.26,10.96
2026-06-27 07:30:00+00:00,1.3,7.09,1406.4463677160966,1.24,1.52,0.63,0.8,1.25,255.0,6.95,6.21,11.94
2026-06-27 08:00:00+00:00,1.18,7.13,1319.0024041495892,1.14,1.37,0.75,0.73,1.15,258.0,7.5,6.16,11.11
2026-06-27 08:30:00+00:00,1.21,7.11,1357.9317372006515,1.16,1.42,0.62,0.73,1.16,263.0,6.37,6.03,10.9
2026-06-27 09:00:00+00:00,1.18,7.11,1360.9479314839566,1.12,1.37,0.6900000000000001,0.72,1.13,263.0,7.6,6.0200000000000005,11.22
2026-06-27 09:30:00+00:00,1.23,6.92,1269.1905552119626,1.21,1.47,0.41,0.79,1.23,258.0,7.390000000000001,6.15,12.46
2026-06-27 10:00:00+00:00,1.18,7.0200000000000005,1263.6758564697177,1.11,1.4,0.4,0.7000000000000001,1.12,275.0,7.7,5.75,11.2
2026-06-27 10:30:00+00:00,1.27,6.94,1209.6321096931683,1.19,1.44,0.95,0.77,1.21,277.0,8.700000000000001,5.72,11.34
2026-06-27 11:00:00+00:00,1.24,6.79,1259.3853309987342,1.2,1.46,0.91,0.77,1.21,281.0,7.38,5.64,11.47
2026-06-27 11:30:00+00:00,1.3,6.79,1392.6795196475216,1.24,1.51,1.09,0.76,1.23,291.0,7.19,5.45,10.99
2026-06-27 12:00:00+00:00,1.23,7.01,1324.5454212799273,1.17,1.46,0.88,0.74,1.18,289.0,8.38,5.48,10.8
2026-06-27 12:30:00+00:00,1.21,7.09,1350.2044365184124,1.18,1.47,0.58,0.73,1.17,279.0,6.36,5.69,10.65
2026-06-27 13:00:00+00:00,1.18,6.93,1376.70538152924,1.12,1.37,1.24,0.72,1.13,281.0,7.55,5.63,10.61
2026-06-27 13:30:00+00:00,1.21,7.08,1269.039602203986,1.18,1.53,0.77,0.76,1.21,263.0,7.94,6.04,11.43
2026-06-27 14:00:00+00:00,1.3,7.41,1289.2987399969836,1.24,1.54,0.74,0.76,1.22,261.0,8.07,6.07,11.45
2026-06-27 14:30:00+00:00,1.25,7.28,1266.3295686101908,1.18,1.5,0.81,0.77,1.21,257.0,7.23,6.16,12.31
2026-06-27 15:00:00+00:00,1.2,7.31,1257.4579417566597,1.17,1.39,0.49,0.74,1.17,252.0,7.72,6.2700000000000005,12.27
2026-06-27 15:30:00+00:00,1.2,7.51,1230.1795476062446,1.16,1.45,1.02,0.72,1.15,259.0,7.09,6.12,11.72
2026-06-27 16:00:00+00:00,1.14,7.29,1181.394511781205,1.11,1.38,0.56,0.71,1.12,257.0,6.54,6.15,10.9
2026-06-27 16:30:00+00:00,1.3,7.74,1398.1118108879737,1.22,1.54,0.51,0.79,1.24,242.0,7.79,6.5600000000000005,11.09
2026-06-27 17:00:00+00:00,1.09,7.12,1586.7687004205163,1.05,1.35,0.54,0.67,1.06,266.0,7.82,5.97,11.07
2026-06-27 17:30:00+00:00,1.16,7.58,1415.0186778026555,1.13,1.44,0.66,0.7000000000000001,1.12,251.0,8.48,6.3,11.19
2026-06-27 18:00:00+00:00,1.13,7.44,1275.4948856887538,1.08,1.31,0.64,0.6900000000000001,1.1,246.0,5.25,6.44,10.43
2026-06-27 18:30:00+00:00,1.18,7.33,1267.6345274423823,1.15,1.41,0.85,0.73,1.16,249.0,8.53,6.37,11.46
2026-06-27 19:00:00+00:00,1.25,7.36,1090.3964331349819,1.2,1.54,0.97,0.76,1.21,246.0,6.71,6.45,10.85
2026-06-27 19:30:00+00:00,1.15,7.41,1147.1384891038247,1.1,1.38,0.64,0.6900000000000001,1.1,254.0,7.41,6.23,11.33
2026-06-27 20:00:00+00:00,1.18,7.44,1327.4397620140737,1.15,1.49,0.8,0.7000000000000001,1.13,257.0,7.55,6.15,11.26
2026-06-27 20:30:00+00:00,1.1,7.36,1284.1434885265555,1.07,1.39,0.81,0.67,1.07,255.0,7.55,6.21,10.59
2026-06-27 21:00:00+00:00,1.26,7.67,1248.2447699437255,1.22,1.48,0.78,0.8,1.25,230.0,7.28,6.8500000000000005,10.56
2026-06-27 21:30:00+00:00,1.15,7.36,1044.175358479501,1.07,1.3,0.55,0.71,1.1,243.0,8.73,6.5,11.67
2026-06-27 22:00:00+00:00,1.22,7.4,896.571770477328,1.19,1.52,0.6900000000000001,0.73,1.17,252.0,7.74,6.28,11.04
2026-06-27 22:30:00+00:00,1.22,7.45,893.6670068302554,1.2,1.52,0.74,0.76,1.21,246.0,8.26,6.44,10.78
2026-06-27 23:00:00+00:00,1.17,7.44,929.2630859887219,1.14,1.42,0.7000000000000001,0.72,1.14,249.0,7.84,6.3500000000000005,11.17
2026-06-27 23:30:00+00:00,1.13,7.5,1085.8907242591222,1.09,1.39,0.86,0.6900000000000001,1.1,242.0,7.03,6.5200000000000005,11.13
2026-06-28 00:00:00+00:00,1.15,7.42,1016.5540376011675,1.11,1.38,0.63,0.7000000000000001,1.12,243.0,7.79,6.53,11.46
2026-06-28 00:30:00+00:00,1.14,7.48,973.5436932165976,1.11,1.35,0.53,0.7000000000000001,1.11,244.0,7.1000000000000005,6.5,12.79
2026-06-28 01:00:00+00:00,1.12,7.51,944.5440852960498,1.07,1.31,0.78,0.6900000000000001,1.09,237.0,7.7,6.71,10.58
2026-06-28 01:30:00+00:00,1.07,7.3,1300.9124663264802,1.02,1.3,0.67,0.65,1.02,251.0,7.46,6.32,11.45
2026-06-28 02:00:00+00:00,1.09,7.57,1268.7929599432614,1.08,1.33,0.63,0.67,1.07,238.0,7.01,6.65,11.89
2026-06-28 02:30:00+00:00,1.08,7.54,1213.8043395654101,1.0,1.19,0.47,0.67,1.04,233.0,7.56,6.78,11.0
2026-06-28 03:00:00+00:00,1.09,7.42,1181.4209756993032,1.02,1.27,0.45,0.65,1.03,253.0,7.51,6.28,11.48
2026-06-28 03:30:00+00:00,0.99,7.34,1183.3305088422414,0.95,1.2,0.42,0.6,0.95,254.0,7.84,6.23,11.47
2026-06-28 04:00:00+00:00,1.05,7.29,1226.7519708834802,1.04,1.28,0.36,0.67,1.06,241.0,7.6,6.5600000000000005,11.05
2026-06-28 04:30:00+00:00,1.0,7.1000000000000005,1247.3222111014256,0.98,1.22,0.46,0.63,0.99,257.0,6.9,6.15,11.07
2026-06-28 05:00:00+00:00,1.08,7.13,1089.6884674016699,1.06,1.32,0.62,0.64,1.03,276.0,7.49,5.71,13.6
2026-06-28 05:30:00+00:00,1.08,6.8500000000000005,960.4856638519814,0.99,1.32,0.78,0.58,0.96,327.0,6.95,4.86,9.87
2026-06-28 06:00:00+00:00,1.14,7.0600000000000005,1174.996828470626,1.08,1.36,0.79,0.66,1.07,297.0,7.61,5.33,10.8
2026-06-28 06:30:00+00:00,1.0,6.54,1350.601230536192,0.95,1.2,0.79,0.59,0.94,323.0,7.12,4.9,10.09
2026-06-28 07:00:00+00:00,1.06,6.69,1408.8027653006563,1.0,1.23,0.8200000000000001,0.64,1.01,300.0,8.1,5.29,10.19
2026-06-28 07:30:00+00:00,0.98,6.67,1428.2250429967432,0.93,1.2,0.8,0.58,0.92,314.0,6.79,5.04,9.68
2026-06-28 08:00:00+00:00,1.01,6.7,1205.9412113720261,0.95,1.2,0.77,0.5700000000000001,0.93,321.0,7.47,4.95,9.63
2026-06-28 08:30:00+00:00,1.0,6.72,1241.2666651531486,0.97,1.19,0.49,0.6,0.96,299.0,8.08,5.3,10.9
2026-06-28 09:00:00+00:00,1.01,6.7,1175.6265658159266,0.99,1.25,0.71,0.61,0.98,299.0,6.33,5.29,9.78
2026-06-28 09:30:00+00:00,1.05,6.7,1221.5308656847662,1.02,1.34,0.8,0.6,0.99,315.0,7.0600000000000005,5.03,12.26
2026-06-28 10:00:00+00:00,1.0,6.53,1143.1913057296986,0.97,1.22,0.85,0.6,0.96,321.0,7.16,4.95,10.54
2026-06-28 10:30:00+00:00,1.05,6.38,1089.3358647806338,0.95,1.18,0.8200000000000001,0.62,0.97,324.0,7.54,4.88,9.51
2026-06-28 11:00:00+00:00,1.08,6.2,1085.1968236084176,1.03,1.26,0.95,0.65,1.03,337.0,6.63,4.71,9.86
2026-06-28 11:30:00+00:00,1.09,6.11,1077.3128561689953,0.99,1.22,0.49,0.63,0.99,349.0,7.22,4.5200000000000005,9.56
2026-06-28 12:00:00+00:00,1.08,5.84,1192.6670955847635,0.99,1.25,0.8300000000000001,0.63,1.0,377.0,7.41,4.21,10.21
2026-06-28 12:30:00+00:00,1.04,5.6000000000000005,1161.2827227244022,0.96,1.18,0.8,0.62,0.97,370.0,7.59,4.29,9.44
2026-06-28 13:00:00+00:00,1.11,5.89,1224.9973501000575,1.06,1.31,1.3,0.6900000000000001,1.07,345.0,7.23,4.58,10.09
2026-06-28 13:30:00+00:00,1.23,5.8100000000000005,1389.2276338558768,1.12,1.39,0.93,0.71,1.12,366.0,7.04,4.34,9.62
2026-06-28 14:00:00+00:00,1.16,5.46,1267.4522881810242,1.08,1.33,0.88,0.7000000000000001,1.09,374.0,5.8100000000000005,4.24,9.67
2026-06-28 14:30:00+00:00,1.27,5.28,1408.6792802872724,1.17,1.41,1.28,0.76,1.18,388.0,5.4,4.09,9.24
2026-06-28 15:00:00+00:00,1.37,5.22,1429.3378280390743,1.27,1.61,0.85,0.81,1.28,389.0,4.74,4.07,8.47
2026-06-28 15:30:00+00:00,1.43,5.14,1466.493943455513,1.37,1.67,1.41,0.87,1.37,376.0,5.32,4.22,9.24
2026-06-28 16:00:00+00:00,1.52,5.07,1360.4873564480285,1.43,1.77,1.43,0.93,1.46,377.0,5.14,4.2,9.01
2026-06-28 16:30:00+00:00,1.6,5.18,1336.2299657439162,1.5,1.82,1.15,0.95,1.5,378.0,5.57,4.2,8.58
2026-06-28 17:00:00+00:00,1.64,5.1000000000000005,1384.3258480965173,1.55,1.93,0.71,0.97,1.55,378.0,6.5,4.19,8.950000000000001
2026-06-28 17:30:00+00:00,1.7,5.34,1236.76104337864,1.61,2.0,0.96,1.04,1.63,347.0,5.53,4.58,9.25
2026-06-28 18:00:00+00:00,1.62,5.2700000000000005,1337.1236520039247,1.51,1.85,1.12,0.96,1.52,373.0,4.59,4.26,8.61
2026-06-28 18:30:00+00:00,1.91,5.5,1131.39556564672,1.77,2.25,0.59,1.11,1.78,354.0,5.63,4.48,8.92
2026-06-28 19:00:00+00:00,1.94,5.5200000000000005,1244.3103376588606,1.83,2.3000000000000003,1.35,1.19,1.87,341.0,5.72,4.66,8.94
2026-06-28 19:30:00+00:00,1.82,5.5200000000000005,1244.4937230781977,1.71,2.12,0.77,1.09,1.71,347.0,5.47,4.57,9.77
2026-06-28 20:00:00+00:00,1.91,5.66,1263.4538518982877,1.84,2.3000000000000003,0.77,1.19,1.87,328.0,6.3100000000000005,4.83,9.15
2026-06-28 20:30:00+00:00,1.98,5.8100000000000005,1085.2941287818962,1.87,2.28,0.93,1.2,1.89,316.0,5.38,5.0200000000000005,9.76
2026-06-28 21:00:00+00:00,1.98,5.94,1062.9415916734788,1.87,2.33,1.25,1.18,1.87,323.0,6.5600000000000005,4.91,9.56
2026-06-28 21:30:00+00:00,1.9,6.1000000000000005,965.4688536024896,1.83,2.27,1.42,1.11,1.79,324.0,6.69,4.88,9.8
2026-06-28 22:00:00+00:00,1.82,6.18,831.4140797847622,1.71,2.13,1.31,1.07,1.7,316.0,6.08,5.0,10.16
2026-06-28 22:30:00+00:00,1.75,6.34,1072.7646720145217,1.67,2.03,1.8,1.05,1.66,313.0,6.71,5.0600000000000005,11.12
2026-06-28 23:00:00+00:00,1.76,6.58,1069.4674521066597,1.65,2.08,1.15,1.04,1.66,300.0,6.99,5.28,10.34
2026-06-28 23:30:00+00:00,1.89,7.2,1011.1194888882976,1.71,2.16,1.41,1.05,1.7,299.0,7.32,5.3100000000000005,10.87
2026-06-29 00:00:00+00:00,1.81,7.22,961.0291359699128,1.73,2.15,1.34,1.08,1.73,282.0,7.26,5.61,11.6
2026-06-29 00:30:00+00:00,2.08,7.52,938.2908569662546,1.96,2.51,1.88,1.24,1.97,269.0,8.77,5.89,12.23
2026-06-29 01:00:00+00:00,2.0,7.62,911.028540543698,1.94,2.43,1.19,1.23,1.96,253.0,6.640000000000001,6.25,12.5
2026-06-29 01:30:00+00:00,2.02,8.05,954.4665038539893,1.97,2.45,1.39,1.19,1.93,252.0,8.93,6.2700000000000005,13.25
2026-06-29 02:00:00+00:00,2.19,8.25,938.7022701234469,2.07,2.53,1.05,1.27,2.04,247.0,8.15,6.41,14.6
2026-06-29 02:30:00+00:00,2.08,8.05,923.7422729747514,1.97,2.56,1.47,1.28,2.02,241.0,8.370000000000001,6.57,14.18
2026-06-29 03:00:00+00:00,2.2,8.31,943.8915379505307,2.05,2.53,1.51,1.27,2.03,247.0,10.51,6.38,13.48
2026-06-29 03:30:00+00:00,2.21,8.370000000000001,913.6004610150235,2.11,2.57,2.17,1.36,2.15,234.0,8.03,6.75,12.75
2026-06-29 04:00:00+00:00,2.4,8.700000000000001,972.8564561481323,2.22,2.79,1.99,1.39,2.23,236.0,9.26,6.69,13.46
2026-06-29 04:30:00+00:00,2.41,8.64,1151.9257653369748,2.24,2.79,1.84,1.41,2.25,237.0,10.95,6.67,12.72
2026-06-29 05:00:00+00:00,2.38,8.76,1194.7504856875128,2.14,2.58,2.1,1.38,2.17,234.0,7.65,6.7700000000000005,13.8
2026-06-29 05:30:00+00:00,2.44,8.67,1166.823998165467,2.29,2.78,1.79,1.48,2.33,226.0,9.3,7.01,13.08
2026-06-29 06:00:00+00:00,2.35,9.35,1261.1877378475488,2.15,2.89,1.59,1.28,2.12,236.0,8.8,6.72,13.63
2026-06-29 06:30:00+00:00,2.4,9.2,1185.5105386973696,2.32,2.78,1.32,1.46,2.32,217.0,9.96,7.28,14.62
2026-06-29 07:00:00+00:00,2.59,9.39,1265.179407561173,2.43,3.0700000000000003,2.0,1.48,2.4,228.0,9.56,6.95,13.66
2026-06-29 07:30:00+00:00,2.4,9.32,1203.8010843000088,2.29,2.87,1.28,1.47,2.31,215.0,10.06,7.32,14.28
2026-06-29 08:00:00+00:00,2.24,9.31,1307.0315154102739,2.13,2.75,2.22,1.31,2.11,226.0,9.89,6.99,14.21
2026-06-29 08:30:00+00:00,2.54,9.63,1114.9090246937865,2.39,3.0700000000000003,1.3,1.5,2.4,206.0,9.47,7.71,15.58
2026-06-29 09:00:00+00:00,2.41,9.56,1166.1233290738423,2.33,2.84,1.44,1.47,2.34,205.0,9.68,7.72,14.63
2026-06-29 09:30:00+00:00,2.41,9.61,1769.2452401063942,2.28,2.84,1.7,1.49,2.34,197.0,11.34,8.02,14.65
2026-06-29 10:00:00+00:00,2.35,9.6,1909.741587201001,2.23,2.87,1.38,1.32,2.18,224.0,10.29,7.0600000000000005,12.88
2026-06-29 10:30:00+00:00,2.33,9.52,1815.9960226470885,2.3000000000000003,2.86,1.38,1.37,2.24,215.0,10.43,7.33,13.94
2026-06-29 11:00:00+00:00,2.37,9.4,1638.1464596276232,2.28,2.93,2.5500000000000003,1.34,2.22,227.0,9.62,6.95,13.6
2026-06-29 11:30:00+00:00,2.22,9.53,1684.0384875632726,2.16,2.76,1.32,1.33,2.14,216.0,9.78,7.32,14.78
2026-06-29 12:00:00+00:00,2.18,9.19,1752.9057575588274,2.12,2.6,1.43,1.27,2.06,226.0,7.890000000000001,6.98,14.14
2026-06-29 12:30:00+00:00,2.29,9.22,1917.0050500571258,2.23,2.93,1.16,1.38,2.23,214.0,9.36,7.37,14.46
2026-06-29 13:00:00+00:00,2.11,9.23,1871.2616127818403,2.04,2.49,1.39,1.3,2.05,220.0,9.7,7.22,13.25
2026-06-29 13:30:00+00:00,2.23,9.16,1857.9775326280762,2.1,2.58,1.39,1.29,2.08,235.0,10.73,6.73,13.14
2026-06-29 14:00:00+00:00,2.36,9.48,1705.8504720386868,2.24,2.79,1.66,1.43,2.27,208.0,10.61,7.58,14.88
2026-06-29 14:30:00+00:00,2.29,9.33,1713.846881440499,2.16,2.7,1.46,1.29,2.1,238.0,10.22,6.63,13.52
2026-06-29 15:00:00+00:00,2.22,9.3,1688.1545351115867,2.06,2.5500000000000003,1.6,1.25,2.01,251.0,10.98,6.3100000000000005,13.89
2026-06-29 15:30:00+00:00,2.26,9.33,1534.5117982140498,2.11,2.66,1.69,1.32,2.11,228.0,10.06,6.95,15.17
2026-06-29 16:00:00+00:00,2.18,9.36,1359.5642042867514,2.05,2.58,2.59,1.22,1.98,244.0,10.33,6.48,12.89
2026-06-29 16:30:00+00:00,1.97,8.950000000000001,1270.3081208058295,1.88,2.37,1.74,1.12,1.83,246.0,11.83,6.44,14.43
2026-06-29 17:00:00+00:00,2.14,9.51,1151.8655187715021,1.97,2.46,1.74,1.24,1.98,230.0,10.85,6.890000000000001,13.64
2026-06-29 17:30:00+00:00,1.98,8.94,1319.9852780219835,1.85,2.32,1.7,1.13,1.82,251.0,9.3,6.3100000000000005,14.08
2026-06-29 18:00:00+00:00,2.22,9.22,1296.9786022445626,2.18,2.75,1.57,1.33,2.16,225.0,9.72,7.04,13.54
2026-06-29 18:30:00+00:00,2.02,8.97,1359.4151841835185,1.86,2.4,2.05,1.1,1.81,267.0,8.57,5.91,13.1
2026-06-29 19:00:00+00:00,2.25,9.33,1298.4427170695476,2.09,2.67,0.8,1.27,2.05,238.0,9.82,6.640000000000001,13.35
2026-06-29 19:30:00+00:00,2.11,9.16,1265.2446559277719,1.9,2.44,2.07,1.15,1.87,256.0,10.45,6.17,13.31
2026-06-29 20:00:00+00:00,2.1,8.81,1215.8036850328206,1.96,2.48,0.93,1.2,1.94,252.0,11.68,6.28,12.68
2026-06-29 20:30:00+00:00,2.17,9.43,1156.7504612045302,2.02,2.6,1.69,1.2,1.97,254.0,11.32,6.22,14.43
2026-06-29 21:00:00+00:00,2.28,9.29,886.9903747918244,2.03,2.58,1.92,1.23,1.99,256.0,10.63,6.19,13.26
2026-06-29 21:30:00+00:00,2.52,9.6,1021.2213705188608,2.36,2.92,1.64,1.5,2.37,214.0,10.06,7.37,14.78
2026-06-29 22:00:00+00:00,2.33,9.27,1204.7438709121516,2.28,2.83,1.39,1.45,2.29,216.0,8.86,7.3,14.06
2026-06-29 22:30:00+00:00,2.34,9.22,1312.597104695218,2.3000000000000003,2.95,1.68,1.38,2.25,226.0,11.05,6.99,14.37
2026-06-29 23:00:00+00:00,2.42,8.81,1339.9543853019989,2.27,2.83,1.38,1.39,2.23,240.0,7.85,6.6000000000000005,12.89
2026-06-29 23:30:00+00:00,2.43,9.11,1214.4947958314624,2.32,2.77,2.09,1.44,2.3000000000000003,222.0,7.04,7.13,13.95
2026-06-30 00:00:00+00:00,2.36,9.12,1150.72225320844,2.26,2.88,1.85,1.39,2.24,232.0,10.38,6.84,14.31
2026-06-30 00:30:00+00:00,2.46,9.01,1101.4793142236708,2.36,2.81,2.6,1.51,2.37,227.0,11.16,6.97,15.51
2026-06-30 01:00:00+00:00,2.42,8.51,1017.2359511845362,2.32,2.75,1.71,1.47,2.33,244.0,6.8100000000000005,6.48,14.81
2026-06-30 01:30:00+00:00,2.31,8.700000000000001,961.9330488106847,2.11,2.72,1.91,1.3,2.1,262.0,9.48,6.01,13.67
2026-06-30 02:00:00+00:00,2.4,8.38,905.701047514538,2.28,2.94,1.8,1.43,2.28,258.0,11.03,6.13,12.14
2026-06-30 02:30:00+00:00,2.45,8.52,843.51504570121,2.26,2.79,1.87,1.43,2.27,253.0,9.44,6.22,13.28
2026-06-30 03:00:00+00:00,2.42,8.6,858.8735533135331,2.28,2.94,3.37,1.37,2.24,256.0,9.65,6.18,13.21
2026-06-30 03:30:00+00:00,2.35,8.53,865.1439077532386,2.21,2.79,2.56,1.35,2.19,257.0,8.620000000000001,6.18,14.19
2026-06-30 04:00:00+00:00,2.43,8.540000000000001,952.5084336267275,2.24,2.79,2.25,1.41,2.25,250.0,10.97,6.34,13.29
2026-06-30 04:30:00+00:00,2.36,8.47,1042.6389437971773,2.27,2.84,2.57,1.42,2.26,243.0,10.36,6.5,15.11
2026-06-30 05:00:00+00:00,2.35,8.41,1106.624663504491,2.19,2.76,1.74,1.37,2.18,255.0,7.98,6.22,13.17
2026-06-30 05:30:00+00:00,2.26,8.24,1110.7895823014323,2.18,2.66,1.42,1.35,2.16,249.0,9.09,6.33,12.71
2026-06-30 06:00:00+00:00,2.17,7.75,1016.6599788399006,2.07,2.53,1.84,1.3,2.06,271.0,8.13,5.83,14.05
2026-06-30 06:30:00+00:00,2.35,8.0,446.29602767361956,2.19,2.66,1.53,1.38,2.2,258.0,9.08,6.140000000000001,14.23
2026-06-30 07:00:00+00:00,2.39,7.82,-456.2863903622932,2.24,2.69,1.2,1.41,2.24,264.0,8.8,6.01,12.75
2026-06-30 07:30:00+00:00,2.11,7.44,-498.85501650177446,2.02,2.49,2.01,1.28,2.03,271.0,9.18,5.84,12.53
2026-06-30 08:00:00+00:00,2.19,7.56,-568.9038767066876,2.07,2.5500000000000003,2.2,1.37,2.13,253.0,8.92,6.24,11.67
2026-06-30 08:30:00+00:00,1.99,7.74,-585.315361896488,1.84,2.29,1.56,1.17,1.86,273.0,8.96,5.8100000000000005,11.83
2026-06-30 09:00:00+00:00,2.11,7.59,-585.7032428218174,1.94,2.48,1.65,1.22,1.95,275.0,8.8,5.76,11.15
2026-06-30 09:30:00+00:00,2.2,7.55,165.4063230627938,2.04,2.49,1.05,1.3,2.04,275.0,8.13,5.76,11.75
2026-06-30 10:00:00+00:00,2.06,7.36,1091.0022179076675,1.96,2.49,1.41,1.18,1.92,292.0,8.13,5.43,11.0
2026-06-30 10:30:00+00:00,2.15,7.27,5508.919635580013,2.01,2.48,2.57,1.29,2.04,291.0,8.4,5.43,11.4
2026-06-30 11:00:00+00:00,2.16,7.46,7775.409879807798,1.98,2.42,1.23,1.25,1.98,291.0,5.75,5.44,13.0
2026-06-30 11:30:00+00:00,2.05,7.1000000000000005,3212.9753990369677,1.88,2.27,1.44,1.23,1.93,287.0,8.68,5.5200000000000005,11.3
2026-06-30 12:00:00+00:00,2.13,6.87,7119.143486596227,2.02,2.48,1.43,1.32,2.06,284.0,7.15,5.58,12.03
2026-06-30 12:30:00+00:00,2.13,6.83,6429.6347776189095,2.05,2.51,1.54,1.27,2.03,293.0,6.48,5.4,12.19
2026-06-30 13:00:00+00:00,2.15,6.82,6733.903493327516,1.99,2.47,1.81,1.25,1.98,315.0,7.1000000000000005,5.04,10.61
2026-06-30 13:30:00+00:00,2.29,6.7,6634.668277866583,2.15,2.72,1.87,1.37,2.16,297.0,7.29,5.34,12.6
2026-06-30 14:00:00+00:00,2.25,6.58,-32954.02824155608,2.05,2.59,1.68,1.3,2.06,312.0,8.47,5.08,11.39
2026-06-30 14:30:00+00:00,2.22,6.42,-28112.823807799476,2.04,2.57,1.54,1.31,2.06,313.0,5.3,5.07,11.96
2026-06-30 15:00:00+00:00,2.37,6.75,3289.411025384412,2.19,2.76,1.43,1.36,2.18,303.0,6.66,5.23,10.15
2026-06-30 15:30:00+00:00,2.26,6.5200000000000005,1188.3522669202985,2.1,2.59,2.57,1.34,2.12,310.0,7.07,5.11,10.03
2026-06-30 16:00:00+00:00,2.26,6.63,1162.6284668438407,2.16,2.67,2.47,1.38,2.19,291.0,7.23,5.45,11.06
2026-06-30 16:30:00+00:00,2.27,6.96,1207.3410473370643,2.14,2.66,1.76,1.32,2.12,300.0,7.16,5.29,10.61
2026-06-30 17:00:00+00:00,2.36,6.890000000000001,1100.31428948488,2.24,2.89,1.13,1.41,2.25,284.0,6.79,5.57,11.39
2026-06-30 17:30:00+00:00,2.43,6.68,1103.6344925445487,2.29,2.85,1.32,1.42,2.28,296.0,6.38,5.3500000000000005,11.46
2026-06-30 18:00:00+00:00,2.31,6.63,1059.2490617708422,2.24,2.76,1.86,1.46,2.28,283.0,8.22,5.61,11.15
2026-06-30 18:30:00+00:00,2.37,6.54,1134.647999053171,2.22,2.76,1.94,1.47,2.28,287.0,7.930000000000001,5.54,11.09
2026-06-30 19:00:00+00:00,2.4,6.67,1260.029560704328,2.25,2.83,1.54,1.44,2.28,293.0,6.57,5.4,10.21
2026-06-30 19:30:00+00:00,2.44,6.5,1307.966616951133,2.25,2.89,1.03,1.46,2.29,297.0,6.07,5.32,9.86
2026-06-30 20:00:00+00:00,2.5500000000000003,6.53,1163.6982607877114,2.38,2.98,1.04,1.49,2.37,300.0,6.93,5.28,10.09
2026-06-30 20:30:00+00:00,2.67,6.69,973.764546206534,2.52,3.09,1.37,1.63,2.56,280.0,5.61,5.67,10.94
2026-06-30 21:00:00+00:00,2.61,6.8,925.0893973553347,2.4,3.0,1.89,1.56,2.44,286.0,7.59,5.54,11.61
2026-06-30 21:30:00+00:00,2.53,6.82,921.1613677676706,2.4,3.01,1.15,1.5,2.4,287.0,6.8500000000000005,5.54,12.67
2026-06-30 22:00:00+00:00,2.5,6.9,1015.4316207891661,2.38,2.93,2.23,1.51,2.39,277.0,6.65,5.71,9.59
2026-06-30 22:30:00+00:00,2.57,7.03,980.3894813996029,2.47,3.13,1.47,1.56,2.48,272.0,6.13,5.82,11.02
2026-06-30 23:00:00+00:00,,,1001.5075436669422,,,,,,,,,
2026-06-30 23:30:00+00:00,2.39,6.99,846.56293457864,2.28,2.72,0.91,1.49,2.33,272.0,7.91,5.83,12.1
2026-07-01 00:00:00+00:00,2.21,6.78,914.8211194671705,2.06,2.51,1.75,1.32,2.08,294.0,7.01,5.38,10.96
2026-07-01 00:30:00+00:00,2.36,6.97,930.0653879563805,2.19,2.75,1.43,1.41,2.22,283.0,6.4,5.57,10.92
2026-07-01 01:00:00+00:00,2.28,6.78,1171.2952962439597,2.16,2.64,1.47,1.4,2.2,282.0,5.75,5.62,11.15
2026-07-01 01:30:00+00:00,2.29,6.7700000000000005,1303.2621326852195,2.18,2.68,2.24,1.39,2.2,290.0,8.56,5.47,12.35
2026-07-01 02:00:00+00:00,2.27,7.25,1233.8051101470107,2.08,2.56,2.11,1.33,2.11,282.0,6.5200000000000005,5.59,10.53
2026-07-01 02:30:00+00:00,2.18,7.04,1154.7336637299948,2.05,2.5500000000000003,2.13,1.31,2.08,282.0,6.73,5.62,11.28
2026-07-01 03:00:00+00:00,2.21,7.27,1188.971682558717,2.13,2.64,1.03,1.33,2.13,273.0,8.02,5.79,12.46
2026-07-01 03:30:00+00:00,2.16,7.22,1135.3840383559793,2.08,2.68,1.47,1.31,2.09,277.0,7.41,5.72,11.64
2026-07-01 04:00:00+00:00,2.1,7.390000000000001,1260.3253109638636,1.95,2.53,1.72,1.23,1.96,280.0,8.55,5.64,12.28
2026-07-01 04:30:00+00:00,2.15,7.22,1003.3131035721666,2.0,2.51,1.67,1.27,2.01,282.0,6.96,5.62,11.38
2026-07-01 05:00:00+00:00,2.12,7.23,1070.0798810559822,2.01,2.53,1.78,1.22,1.97,287.0,8.370000000000001,5.51,12.05
2026-07-01 05:30:00+00:00,2.12,7.15,1120.2361994226274,2.01,2.56,1.72,1.25,2.0,284.0,8.64,5.55,11.6
2026-07-01 06:00:00+00:00,2.09,7.4,1259.8732198837151,1.93,2.45,1.67,1.19,1.92,279.0,6.8100000000000005,5.67,11.41
2026-07-01 06:30:00+00:00,2.11,7.47,1426.8047317772707,2.03,2.52,1.52,1.27,2.03,264.0,7.71,6.01,12.45
2026-07-01 07:00:00+00:00,2.07,7.32,1147.8342204514834,1.96,2.45,1.52,1.23,1.96,280.0,7.74,5.65,10.75
2026-07-01 07:30:00+00:00,2.04,7.26,1150.52320004807,1.97,2.39,1.56,1.22,1.94,273.0,6.11,5.79,12.59
2026-07-01 08:00:00+00:00,2.05,7.19,1012.8360664364586,1.94,2.46,1.05,1.24,1.96,278.0,7.05,5.69,11.62
2026-07-01 08:30:00+00:00,2.07,7.18,1039.3058143951898,1.94,2.48,1.68,1.26,1.98,272.0,7.51,5.84,10.99
2026-07-01 09:00:00+00:00,2.01,7.21,995.1095188499976,1.89,2.41,1.3,1.21,1.91,267.0,7.46,5.92,11.58
2026-07-01 09:30:00+00:00,2.06,7.23,1083.7764469398558,1.9,2.37,1.46,1.18,1.88,281.0,7.62,5.63,12.51
2026-07-01 10:00:00+00:00,2.01,7.36,1171.1358562023001,1.9,2.42,1.27,1.18,1.9,270.0,8.3,5.86,12.34
2026-07-01 10:30:00+00:00,2.09,6.96,1272.1967641720785,2.0,2.49,1.83,1.26,2.01,275.0,7.22,5.76,11.32
2026-07-01 11:00:00+00:00,2.07,7.28,1009.0662093805332,1.97,2.5500000000000003,1.22,1.22,1.96,276.0,5.8100000000000005,5.73,13.15
2026-07-01 11:30:00+00:00,2.05,7.23,1122.2098403323544,1.96,2.41,1.23,1.25,1.98,279.0,7.96,5.7,11.37
2026-07-01 12:00:00+00:00,1.98,6.75,1073.539490515328,1.91,2.37,1.23,1.21,1.91,286.0,6.32,5.5200000000000005,10.64
2026-07-01 12:30:00+00:00,2.19,7.15,5182.48323533813,2.05,2.5500000000000003,1.12,1.3,2.07,281.0,6.7,5.63,12.14
2026-07-01 13:00:00+00:00,2.05,7.08,7403.076452457911,1.95,2.36,1.74,1.28,1.99,274.0,7.23,5.79,11.38
2026-07-01 13:30:00+00:00,2.11,7.11,6250.0384777216095,1.98,2.44,1.52,1.25,1.99,287.0,8.75,5.51,12.0
2026-07-01 14:00:00+00:00,2.09,6.96,5361.908102939112,1.97,2.36,1.74,1.29,2.02,283.0,6.76,5.62,11.0
2026-07-01 14:30:00+00:00,2.02,6.76,1146.277657634601,1.87,2.35,1.36,1.21,1.9,298.0,6.9,5.32,11.84
2026-07-01 15:00:00+00:00,2.02,6.82,1021.7261359750079,1.89,2.41,1.48,1.2,1.9,295.0,7.34,5.38,11.48
2026-07-01 15:30:00+00:00,2.27,7.0,1114.9749897702757,2.12,2.67,2.1,1.34,2.12,287.0,7.37,5.5200000000000005,11.75
2026-07-01 16:00:00+00:00,2.31,7.0,974.20445613109,2.17,2.65,2.23,1.38,2.19,288.0,9.0,5.51,11.22
2026-07-01 16:30:00+00:00,2.29,6.76,973.9758227215252,2.15,2.68,1.92,1.36,2.15,296.0,9.41,5.36,11.19
2026-07-01 17:00:00+00:00,2.25,6.8100000000000005,1411.9192291546992,2.16,2.69,2.59,1.36,2.16,282.0,6.140000000000001,5.61,11.01
2026-07-01 17:30:00+00:00,2.09,6.79,1216.029509659116,1.95,2.47,1.7,1.23,1.96,303.0,5.94,5.24,11.87
2026-07-01 18:00:00+00:00,2.25,7.08,1268.8875849808426,2.09,2.56,1.38,1.36,2.13,279.0,7.9,5.69,11.57
2026-07-01 18:30:00+00:00,2.22,7.18,1206.2615632023337,2.06,2.54,1.94,1.29,2.05,290.0,8.01,5.47,11.17
2026-07-01 19:00:00+00:00,2.39,7.28,1139.525902487779,2.23,2.81,2.17,1.43,2.26,275.0,7.95,5.7700000000000005,11.78
2026-07-01 19:30:00+00:00,2.19,7.0600000000000005,1145.4326456962413,2.06,2.53,1.5,1.36,2.12,271.0,7.12,5.86,12.26
2026-07-01 20:00:00+00:00,2.27,7.27,1089.5627314123824,2.17,2.72,1.88,1.36,2.17,274.0,6.140000000000001,5.7700000000000005,11.94
2026-07-01 20:30:00+00:00,2.3000000000000003,7.41,1004.4841417369747,2.17,2.67,1.27,1.38,2.19,265.0,9.47,5.97,13.04
2026-07-01 21:00:00+00:00,2.1,7.32,1051.1544987769344,1.98,2.51,1.67,1.25,1.99,270.0,6.96,5.8500000000000005,10.92
2026-07-01 21:30:00+00:00,2.07,7.37,1011.055301807758,2.03,2.44,1.27,1.28,2.03,258.0,7.98,6.12,11.72
2026-07-01 22:00:00+00:00,2.01,7.42,923.1690975633522,1.89,2.38,1.26,1.21,1.92,263.0,7.03,6.01,12.3
2026-07-01 22:30:00+00:00,1.94,7.29,1027.918780426749,1.83,2.24,0.79,1.14,1.82,270.0,6.79,5.86,12.58
2026-07-01 23:00:00+00:00,2.05,7.58,1162.3237844934097,1.95,2.41,2.3000000000000003,1.25,1.97,253.0,9.12,6.23,10.93
2026-07-01 23:30:00+00:00,2.01,7.85,1209.2976681434995,1.92,2.36,1.65,1.21,1.94,247.0,8.74,6.42,11.6
2026-07-02 00:00:00+00:00,1.86,7.58,,1.74,2.21,1.56,1.09,1.74,265.0,7.71,5.97,11.57
2026-07-02 00:30:00+00:00,1.8,7.42,1145.3861734792526,1.72,2.15,0.93,1.03,1.68,283.0,8.92,5.61,12.96
2026-07-02 01:00:00+00:00,1.64,7.08,1182.687497522276,1.55,1.94,1.57,0.98,1.55,274.0,6.13,5.7700000000000005,12.83
2026-07-02 01:30:00+00:00,1.69,7.37,1203.3368366182792,1.59,1.99,0.84,1.0,1.59,268.0,7.96,5.91,12.55
2026-07-02 02:00:00+00:00,1.79,7.59,1196.8070192454063,1.73,2.15,0.96,1.07,1.72,258.0,8.17,6.13,12.39
2026-07-02 02:30:00+00:00,1.76,7.57,1115.5966965951338,1.63,2.06,0.6900000000000001,1.03,1.63,260.0,8.33,6.07,12.05
2026-07-02 03:00:00+00:00,1.72,7.38,1066.0898750818883,1.65,2.02,0.75,1.05,1.66,260.0,8.51,6.09,11.87
2026-07-02 03:30:00+00:00,1.63,7.35,1105.1069033773679,1.57,1.93,0.74,0.97,1.55,269.0,7.85,5.89,11.87
2026-07-02 04:00:00+00:00,1.73,7.640000000000001,1178.3764071350613,1.62,2.05,1.3,0.98,1.59,267.0,7.83,5.93,11.82
2026-07-02 04:30:00+00:00,1.53,7.44,1276.4020759818188,1.46,1.84,0.94,0.94,1.48,259.0,8.23,6.13,11.2
2026-07-02 05:00:00+00:00,1.53,7.41,1380.6408795660586,1.49,1.89,0.45,0.93,1.48,268.0,8.82,5.9,11.63
2026-07-02 05:30:00+00:00,1.5,7.24,1333.6402033397994,1.44,1.83,1.05,0.89,1.43,272.0,8.700000000000001,5.83,11.02
2026-07-02 06:00:00+00:00,1.52,7.37,1300.1420783010403,1.47,1.85,0.5,0.92,1.47,273.0,7.49,5.82,11.05
2026-07-02 06:30:00+00:00,1.57,7.4,1690.6801877810044,1.48,1.78,0.66,0.96,1.5,258.0,8.48,6.13,11.82
2026-07-02 07:00:00+00:00,1.49,7.32,1710.4170013964476,1.39,1.74,1.06,0.86,1.38,280.0,8.76,5.66,10.79
2026-07-02 07:30:00+00:00,1.47,7.42,1603.1900087205663,1.37,1.7,0.8200000000000001,0.85,1.37,273.0,8.13,5.78,10.59
2026-07-02 08:00:00+00:00,1.42,7.3,1521.6969606254827,1.37,1.68,0.6,0.87,1.38,259.0,8.36,6.13,12.52
2026-07-02 08:30:00+00:00,1.33,7.05,1391.6832774051477,1.3,1.59,0.79,0.79,1.28,277.0,7.03,5.72,10.61
2026-07-02 09:00:00+00:00,1.36,7.15,1030.172814183715,1.31,1.63,0.74,0.8200000000000001,1.31,276.0,6.15,5.74,10.61
2026-07-02 09:30:00+00:00,1.4,7.140000000000001,1559.9073041605338,1.31,1.53,0.88,0.8300000000000001,1.31,275.0,6.98,5.7700000000000005,11.9
2026-07-02 10:00:00+00:00,1.3,6.71,1455.9203890715182,1.25,1.61,0.97,0.76,1.23,296.0,7.88,5.3500000000000005,11.88
2026-07-02 10:30:00+00:00,1.33,6.84,1434.326885337175,1.29,1.65,0.94,0.81,1.29,285.0,6.83,5.55,10.76
2026-07-02 11:00:00+00:00,1.36,6.96,1347.0914073069862,1.28,1.63,1.07,0.76,1.25,294.0,6.78,5.38,11.13
2026-07-02 11:30:00+00:00,1.28,6.55,1158.5318463171052,1.22,1.47,0.5700000000000001,0.78,1.23,299.0,5.87,5.3100000000000005,10.49
2026-07-02 12:00:00+00:00,1.32,6.51,1022.1976135733876,1.23,1.5,1.39,0.76,1.22,313.0,7.390000000000001,5.0600000000000005,9.58
2026-07-02 12:30:00+00:00,1.27,6.43,1094.8810211197274,1.2,1.44,0.84,0.77,1.21,305.0,6.61,5.21,10.52
2026-07-02 13:00:00+00:00,1.33,6.65,1205.7188850789446,1.27,1.57,1.17,0.77,1.24,308.0,8.0,5.16,9.72
2026-07-02 13:30:00+00:00,1.25,6.46,1197.804250370728,1.17,1.44,0.63,0.72,1.16,319.0,7.68,4.98,10.52
2026-07-02 14:00:00+00:00,1.29,6.62,284.3228726263593,1.2,1.49,1.02,0.75,1.2,314.0,6.6000000000000005,5.0600000000000005,11.07
2026-07-02 14:30:00+00:00,1.28,6.43,289.2558841465043,1.19,1.47,1.27,0.71,1.16,331.0,7.27,4.8,9.33
2026-07-02 15:00:00+00:00,1.33,6.55,201.26736863041728,1.26,1.53,1.04,0.81,1.27,300.0,6.55,5.2700000000000005,9.71
2026-07-02 15:30:00+00:00,1.33,6.390000000000001,1040.2394151613448,1.23,1.6,1.32,0.78,1.24,309.0,6.7,5.12,9.96
2026-07-02 16:00:00+00:00,1.27,6.29,615.4230234571752,1.24,1.48,1.14,0.78,1.23,303.0,7.08,5.24,10.1
2026-07-02 16:30:00+00:00,1.41,6.43,1156.630264295713,1.36,1.65,0.63,0.85,1.35,303.0,7.36,5.22,10.37
2026-07-02 17:00:00+00:00,1.32,6.24,800.5206603466216,1.28,1.54,0.71,0.8200000000000001,1.29,303.0,6.5,5.23,11.42
2026-07-02 17:30:00+00:00,1.32,6.29,937.8117075143648,1.25,1.57,0.92,0.81,1.27,307.0,6.46,5.17,9.83
2026-07-02 18:00:00+00:00,1.32,6.33,890.3425250618178,1.27,1.57,1.15,0.81,1.28,303.0,7.13,5.21,9.58
2026-07-02 18:30:00+00:00,1.38,6.38,761.6528077886959,1.33,1.66,0.5700000000000001,0.84,1.33,297.0,6.33,5.34,10.46
2026-07-02 19:00:00+00:00,1.26,6.18,803.8072437527322,1.22,1.54,0.88,0.77,1.21,309.0,7.25,5.13,10.37
2026-07-02 19:30:00+00:00,1.33,6.36,926.3736705285016,1.23,1.54,1.31,0.8,1.25,298.0,6.38,5.3,9.7
2026-07-02 20:00:00+00:00,1.28,6.140000000000001,828.7139275886193,1.23,1.48,0.49,0.8,1.25,300.0,6.16,5.2700000000000005,10.28
2026-07-02 20:30:00+00:00,1.4,6.22,871.5949350463607,1.35,1.63,1.47,0.88,1.38,294.0,7.01,5.4,9.17
2026-07-02 21:00:00+00:00,1.31,6.2,1016.5593985406628,1.26,1.63,0.62,0.8,1.27,300.0,6.98,5.28,10.42
2026-07-02 21:30:00+00:00,1.36,6.3100000000000005,773.1079308183571,1.28,1.61,1.01,0.8,1.28,303.0,6.45,5.23,10.9
2026-07-02 22:00:00+00:00,1.25,6.29,693.9791989499726,1.22,1.53,0.5700000000000001,0.77,1.22,299.0,7.78,5.3,10.49
2026-07-02 22:30:00+00:00,1.21,6.21,768.5683472277328,1.17,1.48,0.62,0.74,1.18,299.0,7.3,5.3,10.0
2026-07-02 23:00:00+00:00,1.22,6.16,977.2775942915671,1.15,1.48,0.62,0.74,1.18,303.0,5.5600000000000005,5.23,10.36
2026-07-02 23:30:00+00:00,1.2,6.23,827.5480204298799,1.17,1.47,0.71,0.75,1.18,293.0,5.99,5.41,9.76
2026-07-03 00:00:00+00:00,1.21,6.09,851.8807307925849,1.16,1.41,1.18,0.76,1.19,299.0,5.51,5.3,10.5
2026-07-03 00:30:00+00:00,1.19,6.0600000000000005,887.0560765598361,1.13,1.38,0.88,0.73,1.14,298.0,6.3,5.32,9.16
2026-07-03 01:00:00+00:00,1.25,6.41,862.2471497347394,1.2,1.5,0.68,0.79,1.23,275.0,6.65,5.7700000000000005,10.3
2026-07-03 01:30:00+00:00,1.18,6.3,867.0574556305692,1.15,1.46,0.7000000000000001,0.74,1.16,284.0,6.3,5.5600000000000005,10.5
2026-07-03 02:00:00+00:00,1.19,6.21,784.6774219373946,1.14,1.42,0.36,0.73,1.15,288.0,7.22,5.5,11.06
2026-07-03 02:30:00+00:00,1.13,6.25,737.3930553807327,1.09,1.36,0.93,0.6900000000000001,1.1,299.0,6.38,5.3,9.16
2026-07-03 03:00:00+00:00,1.12,6.15,746.0245775122947,1.06,1.31,0.66,0.6900000000000001,1.08,305.0,5.91,5.19,9.55
2026-07-03 03:30:00+00:00,1.1,6.13,611.6916194449616,1.05,1.3,0.46,0.68,1.07,307.0,6.78,5.16,9.74
2026-07-03 04:00:00+00:00,1.13,6.04,714.7171199016274,1.08,1.36,0.5700000000000001,0.6900000000000001,1.09,302.0,6.01,5.25,8.97
2026-07-03 04:30:00+00:00,1.15,6.04,865.7072965390585,1.12,1.38,0.41,0.72,1.14,297.0,6.72,5.34,11.37
2026-07-03 05:00:00+00:00,1.1,6.12,809.51373352153,1.05,1.29,0.51,0.6900000000000001,1.08,293.0,6.74,5.41,9.82
2026-07-03 05:30:00+00:00,1.02,5.99,704.9622519423841,0.98,1.22,0.56,0.61,0.98,308.0,6.5,5.15,9.98
2026-07-03 06:00:00+00:00,1.08,6.24,715.7463410921738,1.02,1.29,0.8,0.66,1.04,293.0,6.44,5.4,9.69
2026-07-03 06:30:00+00:00,1.13,6.09,990.9408894799018,1.05,1.29,0.72,0.67,1.05,301.0,6.49,5.26,10.1
2026-07-03 07:00:00+00:00,1.03,6.2,1344.4662835671709,0.99,1.23,0.91,0.63,1.0,303.0,6.36,5.23,9.89
2026-07-03 07:30:00+00:00,1.05,6.140000000000001,1037.799548928235,1.0,1.24,0.5,0.63,1.01,301.0,7.1000000000000005,5.26,10.67
2026-07-03 08:00:00+00:00,1.05,6.22,1159.0121365224504,1.04,1.3,0.48,0.67,1.06,284.0,4.76,5.58,11.45
2026-07-03 08:30:00+00:00,1.06,6.2700000000000005,530.160987008207,1.02,1.26,0.84,0.64,1.02,300.0,6.5200000000000005,5.2700000000000005,9.36
2026-07-03 09:00:00+00:00,0.96,6.16,982.9993545301329,0.94,1.19,0.8200000000000001,0.58,0.93,310.0,6.3,5.13,11.53
2026-07-03 09:30:00+00:00,1.02,5.98,1090.5582196045993,0.97,1.21,0.37,0.62,0.99,315.0,5.9,5.04,10.72
2026-07-03 10:00:00+00:00,0.96,6.2700000000000005,1171.8574741663615,0.93,1.11,0.86,0.59,0.93,304.0,7.68,5.19,10.2
2026-07-03 10:30:00+00:00,0.98,5.97,1174.7691695121498,0.96,1.2,0.52,0.59,0.95,322.0,7.8,4.93,9.46
2026-07-03 11:00:00+00:00,0.99,6.0200000000000005,930.5157988424369,0.91,1.12,0.75,0.59,0.93,328.0,5.0,4.84,9.89
2026-07-03 11:30:00+00:00,0.98,6.13,968.0095178323176,0.93,1.15,0.86,0.6,0.95,319.0,7.22,4.98,8.96
2026-07-03 12:00:00+00:00,1.01,5.96,991.7556273325448,0.97,1.19,0.68,0.63,0.99,321.0,9.24,4.95,9.61
2026-07-03 12:30:00+00:00,0.97,5.8500000000000005,1083.5268596386236,0.93,1.17,0.72,0.59,0.93,332.0,4.76,4.76,9.48
2026-07-03 13:00:00+00:00,0.99,5.74,1039.3071943792638,0.93,1.19,0.81,0.59,0.94,338.0,6.640000000000001,4.69,10.52
2026-07-03 13:30:00+00:00,0.96,5.91,1071.560558342778,0.9,1.17,0.71,0.56,0.9,348.0,7.5,4.5600000000000005,9.81
2026-07-03 14:00:00+00:00,1.0,5.72,1041.282648902039,0.94,1.17,0.5,0.6,0.95,343.0,6.5200000000000005,4.62,11.49
2026-07-03 14:30:00+00:00,0.94,5.89,947.099304127602,0.9,1.12,0.45,0.5700000000000001,0.9,339.0,5.5600000000000005,4.67,10.09
2026-07-03 15:00:00+00:00,0.91,5.87,988.3191859070412,0.8300000000000001,1.04,0.72,0.52,0.8300000000000001,356.0,6.83,4.45,9.84
2026-07-03 15:30:00+00:00,0.94,5.98,1000.4917304107826,0.88,1.08,0.74,0.56,0.89,340.0,5.54,4.66,10.94
2026-07-03 16:00:00+00:00,0.94,5.89,973.4280705515675,0.86,1.09,0.6900000000000001,0.55,0.87,343.0,5.55,4.62,9.77
2026-07-03 16:30:00+00:00,0.87,5.86,954.6424194594117,0.8200000000000001,1.02,0.9,0.53,0.8300000000000001,350.0,6.79,4.53,9.61
2026-07-03 17:00:00+00:00,0.93,5.8500000000000005,1096.6906504281474,0.87,1.07,0.54,0.5700000000000001,0.89,339.0,5.59,4.67,9.88
2026-07-03 17:30:00+00:00,0.91,6.0200000000000005,849.4738796329771,0.86,1.06,0.5700000000000001,0.55,0.87,355.0,5.36,4.46,10.16
2026-07-03 18:00:00+00:00,0.86,6.0,954.8359882258495,0.8,1.0,0.97,0.51,0.81,346.0,4.58,4.58,10.62
2026-07-03 18:30:00+00:00,0.89,6.16,1028.476502536532,0.84,1.03,0.71,0.53,0.84,334.0,9.63,4.73,10.49
2026-07-03 19:00:00+00:00,0.89,6.33,888.4358771816032,0.84,1.03,0.56,0.54,0.85,321.0,6.390000000000001,4.92,11.22
2026-07-03 19:30:00+00:00,0.89,6.54,840.2122650843811,0.8300000000000001,1.02,0.92,0.54,0.84,311.0,5.92,5.08,10.75
2026-07-03 20:00:00+00:00,0.91,6.55,991.1185683067627,0.86,1.12,0.62,0.54,0.86,313.0,8.09,5.04,10.96
2026-07-03 20:30:00+00:00,0.97,6.68,867.7220368342871,0.89,1.12,0.59,0.5700000000000001,0.9,304.0,5.79,5.22,11.48
2026-07-03 21:00:00+00:00,1.01,6.65,826.3917892252074,0.94,1.18,0.79,0.6,0.95,301.0,7.22,5.2700000000000005,10.78
2026-07-03 21:30:00+00:00,1.0,6.62,969.6587988712326,0.95,1.17,0.78,0.63,0.98,281.0,5.83,5.66,10.94
2026-07-03 22:00:00+00:00,1.13,6.7,987.5065496353141,1.06,1.28,0.71,0.6900000000000001,1.08,279.0,5.66,5.66,12.01
2026-07-03 22:30:00+00:00,1.08,6.8,804.0390953167574,1.01,1.25,0.5,0.67,1.04,284.0,8.23,5.58,12.79
2026-07-03 23:00:00+00:00,1.12,6.8100000000000005,953.6252380072582,1.06,1.33,1.13,0.68,1.08,279.0,5.76,5.69,10.48
2026-07-03 23:30:00+00:00,1.13,6.66,823.4778519654169,1.06,1.32,0.48,0.68,1.07,279.0,8.14,5.66,11.31
2026-07-04 00:00:00+00:00,1.03,6.32,803.5483967325304,0.96,1.18,0.77,0.64,0.99,296.0,6.88,5.36,11.46
2026-07-04 00:30:00+00:00,1.17,6.65,786.3383100202195,1.09,1.35,1.03,0.72,1.12,280.0,6.87,5.65,11.69
2026-07-04 01:00:00+00:00,1.05,6.47,949.0082146981447,0.99,1.23,0.62,0.65,1.01,293.0,7.23,5.4,11.43
2026-07-04 01:30:00+00:00,1.01,6.55,973.4602148672218,0.96,1.2,0.79,0.62,0.97,291.0,7.45,5.43,10.47
2026-07-04 02:00:00+00:00,1.11,6.8100000000000005,944.915690642993,1.05,1.3,0.42,0.7000000000000001,1.09,269.0,8.72,5.89,11.21
2026-07-04 02:30:00+00:00,0.96,6.53,969.4414579898852,0.9,1.09,0.56,0.59,0.91,289.0,5.83,5.47,11.73
2026-07-04 03:00:00+00:00,0.98,6.74,961.9491326615916,0.93,1.14,0.54,0.62,0.96,275.0,5.55,5.74,11.97
2026-07-04 03:30:00+00:00,0.95,6.84,976.526209109581,0.88,1.07,0.6900000000000001,0.58,0.9,284.0,8.25,5.57,11.5
2026-07-04 04:00:00+00:00,0.91,6.54,928.6644036516668,0.8300000000000001,1.01,0.6,0.56,0.86,296.0,8.69,5.36,11.3
2026-07-04 04:30:00+00:00,0.88,6.55,806.0027461832108,0.8200000000000001,1.02,0.38,0.54,0.84,298.0,6.36,5.33,11.49
2026-07-04 05:00:00+00:00,0.87,6.87,814.7172302229483,0.8300000000000001,1.03,0.51,0.53,0.8300000000000001,288.0,7.76,5.49,11.6
2026-07-04 05:30:00+00:00,0.89,6.8500000000000005,804.7228816819263,0.8200000000000001,1.03,0.54,0.53,0.84,288.0,6.71,5.5,10.36
2026-07-04 06:00:00+00:00,0.88,6.73,911.9981035483058,0.8200000000000001,1.01,0.47,0.52,0.8200000000000001,289.0,8.97,5.45,10.8
2026-07-04 06:30:00+00:00,0.91,7.07,1091.0958687814127,0.87,1.09,0.47,0.55,0.88,278.0,8.45,5.71,11.71
2026-07-04 07:00:00+00:00,0.88,7.03,1231.0499740824312,0.8300000000000001,1.04,0.5,0.54,0.84,273.0,7.32,5.8100000000000005,11.23
2026-07-04 07:30:00+00:00,0.91,7.13,1162.7341093867406,0.85,1.02,0.56,0.55,0.86,271.0,10.3,5.8500000000000005,12.43
2026-07-04 08:00:00+00:00,0.8300000000000001,6.7700000000000005,1237.9802351147596,0.79,0.95,0.65,0.52,0.81,280.0,5.51,5.64,11.27
2026-07-04 08:30:00+00:00,0.85,6.63,1216.287717609532,0.81,1.01,0.52,0.51,0.81,293.0,6.46,5.41,12.3
2026-07-04 09:00:00+00:00,0.8,6.57,995.3855215818716,0.76,0.94,0.7000000000000001,0.5,0.78,296.0,5.84,5.3500000000000005,11.0
2026-07-04 09:30:00+00:00,0.8200000000000001,6.67,1113.4042868746756,0.76,0.96,0.97,0.5,0.78,284.0,6.93,5.55,11.34
2026-07-04 10:00:00+00:00,0.8200000000000001,6.7700000000000005,1117.3958077878328,0.76,0.97,0.37,0.5,0.78,288.0,5.12,5.51,11.86
2026-07-04 10:30:00+00:00,0.85,6.8,1121.4227316958488,0.81,1.0,0.8,0.52,0.8200000000000001,286.0,6.48,5.5200000000000005,11.17
2026-07-04 11:00:00+00:00,0.81,6.98,1179.6618966503797,0.78,0.96,0.61,0.5,0.79,276.0,7.21,5.75,12.0
2026-07-04 11:30:00+00:00,0.8300000000000001,6.8100000000000005,1178.4362804302634,0.81,1.01,0.75,0.52,0.8200000000000001,274.0,7.52,5.8,10.68
2026-07-04 12:00:00+00:00,0.86,6.86,1031.321211685371,0.8,0.99,0.32,0.52,0.8200000000000001,281.0,6.890000000000001,5.64,11.23
2026-07-04 12:30:00+00:00,0.84,6.5600000000000005,992.1670221835013,0.78,0.94,0.6900000000000001,0.51,0.79,291.0,6.07,5.45,11.39
2026-07-04 13:00:00+00:00,0.87,6.88,1195.5514927587276,0.8300000000000001,1.0,0.86,0.54,0.84,283.0,6.0,5.61,10.27
2026-07-04 13:30:00+00:00,0.85,7.07,1238.3373489707135,0.8,0.99,0.56,0.52,0.8200000000000001,267.0,5.72,5.91,10.97
2026-07-04 14:00:00+00:00,0.84,6.890000000000001,1126.7524053931668,0.8,1.01,0.62,0.51,0.81,279.0,6.22,5.65,11.61
2026-07-04 14:30:00+00:00,0.81,7.31,1074.5088418952214,0.76,0.93,0.51,0.48,0.76,282.0,8.05,5.6000000000000005,11.64
2026-07-04 15:00:00+00:00,0.8,7.1000000000000005,1146.9471123412898,0.74,0.93,0.56,0.47,0.74,291.0,7.09,5.45,11.84
2026-07-04 15:30:00+00:00,0.75,6.92,1131.600434812358,0.7000000000000001,0.86,0.62,0.47,0.73,285.0,5.93,5.54,11.43
2026-07-04 16:00:00+00:00,0.78,7.16,1271.7612641574926,0.71,0.85,0.6900000000000001,0.47,0.73,292.0,8.4,5.42,10.96
2026-07-04 16:30:00+00:00,0.76,7.05,1200.2931133575253,0.72,0.89,0.52,0.47,0.74,291.0,7.52,5.44,11.69
2026-07-04 17:00:00+00:00,0.79,7.08,1215.3014452271323,0.75,0.92,0.6,0.48,0.76,298.0,8.27,5.3,11.32
2026-07-04 17:30:00+00:00,0.79,6.75,1064.0223804342593,0.71,0.88,0.5700000000000001,0.46,0.71,343.0,7.76,4.62,12.42
2026-07-04 18:00:00+00:00,0.81,7.0200000000000005,956.8715230480477,0.76,0.98,0.64,0.47,0.76,320.0,5.89,4.96,10.86
2026-07-04 18:30:00+00:00,0.78,7.05,990.9846215342392,0.73,0.9,0.6,0.46,0.72,322.0,6.55,4.94,10.55
2026-07-04 19:00:00+00:00,0.76,6.82,1105.5335628217165,0.71,0.89,0.75,0.45,0.71,335.0,8.120000000000001,4.74,10.74
2026-07-04 19:30:00+00:00,0.78,6.75,828.343700471275,0.72,0.9,0.73,0.47,0.73,325.0,5.67,4.86,11.75
2026-07-04 20:00:00+00:00,0.75,6.74,832.4537134456855,0.68,0.87,0.4,0.42,0.67,355.0,8.85,4.45,10.62
2026-07-04 20:30:00+00:00,0.6900000000000001,6.8100000000000005,770.5573346597815,0.64,0.79,0.63,0.41,0.64,335.0,5.26,4.74,11.3
2026-07-04 21:00:00+00:00,0.7000000000000001,7.0200000000000005,867.0456325981104,0.67,0.81,0.54,0.41,0.66,309.0,7.31,5.13,12.07
2026-07-04 21:30:00+00:00,0.74,7.52,782.650155973473,0.68,0.8200000000000001,0.51,0.43,0.68,296.0,9.69,5.36,12.21
2026-07-04 22:00:00+00:00,0.73,7.15,905.067725540398,0.7000000000000001,0.85,0.74,0.44,0.7000000000000001,296.0,8.33,5.33,11.79
2026-07-04 22:30:00+00:00,0.6900000000000001,7.41,933.4299039909079,0.64,0.8,0.52,0.4,0.64,289.0,7.88,5.5,11.11
2026-07-04 23:00:00+00:00,0.66,7.33,993.9321665796714,0.61,0.77,0.31,0.39,0.62,299.0,7.58,5.3100000000000005,13.06
2026-07-04 23:30:00+00:00,0.67,7.640000000000001,912.9004509888998,0.63,0.77,0.56,0.41,0.64,266.0,7.930000000000001,5.92,11.33
2026-07-05 00:00:00+00:00,0.7000000000000001,7.68,849.1494369727294,0.67,0.86,0.61,0.42,0.67,255.0,7.27,6.22,12.5
2026-07-05 00:30:00+00:00,0.67,7.83,844.0406501036875,0.63,0.79,0.38,0.4,0.63,263.0,9.41,6.01,11.41
2026-07-05 01:00:00+00:00,0.7000000000000001,7.87,782.5561432242941,0.67,0.8300000000000001,0.48,0.42,0.67,250.0,8.18,6.3500000000000005,11.95
2026-07-05 01:30:00+00:00,0.6900000000000001,7.76,810.2786110401483,0.67,0.8200000000000001,0.97,0.42,0.67,253.0,7.36,6.24,11.73
2026-07-05 02:00:00+00:00,0.65,7.67,872.2096628455996,0.61,0.74,0.53,0.4,0.63,257.0,9.26,6.17,12.09
2026-07-05 02:30:00+00:00,0.6900000000000001,7.81,761.9380118812637,0.66,0.8300000000000001,0.6,0.41,0.65,261.0,7.73,6.0600000000000005,13.03
2026-07-05 03:00:00+00:00,0.7000000000000001,7.98,907.2457009272993,0.67,0.8200000000000001,0.42,0.43,0.68,240.0,6.3500000000000005,6.58,12.72
2026-07-05 03:30:00+00:00,0.71,8.1,854.0327811391315,0.66,0.81,0.33,0.43,0.68,246.0,8.25,6.43,12.05
2026-07-05 04:00:00+00:00,0.66,7.79,822.2696743331056,0.63,0.79,0.32,0.4,0.63,251.0,7.46,6.29,13.34
2026-07-05 04:30:00+00:00,0.7000000000000001,8.21,819.196559090734,0.68,0.84,0.4,0.43,0.68,237.0,9.18,6.69,12.5
2026-07-05 05:00:00+00:00,0.67,8.11,743.0271739561182,0.63,0.77,0.31,0.41,0.64,241.0,7.37,6.57,13.47
2026-07-05 05:30:00+00:00,0.68,8.27,826.6842810965933,0.67,0.84,0.46,0.42,0.67,229.0,9.82,6.94,12.46
2026-07-05 06:00:00+00:00,0.6900000000000001,8.31,1025.9865303420183,0.66,0.8,0.46,0.43,0.67,227.0,9.21,6.99,13.77
2026-07-05 06:30:00+00:00,0.63,8.28,1063.2535445938138,0.61,0.74,0.6,0.39,0.61,234.0,9.98,6.76,12.49
2026-07-05 07:00:00+00:00,0.66,8.19,1102.2709491146288,0.64,0.79,0.52,0.41,0.64,234.0,9.0,6.7700000000000005,12.48
2026-07-05 07:30:00+00:00,0.63,8.41,1250.3838997193398,0.61,0.76,0.4,0.39,0.61,224.0,10.06,7.07,13.92
2026-07-05 08:00:00+00:00,0.61,8.16,1254.5481423535523,0.59,0.74,0.52,0.36,0.58,246.0,9.4,6.4,12.92
2026-07-05 08:30:00+00:00,0.7000000000000001,8.53,1336.8123325145639,0.65,0.8300000000000001,0.56,0.41,0.65,233.0,10.28,6.7700000000000005,12.47
2026-07-05 09:00:00+00:00,0.6900000000000001,8.25,1307.2586285880973,0.65,0.8200000000000001,0.41,0.4,0.65,240.0,9.04,6.61,12.67
2026-07-05 09:30:00+00:00,0.64,8.06,1254.7672721032177,0.63,0.79,0.35,0.41,0.64,230.0,9.71,6.890000000000001,13.92
2026-07-05 10:00:00+00:00,0.6900000000000001,8.27,1192.282908102702,0.6900000000000001,0.8200000000000001,0.55,0.45,0.7000000000000001,221.0,8.81,7.15,12.13
2026-07-05 10:30:00+00:00,0.66,8.21,993.0038280890586,0.63,0.8,0.45,0.41,0.64,235.0,11.07,6.72,14.04
2026-07-05 11:00:00+00:00,0.67,8.16,1079.3717646980883,0.64,0.79,0.39,0.41,0.65,245.0,9.28,6.47,12.64
2026-07-05 11:30:00+00:00,0.67,8.22,1068.8561189668635,0.65,0.8,0.24,0.42,0.65,239.0,8.66,6.63,12.72
2026-07-05 12:00:00+00:00,0.67,8.22,924.1868530001511,0.65,0.81,0.4,0.43,0.67,225.0,8.540000000000001,7.01,12.18
2026-07-05 12:30:00+00:00,0.67,8.2,900.9582917220622,0.62,0.77,0.32,0.39,0.62,247.0,7.9,6.4,12.99
2026-07-05 13:00:00+00:00,0.68,8.22,920.2938755706689,0.64,0.79,0.49,0.41,0.64,237.0,7.68,6.66,12.13
2026-07-05 13:30:00+00:00,0.61,8.07,905.3968030380573,0.58,0.71,0.36,0.38,0.59,242.0,8.98,6.55,12.06
2026-07-05 14:00:00+00:00,0.65,7.98,909.8324205614446,0.62,0.78,0.32,0.39,0.62,250.0,9.4,6.33,11.74
2026-07-05 14:30:00+00:00,0.67,8.25,951.2529864251579,0.65,0.77,0.48,0.44,0.67,220.0,9.05,7.2,12.56
2026-07-05 15:00:00+00:00,0.62,8.03,944.6954476173079,0.61,0.75,0.42,0.39,0.61,236.0,7.49,6.7,12.31
2026-07-05 15:30:00+00:00,0.65,8.22,1349.9342938157586,0.63,0.76,0.45,0.42,0.65,219.0,8.32,7.23,11.95
2026-07-05 16:00:00+00:00,0.64,8.3,1112.9476637715602,0.63,0.78,0.21,0.39,0.63,228.0,8.950000000000001,6.96,12.18
2026-07-05 16:30:00+00:00,0.58,8.21,1155.5105880425524,0.58,0.73,0.37,0.38,0.59,220.0,10.7,7.2,13.94
2026-07-05 17:00:00+00:00,0.53,8.09,1101.8167645465892,0.51,0.62,0.54,0.34,0.52,226.0,8.52,7.0,12.9
2026-07-05 17:30:00+00:00,0.53,7.92,1076.5713265721533,0.5,0.61,0.41,0.32,0.5,259.0,7.34,6.08,11.94
2026-07-05 18:00:00+00:00,0.55,8.0,1092.6818463342179,0.53,0.66,0.49,0.33,0.53,262.0,9.21,6.04,12.13
2026-07-05 18:30:00+00:00,0.6,7.91,952.9721414838083,0.5700000000000001,0.73,0.39,0.36,0.58,261.0,8.71,6.05,12.05
2026-07-05 19:00:00+00:00,0.5700000000000001,8.0,846.6729226177147,0.54,0.6900000000000001,0.46,0.33,0.54,265.0,8.38,5.99,11.43
2026-07-05 19:30:00+00:00,0.59,8.17,961.4932590247636,0.56,0.72,0.55,0.34,0.56,258.0,8.46,6.15,11.4
2026-07-05 20:00:00+00:00,0.56,8.09,1156.9754793475586,0.55,0.68,0.41,0.34,0.55,241.0,7.68,6.5600000000000005,12.43
2026-07-05 20:30:00+00:00,0.58,8.02,1119.3309708150043,0.56,0.71,0.5,0.36,0.5700000000000001,239.0,8.790000000000001,6.6000000000000005,12.18
2026-07-05 21:00:00+00:00,0.63,8.3,1056.2099464145156,0.61,0.81,0.36,0.36,0.6,238.0,9.6,6.61,12.12
2026-07-05 21:30:00+00:00,0.56,8.14,901.9548067724483,0.53,0.64,0.34,0.34,0.53,243.0,9.47,6.51,13.69
2026-07-05 22:00:00+00:00,0.58,8.0,812.4208549310981,0.5700000000000001,0.7000000000000001,0.47,0.37,0.59,232.0,8.39,6.82,12.4
2026-07-05 22:30:00+00:00,0.58,8.05,943.6086536182852,0.54,0.67,0.41,0.35,0.55,244.0,9.07,6.5,12.06
2026-07-05 23:00:00+00:00,0.55,7.8,928.9973402254798,0.53,0.66,0.48,0.33,0.53,251.0,6.83,6.32,12.11
2026-07-05 23:30:00+00:00,0.54,7.88,785.7186260971112,0.51,0.64,0.31,0.33,0.52,242.0,7.81,6.55,13.22
2026-07-06 00:00:00+00:00,0.64,8.42,752.8472824340115,0.59,0.74,0.39,0.37,0.59,227.0,8.44,6.95,11.91
2026-07-06 00:30:00+00:00,0.54,7.96,860.8322270937153,0.53,0.65,0.32,0.34,0.54,236.0,9.16,6.68,12.36
2026-07-06 01:00:00+00:00,0.55,8.06,798.249659579626,0.52,0.67,0.41,0.34,0.53,233.0,8.52,6.7700000000000005,12.36
2026-07-06 01:30:00+00:00,0.53,7.84,809.4661902718778,0.51,0.65,0.34,0.33,0.52,245.0,7.8,6.46,11.14
2026-07-06 02:00:00+00:00,0.54,7.95,798.093098657845,0.52,0.66,0.22,0.32,0.51,260.0,7.46,6.08,11.78
2026-07-06 02:30:00+00:00,0.55,7.9,730.767632986112,0.54,0.64,0.54,0.34,0.54,255.0,7.66,6.21,11.62
2026-07-06 03:00:00+00:00,0.54,7.51,729.049473219254,0.51,0.63,0.22,0.32,0.51,288.0,8.52,5.47,11.33
2026-07-06 03:30:00+00:00,0.56,7.03,768.0325217469632,0.52,0.67,0.74,0.32,0.52,327.0,8.39,4.83,10.92
2026-07-06 04:00:00+00:00,0.61,7.21,851.7759027808866,0.58,0.75,0.52,0.36,0.58,305.0,8.07,5.18,11.26
2026-07-06 04:30:00+00:00,0.59,7.36,962.2427982442609,0.5700000000000001,0.73,0.31,0.35,0.56,304.0,8.06,5.22,10.96
2026-07-06 05:00:00+00:00,0.58,7.3,1056.3428408083746,0.54,0.71,0.46,0.33,0.54,307.0,8.86,5.16,10.38
2026-07-06 05:30:00+00:00,0.52,7.26,1004.4395262898358,0.49,0.62,0.37,0.32,0.5,294.0,8.290000000000001,5.39,12.12
2026-07-06 06:00:00+00:00,0.55,7.22,947.6602365879965,0.51,0.65,0.48,0.32,0.51,308.0,8.3,5.16,11.04
2026-07-06 06:30:00+00:00,0.58,7.3,799.3259972322593,0.53,0.66,0.37,0.33,0.53,310.0,7.73,5.11,11.52
2026-07-06 07:00:00+00:00,0.54,7.42,872.2268331323022,0.5,0.62,0.34,0.32,0.51,291.0,8.65,5.44,12.88
2026-07-06 07:30:00+00:00,0.56,7.43,570.598395128785,0.54,0.68,0.74,0.34,0.54,282.0,9.18,5.62,10.9
2026-07-06 08:00:00+00:00,0.56,7.43,-161.94512696651506,0.51,0.66,0.45,0.32,0.51,298.0,8.59,5.3,11.06
2026-07-06 08:30:00+00:00,0.53,7.08,686.9530802796681,0.51,0.64,0.35,0.33,0.52,287.0,10.04,5.53,11.02
2026-07-06 09:00:00+00:00,0.52,6.95,1063.897920772396,0.5,0.63,0.48,0.31,0.5,299.0,5.12,5.3,11.57
2026-07-06 09:30:00+00:00,0.53,7.16,-319.9458323568802,0.5,0.63,0.42,0.32,0.51,292.0,10.07,5.44,11.5
2026-07-06 10:00:00+00:00,0.51,7.45,1078.5234493890198,0.48,0.62,0.41,0.3,0.48,290.0,8.72,5.46,11.12
2026-07-06 10:30:00+00:00,0.52,7.08,1113.4373254418435,0.47,0.58,0.35,0.31,0.48,292.0,8.34,5.42,10.84
2026-07-06 11:00:00+00:00,0.51,7.0,1355.5255608762038,0.47,0.59,0.42,0.31,0.48,303.0,8.620000000000001,5.24,10.88
2026-07-06 11:30:00+00:00,0.54,7.15,1325.2910145178282,0.51,0.63,0.34,0.33,0.52,285.0,8.5,5.54,12.11
2026-07-06 12:00:00+00:00,0.55,7.24,1223.9912557405187,0.52,0.66,0.47,0.33,0.52,283.0,7.19,5.59,10.89
2026-07-06 12:30:00+00:00,0.53,7.13,1623.9827039077866,0.49,0.61,0.37,0.31,0.49,289.0,8.61,5.48,11.29
2026-07-06 13:00:00+00:00,0.51,6.95,1462.1210278339743,0.48,0.59,0.34,0.31,0.49,302.0,6.61,5.25,10.79
2026-07-06 13:30:00+00:00,0.51,7.0200000000000005,479.20348175619415,0.48,0.61,0.56,0.31,0.48,301.0,7.890000000000001,5.25,10.95
2026-07-06 14:00:00+00:00,0.49,6.84,1382.342875987279,0.48,0.6,0.28,0.3,0.48,299.0,7.77,5.3,11.47
2026-07-06 14:30:00+00:00,0.49,6.890000000000001,1410.0920049464619,0.44,0.54,0.36,0.29,0.45,305.0,8.9,5.16,11.18
2026-07-06 15:00:00+00:00,0.48,7.01,-52.43865539207423,0.47,0.61,0.26,0.3,0.47,297.0,8.17,5.33,12.29
2026-07-06 15:30:00+00:00,0.45,6.75,437.400915147271,0.43,0.54,0.24,0.28,0.44,304.0,7.41,5.23,13.63
2026-07-06 16:00:00+00:00,0.47,7.05,135.0997522953455,0.44,0.56,0.3,0.28,0.44,299.0,7.890000000000001,5.29,10.65
2026-07-06 16:30:00+00:00,0.47,7.0600000000000005,1133.5295896901225,0.45,0.58,0.39,0.29,0.45,291.0,8.16,5.46,11.32
2026-07-06 17:00:00+00:00,0.47,7.29,573.3065521352939,0.45,0.5700000000000001,0.27,0.28,0.45,285.0,7.43,5.5600000000000005,10.74
2026-07-06 17:30:00+00:00,0.48,7.390000000000001,1194.141996568507,0.46,0.59,0.41,0.29,0.46,284.0,6.86,5.54,11.33
2026-07-06 18:00:00+00:00,0.51,7.24,1276.8812977711798,0.49,0.63,0.35,0.3,0.49,286.0,6.8,5.5200000000000005,10.39
2026-07-06 18:30:00+00:00,0.48,7.23,1108.4872359705635,0.45,0.5700000000000001,0.49,0.29,0.46,290.0,7.82,5.47,10.19
2026-07-06 19:00:00+00:00,0.48,7.19,1039.383021496212,0.46,0.58,0.47,0.29,0.47,287.0,8.08,5.5200000000000005,11.58
2026-07-06 19:30:00+00:00,0.5,7.09,1081.6780396507531,0.48,0.6,0.31,0.31,0.48,283.0,8.32,5.6000000000000005,13.85
2026-07-06 20:00:00+00:00,0.48,7.0200000000000005,1074.4447293722167,0.46,0.56,0.41,0.3,0.47,294.0,8.45,5.38,10.61
2026-07-06 20:30:00+00:00,0.5,6.98,954.7789820801722,0.46,0.56,0.4,0.3,0.47,292.0,9.04,5.42,10.63
2026-07-06 21:00:00+00:00,0.54,7.15,1249.1102165599818,0.51,0.65,0.33,0.32,0.51,287.0,8.38,5.51,11.23
2026-07-06 21:30:00+00:00,0.5,6.69,1191.754283385799,0.46,0.58,0.47,0.3,0.47,313.0,7.890000000000001,5.0600000000000005,10.35
2026-07-06 22:00:00+00:00,0.56,7.04,1145.3147303391884,0.53,0.68,0.43,0.33,0.53,298.0,7.54,5.3100000000000005,10.56
2026-07-06 22:30:00+00:00,0.54,6.94,1006.8872326575702,0.52,0.64,0.45,0.33,0.52,296.0,6.75,5.3500000000000005,11.44
2026-07-06 23:00:00+00:00,0.54,6.97,1184.159677206665,0.5,0.62,0.52,0.32,0.51,299.0,8.040000000000001,5.28,10.86
2026-07-06 23:30:00+00:00,0.52,6.84,949.874623952394,0.49,0.6,0.51,0.32,0.5,306.0,5.43,5.19,10.74
2026-07-07 00:00:00+00:00,0.52,6.43,863.6700989822517,0.49,0.61,0.33,0.31,0.49,326.0,7.81,4.86,10.73
2026-07-07 00:30:00+00:00,0.54,6.86,800.6252711635296,0.51,0.63,0.5,0.33,0.52,307.0,6.890000000000001,5.16,10.23
2026-07-07 01:00:00+00:00,0.54,6.88,842.4149181809628,0.52,0.62,0.45,0.34,0.53,276.0,7.16,5.75,11.82
2026-07-07 01:30:00+00:00,0.54,7.09,1022.5660334574171,0.51,0.64,0.32,0.32,0.51,294.0,7.77,5.38,12.57
2026-07-07 02:00:00+00:00,0.5,6.76,1238.8481301503111,0.47,0.59,0.29,0.3,0.47,312.0,9.43,5.0600000000000005,11.57
2026-07-07 02:30:00+00:00,0.5,6.6000000000000005,1135.3039588809256,0.48,0.59,0.54,0.3,0.48,314.0,8.09,5.0600000000000005,10.31
2026-07-07 03:00:00+00:00,0.48,6.5,1160.2685973878588,0.44,0.54,0.47,0.29,0.46,310.0,6.76,5.09,11.43
2026-07-07 03:30:00+00:00,0.52,6.73,1127.3444160703364,0.5,0.63,0.41,0.33,0.51,291.0,9.68,5.44,11.16
2026-07-07 04:00:00+00:00,0.51,6.61,1235.6284464723583,0.47,0.59,0.41,0.31,0.49,298.0,5.86,5.33,10.61
2026-07-07 04:30:00+00:00,0.52,6.88,1265.4811160782908,0.49,0.61,0.45,0.32,0.5,295.0,8.91,5.38,10.27
2026-07-07 05:00:00+00:00,0.51,6.5200000000000005,960.8426791431338,0.49,0.61,0.34,0.32,0.5,305.0,9.28,5.18,11.81
2026-07-07 05:30:00+00:00,0.55,6.54,967.148093624215,0.5,0.63,0.5,0.33,0.51,313.0,6.51,5.07,10.52
2026-07-07 06:00:00+00:00,0.5700000000000001,6.74,1178.6763212678577,0.52,0.67,0.33,0.34,0.54,292.0,8.25,5.41,11.09
2026-07-07 06:30:00+00:00,0.56,6.43,1290.986495624158,0.52,0.67,0.43,0.34,0.54,319.0,6.22,4.95,10.34
2026-07-07 07:00:00+00:00,0.58,6.390000000000001,1089.7797742653488,0.54,0.67,0.44,0.35,0.55,320.0,8.82,4.95,11.21
2026-07-07 07:30:00+00:00,0.62,7.05,1194.0430519694885,0.58,0.6900000000000001,0.53,0.39,0.6,295.0,5.54,5.36,13.47
2026-07-07 08:00:00+00:00,0.6,7.16,1331.8036275494505,0.54,0.67,0.89,0.36,0.56,304.0,12.07,5.2,17.63
2026-07-07 08:30:00+00:00,0.62,6.17,1233.2791309845459,0.58,0.7000000000000001,0.43,0.38,0.59,319.0,6.15,4.95,10.52
2026-07-07 09:00:00+00:00,0.62,6.0,1261.975743939507,0.59,0.73,0.36,0.38,0.59,330.0,5.57,4.8,10.03
2026-07-07 09:30:00+00:00,0.62,5.76,1027.839545114947,0.58,0.7000000000000001,0.49,0.39,0.6,331.0,6.140000000000001,4.78,9.65
2026-07-07 10:00:00+00:00,0.62,5.92,663.7868732160528,0.6,0.74,0.48,0.39,0.61,321.0,5.41,4.94,10.11
2026-07-07 10:30:00+00:00,0.65,6.04,342.5022218293376,0.61,0.75,0.59,0.39,0.61,347.0,6.15,4.5600000000000005,10.54
2026-07-07 11:00:00+00:00,0.63,5.62,255.5307403717859,0.59,0.73,0.51,0.39,0.61,350.0,4.1,4.53,11.18
2026-07-07 11:30:00+00:00,0.67,5.66,398.8846355109279,0.62,0.77,0.62,0.4,0.63,360.0,4.9,4.41,9.96
2026-07-07 12:00:00+00:00,0.67,5.8100000000000005,874.8245084317258,0.64,0.79,0.42,0.41,0.65,341.0,7.09,4.64,10.01
2026-07-07 12:30:00+00:00,0.7000000000000001,5.7,471.81170710541465,0.65,0.81,0.31,0.42,0.66,360.0,6.91,4.4,9.73
2026-07-07 13:00:00+00:00,0.6900000000000001,5.57,182.58529334143878,0.66,0.8,0.5700000000000001,0.44,0.68,347.0,5.33,4.5600000000000005,9.36
2026-07-07 13:30:00+00:00,0.66,5.5600000000000005,209.1158754417962,0.62,0.75,0.48,0.4,0.62,365.0,5.98,4.3500000000000005,9.22
2026-07-07 14:00:00+00:00,0.64,5.66,364.6192541029901,0.59,0.73,0.53,0.38,0.6,367.0,8.53,4.32,9.4
2026-07-07 14:30:00+00:00,0.62,5.58,375.42569678972575,0.58,0.74,0.38,0.37,0.59,388.0,5.75,4.08,10.95
2026-07-07 15:00:00+00:00,0.66,5.32,1015.5966513696563,0.61,0.75,0.53,0.39,0.61,409.0,5.41,3.88,9.97
2026-07-07 15:30:00+00:00,0.68,5.38,485.33792845833494,0.64,0.79,0.52,0.42,0.65,383.0,7.49,4.12,9.86
2026-07-07 16:00:00+00:00,0.65,5.26,499.40137264241116,0.61,0.75,0.66,0.38,0.61,420.0,7.21,3.78,9.26
2026-07-07 16:30:00+00:00,0.67,5.48,1121.8991860191547,0.63,0.77,0.47,0.4,0.63,386.0,7.29,4.1,9.56
2026-07-07 17:00:00+00:00,0.65,5.3,977.467416533285,0.6,0.77,0.78,0.39,0.62,403.0,6.2,3.94,8.71
2026-07-07 17:30:00+00:00,0.66,5.25,1092.9631263732015,0.63,0.78,0.43,0.4,0.63,394.0,6.45,4.0200000000000005,9.56
2026-07-07 18:00:00+00:00,0.66,5.13,1246.7889237795778,0.6,0.74,0.55,0.39,0.61,412.0,5.16,3.83,10.02
2026-07-07 18:30:00+00:00,0.66,5.12,1118.8935302051418,0.61,0.76,0.42,0.4,0.62,400.0,5.5600000000000005,3.96,8.89
2026-07-07 19:00:00+00:00,0.68,5.12,1240.5997656112288,0.63,0.78,0.48,0.41,0.64,405.0,5.54,3.91,8.2
2026-07-07 19:30:00+00:00,0.6900000000000001,4.89,1164.3954669986138,0.64,0.78,0.52,0.41,0.64,431.0,4.8,3.68,9.01
2026-07-07 20:00:00+00:00,0.68,4.79,1252.3970841285131,0.62,0.78,0.42,0.4,0.63,432.0,3.65,3.67,8.950000000000001
2026-07-07 20:30:00+00:00,0.66,5.21,1155.3819740150388,0.61,0.79,0.43,0.39,0.62,401.0,7.57,3.95,9.95
2026-07-07 21:00:00+00:00,,,983.0498764956499,0.63,0.78,,,,,,,
2026-07-07 21:30:00+00:00,,,803.2223341635728,,,,,,,,,
2026-07-07 22:00:00+00:00,0.66,4.95,820.1527323197716,0.62,0.78,0.42,0.4,0.63,412.0,6.32,3.85,10.09
2026-07-07 22:30:00+00:00,0.68,5.1000000000000005,860.174689553724,0.65,0.8200000000000001,0.46,0.42,0.66,389.0,6.01,4.08,8.120000000000001
2026-07-07 23:00:00+00:00,,,890.6294814264693,,,,,,,,,
2026-07-07 23:30:00+00:00,,,755.4985607092576,,,,,,,,,
2026-07-08 00:00:00+00:00,,,788.8841633134246,,,,,,,,,
2026-07-08 00:30:00+00:00,,,978.2592323889222,,,,,,,,,
2026-07-08 01:00:00+00:00,,,916.607882813871,,,,,,,,,
2026-07-08 01:30:00+00:00,,,894.8344843620334,,,,,,,,,
2026-07-08 02:00:00+00:00,,,841.5127945232067,,,,,,,,,
2026-07-08 02:30:00+00:00,,,796.8638561734813,,,,,,,,,
2026-07-08 03:00:00+00:00,,,795.1069868894144,,,,,,,,,
2026-07-08 03:30:00+00:00,,,818.9233384104255,,,,,,,,,
2026-07-08 04:00:00+00:00,,,893.430057057274,,,,,,,,,
2026-07-08 04:30:00+00:00,,,951.481313953873,,,,,,,,,
2026-07-08 05:00:00+00:00,,,1040.7262114180407,,,,,,,,,
2026-07-08 05:30:00+00:00,,,1035.5052253821302,,,,,,,,,
2026-07-08 06:00:00+00:00,,,969.3862422505266,,,,,,,,,
2026-07-08 06:30:00+00:00,,,1151.0102934622153,,,,,,,,,
2026-07-08 07:00:00+00:00,,,1219.8270896422632,,,,,,,,,
2026-07-08 07:30:00+00:00,,,1416.533003755088,,,,,,,,,
2026-07-08 08:00:00+00:00,,,1466.7497767940347,,,,,,,,,
2026-07-08 08:30:00+00:00,,,1515.8901303520538,,,,,,,,,
2026-07-08 09:00:00+00:00,,,1270.8069632348981,,,,,,,,,
2026-07-08 09:30:00+00:00,,,1350.5774966540096,,,,,,,,,
2026-07-08 10:00:00+00:00,,,297.16108861689344,,,,,,,,,
2026-07-08 10:30:00+00:00,,,691.8136873879982,,,,,,,,,
2026-07-08 11:00:00+00:00,,,653.0220740030987,,,,,,,,,
2026-07-08 11:30:00+00:00,,,820.9662710482432,,,,,,,,,
2026-07-08 12:00:00+00:00,,,868.889544698461,,,,,,,,,
2026-07-08 12:30:00+00:00,,,78.14558901174865,,,,,,,,,
2026-07-08 13:00:00+00:00,,,2859.808464214884,,,,,,,,,
2026-07-08 13:30:00+00:00,,,11730.788957118655,,,,,,,,,
2026-07-08 14:00:00+00:00,,,7734.531066648447,,,,,,,,,
2026-07-08 14:30:00+00:00,,,3590.1903181355992,,,,,,,,,
2026-07-08 15:00:00+00:00,,,1625.9883822684026,,,,,,,,,
2026-07-08 15:30:00+00:00,,,1631.4454442818655,,,,,,,,,
2026-07-08 16:00:00+00:00,,,1512.7164146798934,,,,,,,,,
2026-07-08 16:30:00+00:00,,,1388.2455211649994,,,,,,,,,
2026-07-08 17:00:00+00:00,,,1369.0954911589772,,,,,,,,,
2026-07-08 17:30:00+00:00,,,1280.784065217166,,,,,,,,,
2026-07-08 18:00:00+00:00,,,1435.605392891663,,,,,,,,,
2026-07-08 18:30:00+00:00,,,1296.9484706043497,,,,,,,,,
2026-07-08 19:00:00+00:00,,,1241.5609431604385,,,,,,,,,
2026-07-08 19:30:00+00:00,,,1368.7542622452881,,,,,,,,,
2026-07-08 20:00:00+00:00,,,1400.7455506375072,,,,,,,,,
2026-07-08 20:30:00+00:00,,,1254.0628529749615,,,,,,,,,
2026-07-08 21:00:00+00:00,,,1124.4422995355765,,,,,,,,,
2026-07-08 21:30:00+00:00,,,1219.5570551072242,,,,,,,,,
2026-07-08 22:00:00+00:00,,,1406.7971644106233,,,,,,,,,
2026-07-08 22:30:00+00:00,,,1411.4778189573824,,,,,,,,,
2026-07-08 23:00:00+00:00,,,1260.7228728072544,,,,,,,,,
2026-07-08 23:30:00+00:00,,,1176.791999944352,,,,,,,,,
2026-07-09 00:00:00+00:00,,,,,,,,,,,,
2026-07-09 00:30:00+00:00,,,1572.5839791172707,,,,,,,,,
2026-07-09 01:00:00+00:00,,,1466.6923556348852,,,,,,,,,
2026-07-09 01:30:00+00:00,,,1375.2611552589876,,,,,,,,,
2026-07-09 02:00:00+00:00,,,1322.4731713308609,,,,,,,,,
2026-07-09 02:30:00+00:00,,,1112.7721001431992,,,,,,,,,
2026-07-09 03:00:00+00:00,,,1061.8325706747885,,,,,,,,,
2026-07-09 03:30:00+00:00,,,1008.6312830604179,,,,,,,,,
2026-07-09 04:00:00+00:00,,,1044.0881029914954,,,,,,,,,
2026-07-09 04:30:00+00:00,,,1145.8935685879935,,,,,,,,,
2026-07-09 05:00:00+00:00,,,1007.7388928865856,,,,,,,,,
2026-07-09 05:30:00+00:00,,,1075.7699987897327,,,,,,,,,
2026-07-09 06:00:00+00:00,,,2051.753309955786,,,,,,,,,
2026-07-09 06:30:00+00:00,,,6513.627002998749,,,,,,,,,
2026-07-09 07:00:00+00:00,,,1456.5401772935554,,,,,,,,,
2026-07-09 07:30:00+00:00,,,1368.1674249133391,,,,,,,,,
2026-07-09 08:00:00+00:00,,,4733.963048218231,,,,,,,,,
2026-07-09 08:30:00+00:00,,,-324.7698432202951,,,,,,,,,
2026-07-09 09:00:00+00:00,,,-1502.434742201676,,,,,,,,,
2026-07-09 09:30:00+00:00,,,-2299.698332857678,,,,,,,,,
2026-07-09 10:00:00+00:00,,,-2118.7961059213344,,,,,,,,,
2026-07-09 10:30:00+00:00,,,1556.0372460783997,,,,,,,,,
2026-07-09 11:00:00+00:00,,,1180.8635249622553,,,,,,,,,
2026-07-09 11:30:00+00:00,,,1222.6185954659652,,,,,,,,,
2026-07-09 12:00:00+00:00,,,1215.6560144687298,,,,,,,,,
2026-07-09 12:30:00+00:00,,,1406.974204528323,,,,,,,,,
2026-07-09 13:00:00+00:00,,,1525.570559884955,,,,,,,,,
2026-07-09 13:30:00+00:00,,,1525.0085973795321,,,,,,,,,
2026-07-09 14:00:00+00:00,,,1404.4693544903305,,,,,,,,,
2026-07-09 14:30:00+00:00,,,1290.4963426449438,,,,,,,,,
2026-07-09 15:00:00+00:00,,,1328.3274000614601,,,,,,,,,
2026-07-09 15:30:00+00:00,,,1421.1578480627377,,,,,,,,,
2026-07-09 16:00:00+00:00,,,1563.748910007682,,,,,,,,,
2026-07-09 16:30:00+00:00,,,1539.756841292343,,,,,,,,,
2026-07-09 17:00:00+00:00,,,1680.0781539622394,,,,,,,,,
2026-07-09 17:30:00+00:00,,,1435.1073695010887,,,,,,,,,
2026-07-09 18:00:00+00:00,,,1415.954344428894,,,,,,,,,
2026-07-09 18:30:00+00:00,,,1207.5310146116137,,,,,,,,,
2026-07-09 19:00:00+00:00,,,1096.8440726807637,,,,,,,,,
2026-07-09 19:30:00+00:00,,,1072.5960929494345,,,,,,,,,
2026-07-09 20:00:00+00:00,,,1160.9932014094816,,,,,,,,,
2026-07-09 20:30:00+00:00,,,1117.4524718355665,,,,,,,,,
2026-07-09 21:00:00+00:00,,,1165.5152577020494,,,,,,,,,
2026-07-09 21:30:00+00:00,,,1174.0066026989196,,,,,,,,,
2026-07-09 22:00:00+00:00,,,1285.2625507856553,,,,,,,,,
2026-07-09 22:30:00+00:00,,,1346.5743889876537,,,,,,,,,
2026-07-09 23:00:00+00:00,,,1286.135478769094,,,,,,,,,
2026-07-09 23:30:00+00:00,,,1266.536141011805,,,,,,,,,
2026-07-10 00:00:00+00:00,,,1324.6336254162127,,,,,,,,,
2026-07-10 00:30:00+00:00,,,1234.2680403546183,,,,,,,,,
2026-07-10 01:00:00+00:00,,,1539.4478831385043,,,,,,,,,
2026-07-10 01:30:00+00:00,,,1487.7530441347444,,,,,,,,,
2026-07-10 02:00:00+00:00,,,1413.858918689736,,,,,,,,,
2026-07-10 02:30:00+00:00,,,1357.4942239526133,,,,,,,,,
2026-07-10 03:00:00+00:00,,,1407.4935811978485,,,,,,,,,
2026-07-10 03:30:00+00:00,,,1298.971379885472,,,,,,,,,
2026-07-10 04:00:00+00:00,,,1208.129792476121,,,,,,,,,
2026-07-10 04:30:00+00:00,,,1156.512575709503,,,,,,,,,
2026-07-10 05:00:00+00:00,,,1126.0770169992381,,,,,,,,,
2026-07-10 05:30:00+00:00,,,1104.1432624278868,,,,,,,,,
2026-07-10 06:00:00+00:00,,,1255.8925714426218,,,,,,,,,
2026-07-10 06:30:00+00:00,,,1195.2302655684432,,,,,,,,,
2026-07-10 07:00:00+00:00,,,1348.4871474791355,,,,,,,,,
2026-07-10 07:30:00+00:00,,,7623.596455255449,,,,,,,,,
2026-07-10 08:00:00+00:00,,,3068.201037217578,,,,,,,,,
2026-07-10 08:30:00+00:00,,,3181.5496042463615,,,,,,,,,
2026-07-10 09:00:00+00:00,,,2871.637103610274,,,,,,,,,
2026-07-10 09:30:00+00:00,,,-421.35339461386246,,,,,,,,,
2026-07-10 10:00:00+00:00,,,635.2690962682992,,,,,,,,,
2026-07-10 10:30:00+00:00,,,5406.659001232157,,,,,,,,,
2026-07-10 11:00:00+00:00,,,3413.5730002918144,,,,,,,,,
2026-07-10 11:30:00+00:00,,,-2236.8051036108163,,,,,,,,,
2026-07-10 12:00:00+00:00,,,-2063.1863056952084,,,,,,,,,
2026-07-10 12:30:00+00:00,,,-1387.7516354373759,,,,,,,,,
2026-07-10 13:00:00+00:00,,,-1269.4098626475409,,,,,,,,,
2026-07-10 13:30:00+00:00,,,1451.385951009252,,,,,,,,,
2026-07-10 14:00:00+00:00,,,1617.682418771477,,,,,,,,,
2026-07-10 14:30:00+00:00,,,1708.4282370872331,,,,,,,,,
2026-07-10 15:00:00+00:00,,,1606.1138069928772,,,,,,,,,
2026-07-10 15:30:00+00:00,,,1357.954519046237,,,,,,,,,
2026-07-10 16:00:00+00:00,,,1332.0881340480266,,,,,,,,,
2026-07-10 16:30:00+00:00,,,1477.985808783287,,,,,,,,,
2026-07-10 17:00:00+00:00,,,1511.9004965781912,,,,,,,,,
2026-07-10 17:30:00+00:00,,,1566.9146522170965,,,,,,,,,
2026-07-10 18:00:00+00:00,,,1547.3525634350476,,,,,,,,,
2026-07-10 18:30:00+00:00,,,1421.0973471307343,,,,,,,,,
2026-07-10 19:00:00+00:00,,,1250.7258847560959,,,,,,,,,
2026-07-10 19:30:00+00:00,,,1182.5990489595101,,,,,,,,,
2026-07-10 20:00:00+00:00,,,1232.3038793162711,,,,,,,,,
2026-07-10 20:30:00+00:00,,,1149.4831447040624,,,,,,,,,
2026-07-10 21:00:00+00:00,,,986.529078392321,,,,,,,,,
2026-07-10 21:30:00+00:00,,,927.9918170867635,,,,,,,,,
2026-07-10 22:00:00+00:00,,,1016.6589263056724,,,,,,,,,
2026-07-10 22:30:00+00:00,,,1125.3099530103668,,,,,,,,,
2026-07-10 23:00:00+00:00,,,1026.6086025705,,,,,,,,,
2026-07-10 23:30:00+00:00,,,880.9145468783012,,,,,,,,,
2026-07-11 00:00:00+00:00,,,747.5118743629693,,,,,,,,,
2026-07-11 00:30:00+00:00,,,930.2943859939364,,,,,,,,,
2026-07-11 01:00:00+00:00,,,912.4112207223629,,,,,,,,,
2026-07-11 01:30:00+00:00,,,908.0797107538651,,,,,,,,,
2026-07-11 02:00:00+00:00,,,1054.5293684417832,,,,,,,,,
2026-07-11 02:30:00+00:00,,,1347.191223105455,,,,,,,,,
2026-07-11 03:00:00+00:00,,,1411.275106099904,,,,,,,,,
2026-07-11 03:30:00+00:00,,,1328.044409379798,,,,,,,,,
2026-07-11 04:00:00+00:00,,,1331.2358627212993,,,,,,,,,
2026-07-11 04:30:00+00:00,,,1124.5475958556237,,,,,,,,,
2026-07-11 05:00:00+00:00,,,1006.9390227953659,,,,,,,,,
2026-07-11 05:30:00+00:00,,,785.8883298988409,,,,,,,,,
2026-07-11 06:00:00+00:00,,,885.1245956589662,,,,,,,,,
2026-07-11 06:30:00+00:00,,,1224.4404006823258,,,,,,,,,
2026-07-11 07:00:00+00:00,,,1148.5831977890784,,,,,,,,,
2026-07-11 07:30:00+00:00,,,1145.7772295194725,,,,,,,,,
2026-07-11 08:00:00+00:00,,,1461.8706158682003,,,,,,,,,
2026-07-11 08:30:00+00:00,,,1327.8254357898954,,,,,,,,,
2026-07-11 09:00:00+00:00,,,1378.4866067629332,,,,,,,,,
2026-07-11 09:30:00+00:00,,,1438.65329659083,,,,,,,,,
2026-07-11 10:00:00+00:00,,,1339.737692115466,,,,,,,,,
2026-07-11 10:30:00+00:00,,,1316.9193927198214,,,,,,,,,
2026-07-11 11:00:00+00:00,,,1335.6860235664676,,,,,,,,,
2026-07-11 11:30:00+00:00,,,1345.4260121755694,,,,,,,,,
2026-07-11 12:00:00+00:00,,,1307.2996912761785,,,,,,,,,
2026-07-11 12:30:00+00:00,,,1178.724906423558,,,,,,,,,
2026-07-11 13:00:00+00:00,,,1213.7099314648096,,,,,,,,,
2026-07-11 13:30:00+00:00,,,1230.0471812504888,,,,,,,,,
2026-07-11 14:00:00+00:00,,,1311.7402866447733,,,,,,,,,
2026-07-11 14:30:00+00:00,,,1399.7278037938827,,,,,,,,,
2026-07-11 15:00:00+00:00,,,1507.4706293523952,,,,,,,,,
2026-07-11 15:30:00+00:00,,,1601.6317587480964,,,,,,,,,
2026-07-11 16:00:00+00:00,,,1752.0410384848112,,,,,,,,,
2026-07-11 16:30:00+00:00,,,1722.6357459084354,,,,,,,,,
2026-07-11 17:00:00+00:00,,,1697.0224743171746,,,,,,,,,
2026-07-11 17:30:00+00:00,,,1522.6178505531914,,,,,,,,,
2026-07-11 18:00:00+00:00,,,1365.7954279765554,,,,,,,,,
2026-07-11 18:30:00+00:00,,,1247.9317133792492,,,,,,,,,
2026-07-11 19:00:00+00:00,,,1161.5718296762186,,,,,,,,,
2026-07-11 19:30:00+00:00,,,1144.1434205178755,,,,,,,,,
2026-07-11 20:00:00+00:00,,,1321.6945063589556,,,,,,,,,
2026-07-11 20:30:00+00:00,,,1157.8346510941253,,,,,,,,,
2026-07-11 21:00:00+00:00,,,998.4470094751391,,,,,,,,,
2026-07-11 21:30:00+00:00,,,932.4285448271493,,,,,,,,,
2026-07-11 22:00:00+00:00,,,989.8102947283575,,,,,,,,,
2026-07-11 22:30:00+00:00,,,962.8252221686638,,,,,,,,,
2026-07-11 23:00:00+00:00,,,906.0375025988549,,,,,,,,,
2026-07-11 23:30:00+00:00,,,855.6614964026951,,,,,,,,,
2026-07-12 00:00:00+00:00,,,857.24940766607,,,,,,,,,
2026-07-12 00:30:00+00:00,,,900.0622111485317,,,,,,,,,
2026-07-12 01:00:00+00:00,,,1099.442000094716,,,,,,,,,
2026-07-12 01:30:00+00:00,,,972.1494494930703,,,,,,,,,
2026-07-12 02:00:00+00:00,,,960.66341300148,,,,,,,,,
2026-07-12 02:30:00+00:00,,,866.2039935976748,,,,,,,,,
2026-07-12 03:00:00+00:00,,,1024.2187457690927,,,,,,,,,
2026-07-12 03:30:00+00:00,,,1243.6000837407546,,,,,,,,,
2026-07-12 04:00:00+00:00,,,1191.8255984515051,,,,,,,,,
2026-07-12 04:30:00+00:00,,,1274.5681233211121,,,,,,,,,
2026-07-12 05:00:00+00:00,,,1434.0535740611301,,,,,,,,,
2026-07-12 05:30:00+00:00,,,1335.0377862974349,,,,,,,,,
2026-07-12 06:00:00+00:00,,,1454.848611309192,,,,,,,,,
2026-07-12 06:30:00+00:00,,,1467.86209225377,,,,,,,,,
2026-07-12 07:00:00+00:00,,,1324.3200808263325,,,,,,,,,
2026-07-12 07:30:00+00:00,,,1380.96216994366,,,,,,,,,
2026-07-12 08:00:00+00:00,,,1327.6459738969304,,,,,,,,,
2026-07-12 08:30:00+00:00,,,1355.9890853499962,,,,,,,,,
2026-07-12 09:00:00+00:00,,,1376.0146380702427,,,,,,,,,
2026-07-12 09:30:00+00:00,,,1569.5288872610315,,,,,,,,,
2026-07-12 10:00:00+00:00,,,1733.9675691170341,,,,,,,,,
2026-07-12 10:30:00+00:00,,,1694.5675373219317,,,,,,,,,
2026-07-12 11:00:00+00:00,,,1650.6346252766646,,,,,,,,,
2026-07-12 11:30:00+00:00,,,1463.4189715204052,,,,,,,,,
2026-07-12 12:00:00+00:00,,,1358.045681005038,,,,,,,,,
2026-07-12 12:30:00+00:00,,,1172.361178918314,,,,,,,,,
2026-07-12 13:00:00+00:00,,,1326.4033430041388,,,,,,,,,
2026-07-12 13:30:00+00:00,,,1302.5568615531433,,,,,,,,,
2026-07-12 14:00:00+00:00,,,1266.0087425556437,,,,,,,,,
2026-07-12 14:30:00+00:00,,,1363.8911852949973,,,,,,,,,
2026-07-12 15:00:00+00:00,,,1230.2169962371845,,,,,,,,,
2026-07-12 15:30:00+00:00,,,1285.870005696106,,,,,,,,,
2026-07-12 16:00:00+00:00,,,1659.0572189082393,,,,,,,,,
2026-07-12 16:30:00+00:00,,,1734.8819858800232,,,,,,,,,
2026-07-12 17:00:00+00:00,,,1632.3603978340723,,,,,,,,,
2026-07-12 17:30:00+00:00,,,1646.3445694165223,,,,,,,,,
2026-07-12 18:00:00+00:00,,,1400.4560381088745,,,,,,,,,
2026-07-12 18:30:00+00:00,,,1470.157459442017,,,,,,,,,
2026-07-12 19:00:00+00:00,,,1336.510175504532,,,,,,,,,
2026-07-12 19:30:00+00:00,,,1277.8423079331183,,,,,,,,,
2026-07-12 20:00:00+00:00,,,1192.3493804338664,,,,,,,,,
2026-07-12 20:30:00+00:00,,,1192.58326831381,,,,,,,,,
2026-07-12 21:00:00+00:00,,,1044.0324291431816,,,,,,,,,
2026-07-12 21:30:00+00:00,,,973.4361606637713,,,,,,,,,
2026-07-12 22:00:00+00:00,,,1045.377765511514,,,,,,,,,
2026-07-12 22:30:00+00:00,,,986.8968772363876,,,,,,,,,
2026-07-12 23:00:00+00:00,,,933.8112547958685,,,,,,,,,
2026-07-12 23:30:00+00:00,,,891.6644423437593,,,,,,,,,
2026-07-13 00:00:00+00:00,,,889.3509404174367,,,,,,,,,
2026-07-13 00:30:00+00:00,,,928.666038233808,,,,,,,,,
2026-07-13 01:00:00+00:00,,,1072.200491467113,,,,,,,,,
2026-07-13 01:30:00+00:00,,,954.1658150386777,,,,,,,,,
2026-07-13 02:00:00+00:00,,,901.5370907899468,,,,,,,,,
2026-07-13 02:30:00+00:00,,,897.5915333548885,,,,,,,,,
2026-07-13 03:00:00+00:00,,,900.2751775410289,,,,,,,,,
2026-07-13 03:30:00+00:00,,,883.9768196550123,,,,,,,,,
2026-07-13 04:00:00+00:00,,,1169.9265747650525,,,,,,,,,
2026-07-13 04:30:00+00:00,,,1547.5931969936187,,,,,,,,,
2026-07-13 05:00:00+00:00,,,1276.3864288403145,,,,,,,,,
2026-07-13 05:30:00+00:00,,,1242.5988228273,,,,,,,,,
2026-07-13 06:00:00+00:00,,,1386.2453683146375,,,,,,,,,
2026-07-13 06:30:00+00:00,,,1476.2421209509912,,,,,,,,,
2026-07-13 07:00:00+00:00,,,1170.0424924281842,,,,,,,,,
2026-07-13 07:30:00+00:00,,,1325.1009450816503,,,,,,,,,
2026-07-13 08:00:00+00:00,,,1411.5528129017748,,,,,,,,,
2026-07-13 08:30:00+00:00,,,1274.433048969581,,,,,,,,,
2026-07-13 09:00:00+00:00,,,1427.2095305394585,,,,,,,,,
2026-07-13 09:30:00+00:00,,,1501.7245310562848,,,,,,,,,
2026-07-13 10:00:00+00:00,,,1271.5184293629075,,,,,,,,,
2026-07-13 10:30:00+00:00,,,1270.4846482549513,,,,,,,,,
2026-07-13 11:00:00+00:00,,,1288.2141620707619,,,,,,,,,
2026-07-13 11:30:00+00:00,,,1351.631081358459,,,,,,,,,
2026-07-13 12:00:00+00:00,,,1385.1079583772892,,,,,,,,,
2026-07-13 12:30:00+00:00,,,1450.9709073645056,,,,,,,,,
2026-07-13 13:00:00+00:00,,,2190.091273813802,,,,,,,,,
2026-07-13 13:30:00+00:00,,,2388.2533001765682,,,,,,,,,
2026-07-13 14:00:00+00:00,,,1534.4800889800608,,,,,,,,,
2026-07-13 14:30:00+00:00,,,1613.0073395013717,,,,,,,,,
2026-07-13 15:00:00+00:00,,,1449.505078042271,,,,,,,,,
2026-07-13 15:30:00+00:00,,,1483.122819732247,,,,,,,,,
2026-07-13 16:00:00+00:00,,,1331.7713522919344,,,,,,,,,
2026-07-13 16:30:00+00:00,,,1402.5006246472208,,,,,,,,,
2026-07-13 17:00:00+00:00,,,1618.6014617517317,,,,,,,,,
2026-07-13 17:30:00+00:00,,,1508.7081713080922,,,,,,,,,
2026-07-13 18:00:00+00:00,,,1517.5928719039196,,,,,,,,,
2026-07-13 18:30:00+00:00,,,1429.5559175257988,,,,,,,,,
2026-07-13 19:00:00+00:00,,,1362.4347702032148,,,,,,,,,
2026-07-13 19:30:00+00:00,,,1250.013121427292,,,,,,,,,
2026-07-13 20:00:00+00:00,,,1265.1136367162985,,,,,,,,,
2026-07-13 20:30:00+00:00,,,1207.9459444467773,,,,,,,,,
2026-07-13 21:00:00+00:00,,,1116.9767833791539,,,,,,,,,
2026-07-13 21:30:00+00:00,,,882.4191218080438,,,,,,,,,
2026-07-13 22:00:00+00:00,,,1080.4821844404653,,,,,,,,,
2026-07-13 22:30:00+00:00,,,1017.0875389730439,,,,,,,,,
2026-07-13 23:00:00+00:00,,,1249.6936642316643,,,,,,,,,
2026-07-13 23:30:00+00:00,,,1029.5399498475615,,,,,,,,,
2026-07-14 00:00:00+00:00,,,901.5700955337862,,,,,,,,,
2026-07-14 00:30:00+00:00,,,798.6203241865422,,,,,,,,,
2026-07-14 01:00:00+00:00,,,823.6203763844342,,,,,,,,,
2026-07-14 01:30:00+00:00,,,918.4133384370258,,,,,,,,,
2026-07-14 02:00:00+00:00,,,886.0205767224722,,,,,,,,,
2026-07-14 02:30:00+00:00,,,838.567759326526,,,,,,,,,
2026-07-14 03:00:00+00:00,,,786.3344444348817,,,,,,,,,
2026-07-14 03:30:00+00:00,,,825.842297929259,,,,,,,,,
2026-07-14 04:00:00+00:00,,,826.4908489681925,,,,,,,,,
2026-07-14 04:30:00+00:00,,,869.2023771249674,,,,,,,,,
2026-07-14 05:00:00+00:00,,,1405.608460667483,,,,,,,,,
2026-07-14 05:30:00+00:00,,,1378.7232175212798,,,,,,,,,
2026-07-14 06:00:00+00:00,,,1382.193541344413,,,,,,,,,
2026-07-14 06:30:00+00:00,,,2160.323437768239,,,,,,,,,
2026-07-14 07:00:00+00:00,,,2535.633618574447,,,,,,,,,
2026-07-14 07:30:00+00:00,,,2434.3778738997003,,,,,,,,,
2026-07-14 08:00:00+00:00,,,1649.0621402058534,,,,,,,,,
2026-07-14 08:30:00+00:00,,,1957.024337478048,,,,,,,,,
2026-07-14 09:00:00+00:00,,,5251.008141220536,,,,,,,,,
2026-07-14 09:30:00+00:00,,,6627.751076254215,,,,,,,,,
2026-07-14 10:00:00+00:00,,,1255.030526563568,,,,,,,,,
2026-07-14 10:30:00+00:00,,,1346.9670407850374,,,,,,,,,
2026-07-14 11:00:00+00:00,,,1434.2649584343087,,,,,,,,,
2026-07-14 11:30:00+00:00,,,502.5039547298276,,,,,,,,,
2026-07-14 12:00:00+00:00,,,122.00250281931056,,,,,,,,,
2026-07-14 12:30:00+00:00,,,-68.1797744346565,,,,,,,,,
2026-07-14 13:00:00+00:00,,,-2.489645399683406,,,,,,,,,
2026-07-14 13:30:00+00:00,,,-43.01105741899866,,,,,,,,,
2026-07-14 14:00:00+00:00,,,-134.1160157379119,,,,,,,,,
2026-07-14 14:30:00+00:00,,,746.3705184127793,,,,,,,,,
2026-07-14 15:00:00+00:00,,,1382.343214659209,,,,,,,,,
2026-07-14 15:30:00+00:00,,,1236.126283411401,,,,,,,,,
2026-07-14 16:00:00+00:00,,,1097.652464665683,,,,,,,,,
2026-07-14 16:30:00+00:00,,,1046.9219449057684,,,,,,,,,
2026-07-14 17:00:00+00:00,,,1008.3112855302171,,,,,,,,,
2026-07-14 17:30:00+00:00,,,928.8714526710847,,,,,,,,,
2026-07-14 18:00:00+00:00,,,1163.8109693891267,,,,,,,,,
2026-07-14 18:30:00+00:00,,,1265.8555867852253,,,,,,,,,
2026-07-14 19:00:00+00:00,,,1297.9688669733648,,,,,,,,,
2026-07-14 19:30:00+00:00,,,1186.6341774366774,,,,,,,,,
2026-07-14 20:00:00+00:00,,,1077.570721891293,,,,,,,,,
2026-07-14 20:30:00+00:00,,,906.375871934018,,,,,,,,,
2026-07-14 21:00:00+00:00,,,1180.1867180196284,,,,,,,,,
2026-07-14 21:30:00+00:00,,,927.0045228537733,,,,,,,,,
2026-07-14 22:00:00+00:00,,,785.5602354112052,,,,,,,,,
2026-07-14 22:30:00+00:00,,,779.4588699440218,,,,,,,,,
2026-07-14 23:00:00+00:00,,,975.3504013686913,,,,,,,,,
2026-07-14 23:30:00+00:00,,,836.8355321722496,,,,,,,,,
2026-07-15 00:00:00+00:00,,,816.3281692410396,,,,,,,,,
2026-07-15 00:30:00+00:00,,,728.5321866895652,,,,,,,,,
2026-07-15 01:00:00+00:00,,,741.5050075444433,,,,,,,,,
2026-07-15 01:30:00+00:00,,,1001.2963447067475,,,,,,,,,
2026-07-15 02:00:00+00:00,,,1008.4999799389658,,,,,,,,,
2026-07-15 02:30:00+00:00,,,901.9693110765505,,,,,,,,,
2026-07-15 03:00:00+00:00,,,954.7578431787344,,,,,,,,,
2026-07-15 03:30:00+00:00,,,958.13958614621,,,,,,,,,
2026-07-15 04:00:00+00:00,,,1023.1181212415675,,,,,,,,,
2026-07-15 04:30:00+00:00,,,1048.6273660365794,,,,,,,,,
2026-07-15 05:00:00+00:00,,,827.2610209732625,,,,,,,,,
2026-07-15 05:30:00+00:00,,,838.8075776267807,,,,,,,,,
2026-07-15 06:00:00+00:00,,,1332.6860776602466,,,,,,,,,
2026-07-15 06:30:00+00:00,,,1451.2261964252157,,,,,,,,,
2026-07-15 07:00:00+00:00,,,1405.0360453075375,,,,,,,,,
2026-07-15 07:30:00+00:00,,,9671.703486892777,,,,,,,,,
2026-07-15 08:00:00+00:00,,,1301.4290821935633,,,,,,,,,
2026-07-15 08:30:00+00:00,,,1211.0162872095232,,,,,,,,,
2026-07-15 09:00:00+00:00,,,1019.4279439056631,,,,,,,,,
2026-07-15 09:30:00+00:00,,,1146.4342296274626,,,,,,,,,
2026-07-15 10:00:00+00:00,,,1402.6149068558036,,,,,,,,,
2026-07-15 10:30:00+00:00,,,8234.815311525415,,,,,,,,,
2026-07-15 11:00:00+00:00,,,1122.733653613764,,,,,,,,,
2026-07-15 11:30:00+00:00,,,2413.513613958349,,,,,,,,,
2026-07-15 12:00:00+00:00,,,2227.5371503000397,,,,,,,,,
2026-07-15 12:30:00+00:00,,,2705.7437773076103,,,,,,,,,
2026-07-15 13:00:00+00:00,,,2631.2057586591377,,,,,,,,,
2026-07-15 13:30:00+00:00,,,2522.318343965499,,,,,,,,,
2026-07-15 14:00:00+00:00,,,4232.5613540303075,,,,,,,,,
2026-07-15 14:30:00+00:00,,,1480.9741095762133,,,,,,,,,
2026-07-15 15:00:00+00:00,,,-1618.303926824247,,,,,,,,,
2026-07-15 15:30:00+00:00,,,-123.1080848878748,,,,,,,,,
2026-07-15 16:00:00+00:00,,,1573.3115874791329,,,,,,,,,
2026-07-15 16:30:00+00:00,,,1264.9644779636044,,,,,,,,,
2026-07-15 17:00:00+00:00,,,1152.760688544217,,,,,,,,,
2026-07-15 17:30:00+00:00,,,819.9045933688741,,,,,,,,,
2026-07-15 18:00:00+00:00,,,5.527372455353824,,,,,,,,,
2026-07-15 18:30:00+00:00,,,64.40420097605467,,,,,,,,,
2026-07-15 19:00:00+00:00,,,3.474179428319344,,,,,,,,,
2026-07-15 19:30:00+00:00,,,-285.9373385228276,,,,,,,,,
2026-07-15 20:00:00+00:00,,,-287.3153645978533,,,,,,,,,
2026-07-15 20:30:00+00:00,,,-129.7161623256266,,,,,,,,,
2026-07-15 21:00:00+00:00,,,-169.61042066056433,,,,,,,,,
2026-07-15 21:30:00+00:00,,,-283.88805922129484,,,,,,,,,
2026-07-15 22:00:00+00:00,,,-356.5948092206451,,,,,,,,,
2026-07-15 22:30:00+00:00,,,-116.34530209688282,,,,,,,,,
2026-07-15 23:00:00+00:00,,,-181.5985082131159,,,,,,,,,
2026-07-15 23:30:00+00:00,,,-289.55745030670477,,,,,,,,,
2026-07-16 00:00:00+00:00,,,,,,,,,,,,
2026-07-16 00:30:00+00:00,,,-452.1409499019909,,,,,,,,,
2026-07-16 01:00:00+00:00,,,-210.36500414576244,,,,,,,,,
2026-07-16 01:30:00+00:00,,,-235.84512476159526,,,,,,,,,
2026-07-16 02:00:00+00:00,,,-289.0663879903507,,,,,,,,,
2026-07-16 02:30:00+00:00,,,-310.32103416475417,,,,,,,,,
2026-07-16 03:00:00+00:00,,,-285.1009003022761,,,,,,,,,
2026-07-16 03:30:00+00:00,,,-283.0046323308903,,,,,,,,,
2026-07-16 04:00:00+00:00,,,-259.46415698488414,,,,,,,,,
2026-07-16 04:30:00+00:00,,,-272.08958342700623,,,,,,,,,
2026-07-16 05:00:00+00:00,,,-167.2105086505201,,,,,,,,,
2026-07-16 05:30:00+00:00,,,-121.04846896499984,,,,,,,,,
2026-07-16 06:00:00+00:00,,,-149.4223207686849,,,,,,,,,
2026-07-16 06:30:00+00:00,,,136.260793820509,,,,,,,,,
2026-07-16 07:00:00+00:00,,,79.98189222404297,,,,,,,,,
2026-07-16 07:30:00+00:00,,,160131.61698755852,,,,,,,,,
2026-07-16 08:00:00+00:00,,,189025.52464813742,,,,,,,,,
2026-07-16 08:30:00+00:00,,,197087.67523284288,,,,,,,,,
2026-07-16 09:00:00+00:00,,,188909.61490180134,,,,,,,,,
2026-07-16 09:30:00+00:00,,,182630.25225699382,,,,,,,,,
2026-07-16 10:00:00+00:00,,,168782.83412242803,,,,,,,,,
2026-07-16 10:30:00+00:00,,,155349.5530953365,,,,,,,,,
2026-07-16 11:00:00+00:00,,,163029.4015309807,,,,,,,,,
2026-07-16 11:30:00+00:00,,,166420.3388982786,,,,,,,,,
2026-07-16 12:00:00+00:00,,,191279.85522934407,,,,,,,,,
2026-07-16 12:30:00+00:00,,,171207.61133113224,,,,,,,,,
2026-07-16 13:00:00+00:00,,,159539.69861359004,,,,,,,,,
2026-07-16 13:30:00+00:00,,,145790.10473071292,,,,,,,,,
2026-07-16 14:00:00+00:00,,,40634.13957505533,,,,,,,,,
2026-07-16 14:30:00+00:00,,,289.0655846600568,,,,,,,,,
2026-07-16 15:00:00+00:00,,,176.44397674440327,,,,,,,,,
2026-07-16 15:30:00+00:00,,,69.6277966767743,,,,,,,,,
2026-07-16 16:00:00+00:00,,,24.393847743991586,,,,,,,,,
2026-07-16 16:30:00+00:00,,,308.50559235145806,,,,,,,,,
2026-07-16 17:00:00+00:00,,,306.96369438695865,,,,,,,,,
2026-07-16 17:30:00+00:00,,,329.0325324866385,,,,,,,,,
2026-07-16 18:00:00+00:00,,,396.9439198444909,,,,,,,,,
2026-07-16 18:30:00+00:00,,,10.781830575501079,,,,,,,,,
2026-07-16 19:00:00+00:00,,,102.6220015011719,,,,,,,,,
2026-07-16 19:30:00+00:00,,,87.39897989029687,,,,,,,,,
2026-07-16 20:00:00+00:00,,,-112.18987340930698,,,,,,,,,
2026-07-16 20:30:00+00:00,,,-119.86116953401238,,,,,,,,,
2026-07-16 21:00:00+00:00,,,-105.68634156392291,,,,,,,,,
2026-07-16 21:30:00+00:00,,,-264.4756863791047,,,,,,,,,
2026-07-16 22:00:00+00:00,,,-82.15389089955326,,,,,,,,,
2026-07-16 22:30:00+00:00,,,-156.2344811866567,,,,,,,,,
2026-07-16 23:00:00+00:00,,,41.55855752186017,,,,,,,,,
2026-07-16 23:30:00+00:00,,,0.14146837519997213,,,,,,,,,
2026-07-17 00:00:00+00:00,,,-36.72692668347783,,,,,,,,,
2026-07-17 00:30:00+00:00,,,-16.36494401955101,,,,,,,,,
2026-07-17 01:00:00+00:00,,,72271.98330996289,,,,,,,,,
2026-07-17 01:30:00+00:00,,,137190.36309664726,,,,,,,,,
2026-07-17 02:00:00+00:00,,,125106.14835974129,,,,,,,,,
2026-07-17 02:30:00+00:00,,,132123.14187561302,,,,,,,,,
2026-07-17 03:00:00+00:00,,,135922.87700361587,,,,,,,,,
2026-07-17 03:30:00+00:00,,,136225.47360673768,,,,,,,,,
2026-07-17 04:00:00+00:00,,,138110.76484232975,,,,,,,,,
2026-07-17 04:30:00+00:00,,,130933.52542444212,,,,,,,,,
2026-07-17 05:00:00+00:00,,,132384.89283523682,,,,,,,,,
2026-07-17 05:30:00+00:00,,,147889.5110706959,,,,,,,,,
2026-07-17 06:00:00+00:00,,,146331.6818037375,,,,,,,,,
2026-07-17 06:30:00+00:00,,,157789.81492177912,,,,,,,,,
2026-07-17 07:00:00+00:00,,,157975.88542614132,,,,,,,,,
2026-07-17 07:30:00+00:00,,,142940.23040087087,,,,,,,,,
2026-07-17 08:00:00+00:00,,,156391.88193649182,,,,,,,,,
2026-07-17 08:30:00+00:00,,,205953.36618765772,,,,,,,,,
2026-07-17 09:00:00+00:00,,,36805.1837736914,,,,,,,,,
2026-07-17 09:30:00+00:00,,,144.63150891749243,,,,,,,,,
2026-07-17 10:00:00+00:00,,,1605.804749932568,,,,,,,,,
2026-07-17 10:30:00+00:00,,,1632.97216878496,,,,,,,,,
2026-07-17 11:00:00+00:00,,,1428.1118418869896,,,,,,,,,
2026-07-17 11:30:00+00:00,,,1458.063253218561,,,,,,,,,
2026-07-17 12:00:00+00:00,,,1616.7606997919795,,,,,,,,,
2026-07-17 12:30:00+00:00,,,1592.411599593018,,,,,,,,,
2026-07-17 13:00:00+00:00,,,209.28041972821518,,,,,,,,,
2026-07-17 13:30:00+00:00,,,69.23516567961491,,,,,,,,,
2026-07-17 14:00:00+00:00,,,68.03662077949495,,,,,,,,,
2026-07-17 14:30:00+00:00,,,-2.9826600927050144,,,,,,,,,
2026-07-17 15:00:00+00:00,,,234.67011692586146,,,,,,,,,
2026-07-17 15:30:00+00:00,,,1364.8395569595787,,,,,,,,,
2026-07-17 16:00:00+00:00,,,1532.5388468708213,,,,,,,,,
2026-07-17 16:30:00+00:00,,,1345.9964434344724,,,,,,,,,
2026-07-17 17:00:00+00:00,,,1501.758441308253,,,,,,,,,
2026-07-17 17:30:00+00:00,,,1464.6396091716983,,,,,,,,,
2026-07-17 18:00:00+00:00,,,1514.4542993540404,,,,,,,,,
2026-07-17 18:30:00+00:00,,,1469.0136159382446,,,,,,,,,
2026-07-17 19:00:00+00:00,,,1593.4987384241138,,,,,,,,,
2026-07-17 19:30:00+00:00,,,1558.6775970663596,,,,,,,,,
2026-07-17 20:00:00+00:00,,,1380.6099440687651,,,,,,,,,
2026-07-17 20:30:00+00:00,,,1168.7549452675473,,,,,,,,,
2026-07-17 21:00:00+00:00,,,1063.1026201212114,,,,,,,,,
2026-07-17 21:30:00+00:00,,,1085.6742884358,,,,,,,,,
2026-07-17 22:00:00+00:00,,,1009.8679866221241,,,,,,,,,
2026-07-17 22:30:00+00:00,,,1162.8974555105167,,,,,,,,,
2026-07-17 23:00:00+00:00,,,1446.128444584608,,,,,,,,,
2026-07-17 23:30:00+00:00,,,1484.548564777156,,,,,,,,,
2026-07-18 00:00:00+00:00,,,1468.5791565956663,,,,,,,,,
2026-07-18 00:30:00+00:00,,,1366.6323026884263,,,,,,,,,
2026-07-18 01:00:00+00:00,,,1322.9678010669454,,,,,,,,,
2026-07-18 01:30:00+00:00,,,1240.0071389225247,,,,,,,,,
2026-07-18 02:00:00+00:00,,,1177.809158331681,,,,,,,,,
2026-07-18 02:30:00+00:00,,,1082.4747940547845,,,,,,,,,
2026-07-18 03:00:00+00:00,,,1071.7215828797005,,,,,,,,,
2026-07-18 03:30:00+00:00,,,1034.7093915607675,,,,,,,,,
2026-07-18 04:00:00+00:00,,,1220.8349057794996,,,,,,,,,
2026-07-18 04:30:00+00:00,,,1226.3895325740398,,,,,,,,,
2026-07-18 05:00:00+00:00,,,898.3902809028839,,,,,,,,,
2026-07-18 05:30:00+00:00,,,772.9694602578329,,,,,,,,,
2026-07-18 06:00:00+00:00,,,969.136422373631,,,,,,,,,
2026-07-18 06:30:00+00:00,,,1292.4944900478047,,,,,,,,,
2026-07-18 07:00:00+00:00,,,1494.7329107003502,,,,,,,,,
2026-07-18 07:30:00+00:00,,,1376.8455665489523,,,,,,,,,
2026-07-18 08:00:00+00:00,,,1688.5507268417673,,,,,,,,,
2026-07-18 08:30:00+00:00,,,1521.369230346911,,,,,,,,,
2026-07-18 09:00:00+00:00,,,1391.7268520762768,,,,,,,,,
2026-07-18 09:30:00+00:00,,,1447.7847007704297,,,,,,,,,
2026-07-18 10:00:00+00:00,,,1344.8086350615959,,,,,,,,,
2026-07-18 10:30:00+00:00,,,1252.5291243791048,,,,,,,,,
2026-07-18 11:00:00+00:00,,,1237.3316741903327,,,,,,,,,
2026-07-18 11:30:00+00:00,,,1375.055055269494,,,,,,,,,
2026-07-18 12:00:00+00:00,,,1305.7382028007585,,,,,,,,,
2026-07-18 12:30:00+00:00,,,1250.7158836865399,,,,,,,,,
2026-07-18 13:00:00+00:00,,,1407.3608212746578,,,,,,,,,
2026-07-18 13:30:00+00:00,,,1498.0704862483742,,,,,,,,,
2026-07-18 14:00:00+00:00,,,1372.398003937736,,,,,,,,,
2026-07-18 14:30:00+00:00,,,1335.434336517178,,,,,,,,,
2026-07-18 15:00:00+00:00,,,1285.8573607775209,,,,,,,,,
2026-07-18 15:30:00+00:00,,,1257.6522272438094,,,,,,,,,
2026-07-18 16:00:00+00:00,,,1196.4608682400183,,,,,,,,,
2026-07-18 16:30:00+00:00,,,1324.3132399763222,,,,,,,,,
2026-07-18 17:00:00+00:00,,,1358.6983195063813,,,,,,,,,
2026-07-18 17:30:00+00:00,,,1078.2684799088806,,,,,,,,,
2026-07-18 18:00:00+00:00,,,1199.5921423538246,,,,,,,,,
2026-07-18 18:30:00+00:00,,,1328.1819855767244,,,,,,,,,
2026-07-18 19:00:00+00:00,,,1277.0160723899976,,,,,,,,,
2026-07-18 19:30:00+00:00,,,1211.4254290680738,,,,,,,,,
2026-07-18 20:00:00+00:00,,,1246.3448761217724,,,,,,,,,
2026-07-18 20:30:00+00:00,,,1134.402385344085,,,,,,,,,
2026-07-18 21:00:00+00:00,,,1162.3987766678279,,,,,,,,,
2026-07-18 21:30:00+00:00,,,1061.5447775469481,,,,,,,,,
2026-07-18 22:00:00+00:00,,,994.4383058219839,,,,,,,,,
2026-07-18 22:30:00+00:00,,,981.1847374490615,,,,,,,,,
2026-07-18 23:00:00+00:00,,,1055.66799870637,,,,,,,,,
2026-07-18 23:30:00+00:00,,,944.9794733463413,,,,,,,,,
2026-07-19 00:00:00+00:00,,,1120.3634409971041,,,,,,,,,
2026-07-19 00:30:00+00:00,,,1186.897603565571,,,,,,,,,
2026-07-19 01:00:00+00:00,,,1027.1343482412258,,,,,,,,,
2026-07-19 01:30:00+00:00,,,936.2186087602836,,,,,,,,,
2026-07-19 02:00:00+00:00,,,967.2475158637077,,,,,,,,,
2026-07-19 02:30:00+00:00,,,914.8162409490399,,,,,,,,,
2026-07-19 03:00:00+00:00,,,893.1142402788844,,,,,,,,,
2026-07-19 03:30:00+00:00,,,854.3009434854326,,,,,,,,,
2026-07-19 04:00:00+00:00,,,906.357489827664,,,,,,,,,
2026-07-19 04:30:00+00:00,,,851.8978675405752,,,,,,,,,
2026-07-19 05:00:00+00:00,,,867.3289337422173,,,,,,,,,
2026-07-19 05:30:00+00:00,,,929.7744063988121,,,,,,,,,
2026-07-19 06:00:00+00:00,,,1272.8514109723635,,,,,,,,,
2026-07-19 06:30:00+00:00,,,1364.3320029171616,,,,,,,,,
2026-07-19 07:00:00+00:00,,,1291.3044919542376,,,,,,,,,
2026-07-19 07:30:00+00:00,,,1400.7186783939217,,,,,,,,,
2026-07-19 08:00:00+00:00,,,1480.678624702504,,,,,,,,,
2026-07-19 08:30:00+00:00,,,1562.8627452808955,,,,,,,,,
2026-07-19 09:00:00+00:00,,,1435.9457426411134,,,,,,,,,
2026-07-19 09:30:00+00:00,,,1435.717066872142,,,,,,,,,
2026-07-19 10:00:00+00:00,,,1480.7500029394985,,,,,,,,,
2026-07-19 10:30:00+00:00,,,1513.8092648825946,,,,,,,,,
2026-07-19 11:00:00+00:00,,,1628.9356892257485,,,,,,,,,
2026-07-19 11:30:00+00:00,,,1334.0808096170251,,,,,,,,,
2026-07-19 12:00:00+00:00,,,1293.7117182475354,,,,,,,,,
2026-07-19 12:30:00+00:00,,,1363.7266513758577,,,,,,,,,
2026-07-19 13:00:00+00:00,,,1295.3844464504257,,,,,,,,,
2026-07-19 13:30:00+00:00,,,1233.2329546315068,,,,,,,,,
2026-07-19 14:00:00+00:00,,,1284.9020644398752,,,,,,,,,
2026-07-19 14:30:00+00:00,,,1349.1612696845561,,,,,,,,,
2026-07-19 15:00:00+00:00,,,1453.3899275994809,,,,,,,,,
2026-07-19 15:30:00+00:00,,,1417.776642018135,,,,,,,,,
2026-07-19 16:00:00+00:00,,,1486.840126545454,,,,,,,,,
2026-07-19 16:30:00+00:00,,,1470.4957627514477,,,,,,,,,
2026-07-19 17:00:00+00:00,,,1571.970366854626,,,,,,,,,
2026-07-19 17:30:00+00:00,,,1384.3031316669537,,,,,,,,,
2026-07-19 18:00:00+00:00,,,1205.4253643070417,,,,,,,,,
2026-07-19 18:30:00+00:00,,,1210.9912846686238,,,,,,,,,
2026-07-19 19:00:00+00:00,,,1000.7561961063782,,,,,,,,,
2026-07-19 19:30:00+00:00,,,909.7306988048178,,,,,,,,,
2026-07-19 20:00:00+00:00,,,1093.6111223437078,,,,,,,,,
2026-07-19 20:30:00+00:00,,,1035.4108871862552,,,,,,,,,
2026-07-19 21:00:00+00:00,,,928.5468023677508,,,,,,,,,
2026-07-19 21:30:00+00:00,,,1129.5463344102848,,,,,,,,,
2026-07-19 22:00:00+00:00,,,1157.4751201049364,,,,,,,,,
2026-07-19 22:30:00+00:00,,,1131.4333542760205,,,,,,,,,
2026-07-19 23:00:00+00:00,,,983.0847845002365,,,,,,,,,
2026-07-19 23:30:00+00:00,,,929.0690452674569,,,,,,,,,
2026-07-20 00:00:00+00:00,,,92600.47864003165,,,,,,,,,
2026-07-20 00:30:00+00:00,,,135878.45847637192,,,,,,,,,
2026-07-20 01:00:00+00:00,,,140840.0331313205,,,,,,,,,
2026-07-20 01:30:00+00:00,,,157332.41079188103,,,,,,,,,
2026-07-20 02:00:00+00:00,,,136890.8427181138,,,,,,,,,
2026-07-20 02:30:00+00:00,,,141061.4127839932,,,,,,,,,
2026-07-20 03:00:00+00:00,,,139480.9493287389,,,,,,,,,
2026-07-20 03:30:00+00:00,,,148090.10699695567,,,,,,,,,
2026-07-20 04:00:00+00:00,,,154598.8166009797,,,,,,,,,
2026-07-20 04:30:00+00:00,,,157850.67626486009,,,,,,,,,
2026-07-20 05:00:00+00:00,,,156138.45794353425,,,,,,,,,
2026-07-20 05:30:00+00:00,,,144171.26209430196,,,,,,,,,
2026-07-20 06:00:00+00:00,,,145835.1119535057,,,,,,,,,
2026-07-20 06:30:00+00:00,,,138307.28372299034,,,,,,,,,
2026-07-20 07:00:00+00:00,,,146430.48588544616,,,,,,,,,
2026-07-20 07:30:00+00:00,,,132935.5724357193,,,,,,,,,
2026-07-20 08:00:00+00:00,,,64329.607748949726,,,,,,,,,
2026-07-20 08:30:00+00:00,,,343.53451955700365,,,,,,,,,
2026-07-20 09:00:00+00:00,,,513.3222068185868,,,,,,,,,
2026-07-20 09:30:00+00:00,,,1349.6345597821567,,,,,,,,,
2026-07-20 10:00:00+00:00,,,3575.8579285147584,,,,,,,,,
2026-07-20 10:30:00+00:00,,,11462.122641178421,,,,,,,,,
2026-07-20 11:00:00+00:00,,,6274.473443777519,,,,,,,,,
2026-07-20 11:30:00+00:00,,,2518.0054611536707,,,,,,,,,
2026-07-20 12:00:00+00:00,,,3305.2147589716647,,,,,,,,,
2026-07-20 12:30:00+00:00,,,2027.9214084356624,,,,,,,,,
2026-07-20 13:00:00+00:00,,,3902.320195013544,,,,,,,,,
2026-07-20 13:30:00+00:00,,,6335.985233377953,,,,,,,,,
2026-07-20 14:00:00+00:00,,,5033.691488956276,,,,,,,,,
2026-07-20 14:30:00+00:00,,,-1732.6111733500086,,,,,,,,,
2026-07-20 15:00:00+00:00,,,-1247.9573438172051,,,,,,,,,
2026-07-20 15:30:00+00:00,,,1387.9640970604917,,,,,,,,,
2026-07-20 16:00:00+00:00,,,938.3289710430207,,,,,,,,,
2026-07-20 16:30:00+00:00,,,1059.1005267920116,,,,,,,,,
2026-07-20 17:00:00+00:00,,,1037.0558309034195,,,,,,,,,
2026-07-20 17:30:00+00:00,,,759.4274388022093,,,,,,,,,
2026-07-20 18:00:00+00:00,,,879.678130074415,,,,,,,,,
2026-07-20 18:30:00+00:00,,,931.8903721549491,,,,,,,,,
2026-07-20 19:00:00+00:00,,,988.3856215952017,,,,,,,,,
2026-07-20 19:30:00+00:00,,,953.0729579261036,,,,,,,,,
2026-07-20 20:00:00+00:00,,,760.2748780071288,,,,,,,,,
2026-07-20 20:30:00+00:00,,,525.9864573700803,,,,,,,,,
2026-07-20 21:00:00+00:00,,,738.1657364757182,,,,,,,,,
2026-07-20 21:30:00+00:00,,,651.0379097854088,,,,,,,,,
2026-07-20 22:00:00+00:00,,,557.5453352907633,,,,,,,,,
2026-07-20 22:30:00+00:00,,,471.5326124084858,,,,,,,,,
2026-07-20 23:00:00+00:00,,,578.7853163643053,,,,,,,,,
2026-07-20 23:30:00+00:00,,,531.5117292577621,,,,,,,,,
2026-07-21 00:00:00+00:00,,,,,,,,,,,,
